,cashflow,entry_cost,market_value,profit_loss,unrealized,realized,position,invest,PNL/COST,return,return_pct,value_pct
2022-11-13,0.0,0.0,0.0,0.0,0.0,0.0,0.0,0.0,,,,
2022-11-14,-4963423.013284999,-4963423.013284999,4903493.0,-59930.013284998946,-59930.013284998946,0.0,4963423.013284999,4963423.013284999,-0.012074331187285764,-0.012074331187285764,-0.012074331187285736,-0.012074331187285764
2022-11-15,0.0,-4963423.013284999,4980836.0,17412.986715001054,17412.986715001054,0.0,4963423.013284999,4963423.013284999,0.003508261671107581,0.015582592858393345,0.015773041788781805,0.015773041788781996
2022-11-16,0.0,-4963423.013284999,4996302.0,32878.986715001054,32878.986715001054,0.0,4963423.013284999,4963423.013284999,0.00662425641074674,0.003115994739639159,0.0031051012320022497,0.0031051012320020173
2022-11-17,0.0,-4963423.013284999,4903493.0,-59930.013284998946,-59930.013284998946,0.0,4963423.013284999,4963423.013284999,-0.012074331187285764,-0.018698587598032505,-0.018575538468251218,-0.018575538468251118
2022-11-18,0.0,-4963423.013284999,4764277.0,-199146.01328499895,-199146.01328499895,0.0,4963423.013284999,4963423.013284999,-0.0401227162689879,-0.028048385081702133,-0.028391189709050302,-0.028391189709050264
2022-11-21,4779746.01748,0.0,0.0,-183676.99580499943,0.0,-183676.99580499943,-0.0,4963423.013284999,-0.037006113586001685,0.0031166026829862123,0.0032468761744959274,0.0032468761744960492
2022-11-22,0.0,0.0,0.0,-183676.99580499943,0.0,-183676.99580499943,-0.0,4963423.013284999,-0.037006113586001685,0.0,0.0,0.0
2022-11-23,0.0,0.0,0.0,-183676.99580499943,0.0,-183676.99580499943,-0.0,4963423.013284999,-0.037006113586001685,0.0,0.0,0.0
2022-11-24,0.0,0.0,0.0,-183676.99580499943,0.0,-183676.99580499943,-0.0,4963423.013284999,-0.037006113586001685,0.0,0.0,0.0
2022-11-25,0.0,0.0,0.0,-183676.99580499943,0.0,-183676.99580499943,-0.0,4963423.013284999,-0.037006113586001685,0.0,0.0,0.0
2022-11-28,0.0,0.0,0.0,-183676.99580499943,0.0,-183676.99580499943,-0.0,4963423.013284999,-0.037006113586001685,0.0,0.0,0.0
2022-11-29,0.0,0.0,0.0,-183676.99580499943,0.0,-183676.99580499943,-0.0,4963423.013284999,-0.037006113586001685,0.0,0.0,0.0
2022-11-30,0.0,0.0,0.0,-183676.99580499943,0.0,-183676.99580499943,-0.0,4963423.013284999,-0.037006113586001685,0.0,0.0,0.0
2022-12-01,0.0,0.0,0.0,-183676.99580499943,0.0,-183676.99580499943,-0.0,4963423.013284999,-0.037006113586001685,0.0,0.0,0.0
2022-12-02,0.0,0.0,0.0,-183676.99580499943,0.0,-183676.99580499943,-0.0,4963423.013284999,-0.037006113586001685,0.0,0.0,0.0
2022-12-05,0.0,0.0,0.0,-183676.99580499943,0.0,-183676.99580499943,-0.0,4963423.013284999,-0.037006113586001685,0.0,0.0,0.0
2022-12-06,-4817898.93656,-4817898.93656,4746080.0,-255495.93236499972,-71818.9365600003,-183676.99580499943,4817898.93656,5001575.932364999,-0.026120797748513787,-0.014076972189362776,-0.01461792477393875,-0.014906692212867235
2022-12-07,-9.313225746154785e-10,-4817898.93656,4367557.0,-634018.9323649998,-450341.9365600003,-183676.9958049995,4817898.93656,5001575.932365,-0.06481935014674033,-0.07568074645245162,-0.07975487138859849,-0.07975487138859859
2022-12-08,4338438.68192,0.0,0.0,-663137.2504449997,0.0,-663137.2504449997,-0.0,5001575.932365,-0.06779628089590775,-0.005821828654360012,-0.006666957770671278,-0.006666957770671312
2022-12-09,0.0,0.0,0.0,-663137.2504449997,0.0,-663137.2504449997,-0.0,5001575.932365,-0.06779628089590775,0.0,0.0,0.0
2022-12-12,0.0,0.0,0.0,-663137.2504449997,0.0,-663137.2504449997,-0.0,5001575.932365,-0.06779628089590775,0.0,0.0,0.0
2022-12-13,0.0,0.0,0.0,-663137.2504449997,0.0,-663137.2504449997,-0.0,5001575.932365,-0.06779628089590775,0.0,0.0,0.0
2022-12-14,0.0,0.0,0.0,-663137.2504449997,0.0,-663137.2504449997,-0.0,5001575.932365,-0.06779628089590775,0.0,0.0,0.0
2022-12-15,0.0,0.0,0.0,-663137.2504449997,0.0,-663137.2504449997,-0.0,5001575.932365,-0.06779628089590775,0.0,0.0,0.0
2022-12-16,0.0,0.0,0.0,-663137.2504449997,0.0,-663137.2504449997,-0.0,5001575.932365,-0.06779628089590775,0.0,0.0,0.0
2022-12-19,0.0,0.0,0.0,-663137.2504449997,0.0,-663137.2504449997,-0.0,5001575.932365,-0.06779628089590775,0.0,0.0,0.0
2022-12-20,0.0,0.0,0.0,-663137.2504449997,0.0,-663137.2504449997,-0.0,5001575.932365,-0.06779628089590775,0.0,0.0,0.0
2022-12-21,0.0,0.0,0.0,-663137.2504449997,0.0,-663137.2504449997,-0.0,5001575.932365,-0.06779628089590775,0.0,0.0,0.0
2022-12-22,0.0,0.0,0.0,-663137.2504449997,0.0,-663137.2504449997,-0.0,5001575.932365,-0.06779628089590775,0.0,0.0,0.0
2022-12-23,0.0,0.0,0.0,-663137.2504449997,0.0,-663137.2504449997,-0.0,5001575.932365,-0.06779628089590775,0.0,0.0,0.0
2022-12-26,0.0,0.0,0.0,-663137.2504449997,0.0,-663137.2504449997,-0.0,5001575.932365,-0.06779628089590775,0.0,0.0,0.0
2022-12-27,0.0,0.0,0.0,-663137.2504449997,0.0,-663137.2504449997,-0.0,5001575.932365,-0.06779628089590775,0.0,0.0,0.0
2022-12-28,0.0,0.0,0.0,-663137.2504449997,0.0,-663137.2504449997,-0.0,5001575.932365,-0.06779628089590775,0.0,0.0,0.0
2022-12-29,0.0,0.0,0.0,-663137.2504449997,0.0,-663137.2504449997,-0.0,5001575.932365,-0.06779628089590775,0.0,0.0,0.0
2022-12-30,0.0,0.0,0.0,-663137.2504449997,0.0,-663137.2504449997,-0.0,5001575.932365,-0.06779628089590775,0.0,0.0,0.0
2023-01-03,0.0,0.0,0.0,-663137.2504449997,0.0,-663137.2504449997,-0.0,5001575.932365,-0.06779628089590775,0.0,0.0,0.0
2023-01-04,0.0,0.0,0.0,-663137.2504449997,0.0,-663137.2504449997,-0.0,5001575.932365,-0.06779628089590775,0.0,0.0,0.0
2023-01-05,0.0,0.0,0.0,-663137.2504449997,0.0,-663137.2504449997,-0.0,5001575.932365,-0.06779628089590775,0.0,0.0,0.0
2023-01-06,0.0,0.0,0.0,-663137.2504449997,0.0,-663137.2504449997,-0.0,5001575.932365,-0.06779628089590775,0.0,0.0,0.0
2023-01-09,0.0,0.0,0.0,-663137.2504449997,0.0,-663137.2504449997,-0.0,5001575.932365,-0.06779628089590775,0.0,0.0,0.0
2023-01-10,0.0,0.0,0.0,-663137.2504449997,0.0,-663137.2504449997,-0.0,5001575.932365,-0.06779628089590775,0.0,0.0,0.0
2023-01-11,0.0,0.0,0.0,-663137.2504449997,0.0,-663137.2504449997,-0.0,5001575.932365,-0.06779628089590775,0.0,0.0,0.0
2023-01-12,-4586796.08361,-4586796.08361,4435800.0,-814133.3340549998,-150996.0836100001,-663137.2504449997,4586796.08361,5249933.334055,-0.05666248928073644,-0.0224893243131446,-0.025926853291377117,-0.032919728903919324
2023-01-13,0.0,-4586796.08361,4471289.0,-778644.3340549998,-115507.08361000009,-663137.2504449997,4586796.08361,5249933.334055,-0.054192506787735836,0.0067598953628214276,0.008000586140042287,0.008000586140042383
2023-01-16,4471288.60815,0.0,0.0,-778644.7259049998,0.0,-778644.7259049998,-0.0,5249933.334055,-0.05419253405992271,-7.463904302951185e-08,-8.763692083135766e-08,-8.76369208106496e-08
2023-01-17,0.0,0.0,0.0,-778644.7259049998,0.0,-778644.7259049998,-0.0,5249933.334055,-0.05419253405992271,0.0,0.0,0.0
2023-01-30,0.0,0.0,0.0,-778644.7259049998,0.0,-778644.7259049998,-0.0,5249933.334055,-0.05419253405992271,0.0,0.0,0.0
2023-01-31,-4588627.990362501,-4588627.9903625,4595487.0,-771785.7162674996,6859.009637500159,-778644.7259049998,4588627.9903625,5367272.7162675,-0.040712984986865264,0.004520399966970318,0.005307597104468265,0.001494784421815441
2023-02-01,0.0,-4588627.9903625,4763822.0,-603450.7162674996,175194.00963750016,-778644.7259049998,4588627.9903625,5367272.7162675,-0.03183303271085219,0.03136322838409136,0.03663050292602277,0.03663050292602286
2023-02-02,0.0,-4588627.9903625,4831155.0,-536117.7162674996,242527.00963750016,-778644.7259049998,4588627.9903625,5367272.7162675,-0.028281104552116406,0.012545105039273016,0.01413423927258406,0.014134239272584071
2023-02-03,0.0,-4588627.9903625,4612322.0,-754950.7162674996,23694.00963750016,-778644.7259049998,4588627.9903625,5367272.7162675,-0.03982491063175979,-0.04077173111340997,-0.04529620763564812,-0.045296207635648206
2023-02-06,0.0,-4588627.9903625,4342989.0,-1024283.7162674996,-245638.99036249984,-778644.7259049998,4588627.9903625,5367272.7162675,-0.054032676018372375,-0.050180606471455586,-0.058394231799080765,-0.05839423179908081
2023-02-07,4326155.27757,0.0,0.0,-1041117.4386974997,0.0,-1041117.4386974997,-0.0,5367272.7162675,-0.05492068297952752,-0.0031363642803130254,-0.0038760684012784097,-0.003876068401278493
2023-02-08,0.0,0.0,0.0,-1041117.4386974997,0.0,-1041117.4386974997,-0.0,5367272.7162675,-0.05492068297952752,0.0,0.0,0.0
2023-02-09,0.0,0.0,0.0,-1041117.4386974997,0.0,-1041117.4386974997,-0.0,5367272.7162675,-0.05492068297952752,0.0,0.0,0.0
2023-02-10,0.0,0.0,0.0,-1041117.4386974997,0.0,-1041117.4386974997,-0.0,5367272.7162675,-0.05492068297952752,0.0,0.0,0.0
2023-02-13,0.0,0.0,0.0,-1041117.4386974997,0.0,-1041117.4386974997,-0.0,5367272.7162675,-0.05492068297952752,0.0,0.0,0.0
2023-02-14,0.0,0.0,0.0,-1041117.4386974997,0.0,-1041117.4386974997,-0.0,5367272.7162675,-0.05492068297952752,0.0,0.0,0.0
2023-02-15,0.0,0.0,0.0,-1041117.4386974997,0.0,-1041117.4386974997,-0.0,5367272.7162675,-0.05492068297952752,0.0,0.0,0.0
2023-02-16,0.0,0.0,0.0,-1041117.4386974997,0.0,-1041117.4386974997,-0.0,5367272.7162675,-0.05492068297952752,0.0,0.0,0.0
2023-02-17,0.0,0.0,0.0,-1041117.4386974997,0.0,-1041117.4386974997,-0.0,5367272.7162675,-0.05492068297952752,0.0,0.0,0.0
2023-02-20,0.0,0.0,0.0,-1041117.4386974997,0.0,-1041117.4386974997,-0.0,5367272.7162675,-0.05492068297952752,0.0,0.0,0.0
2023-02-21,-4388643.918575,-4388643.918575,4378931.0,-1050830.3572724997,-9712.918575000018,-1041117.4386974997,4388643.918575,5429761.3572725,-0.045012328338294945,0.0004435413848083991,0.0005502825073246953,-0.0022131935867227568
2023-02-22,4299313.4804375,0.0,0.0,-1130447.8768349998,0.0,-1130447.8768349998,-0.0,5429761.3572725,-0.048422745545245255,-0.01466317105370793,-0.01818195344080542,-0.018181953440805546
2023-02-23,0.0,0.0,0.0,-1130447.8768349998,0.0,-1130447.8768349998,-0.0,5429761.3572725,-0.048422745545245255,0.0,0.0,0.0
2023-02-24,0.0,0.0,0.0,-1130447.8768349998,0.0,-1130447.8768349998,-0.0,5429761.3572725,-0.048422745545245255,0.0,0.0,0.0
2023-03-01,0.0,0.0,0.0,-1130447.8768349998,0.0,-1130447.8768349998,-0.0,5429761.3572725,-0.048422745545245255,0.0,0.0,0.0
2023-03-02,0.0,0.0,0.0,-1130447.8768349998,0.0,-1130447.8768349998,-0.0,5429761.3572725,-0.048422745545245255,0.0,0.0,0.0
2023-03-03,0.0,0.0,0.0,-1130447.8768349998,0.0,-1130447.8768349998,-0.0,5429761.3572725,-0.048422745545245255,0.0,0.0,0.0
2023-03-06,0.0,0.0,0.0,-1130447.8768349998,0.0,-1130447.8768349998,-0.0,5429761.3572725,-0.048422745545245255,0.0,0.0,0.0
2023-03-07,0.0,0.0,0.0,-1130447.8768349998,0.0,-1130447.8768349998,-0.0,5429761.3572725,-0.048422745545245255,0.0,0.0,0.0
2023-03-08,0.0,0.0,0.0,-1130447.8768349998,0.0,-1130447.8768349998,-0.0,5429761.3572725,-0.048422745545245255,0.0,0.0,0.0
2023-03-09,0.0,0.0,0.0,-1130447.8768349998,0.0,-1130447.8768349998,-0.0,5429761.3572725,-0.048422745545245255,0.0,0.0,0.0
2023-03-10,0.0,0.0,0.0,-1130447.8768349998,0.0,-1130447.8768349998,-0.0,5429761.3572725,-0.048422745545245255,0.0,0.0,0.0
2023-03-13,0.0,0.0,0.0,-1130447.8768349998,0.0,-1130447.8768349998,-0.0,5429761.3572725,-0.048422745545245255,0.0,0.0,0.0
2023-03-14,0.0,0.0,0.0,-1130447.8768349998,0.0,-1130447.8768349998,-0.0,5429761.3572725,-0.048422745545245255,0.0,0.0,0.0
2023-03-15,0.0,0.0,0.0,-1130447.8768349998,0.0,-1130447.8768349998,-0.0,5429761.3572725,-0.048422745545245255,0.0,0.0,0.0
2023-03-16,0.0,0.0,0.0,-1130447.8768349998,0.0,-1130447.8768349998,-0.0,5429761.3572725,-0.048422745545245255,0.0,0.0,0.0
2023-03-17,0.0,0.0,0.0,-1130447.8768349998,0.0,-1130447.8768349998,-0.0,5429761.3572725,-0.048422745545245255,0.0,0.0,0.0
2023-03-20,0.0,0.0,0.0,-1130447.8768349998,0.0,-1130447.8768349998,-0.0,5429761.3572725,-0.048422745545245255,0.0,0.0,0.0
2023-03-21,0.0,0.0,0.0,-1130447.8768349998,0.0,-1130447.8768349998,-0.0,5429761.3572725,-0.048422745545245255,0.0,0.0,0.0
2023-03-22,0.0,0.0,0.0,-1130447.8768349998,0.0,-1130447.8768349998,-0.0,5429761.3572725,-0.048422745545245255,0.0,0.0,0.0
2023-03-23,0.0,0.0,0.0,-1130447.8768349998,0.0,-1130447.8768349998,-0.0,5429761.3572725,-0.048422745545245255,0.0,0.0,0.0
2023-03-24,-4363931.353279999,-4363931.353279999,4309323.0,-1185056.2301149992,-54608.35327999946,-1130447.8768349998,4363931.353279999,5494379.230114999,-0.042767421744829066,-0.007490427737000094,-0.009459937094809523,-0.012513568353671503
2023-03-27,0.0,-4363931.353279999,4236530.0,-1257849.2301149992,-127401.35327999946,-1130447.8768349998,4363931.353279999,5494379.230114999,-0.045394443865770316,-0.013248630455105381,-0.01689198048046059,-0.01689198048046062
2023-03-28,0.0,-4363931.353279999,4032713.0,-1461666.2301149992,-331218.35327999946,-1130447.8768349998,4363931.353279999,5494379.230114999,-0.05274998310201394,-0.03709554646007465,-0.048109419737379366,-0.048109419737379415
2023-03-29,4061828.1239199997,0.0,0.0,-1432551.1061949995,0.0,-1432551.1061949995,-0.0,5494379.230114999,-0.05169924917716148,0.005299074326798936,0.007219736172645819,0.007219736172645981
2023-03-30,0.0,0.0,0.0,-1432551.1061949995,0.0,-1432551.1061949995,-0.0,5494379.230114999,-0.05169924917716148,0.0,0.0,0.0
2023-03-31,0.0,0.0,0.0,-1432551.1061949995,0.0,-1432551.1061949995,-0.0,5494379.230114999,-0.05169924917716148,0.0,0.0,0.0
2023-04-06,0.0,0.0,0.0,-1432551.1061949995,0.0,-1432551.1061949995,-0.0,5494379.230114999,-0.05169924917716148,0.0,0.0,0.0
2023-04-07,0.0,0.0,0.0,-1432551.1061949995,0.0,-1432551.1061949995,-0.0,5494379.230114999,-0.05169924917716148,0.0,0.0,0.0
2023-04-10,0.0,0.0,0.0,-1432551.1061949995,0.0,-1432551.1061949995,-0.0,5494379.230114999,-0.05169924917716148,0.0,0.0,0.0
2023-04-11,0.0,0.0,0.0,-1432551.1061949995,0.0,-1432551.1061949995,-0.0,5494379.230114999,-0.05169924917716148,0.0,0.0,0.0
2023-04-12,0.0,0.0,0.0,-1432551.1061949995,0.0,-1432551.1061949995,-0.0,5494379.230114999,-0.05169924917716148,0.0,0.0,0.0
2023-04-13,0.0,0.0,0.0,-1432551.1061949995,0.0,-1432551.1061949995,-0.0,5494379.230114999,-0.05169924917716148,0.0,0.0,0.0
2023-04-14,0.0,0.0,0.0,-1432551.1061949995,0.0,-1432551.1061949995,-0.0,5494379.230114999,-0.05169924917716148,0.0,0.0,0.0
2023-04-17,0.0,0.0,0.0,-1432551.1061949995,0.0,-1432551.1061949995,-0.0,5494379.230114999,-0.05169924917716148,0.0,0.0,0.0
2023-04-18,0.0,0.0,0.0,-1432551.1061949995,0.0,-1432551.1061949995,-0.0,5494379.230114999,-0.05169924917716148,0.0,0.0,0.0
2023-04-19,0.0,0.0,0.0,-1432551.1061949995,0.0,-1432551.1061949995,-0.0,5494379.230114999,-0.05169924917716148,0.0,0.0,0.0
2023-04-20,0.0,0.0,0.0,-1432551.1061949995,0.0,-1432551.1061949995,-0.0,5494379.230114999,-0.05169924917716148,0.0,0.0,0.0
2023-04-21,0.0,0.0,0.0,-1432551.1061949995,0.0,-1432551.1061949995,-0.0,5494379.230114999,-0.05169924917716148,0.0,0.0,0.0
2023-04-24,0.0,0.0,0.0,-1432551.1061949995,0.0,-1432551.1061949995,-0.0,5494379.230114999,-0.05169924917716148,0.0,0.0,0.0
2023-04-25,0.0,0.0,0.0,-1432551.1061949995,0.0,-1432551.1061949995,-0.0,5494379.230114999,-0.05169924917716148,0.0,0.0,0.0
2023-04-26,0.0,0.0,0.0,-1432551.1061949995,0.0,-1432551.1061949995,-0.0,5494379.230114999,-0.05169924917716148,0.0,0.0,0.0
2023-04-27,0.0,0.0,0.0,-1432551.1061949995,0.0,-1432551.1061949995,-0.0,5494379.230114999,-0.05169924917716148,0.0,0.0,0.0
2023-04-28,0.0,0.0,0.0,-1432551.1061949995,0.0,-1432551.1061949995,-0.0,5494379.230114999,-0.05169924917716148,0.0,0.0,0.0
2023-05-02,-4217492.574960001,-4217492.57496,4178296.0,-1471747.6811549994,-39196.57495999988,-1432551.1061949995,4217492.57496,5650043.681155,-0.046097543184813974,0.0002459915424624648,0.00033274938782623664,-0.00929381006921432
2023-05-03,4163736.77384,0.0,0.0,-1486306.907315,0.0,-1486306.907315,-0.0,5650043.681155,-0.04655356194756915,-0.0025768342656466436,-0.0034844889304157523,-0.0034844889304157826
2023-05-04,-4142441.5794749996,-4142441.5794749996,4188761.0,-1439987.4867899995,46319.42052500043,-1486306.907315,4142441.5794749996,5650043.681155,-0.039922850328359294,0.00819806414585661,0.011124483376570904,0.011124483376570996
2023-05-05,0.0,-4142441.5794749996,4301590.0,-1327158.4867899995,159148.42052500043,-1486306.907315,4142441.5794749996,5650043.681155,-0.03679472920159887,0.019969580124898273,0.02679987980944709,0.026799879809447036
2023-05-08,0.0,-4142441.5794749996,4541351.0,-1087397.4867899995,398909.42052500043,-1486306.907315,4142441.5794749996,5650043.681155,-0.03014748913500954,0.04243524714679503,0.05546318933302574,0.05546318933302579
2023-05-09,0.0,-4142441.5794749996,4527246.0,-1101502.4867899995,384804.42052500043,-1486306.907315,4142441.5794749996,5650043.681155,-0.03053854239696308,-0.0024964408765626722,-0.00309140779257,-0.00309140779257004
2023-05-10,0.0,-4142441.5794749996,4456728.0,-1172020.4867899995,314286.42052500043,-1486306.907315,4142441.5794749996,5650043.681155,-0.03249361463563303,-0.01248096545433866,-0.015503432196538491,-0.015503432196538493
2023-05-11,4484936.348479999,0.0,0.0,-1143812.1383100003,0.0,-1143812.1383100003,-0.0,5650043.681155,-0.03171155389919731,0.004992589450960289,0.006299285924980413,0.006299285924980403
2023-05-12,-4411982.6289125,-4411982.6289125,4513142.0,-1042652.7672225004,101159.3710874999,-1143812.1383100003,4411982.6289125,5650043.681155,-0.025756444632133686,0.017904175046452114,0.02244877346529628,0.02244877346529627
2023-05-15,4470832.037455001,0.0,0.0,-1084962.7297674997,0.0,-1084962.7297674997,-0.0,5650043.681155,-0.02680161925012362,-0.007488431051625111,-0.00918306332919494,-0.009183063329194902
2023-05-16,0.0,0.0,0.0,-1084962.7297674997,0.0,-1084962.7297674997,-0.0,5650043.681155,-0.02680161925012362,0.0,0.0,0.0
2023-05-17,0.0,0.0,0.0,-1084962.7297674997,0.0,-1084962.7297674997,-0.0,5650043.681155,-0.02680161925012362,0.0,0.0,0.0
2023-05-18,0.0,0.0,0.0,-1084962.7297674997,0.0,-1084962.7297674997,-0.0,5650043.681155,-0.02680161925012362,0.0,0.0,0.0
2023-05-19,-4343798.304509999,-4343798.304509999,4331160.0,-1097601.034277499,-12638.30450999923,-1084962.7297674997,4343798.304509999,5650043.681155,-0.02448633894875742,-0.0022368507613760025,-0.0027684732526283007,-0.0027684732526282963
2023-05-22,0.0,-4343798.304509999,4101865.0,-1326896.034277499,-241933.30450999923,-1084962.7297674997,4343798.304509999,5650043.681155,-0.02960167222005956,-0.04058287208730513,-0.05036746594869734,-0.05036746594869731
2023-05-23,4165559.0743199987,0.0,0.0,-1263201.9599574998,0.0,-1263201.9599574998,-0.0,5650043.681155,-0.028180723583788016,0.011273200335148337,0.014733263705671407,0.014733263705671445
2023-05-24,0.0,0.0,0.0,-1263201.9599574998,0.0,-1263201.9599574998,-0.0,5650043.681155,-0.028180723583788016,0.0,0.0,0.0
2023-05-25,0.0,0.0,0.0,-1263201.9599574998,0.0,-1263201.9599574998,-0.0,5650043.681155,-0.028180723583788016,0.0,0.0,0.0
2023-05-26,-4347458.8133125,-4347458.8133125,4219697.0,-1390963.7732699995,-127761.81331249978,-1263201.9599574998,4347458.8133125,5650043.681155,-0.028287435235934848,-0.02261253549926226,-0.02912387121129678,-0.029123871211296847
2023-05-29,0.0,-4347458.8133125,4151456.0,-1459204.7732699995,-196002.81331249978,-1263201.9599574998,4347458.8133125,5650043.681155,-0.029675223261066058,-0.012077959720490139,-0.01602247468371354,-0.016022474683713445
2023-05-30,0.0,-4347458.8133125,4094586.0,-1516074.7732699995,-252872.81331249978,-1263201.9599574998,4347458.8133125,5650043.681155,-0.030831764123439295,-0.010065408908197071,-0.01357007540733668,-0.013570075407336691
2023-05-31,0.0,-4347458.8133125,4105960.0,-1504700.7732699995,-241498.81331249978,-1263201.9599574998,4347458.8133125,5650043.681155,-0.030600455950964646,0.002013081781639392,0.0027513511236880728,0.002751351123687843
2023-06-01,0.0,-4347458.8133125,4117332.0,-1493328.7732699995,-230126.81331249978,-1263201.9599574998,4347458.8133125,5650043.681155,-0.030369188451634447,0.0020127278020752315,0.002743319491945728,0.0027433194919457508
2023-06-02,4140081.2149374997,0.0,0.0,-1470579.5583324998,0.0,-1470579.5583324998,-0.0,5650043.681155,-0.029906547399020943,0.004026378594802149,0.005472883140084095,0.005472883140084022
2023-06-05,0.0,0.0,0.0,-1470579.5583324998,0.0,-1470579.5583324998,-0.0,5650043.681155,-0.029906547399020943,0.0,0.0,0.0
2023-06-06,0.0,0.0,0.0,-1470579.5583324998,0.0,-1470579.5583324998,-0.0,5650043.681155,-0.029906547399020943,0.0,0.0,0.0
2023-06-07,0.0,0.0,0.0,-1470579.5583324998,0.0,-1470579.5583324998,-0.0,5650043.681155,-0.029906547399020943,0.0,0.0,0.0
2023-06-08,0.0,0.0,0.0,-1470579.5583324998,0.0,-1470579.5583324998,-0.0,5650043.681155,-0.029906547399020943,0.0,0.0,0.0
2023-06-09,0.0,0.0,0.0,-1470579.5583324998,0.0,-1470579.5583324998,-0.0,5650043.681155,-0.029906547399020943,0.0,0.0,0.0
2023-06-12,0.0,0.0,0.0,-1470579.5583324998,0.0,-1470579.5583324998,-0.0,5650043.681155,-0.029906547399020943,0.0,0.0,0.0
2023-06-13,0.0,0.0,0.0,-1470579.5583324998,0.0,-1470579.5583324998,-0.0,5650043.681155,-0.029906547399020943,0.0,0.0,0.0
2023-06-14,0.0,0.0,0.0,-1470579.5583324998,0.0,-1470579.5583324998,-0.0,5650043.681155,-0.029906547399020943,0.0,0.0,0.0
2023-06-15,0.0,0.0,0.0,-1470579.5583324998,0.0,-1470579.5583324998,-0.0,5650043.681155,-0.029906547399020943,0.0,0.0,0.0
2023-06-16,-4255933.5754375,-4255933.5754375,4310688.0,-1415825.13377,54754.42456249986,-1470579.5583324998,4255933.5754375,5726513.13377,-0.02649947165402261,0.013037201700718398,0.017624450629173616,0.01286543212951138
2023-06-19,0.0,-4255933.5754375,4219697.0,-1506816.13377,-36236.57543750014,-1470579.5583324998,4255933.5754375,5726513.13377,-0.02820251630816764,-0.01588942483400832,-0.0211082314470451,-0.02110823144704511
2023-06-20,4231071.7920625005,0.0,0.0,-1495441.3417075,0.0,-1495441.3417075,-0.0,5726513.13377,-0.02798961856208229,0.0019863382475142077,0.0026956419056864966,0.0026956419056865994
2023-06-21,0.0,0.0,0.0,-1495441.3417075,0.0,-1495441.3417075,-0.0,5726513.13377,-0.02798961856208229,0.0,0.0,0.0
2023-06-26,0.0,0.0,0.0,-1495441.3417075,0.0,-1495441.3417075,-0.0,5726513.13377,-0.02798961856208229,0.0,0.0,0.0
2023-06-27,0.0,0.0,0.0,-1495441.3417075,0.0,-1495441.3417075,-0.0,5726513.13377,-0.02798961856208229,0.0,0.0,0.0
2023-06-28,0.0,0.0,0.0,-1495441.3417075,0.0,-1495441.3417075,-0.0,5726513.13377,-0.02798961856208229,0.0,0.0,0.0
2023-06-29,0.0,0.0,0.0,-1495441.3417075,0.0,-1495441.3417075,-0.0,5726513.13377,-0.02798961856208229,0.0,0.0,0.0
2023-06-30,0.0,0.0,0.0,-1495441.3417075,0.0,-1495441.3417075,-0.0,5726513.13377,-0.02798961856208229,0.0,0.0,0.0
2023-07-03,0.0,0.0,0.0,-1495441.3417075,0.0,-1495441.3417075,-0.0,5726513.13377,-0.02798961856208229,0.0,0.0,0.0
2023-07-04,0.0,0.0,0.0,-1495441.3417075,0.0,-1495441.3417075,-0.0,5726513.13377,-0.02798961856208229,0.0,0.0,0.0
2023-07-05,0.0,0.0,0.0,-1495441.3417075,0.0,-1495441.3417075,-0.0,5726513.13377,-0.02798961856208229,0.0,0.0,0.0
2023-07-06,0.0,0.0,0.0,-1495441.3417075,0.0,-1495441.3417075,-0.0,5726513.13377,-0.02798961856208229,0.0,0.0,0.0
2023-07-07,0.0,0.0,0.0,-1495441.3417075,0.0,-1495441.3417075,-0.0,5726513.13377,-0.02798961856208229,0.0,0.0,0.0
2023-07-10,0.0,0.0,0.0,-1495441.3417075,0.0,-1495441.3417075,-0.0,5726513.13377,-0.02798961856208229,0.0,0.0,0.0
2023-07-11,0.0,0.0,0.0,-1495441.3417075,0.0,-1495441.3417075,-0.0,5726513.13377,-0.02798961856208229,0.0,0.0,0.0
2023-07-12,0.0,0.0,0.0,-1495441.3417075,0.0,-1495441.3417075,-0.0,5726513.13377,-0.02798961856208229,0.0,0.0,0.0
2023-07-13,0.0,0.0,0.0,-1495441.3417075,0.0,-1495441.3417075,-0.0,5726513.13377,-0.02798961856208229,0.0,0.0,0.0
2023-07-14,-4085546.719667501,-4085546.7196675004,4105590.0,-1475398.0613750003,20043.28033249965,-1495441.3417075,4085546.7196675004,5726513.13377,-0.0256528617393449,0.0035000845827632965,0.004737163848200554,0.004737163848200564
2023-07-17,0.0,-4085546.7196675004,3995814.0,-1585174.0613750003,-89732.71966750035,-1495441.3417075,4085546.7196675004,5726513.13377,-0.027561545655923916,-0.019169780534097902,-0.02582287191255772,-0.02582287191255781
2023-07-18,0.0,-4085546.7196675004,4391005.0,-1189983.0613750003,305458.28033249965,-1495441.3417075,4085546.7196675004,5726513.13377,-0.020690328762643248,0.06901075589428177,0.09542589802275114,0.09542589802275113
2023-07-19,0.0,-4085546.7196675004,4456869.0,-1124119.0613750003,371322.28033249965,-1495441.3417075,4085546.7196675004,5726513.13377,-0.019545146232021252,0.01150158891832298,0.014518585559651687,0.014518585559651761
2023-07-20,0.0,-4085546.7196675004,4314163.0,-1266825.0613750003,228616.28033249965,-1495441.3417075,4085546.7196675004,5726513.13377,-0.0220263866397545,-0.02492022574058969,-0.031006905917932093,-0.031006905917932072
2023-07-21,4160476.9626175,0.0,0.0,-1420511.0987575003,0.0,-1420511.0987575003,-0.0,5726513.13377,-0.02469853781810623,-0.026837629425172038,-0.034461162953032476,-0.03446116295303262
2023-07-24,0.0,0.0,0.0,-1420511.0987575003,0.0,-1420511.0987575003,-0.0,5726513.13377,-0.02469853781810623,0.0,0.0,0.0
2023-07-25,-4277580.47838,-4277580.47838,4105590.0,-1592501.5771375005,-171990.47838000022,-1420511.0987575003,4277580.47838,5726513.13377,-0.02577215530714625,-0.030034066867977605,-0.03994203369657756,-0.039942033696577416
2023-07-26,4200091.588769999,0.0,0.0,-1497999.9883675007,0.0,-1497999.9883675007,-0.0,5726513.13377,-0.024242794421406786,0.016502466084066303,0.022859536669263658,0.022859536669263523
2023-07-27,0.0,0.0,0.0,-1497999.9883675007,0.0,-1497999.9883675007,-0.0,5726513.13377,-0.024242794421406786,0.0,0.0,0.0
2023-07-28,0.0,0.0,0.0,-1497999.9883675007,0.0,-1497999.9883675007,-0.0,5726513.13377,-0.024242794421406786,0.0,0.0,0.0
2023-07-31,0.0,0.0,0.0,-1497999.9883675007,0.0,-1497999.9883675007,-0.0,5726513.13377,-0.024242794421406786,0.0,0.0,0.0
2023-08-01,0.0,0.0,0.0,-1497999.9883675007,0.0,-1497999.9883675007,-0.0,5726513.13377,-0.024242794421406786,0.0,0.0,0.0
2023-08-02,0.0,0.0,0.0,-1497999.9883675007,0.0,-1497999.9883675007,-0.0,5726513.13377,-0.024242794421406786,0.0,0.0,0.0
2023-08-04,0.0,0.0,0.0,-1497999.9883675007,0.0,-1497999.9883675007,-0.0,5726513.13377,-0.024242794421406786,0.0,0.0,0.0
2023-08-07,0.0,0.0,0.0,-1497999.9883675007,0.0,-1497999.9883675007,-0.0,5726513.13377,-0.024242794421406786,0.0,0.0,0.0
2023-08-08,0.0,0.0,0.0,-1497999.9883675007,0.0,-1497999.9883675007,-0.0,5726513.13377,-0.024242794421406786,0.0,0.0,0.0
2023-08-09,0.0,0.0,0.0,-1497999.9883675007,0.0,-1497999.9883675007,-0.0,5726513.13377,-0.024242794421406786,0.0,0.0,0.0
2023-08-10,0.0,0.0,0.0,-1497999.9883675007,0.0,-1497999.9883675007,-0.0,5726513.13377,-0.024242794421406786,0.0,0.0,0.0
2023-08-11,0.0,0.0,0.0,-1497999.9883675007,0.0,-1497999.9883675007,-0.0,5726513.13377,-0.024242794421406786,0.0,0.0,0.0
2023-08-14,0.0,0.0,0.0,-1497999.9883675007,0.0,-1497999.9883675007,-0.0,5726513.13377,-0.024242794421406786,0.0,0.0,0.0
2023-08-15,0.0,0.0,0.0,-1497999.9883675007,0.0,-1497999.9883675007,-0.0,5726513.13377,-0.024242794421406786,0.0,0.0,0.0
2023-08-16,0.0,0.0,0.0,-1497999.9883675007,0.0,-1497999.9883675007,-0.0,5726513.13377,-0.024242794421406786,0.0,0.0,0.0
2023-08-17,0.0,0.0,0.0,-1497999.9883675007,0.0,-1497999.9883675007,-0.0,5726513.13377,-0.024242794421406786,0.0,0.0,0.0
2023-08-18,0.0,0.0,0.0,-1497999.9883675007,0.0,-1497999.9883675007,-0.0,5726513.13377,-0.024242794421406786,0.0,0.0,0.0
2023-08-21,0.0,0.0,0.0,-1497999.9883675007,0.0,-1497999.9883675007,-0.0,5726513.13377,-0.024242794421406786,0.0,0.0,0.0
2023-08-22,0.0,0.0,0.0,-1497999.9883675007,0.0,-1497999.9883675007,-0.0,5726513.13377,-0.024242794421406786,0.0,0.0,0.0
2023-08-23,0.0,0.0,0.0,-1497999.9883675007,0.0,-1497999.9883675007,-0.0,5726513.13377,-0.024242794421406786,0.0,0.0,0.0
2023-08-24,0.0,0.0,0.0,-1497999.9883675007,0.0,-1497999.9883675007,-0.0,5726513.13377,-0.024242794421406786,0.0,0.0,0.0
2023-08-25,0.0,0.0,0.0,-1497999.9883675007,0.0,-1497999.9883675007,-0.0,5726513.13377,-0.024242794421406786,0.0,0.0,0.0
2023-08-28,0.0,0.0,0.0,-1497999.9883675007,0.0,-1497999.9883675007,-0.0,5726513.13377,-0.024242794421406786,0.0,0.0,0.0
2023-08-29,0.0,0.0,0.0,-1497999.9883675007,0.0,-1497999.9883675007,-0.0,5726513.13377,-0.024242794421406786,0.0,0.0,0.0
2023-08-30,0.0,0.0,0.0,-1497999.9883675007,0.0,-1497999.9883675007,-0.0,5726513.13377,-0.024242794421406786,0.0,0.0,0.0
2023-08-31,0.0,0.0,0.0,-1497999.9883675007,0.0,-1497999.9883675007,-0.0,5726513.13377,-0.024242794421406786,0.0,0.0,0.0
2023-09-01,0.0,0.0,0.0,-1497999.9883675007,0.0,-1497999.9883675007,-0.0,5726513.13377,-0.024242794421406786,0.0,0.0,0.0
2023-09-04,0.0,0.0,0.0,-1497999.9883675007,0.0,-1497999.9883675007,-0.0,5726513.13377,-0.024242794421406786,0.0,0.0,0.0
2023-09-05,-4251657.1902600005,-4251657.1902600005,4272639.0,-1477018.1786275012,20981.809739999473,-1497999.9883675007,4251657.1902600005,5749657.178627501,-0.02236442032334276,0.0047022049009302624,0.006368015705977337,0.004934972129941732
2023-09-06,4295548.514460001,0.0,0.0,-1454108.6641675003,0.0,-1454108.6641675003,-0.0,5749657.178627501,-0.022017533590192827,0.003984500944710145,0.005361912031416782,0.005361912031416861
2023-09-07,0.0,0.0,0.0,-1454108.6641675003,0.0,-1454108.6641675003,-0.0,5749657.178627501,-0.022017533590192827,0.0,0.0,0.0
2023-09-08,0.0,0.0,0.0,-1454108.6641675003,0.0,-1454108.6641675003,-0.0,5749657.178627501,-0.022017533590192827,0.0,0.0,0.0
2023-09-11,0.0,0.0,0.0,-1454108.6641675003,0.0,-1454108.6641675003,-0.0,5749657.178627501,-0.022017533590192827,0.0,0.0,0.0
2023-09-12,0.0,0.0,0.0,-1454108.6641675003,0.0,-1454108.6641675003,-0.0,5749657.178627501,-0.022017533590192827,0.0,0.0,0.0
2023-09-13,0.0,0.0,0.0,-1454108.6641675003,0.0,-1454108.6641675003,-0.0,5749657.178627501,-0.022017533590192827,0.0,0.0,0.0
2023-09-14,0.0,0.0,0.0,-1454108.6641675003,0.0,-1454108.6641675003,-0.0,5749657.178627501,-0.022017533590192827,0.0,0.0,0.0
2023-09-15,0.0,0.0,0.0,-1454108.6641675003,0.0,-1454108.6641675003,-0.0,5749657.178627501,-0.022017533590192827,0.0,0.0,0.0
2023-09-18,-4151798.1936775,-4151798.1936775,4050703.0,-1555203.8578450002,-101095.19367749989,-1454108.6641675003,4151798.1936775,5749657.178627501,-0.022155475550763724,-0.017582821120759817,-0.023534874146383333,-0.023534874146383306
2023-09-19,4050702.871967499,0.0,0.0,-1555203.9858775006,0.0,-1555203.9858775006,-0.0,5749657.178627501,-0.02215547737471813,-2.226784939773907e-08,-3.0524240135498815e-08,-3.0524240132937784e-08
2023-09-20,0.0,0.0,0.0,-1555203.9858775006,0.0,-1555203.9858775006,-0.0,5749657.178627501,-0.02215547737471813,0.0,0.0,0.0
2023-09-21,0.0,0.0,0.0,-1555203.9858775006,0.0,-1555203.9858775006,-0.0,5749657.178627501,-0.02215547737471813,0.0,0.0,0.0
2023-09-22,0.0,0.0,0.0,-1555203.9858775006,0.0,-1555203.9858775006,-0.0,5749657.178627501,-0.02215547737471813,0.0,0.0,0.0
2023-09-25,0.0,0.0,0.0,-1555203.9858775006,0.0,-1555203.9858775006,-0.0,5749657.178627501,-0.02215547737471813,0.0,0.0,0.0
2023-09-26,0.0,0.0,0.0,-1555203.9858775006,0.0,-1555203.9858775006,-0.0,5749657.178627501,-0.02215547737471813,0.0,0.0,0.0
2023-09-27,0.0,0.0,0.0,-1555203.9858775006,0.0,-1555203.9858775006,-0.0,5749657.178627501,-0.02215547737471813,0.0,0.0,0.0
2023-09-28,0.0,0.0,0.0,-1555203.9858775006,0.0,-1555203.9858775006,-0.0,5749657.178627501,-0.02215547737471813,0.0,0.0,0.0
2023-10-02,0.0,0.0,0.0,-1555203.9858775006,0.0,-1555203.9858775006,-0.0,5749657.178627501,-0.02215547737471813,0.0,0.0,0.0
2023-10-03,0.0,0.0,0.0,-1555203.9858775006,0.0,-1555203.9858775006,-0.0,5749657.178627501,-0.02215547737471813,0.0,0.0,0.0
2023-10-04,0.0,0.0,0.0,-1555203.9858775006,0.0,-1555203.9858775006,-0.0,5749657.178627501,-0.02215547737471813,0.0,0.0,0.0
2023-10-05,0.0,0.0,0.0,-1555203.9858775006,0.0,-1555203.9858775006,-0.0,5749657.178627501,-0.02215547737471813,0.0,0.0,0.0
2023-10-06,0.0,0.0,0.0,-1555203.9858775006,0.0,-1555203.9858775006,-0.0,5749657.178627501,-0.02215547737471813,0.0,0.0,0.0
2023-10-11,0.0,0.0,0.0,-1555203.9858775006,0.0,-1555203.9858775006,-0.0,5749657.178627501,-0.02215547737471813,0.0,0.0,0.0
2023-10-12,0.0,0.0,0.0,-1555203.9858775006,0.0,-1555203.9858775006,-0.0,5749657.178627501,-0.02215547737471813,0.0,0.0,0.0
2023-10-13,0.0,0.0,0.0,-1555203.9858775006,0.0,-1555203.9858775006,-0.0,5749657.178627501,-0.02215547737471813,0.0,0.0,0.0
2023-10-16,0.0,0.0,0.0,-1555203.9858775006,0.0,-1555203.9858775006,-0.0,5749657.178627501,-0.02215547737471813,0.0,0.0,0.0
2023-10-17,0.0,0.0,0.0,-1555203.9858775006,0.0,-1555203.9858775006,-0.0,5749657.178627501,-0.02215547737471813,0.0,0.0,0.0
2023-10-18,0.0,0.0,0.0,-1555203.9858775006,0.0,-1555203.9858775006,-0.0,5749657.178627501,-0.02215547737471813,0.0,0.0,0.0
2023-10-19,0.0,0.0,0.0,-1555203.9858775006,0.0,-1555203.9858775006,-0.0,5749657.178627501,-0.02215547737471813,0.0,0.0,0.0
2023-10-20,0.0,0.0,0.0,-1555203.9858775006,0.0,-1555203.9858775006,-0.0,5749657.178627501,-0.02215547737471813,0.0,0.0,0.0
2023-10-23,0.0,0.0,0.0,-1555203.9858775006,0.0,-1555203.9858775006,-0.0,5749657.178627501,-0.02215547737471813,0.0,0.0,0.0
2023-10-24,0.0,0.0,0.0,-1555203.9858775006,0.0,-1555203.9858775006,-0.0,5749657.178627501,-0.02215547737471813,0.0,0.0,0.0
2023-10-25,0.0,0.0,0.0,-1555203.9858775006,0.0,-1555203.9858775006,-0.0,5749657.178627501,-0.02215547737471813,0.0,0.0,0.0
2023-10-26,0.0,0.0,0.0,-1555203.9858775006,0.0,-1555203.9858775006,-0.0,5749657.178627501,-0.02215547737471813,0.0,0.0,0.0
2023-10-27,0.0,0.0,0.0,-1555203.9858775006,0.0,-1555203.9858775006,-0.0,5749657.178627501,-0.02215547737471813,0.0,0.0,0.0
2023-10-30,0.0,0.0,0.0,-1555203.9858775006,0.0,-1555203.9858775006,-0.0,5749657.178627501,-0.02215547737471813,0.0,0.0,0.0
2023-10-31,0.0,0.0,0.0,-1555203.9858775006,0.0,-1555203.9858775006,-0.0,5749657.178627501,-0.02215547737471813,0.0,0.0,0.0
2023-11-01,0.0,0.0,0.0,-1555203.9858775006,0.0,-1555203.9858775006,-0.0,5749657.178627501,-0.02215547737471813,0.0,0.0,0.0
2023-11-02,0.0,0.0,0.0,-1555203.9858775006,0.0,-1555203.9858775006,-0.0,5749657.178627501,-0.02215547737471813,0.0,0.0,0.0
2023-11-03,0.0,0.0,0.0,-1555203.9858775006,0.0,-1555203.9858775006,-0.0,5749657.178627501,-0.02215547737471813,0.0,0.0,0.0
2023-11-06,0.0,0.0,0.0,-1555203.9858775006,0.0,-1555203.9858775006,-0.0,5749657.178627501,-0.02215547737471813,0.0,0.0,0.0
2023-11-07,0.0,0.0,0.0,-1555203.9858775006,0.0,-1555203.9858775006,-0.0,5749657.178627501,-0.02215547737471813,0.0,0.0,0.0
2023-11-08,0.0,0.0,0.0,-1555203.9858775006,0.0,-1555203.9858775006,-0.0,5749657.178627501,-0.02215547737471813,0.0,0.0,0.0
2023-11-09,0.0,0.0,0.0,-1555203.9858775006,0.0,-1555203.9858775006,-0.0,5749657.178627501,-0.02215547737471813,0.0,0.0,0.0
2023-11-10,0.0,0.0,0.0,-1555203.9858775006,0.0,-1555203.9858775006,-0.0,5749657.178627501,-0.02215547737471813,0.0,0.0,0.0
2023-11-13,0.0,0.0,0.0,-1555203.9858775006,0.0,-1555203.9858775006,-0.0,5749657.178627501,-0.02215547737471813,0.0,0.0,0.0
2023-11-14,0.0,0.0,0.0,-1555203.9858775006,0.0,-1555203.9858775006,-0.0,5749657.178627501,-0.02215547737471813,0.0,0.0,0.0
2023-11-15,0.0,0.0,0.0,-1555203.9858775006,0.0,-1555203.9858775006,-0.0,5749657.178627501,-0.02215547737471813,0.0,0.0,0.0
2023-11-16,0.0,0.0,0.0,-1555203.9858775006,0.0,-1555203.9858775006,-0.0,5749657.178627501,-0.02215547737471813,0.0,0.0,0.0
2023-11-17,0.0,0.0,0.0,-1555203.9858775006,0.0,-1555203.9858775006,-0.0,5749657.178627501,-0.02215547737471813,0.0,0.0,0.0
2023-11-20,0.0,0.0,0.0,-1555203.9858775006,0.0,-1555203.9858775006,-0.0,5749657.178627501,-0.02215547737471813,0.0,0.0,0.0
2023-11-21,0.0,0.0,0.0,-1555203.9858775006,0.0,-1555203.9858775006,-0.0,5749657.178627501,-0.02215547737471813,0.0,0.0,0.0
2023-11-22,-4181563.2485249992,-4181563.2485249997,4244001.0,-1492766.2344025003,62437.75147500029,-1555203.9858775006,4181563.2485249997,5749657.178627501,-0.020070381600317797,0.010859386835634699,0.014885790496582896,0.014885790496583026
2023-11-23,0.0,-4181563.2485249997,4169545.0,-1567222.2344025003,-12018.248524999712,-1555203.9858775006,4181563.2485249997,5749657.178627501,-0.021071449482209834,-0.012949641637203357,-0.017490699427244794,-0.017490699427244846
2023-11-24,0.0,-4181563.2485249997,4144727.0,-1592040.2344025003,-36836.24852499971,-1555203.9858775006,4181563.2485249997,5749657.178627501,-0.021405129812778177,-0.004316431263459153,-0.005933863964642905,-0.0059338639646429065
2023-11-27,0.0,-4181563.2485249997,4082680.0,-1654087.2344025003,-98883.24852499971,-1555203.9858775006,4181563.2485249997,5749657.178627501,-0.02223935752938604,-0.010791426005473781,-0.014923693267650417,-0.01492369326765043
2023-11-28,4119908.1773849986,0.0,0.0,-1616859.0570175012,0.0,-1616859.0570175012,-0.0,5749657.178627501,-0.021738821203482122,0.00647485167000611,0.009089864876436149,0.009089864876436324
2023-11-29,0.0,0.0,0.0,-1616859.0570175012,0.0,-1616859.0570175012,-0.0,5749657.178627501,-0.021738821203482122,0.0,0.0,0.0
2023-11-30,0.0,0.0,0.0,-1616859.0570175012,0.0,-1616859.0570175012,-0.0,5749657.178627501,-0.021738821203482122,0.0,0.0,0.0
2023-12-01,-4188765.4971249998,-4188765.4971249998,4200092.0,-1605532.554142501,11326.502875000238,-1616859.0570175012,4188765.4971249998,5805624.554142501,-0.020435634238974522,0.004661870303772908,0.006485716279670761,0.00270401933046247
2023-12-04,0.0,-4188765.4971249998,4223956.0,-1581668.554142501,35190.50287500024,-1616859.0570175012,4188765.4971249998,5805624.554142501,-0.020131887065352527,0.004110496601605507,0.00568178030386024,0.005681780303860011
2023-12-05,0.0,-4188765.4971249998,4092702.0,-1712922.554142501,-96063.49712499976,-1616859.0570175012,4188765.4971249998,5805624.554142501,-0.021802521976791573,-0.022608075802343475,-0.0310737138360343,-0.031073713836034276
2023-12-06,4116568.222375,0.0,0.0,-1689056.331767501,0.0,-1689056.331767501,-0.0,5805624.554142501,-0.021498746516204904,0.004110879398491363,0.005831409756928307,0.005831409756928282
2023-12-07,0.0,0.0,0.0,-1689056.331767501,0.0,-1689056.331767501,-0.0,5805624.554142501,-0.021498746516204904,0.0,0.0,0.0
2023-12-08,0.0,0.0,0.0,-1689056.331767501,0.0,-1689056.331767501,-0.0,5805624.554142501,-0.021498746516204904,0.0,0.0,0.0
2023-12-11,0.0,0.0,0.0,-1689056.331767501,0.0,-1689056.331767501,-0.0,5805624.554142501,-0.021498746516204904,0.0,0.0,0.0
2023-12-12,0.0,0.0,0.0,-1689056.331767501,0.0,-1689056.331767501,-0.0,5805624.554142501,-0.021498746516204904,0.0,0.0,0.0
2023-12-13,0.0,0.0,0.0,-1689056.331767501,0.0,-1689056.331767501,-0.0,5805624.554142501,-0.021498746516204904,0.0,0.0,0.0
2023-12-14,0.0,0.0,0.0,-1689056.331767501,0.0,-1689056.331767501,-0.0,5805624.554142501,-0.021498746516204904,0.0,0.0,0.0
2023-12-15,0.0,0.0,0.0,-1689056.331767501,0.0,-1689056.331767501,-0.0,5805624.554142501,-0.021498746516204904,0.0,0.0,0.0
2023-12-18,0.0,0.0,0.0,-1689056.331767501,0.0,-1689056.331767501,-0.0,5805624.554142501,-0.021498746516204904,0.0,0.0,0.0
2023-12-19,0.0,0.0,0.0,-1689056.331767501,0.0,-1689056.331767501,-0.0,5805624.554142501,-0.021498746516204904,0.0,0.0,0.0
2023-12-20,0.0,0.0,0.0,-1689056.331767501,0.0,-1689056.331767501,-0.0,5805624.554142501,-0.021498746516204904,0.0,0.0,0.0
2023-12-21,0.0,0.0,0.0,-1689056.331767501,0.0,-1689056.331767501,-0.0,5805624.554142501,-0.021498746516204904,0.0,0.0,0.0
2023-12-22,0.0,0.0,0.0,-1689056.331767501,0.0,-1689056.331767501,-0.0,5805624.554142501,-0.021498746516204904,0.0,0.0,0.0
2023-12-25,0.0,0.0,0.0,-1689056.331767501,0.0,-1689056.331767501,-0.0,5805624.554142501,-0.021498746516204904,0.0,0.0,0.0
2023-12-26,0.0,0.0,0.0,-1689056.331767501,0.0,-1689056.331767501,-0.0,5805624.554142501,-0.021498746516204904,0.0,0.0,0.0
2023-12-27,0.0,0.0,0.0,-1689056.331767501,0.0,-1689056.331767501,-0.0,5805624.554142501,-0.021498746516204904,0.0,0.0,0.0
2023-12-28,0.0,0.0,0.0,-1689056.331767501,0.0,-1689056.331767501,-0.0,5805624.554142501,-0.021498746516204904,0.0,0.0,0.0
2023-12-29,0.0,0.0,0.0,-1689056.331767501,0.0,-1689056.331767501,-0.0,5805624.554142501,-0.021498746516204904,0.0,0.0,0.0
2024-01-02,0.0,0.0,0.0,-1689056.331767501,0.0,-1689056.331767501,-0.0,5805624.554142501,-0.021498746516204904,0.0,0.0,0.0
2024-01-03,0.0,0.0,0.0,-1689056.331767501,0.0,-1689056.331767501,-0.0,5805624.554142501,-0.021498746516204904,0.0,0.0,0.0
2024-01-04,0.0,0.0,0.0,-1689056.331767501,0.0,-1689056.331767501,-0.0,5805624.554142501,-0.021498746516204904,0.0,0.0,0.0
2024-01-05,0.0,0.0,0.0,-1689056.331767501,0.0,-1689056.331767501,-0.0,5805624.554142501,-0.021498746516204904,0.0,0.0,0.0
2024-01-08,0.0,0.0,0.0,-1689056.331767501,0.0,-1689056.331767501,-0.0,5805624.554142501,-0.021498746516204904,0.0,0.0,0.0
2024-01-09,0.0,0.0,0.0,-1689056.331767501,0.0,-1689056.331767501,-0.0,5805624.554142501,-0.021498746516204904,0.0,0.0,0.0
2024-01-10,0.0,0.0,0.0,-1689056.331767501,0.0,-1689056.331767501,-0.0,5805624.554142501,-0.021498746516204904,0.0,0.0,0.0
2024-01-11,0.0,0.0,0.0,-1689056.331767501,0.0,-1689056.331767501,-0.0,5805624.554142501,-0.021498746516204904,0.0,0.0,0.0
2024-01-12,0.0,0.0,0.0,-1689056.331767501,0.0,-1689056.331767501,-0.0,5805624.554142501,-0.021498746516204904,0.0,0.0,0.0
2024-01-15,0.0,0.0,0.0,-1689056.331767501,0.0,-1689056.331767501,-0.0,5805624.554142501,-0.021498746516204904,0.0,0.0,0.0
2024-01-16,0.0,0.0,0.0,-1689056.331767501,0.0,-1689056.331767501,-0.0,5805624.554142501,-0.021498746516204904,0.0,0.0,0.0
2024-01-17,0.0,0.0,0.0,-1689056.331767501,0.0,-1689056.331767501,-0.0,5805624.554142501,-0.021498746516204904,0.0,0.0,0.0
2024-01-18,0.0,0.0,0.0,-1689056.331767501,0.0,-1689056.331767501,-0.0,5805624.554142501,-0.021498746516204904,0.0,0.0,0.0
2024-01-19,0.0,0.0,0.0,-1689056.331767501,0.0,-1689056.331767501,-0.0,5805624.554142501,-0.021498746516204904,0.0,0.0,0.0
2024-01-22,-4140757.1826250004,-4140757.1826250004,4176228.0,-1653585.5143925014,35470.817374999635,-1689056.331767501,4140757.1826250004,5829813.514392502,-0.019993514005908587,0.007291523085848295,0.010283285294340194,0.008566263562577024
2024-01-23,0.0,-4140757.1826250004,4164296.0,-1665517.5143925014,23538.817374999635,-1689056.331767501,4140757.1826250004,5829813.514392502,-0.020137783901261502,-0.0020467207005065435,-0.0028571237011004724,-0.0028571237011006103
2024-01-24,0.0,-4140757.1826250004,4044974.0,-1784839.5143925014,-95783.18262500037,-1689056.331767501,4140757.1826250004,5829813.514392502,-0.021580507036804617,-0.02046755006921247,-0.028653582742437234,-0.028653582742437136
2024-01-25,0.0,-4140757.1826250004,4188160.0,-1641653.5143925014,47402.817374999635,-1689056.331767501,4140757.1826250004,5829813.514392502,-0.01984924411055567,0.024560991470225557,0.035398496998992,0.035398496998991835
2024-01-26,0.0,-4140757.1826250004,4092702.0,-1737111.5143925014,-48055.182625000365,-1689056.331767501,4140757.1826250004,5829813.514392502,-0.021003427455392958,-0.016374108668199328,-0.022792347952322656,-0.02279234795232274
2024-01-29,4104633.7670625006,0.0,0.0,-1725179.747330001,0.0,-1725179.747330001,-0.0,5829813.514392502,-0.02085916037648898,0.0020466807442542367,0.00291537645851081,0.0029153764585108694
2024-01-30,0.0,0.0,0.0,-1725179.747330001,0.0,-1725179.747330001,-0.0,5829813.514392502,-0.02085916037648898,0.0,0.0,0.0
2024-01-31,0.0,0.0,0.0,-1725179.747330001,0.0,-1725179.747330001,-0.0,5829813.514392502,-0.02085916037648898,0.0,0.0,0.0
2024-02-01,0.0,0.0,0.0,-1725179.747330001,0.0,-1725179.747330001,-0.0,5829813.514392502,-0.02085916037648898,0.0,0.0,0.0
2024-02-02,0.0,0.0,0.0,-1725179.747330001,0.0,-1725179.747330001,-0.0,5829813.514392502,-0.02085916037648898,0.0,0.0,0.0
2024-02-05,0.0,0.0,0.0,-1725179.747330001,0.0,-1725179.747330001,-0.0,5829813.514392502,-0.02085916037648898,0.0,0.0,0.0
2024-02-15,0.0,0.0,0.0,-1725179.747330001,0.0,-1725179.747330001,-0.0,5829813.514392502,-0.02085916037648898,0.0,0.0,0.0
2024-02-16,0.0,0.0,0.0,-1725179.747330001,0.0,-1725179.747330001,-0.0,5829813.514392502,-0.02085916037648898,0.0,0.0,0.0
2024-02-19,0.0,0.0,0.0,-1725179.747330001,0.0,-1725179.747330001,-0.0,5829813.514392502,-0.02085916037648898,0.0,0.0,0.0
2024-02-20,-4087465.349825,-4087465.349825,4000587.0,-1812058.097155001,-86878.34982499992,-1725179.747330001,4087465.349825,5829813.514392502,-0.02087779372337104,-0.014902423484133231,-0.021165919971265712,-0.021165919971265743
2024-02-21,0.0,-4087465.349825,3979587.0,-1833058.097155001,-107878.34982499992,-1725179.747330001,4087465.349825,5829813.514392502,-0.0211197471512877,-0.0036021735426279844,-0.005226799000731419,-0.005226799000731365
2024-02-22,0.0,-4087465.349825,3969087.0,-1843558.097155001,-118378.34982499992,-1725179.747330001,4087465.349825,5829813.514392502,-0.02124072386524603,-0.00180108677131402,-0.002627130985977888,-0.002627130985977983
2024-02-23,4011087.0511249993,0.0,0.0,-1801558.0460300015,0.0,-1801558.0460300015,-0.0,5829813.514392502,-0.020756816420371336,0.0072043558548332,0.010536216757055072,0.010536216757055128
2024-02-26,0.0,0.0,0.0,-1801558.0460300015,0.0,-1801558.0460300015,-0.0,5829813.514392502,-0.020756816420371336,0.0,0.0,0.0
2024-02-27,0.0,0.0,0.0,-1801558.0460300015,0.0,-1801558.0460300015,-0.0,5829813.514392502,-0.020756816420371336,0.0,0.0,0.0
2024-02-29,0.0,0.0,0.0,-1801558.0460300015,0.0,-1801558.0460300015,-0.0,5829813.514392502,-0.020756816420371336,0.0,0.0,0.0
2024-03-01,0.0,0.0,0.0,-1801558.0460300015,0.0,-1801558.0460300015,-0.0,5829813.514392502,-0.020756816420371336,0.0,0.0,0.0
2024-03-04,0.0,0.0,0.0,-1801558.0460300015,0.0,-1801558.0460300015,-0.0,5829813.514392502,-0.020756816420371336,0.0,0.0,0.0
2024-03-05,0.0,0.0,0.0,-1801558.0460300015,0.0,-1801558.0460300015,-0.0,5829813.514392502,-0.020756816420371336,0.0,0.0,0.0
2024-03-06,0.0,0.0,0.0,-1801558.0460300015,0.0,-1801558.0460300015,-0.0,5829813.514392502,-0.020756816420371336,0.0,0.0,0.0
2024-03-07,0.0,0.0,0.0,-1801558.0460300015,0.0,-1801558.0460300015,-0.0,5829813.514392502,-0.020756816420371336,0.0,0.0,0.0
2024-03-08,0.0,0.0,0.0,-1801558.0460300015,0.0,-1801558.0460300015,-0.0,5829813.514392502,-0.020756816420371336,0.0,0.0,0.0
2024-03-11,0.0,0.0,0.0,-1801558.0460300015,0.0,-1801558.0460300015,-0.0,5829813.514392502,-0.020756816420371336,0.0,0.0,0.0
2024-03-12,0.0,0.0,0.0,-1801558.0460300015,0.0,-1801558.0460300015,-0.0,5829813.514392502,-0.020756816420371336,0.0,0.0,0.0
2024-03-13,0.0,0.0,0.0,-1801558.0460300015,0.0,-1801558.0460300015,-0.0,5829813.514392502,-0.020756816420371336,0.0,0.0,0.0
2024-03-14,0.0,0.0,0.0,-1801558.0460300015,0.0,-1801558.0460300015,-0.0,5829813.514392502,-0.020756816420371336,0.0,0.0,0.0
2024-03-15,0.0,0.0,0.0,-1801558.0460300015,0.0,-1801558.0460300015,-0.0,5829813.514392502,-0.020756816420371336,0.0,0.0,0.0
2024-03-18,0.0,0.0,0.0,-1801558.0460300015,0.0,-1801558.0460300015,-0.0,5829813.514392502,-0.020756816420371336,0.0,0.0,0.0
2024-03-19,-3992408.887115,-3992408.887115,4042587.0,-1751379.9331450013,50178.112885000184,-1801558.0460300015,3992408.887115,5829813.514392502,-0.01929130573625251,0.008607155745397665,0.012456536900177673,0.012456536900177725
2024-03-20,0.0,-3992408.887115,4126591.0,-1667375.9331450013,134182.11288500018,-1801558.0460300015,3992408.887115,5829813.514392502,-0.01836600859403957,0.014409380298805952,0.020597123460891487,0.020597123460891348
2024-03-21,0.0,-3992408.887115,4200092.0,-1593874.9331450013,207683.11288500018,-1801558.0460300015,3992408.887115,5829813.514392502,-0.017556401131897374,0.012607778931271518,0.017658162690807444,0.017658162690807593
2024-03-22,0.0,-3992408.887115,4200092.0,-1593874.9331450013,207683.11288500018,-1801558.0460300015,3992408.887115,5829813.514392502,-0.017556401131897374,0.0,0.0,0.0
2024-03-25,0.0,-3992408.887115,4158091.0,-1635875.9331450013,165682.11288500018,-1801558.0460300015,3992408.887115,5829813.514392502,-0.018019038688086193,-0.007204518617329514,-0.009915394001683175,-0.009915394001683222
2024-03-26,4200091.58877,0.0,0.0,-1593875.3443750017,0.0,-1593875.3443750017,-0.0,5829813.514392502,-0.017556405661561966,0.007204448078194925,0.0100145955814408,0.010014595581440761
2024-03-27,0.0,0.0,0.0,-1593875.3443750017,0.0,-1593875.3443750017,-0.0,5829813.514392502,-0.017556405661561966,0.0,0.0,0.0
2024-03-28,0.0,0.0,0.0,-1593875.3443750017,0.0,-1593875.3443750017,-0.0,5829813.514392502,-0.017556405661561966,0.0,0.0,0.0
2024-03-29,0.0,0.0,0.0,-1593875.3443750017,0.0,-1593875.3443750017,-0.0,5829813.514392502,-0.017556405661561966,0.0,0.0,0.0
2024-04-01,0.0,0.0,0.0,-1593875.3443750017,0.0,-1593875.3443750017,-0.0,5829813.514392502,-0.017556405661561966,0.0,0.0,0.0
2024-04-02,0.0,0.0,0.0,-1593875.3443750017,0.0,-1593875.3443750017,-0.0,5829813.514392502,-0.017556405661561966,0.0,0.0,0.0
2024-04-03,0.0,0.0,0.0,-1593875.3443750017,0.0,-1593875.3443750017,-0.0,5829813.514392502,-0.017556405661561966,0.0,0.0,0.0
2024-04-08,0.0,0.0,0.0,-1593875.3443750017,0.0,-1593875.3443750017,-0.0,5829813.514392502,-0.017556405661561966,0.0,0.0,0.0
2024-04-09,0.0,0.0,0.0,-1593875.3443750017,0.0,-1593875.3443750017,-0.0,5829813.514392502,-0.017556405661561966,0.0,0.0,0.0
2024-04-10,0.0,0.0,0.0,-1593875.3443750017,0.0,-1593875.3443750017,-0.0,5829813.514392502,-0.017556405661561966,0.0,0.0,0.0
2024-04-11,0.0,0.0,0.0,-1593875.3443750017,0.0,-1593875.3443750017,-0.0,5829813.514392502,-0.017556405661561966,0.0,0.0,0.0
2024-04-12,0.0,0.0,0.0,-1593875.3443750017,0.0,-1593875.3443750017,-0.0,5829813.514392502,-0.017556405661561966,0.0,0.0,0.0
2024-04-15,0.0,0.0,0.0,-1593875.3443750017,0.0,-1593875.3443750017,-0.0,5829813.514392502,-0.017556405661561966,0.0,0.0,0.0
2024-04-16,0.0,0.0,0.0,-1593875.3443750017,0.0,-1593875.3443750017,-0.0,5829813.514392502,-0.017556405661561966,0.0,0.0,0.0
2024-04-17,0.0,0.0,0.0,-1593875.3443750017,0.0,-1593875.3443750017,-0.0,5829813.514392502,-0.017556405661561966,0.0,0.0,0.0
2024-04-18,0.0,0.0,0.0,-1593875.3443750017,0.0,-1593875.3443750017,-0.0,5829813.514392502,-0.017556405661561966,0.0,0.0,0.0
2024-04-19,0.0,0.0,0.0,-1593875.3443750017,0.0,-1593875.3443750017,-0.0,5829813.514392502,-0.017556405661561966,0.0,0.0,0.0
2024-04-22,0.0,0.0,0.0,-1593875.3443750017,0.0,-1593875.3443750017,-0.0,5829813.514392502,-0.017556405661561966,0.0,0.0,0.0
2024-04-23,0.0,0.0,0.0,-1593875.3443750017,0.0,-1593875.3443750017,-0.0,5829813.514392502,-0.017556405661561966,0.0,0.0,0.0
2024-04-24,0.0,0.0,0.0,-1593875.3443750017,0.0,-1593875.3443750017,-0.0,5829813.514392502,-0.017556405661561966,0.0,0.0,0.0
2024-04-25,0.0,0.0,0.0,-1593875.3443750017,0.0,-1593875.3443750017,-0.0,5829813.514392502,-0.017556405661561966,0.0,0.0,0.0
2024-04-26,0.0,0.0,0.0,-1593875.3443750017,0.0,-1593875.3443750017,-0.0,5829813.514392502,-0.017556405661561966,0.0,0.0,0.0
2024-04-29,0.0,0.0,0.0,-1593875.3443750017,0.0,-1593875.3443750017,-0.0,5829813.514392502,-0.017556405661561966,0.0,0.0,0.0
2024-04-30,0.0,0.0,0.0,-1593875.3443750017,0.0,-1593875.3443750017,-0.0,5829813.514392502,-0.017556405661561966,0.0,0.0,0.0
2024-05-02,0.0,0.0,0.0,-1593875.3443750017,0.0,-1593875.3443750017,-0.0,5829813.514392502,-0.017556405661561966,0.0,0.0,0.0
2024-05-03,0.0,0.0,0.0,-1593875.3443750017,0.0,-1593875.3443750017,-0.0,5829813.514392502,-0.017556405661561966,0.0,0.0,0.0
2024-05-06,0.0,0.0,0.0,-1593875.3443750017,0.0,-1593875.3443750017,-0.0,5829813.514392502,-0.017556405661561966,0.0,0.0,0.0
2024-05-07,0.0,0.0,0.0,-1593875.3443750017,0.0,-1593875.3443750017,-0.0,5829813.514392502,-0.017556405661561966,0.0,0.0,0.0
2024-05-08,0.0,0.0,0.0,-1593875.3443750017,0.0,-1593875.3443750017,-0.0,5829813.514392502,-0.017556405661561966,0.0,0.0,0.0
2024-05-09,0.0,0.0,0.0,-1593875.3443750017,0.0,-1593875.3443750017,-0.0,5829813.514392502,-0.017556405661561966,0.0,0.0,0.0
2024-05-10,0.0,0.0,0.0,-1593875.3443750017,0.0,-1593875.3443750017,-0.0,5829813.514392502,-0.017556405661561966,0.0,0.0,0.0
2024-05-13,-4173879.7150699995,-4173879.7150699995,4094610.0,-1673145.0594450012,-79269.71506999945,-1593875.3443750017,4173879.7150699995,5829813.514392502,-0.01761949958527576,-0.013597298588419737,-0.018713614762151276,-0.018713614762151255
2024-05-14,4061677.9912099997,0.0,0.0,-1706077.0682350015,0.0,-1706077.0682350015,-0.0,5829813.514392502,-0.017966298873204913,-0.005648895750901606,-0.007922693172894957,-0.007922693172894945
2024-05-15,0.0,0.0,0.0,-1706077.0682350015,0.0,-1706077.0682350015,-0.0,5829813.514392502,-0.017966298873204913,0.0,0.0,0.0
2024-05-16,0.0,0.0,0.0,-1706077.0682350015,0.0,-1706077.0682350015,-0.0,5829813.514392502,-0.017966298873204913,0.0,0.0,0.0
2024-05-17,0.0,0.0,0.0,-1706077.0682350015,0.0,-1706077.0682350015,-0.0,5829813.514392502,-0.017966298873204913,0.0,0.0,0.0
2024-05-20,0.0,0.0,0.0,-1706077.0682350015,0.0,-1706077.0682350015,-0.0,5829813.514392502,-0.017966298873204913,0.0,0.0,0.0
2024-05-21,0.0,0.0,0.0,-1706077.0682350015,0.0,-1706077.0682350015,-0.0,5829813.514392502,-0.017966298873204913,0.0,0.0,0.0
2024-05-22,0.0,0.0,0.0,-1706077.0682350015,0.0,-1706077.0682350015,-0.0,5829813.514392502,-0.017966298873204913,0.0,0.0,0.0
2024-05-23,0.0,0.0,0.0,-1706077.0682350015,0.0,-1706077.0682350015,-0.0,5829813.514392502,-0.017966298873204913,0.0,0.0,0.0
2024-05-24,0.0,0.0,0.0,-1706077.0682350015,0.0,-1706077.0682350015,-0.0,5829813.514392502,-0.017966298873204913,0.0,0.0,0.0
2024-05-27,0.0,0.0,0.0,-1706077.0682350015,0.0,-1706077.0682350015,-0.0,5829813.514392502,-0.017966298873204913,0.0,0.0,0.0
2024-05-28,0.0,0.0,0.0,-1706077.0682350015,0.0,-1706077.0682350015,-0.0,5829813.514392502,-0.017966298873204913,0.0,0.0,0.0
2024-05-29,-4098027.1790150004,-4098027.1790150004,4011085.0,-1793019.2472500019,-86942.17901500035,-1706077.0682350015,4098027.1790150004,5829813.514392502,-0.018100723293953225,-0.014913372237441158,-0.021083350051629424,-0.0210833500516293
2024-05-30,4000584.7304499997,0.0,0.0,-1803519.516800002,0.0,-1803519.516800002,-0.0,5829813.514392502,-0.018206724651121015,-0.0018011330077843946,-0.002601140621771636,-0.0026011406217718506
2024-05-31,0.0,0.0,0.0,-1803519.516800002,0.0,-1803519.516800002,-0.0,5829813.514392502,-0.018206724651121015,0.0,0.0,0.0
2024-06-03,0.0,0.0,0.0,-1803519.516800002,0.0,-1803519.516800002,-0.0,5829813.514392502,-0.018206724651121015,0.0,0.0,0.0
2024-06-04,0.0,0.0,0.0,-1803519.516800002,0.0,-1803519.516800002,-0.0,5829813.514392502,-0.018206724651121015,0.0,0.0,0.0
2024-06-05,0.0,0.0,0.0,-1803519.516800002,0.0,-1803519.516800002,-0.0,5829813.514392502,-0.018206724651121015,0.0,0.0,0.0
2024-06-06,0.0,0.0,0.0,-1803519.516800002,0.0,-1803519.516800002,-0.0,5829813.514392502,-0.018206724651121015,0.0,0.0,0.0
2024-06-07,0.0,0.0,0.0,-1803519.516800002,0.0,-1803519.516800002,-0.0,5829813.514392502,-0.018206724651121015,0.0,0.0,0.0
2024-06-11,0.0,0.0,0.0,-1803519.516800002,0.0,-1803519.516800002,-0.0,5829813.514392502,-0.018206724651121015,0.0,0.0,0.0
2024-06-12,0.0,0.0,0.0,-1803519.516800002,0.0,-1803519.516800002,-0.0,5829813.514392502,-0.018206724651121015,0.0,0.0,0.0
2024-06-13,0.0,0.0,0.0,-1803519.516800002,0.0,-1803519.516800002,-0.0,5829813.514392502,-0.018206724651121015,0.0,0.0,0.0
2024-06-14,0.0,0.0,0.0,-1803519.516800002,0.0,-1803519.516800002,-0.0,5829813.514392502,-0.018206724651121015,0.0,0.0,0.0
2024-06-17,0.0,0.0,0.0,-1803519.516800002,0.0,-1803519.516800002,-0.0,5829813.514392502,-0.018206724651121015,0.0,0.0,0.0
2024-06-18,0.0,0.0,0.0,-1803519.516800002,0.0,-1803519.516800002,-0.0,5829813.514392502,-0.018206724651121015,0.0,0.0,0.0
2024-06-19,0.0,0.0,0.0,-1803519.516800002,0.0,-1803519.516800002,-0.0,5829813.514392502,-0.018206724651121015,0.0,0.0,0.0
2024-06-20,0.0,0.0,0.0,-1803519.516800002,0.0,-1803519.516800002,-0.0,5829813.514392502,-0.018206724651121015,0.0,0.0,0.0
2024-06-21,0.0,0.0,0.0,-1803519.516800002,0.0,-1803519.516800002,-0.0,5829813.514392502,-0.018206724651121015,0.0,0.0,0.0
2024-06-24,0.0,0.0,0.0,-1803519.516800002,0.0,-1803519.516800002,-0.0,5829813.514392502,-0.018206724651121015,0.0,0.0,0.0
2024-06-25,0.0,0.0,0.0,-1803519.516800002,0.0,-1803519.516800002,-0.0,5829813.514392502,-0.018206724651121015,0.0,0.0,0.0
2024-06-26,0.0,0.0,0.0,-1803519.516800002,0.0,-1803519.516800002,-0.0,5829813.514392502,-0.018206724651121015,0.0,0.0,0.0
2024-06-27,0.0,0.0,0.0,-1803519.516800002,0.0,-1803519.516800002,-0.0,5829813.514392502,-0.018206724651121015,0.0,0.0,0.0
2024-06-28,0.0,0.0,0.0,-1803519.516800002,0.0,-1803519.516800002,-0.0,5829813.514392502,-0.018206724651121015,0.0,0.0,0.0
2024-07-01,0.0,0.0,0.0,-1803519.516800002,0.0,-1803519.516800002,-0.0,5829813.514392502,-0.018206724651121015,0.0,0.0,0.0
2024-07-02,0.0,0.0,0.0,-1803519.516800002,0.0,-1803519.516800002,-0.0,5829813.514392502,-0.018206724651121015,0.0,0.0,0.0
2024-07-03,0.0,0.0,0.0,-1803519.516800002,0.0,-1803519.516800002,-0.0,5829813.514392502,-0.018206724651121015,0.0,0.0,0.0
2024-07-04,0.0,0.0,0.0,-1803519.516800002,0.0,-1803519.516800002,-0.0,5829813.514392502,-0.018206724651121015,0.0,0.0,0.0
2024-07-05,0.0,0.0,0.0,-1803519.516800002,0.0,-1803519.516800002,-0.0,5829813.514392502,-0.018206724651121015,0.0,0.0,0.0
2024-07-08,0.0,0.0,0.0,-1803519.516800002,0.0,-1803519.516800002,-0.0,5829813.514392502,-0.018206724651121015,0.0,0.0,0.0
2024-07-09,0.0,0.0,0.0,-1803519.516800002,0.0,-1803519.516800002,-0.0,5829813.514392502,-0.018206724651121015,0.0,0.0,0.0
2024-07-10,0.0,0.0,0.0,-1803519.516800002,0.0,-1803519.516800002,-0.0,5829813.514392502,-0.018206724651121015,0.0,0.0,0.0
2024-07-11,0.0,0.0,0.0,-1803519.516800002,0.0,-1803519.516800002,-0.0,5829813.514392502,-0.018206724651121015,0.0,0.0,0.0
2024-07-12,-4040582.6370249996,-4040582.637025,4059713.0,-1784389.153825002,19130.362974999938,-1803519.516800002,4040582.637025,5844102.153825002,-0.017307621623463516,0.0040298263886549,0.0058349281883745,0.004734555556345518
2024-07-15,0.0,-4040582.637025,4081079.0,-1763023.153825002,40496.36297499994,-1803519.516800002,4040582.637025,5844102.153825002,-0.01710038283655751,0.0036559935876575578,0.005262933611316578,0.005262933611316859
2024-07-16,0.0,-4040582.637025,4230648.0,-1613454.153825002,190065.36297499994,-1803519.516800002,4040582.637025,5844102.153825002,-0.015649643431954692,0.02559315290238484,0.03664937630464893,0.036649376304648845
2024-07-17,0.0,-4040582.637025,4604570.0,-1239532.153825002,563987.3629749999,-1803519.516800002,4040582.637025,5844102.153825002,-0.012022799770180554,0.06398279669962062,0.0883840962424669,0.08838409624246688
2024-07-18,0.0,-4040582.637025,4380217.0,-1463885.153825002,339634.36297499994,-1803519.516800002,4040582.637025,5844102.153825002,-0.01419890402735187,-0.03838964379723572,-0.04872398508438358,-0.04872398508438356
2024-07-19,4390900.904775,0.0,0.0,-1453201.2490500018,0.0,-1453201.2490500018,-0.0,5844102.153825002,-0.014095275858064672,0.0018281516123066777,0.0024391268229404517,0.002439126822940548
2024-07-22,0.0,0.0,0.0,-1453201.2490500018,0.0,-1453201.2490500018,-0.0,5844102.153825002,-0.014095275858064672,0.0,0.0,0.0
2024-07-23,0.0,0.0,0.0,-1453201.2490500018,0.0,-1453201.2490500018,-0.0,5844102.153825002,-0.014095275858064672,0.0,0.0,0.0
2024-07-26,0.0,0.0,0.0,-1453201.2490500018,0.0,-1453201.2490500018,-0.0,5844102.153825002,-0.014095275858064672,0.0,0.0,0.0
2024-07-29,0.0,0.0,0.0,-1453201.2490500018,0.0,-1453201.2490500018,-0.0,5844102.153825002,-0.014095275858064672,0.0,0.0,0.0
2024-07-30,0.0,0.0,0.0,-1453201.2490500018,0.0,-1453201.2490500018,-0.0,5844102.153825002,-0.014095275858064672,0.0,0.0,0.0
2024-07-31,0.0,0.0,0.0,-1453201.2490500018,0.0,-1453201.2490500018,-0.0,5844102.153825002,-0.014095275858064672,0.0,0.0,0.0
2024-08-01,0.0,0.0,0.0,-1453201.2490500018,0.0,-1453201.2490500018,-0.0,5844102.153825002,-0.014095275858064672,0.0,0.0,0.0
2024-08-02,0.0,0.0,0.0,-1453201.2490500018,0.0,-1453201.2490500018,-0.0,5844102.153825002,-0.014095275858064672,0.0,0.0,0.0
2024-08-05,0.0,0.0,0.0,-1453201.2490500018,0.0,-1453201.2490500018,-0.0,5844102.153825002,-0.014095275858064672,0.0,0.0,0.0
2024-08-06,0.0,0.0,0.0,-1453201.2490500018,0.0,-1453201.2490500018,-0.0,5844102.153825002,-0.014095275858064672,0.0,0.0,0.0
2024-08-07,0.0,0.0,0.0,-1453201.2490500018,0.0,-1453201.2490500018,-0.0,5844102.153825002,-0.014095275858064672,0.0,0.0,0.0
2024-08-08,0.0,0.0,0.0,-1453201.2490500018,0.0,-1453201.2490500018,-0.0,5844102.153825002,-0.014095275858064672,0.0,0.0,0.0
2024-08-09,0.0,0.0,0.0,-1453201.2490500018,0.0,-1453201.2490500018,-0.0,5844102.153825002,-0.014095275858064672,0.0,0.0,0.0
2024-08-12,0.0,0.0,0.0,-1453201.2490500018,0.0,-1453201.2490500018,-0.0,5844102.153825002,-0.014095275858064672,0.0,0.0,0.0
2024-08-13,0.0,0.0,0.0,-1453201.2490500018,0.0,-1453201.2490500018,-0.0,5844102.153825002,-0.014095275858064672,0.0,0.0,0.0
2024-08-14,0.0,0.0,0.0,-1453201.2490500018,0.0,-1453201.2490500018,-0.0,5844102.153825002,-0.014095275858064672,0.0,0.0,0.0
2024-08-15,0.0,0.0,0.0,-1453201.2490500018,0.0,-1453201.2490500018,-0.0,5844102.153825002,-0.014095275858064672,0.0,0.0,0.0
2024-08-16,0.0,0.0,0.0,-1453201.2490500018,0.0,-1453201.2490500018,-0.0,5844102.153825002,-0.014095275858064672,0.0,0.0,0.0
2024-08-19,0.0,0.0,0.0,-1453201.2490500018,0.0,-1453201.2490500018,-0.0,5844102.153825002,-0.014095275858064672,0.0,0.0,0.0
2024-08-20,0.0,0.0,0.0,-1453201.2490500018,0.0,-1453201.2490500018,-0.0,5844102.153825002,-0.014095275858064672,0.0,0.0,0.0
2024-08-21,0.0,0.0,0.0,-1453201.2490500018,0.0,-1453201.2490500018,-0.0,5844102.153825002,-0.014095275858064672,0.0,0.0,0.0
2024-08-22,0.0,0.0,0.0,-1453201.2490500018,0.0,-1453201.2490500018,-0.0,5844102.153825002,-0.014095275858064672,0.0,0.0,0.0
2024-08-23,0.0,0.0,0.0,-1453201.2490500018,0.0,-1453201.2490500018,-0.0,5844102.153825002,-0.014095275858064672,0.0,0.0,0.0
2024-08-26,0.0,0.0,0.0,-1453201.2490500018,0.0,-1453201.2490500018,-0.0,5844102.153825002,-0.014095275858064672,0.0,0.0,0.0
2024-08-27,0.0,0.0,0.0,-1453201.2490500018,0.0,-1453201.2490500018,-0.0,5844102.153825002,-0.014095275858064672,0.0,0.0,0.0
2024-08-28,0.0,0.0,0.0,-1453201.2490500018,0.0,-1453201.2490500018,-0.0,5844102.153825002,-0.014095275858064672,0.0,0.0,0.0
2024-08-29,0.0,0.0,0.0,-1453201.2490500018,0.0,-1453201.2490500018,-0.0,5844102.153825002,-0.014095275858064672,0.0,0.0,0.0
2024-08-30,0.0,0.0,0.0,-1453201.2490500018,0.0,-1453201.2490500018,-0.0,5844102.153825002,-0.014095275858064672,0.0,0.0,0.0
2024-09-02,0.0,0.0,0.0,-1453201.2490500018,0.0,-1453201.2490500018,-0.0,5844102.153825002,-0.014095275858064672,0.0,0.0,0.0
2024-09-03,0.0,0.0,0.0,-1453201.2490500018,0.0,-1453201.2490500018,-0.0,5844102.153825002,-0.014095275858064672,0.0,0.0,0.0
2024-09-04,0.0,0.0,0.0,-1453201.2490500018,0.0,-1453201.2490500018,-0.0,5844102.153825002,-0.014095275858064672,0.0,0.0,0.0
2024-09-05,0.0,0.0,0.0,-1453201.2490500018,0.0,-1453201.2490500018,-0.0,5844102.153825002,-0.014095275858064672,0.0,0.0,0.0
2024-09-06,0.0,0.0,0.0,-1453201.2490500018,0.0,-1453201.2490500018,-0.0,5844102.153825002,-0.014095275858064672,0.0,0.0,0.0
2024-09-09,0.0,0.0,0.0,-1453201.2490500018,0.0,-1453201.2490500018,-0.0,5844102.153825002,-0.014095275858064672,0.0,0.0,0.0
2024-09-10,0.0,0.0,0.0,-1453201.2490500018,0.0,-1453201.2490500018,-0.0,5844102.153825002,-0.014095275858064672,0.0,0.0,0.0
2024-09-11,0.0,0.0,0.0,-1453201.2490500018,0.0,-1453201.2490500018,-0.0,5844102.153825002,-0.014095275858064672,0.0,0.0,0.0
2024-09-12,0.0,0.0,0.0,-1453201.2490500018,0.0,-1453201.2490500018,-0.0,5844102.153825002,-0.014095275858064672,0.0,0.0,0.0
2024-09-13,0.0,0.0,0.0,-1453201.2490500018,0.0,-1453201.2490500018,-0.0,5844102.153825002,-0.014095275858064672,0.0,0.0,0.0
2024-09-16,0.0,0.0,0.0,-1453201.2490500018,0.0,-1453201.2490500018,-0.0,5844102.153825002,-0.014095275858064672,0.0,0.0,0.0
2024-09-18,0.0,0.0,0.0,-1453201.2490500018,0.0,-1453201.2490500018,-0.0,5844102.153825002,-0.014095275858064672,0.0,0.0,0.0
2024-09-19,0.0,0.0,0.0,-1453201.2490500018,0.0,-1453201.2490500018,-0.0,5844102.153825002,-0.014095275858064672,0.0,0.0,0.0
2024-09-20,0.0,0.0,0.0,-1453201.2490500018,0.0,-1453201.2490500018,-0.0,5844102.153825002,-0.014095275858064672,0.0,0.0,0.0
2024-09-23,0.0,0.0,0.0,-1453201.2490500018,0.0,-1453201.2490500018,-0.0,5844102.153825002,-0.014095275858064672,0.0,0.0,0.0
2024-09-24,0.0,0.0,0.0,-1453201.2490500018,0.0,-1453201.2490500018,-0.0,5844102.153825002,-0.014095275858064672,0.0,0.0,0.0
2024-09-25,0.0,0.0,0.0,-1453201.2490500018,0.0,-1453201.2490500018,-0.0,5844102.153825002,-0.014095275858064672,0.0,0.0,0.0
2024-09-26,0.0,0.0,0.0,-1453201.2490500018,0.0,-1453201.2490500018,-0.0,5844102.153825002,-0.014095275858064672,0.0,0.0,0.0
2024-09-27,0.0,0.0,0.0,-1453201.2490500018,0.0,-1453201.2490500018,-0.0,5844102.153825002,-0.014095275858064672,0.0,0.0,0.0
2024-09-30,0.0,0.0,0.0,-1453201.2490500018,0.0,-1453201.2490500018,-0.0,5844102.153825002,-0.014095275858064672,0.0,0.0,0.0
2024-10-01,0.0,0.0,0.0,-1453201.2490500018,0.0,-1453201.2490500018,-0.0,5844102.153825002,-0.014095275858064672,0.0,0.0,0.0
2024-10-04,0.0,0.0,0.0,-1453201.2490500018,0.0,-1453201.2490500018,-0.0,5844102.153825002,-0.014095275858064672,0.0,0.0,0.0
2024-10-07,0.0,0.0,0.0,-1453201.2490500018,0.0,-1453201.2490500018,-0.0,5844102.153825002,-0.014095275858064672,0.0,0.0,0.0
2024-10-08,0.0,0.0,0.0,-1453201.2490500018,0.0,-1453201.2490500018,-0.0,5844102.153825002,-0.014095275858064672,0.0,0.0,0.0
2024-10-09,0.0,0.0,0.0,-1453201.2490500018,0.0,-1453201.2490500018,-0.0,5844102.153825002,-0.014095275858064672,0.0,0.0,0.0
2024-10-11,0.0,0.0,0.0,-1453201.2490500018,0.0,-1453201.2490500018,-0.0,5844102.153825002,-0.014095275858064672,0.0,0.0,0.0
2024-10-14,0.0,0.0,0.0,-1453201.2490500018,0.0,-1453201.2490500018,-0.0,5844102.153825002,-0.014095275858064672,0.0,0.0,0.0
2024-10-15,0.0,0.0,0.0,-1453201.2490500018,0.0,-1453201.2490500018,-0.0,5844102.153825002,-0.014095275858064672,0.0,0.0,0.0
2024-10-16,0.0,0.0,0.0,-1453201.2490500018,0.0,-1453201.2490500018,-0.0,5844102.153825002,-0.014095275858064672,0.0,0.0,0.0
2024-10-17,0.0,0.0,0.0,-1453201.2490500018,0.0,-1453201.2490500018,-0.0,5844102.153825002,-0.014095275858064672,0.0,0.0,0.0
2024-10-18,0.0,0.0,0.0,-1453201.2490500018,0.0,-1453201.2490500018,-0.0,5844102.153825002,-0.014095275858064672,0.0,0.0,0.0
2024-10-21,0.0,0.0,0.0,-1453201.2490500018,0.0,-1453201.2490500018,-0.0,5844102.153825002,-0.014095275858064672,0.0,0.0,0.0
2024-10-22,-4128018.0552000003,-4128018.0552,4287465.0,-1293754.3042500017,159446.94480000017,-1453201.2490500018,4128018.0552,5844102.153825002,-0.012065623296029143,0.02728339454087761,0.036313036494767026,0.03631303649476703
2024-10-23,0.0,-4128018.0552,4392358.0,-1188861.3042500017,264339.9448000002,-1453201.2490500018,4128018.0552,5844102.153825002,-0.011087385449605852,0.01794852267107394,0.023051644284688644,0.023051644284688467
2024-10-24,0.0,-4128018.0552,4235019.0,-1346200.3042500017,107000.94480000017,-1453201.2490500018,4128018.0552,5844102.153825002,-0.012554737556213483,-0.026922698450269344,-0.033798251279386515,-0.03379825127938638
2024-10-25,0.0,-4128018.0552,4353021.0,-1228198.3042500017,225002.94480000017,-1453201.2490500018,4128018.0552,5844102.153825002,-0.011454244459880638,0.02019163883416497,0.02623489883647645,0.026234898836476353
2024-10-28,0.0,-4128018.0552,4353021.0,-1228198.3042500017,225002.94480000017,-1453201.2490500018,4128018.0552,5844102.153825002,-0.011454244459880638,0.0,0.0,0.0
2024-10-29,4326799.514152501,0.0,0.0,-1254419.7900975016,0.0,-1254419.7900975016,-0.0,5844102.153825002,-0.0116987874689039,-0.004486828798900749,-0.005680682852593266,-0.00568068285259326
2024-10-30,0.0,0.0,0.0,-1254419.7900975016,0.0,-1254419.7900975016,-0.0,5844102.153825002,-0.0116987874689039,0.0,0.0,0.0
2024-11-01,0.0,0.0,0.0,-1254419.7900975016,0.0,-1254419.7900975016,-0.0,5844102.153825002,-0.0116987874689039,0.0,0.0,0.0
2024-11-04,0.0,0.0,0.0,-1254419.7900975016,0.0,-1254419.7900975016,-0.0,5844102.153825002,-0.0116987874689039,0.0,0.0,0.0
2024-11-05,0.0,0.0,0.0,-1254419.7900975016,0.0,-1254419.7900975016,-0.0,5844102.153825002,-0.0116987874689039,0.0,0.0,0.0
2024-11-06,0.0,0.0,0.0,-1254419.7900975016,0.0,-1254419.7900975016,-0.0,5844102.153825002,-0.0116987874689039,0.0,0.0,0.0
2024-11-07,0.0,0.0,0.0,-1254419.7900975016,0.0,-1254419.7900975016,-0.0,5844102.153825002,-0.0116987874689039,0.0,0.0,0.0
2024-11-08,-4371763.398062501,-4371763.3980625,4224822.0,-1401361.1881600018,-146941.39806250017,-1254419.7900975016,4371763.3980625,5844102.153825002,-0.012557197646832345,-0.025143536884673745,-0.032015592020874006,-0.03201559202087397
2024-11-11,4236960.6181875,0.0,0.0,-1389222.569972502,0.0,-1389222.569972502,-0.0,5844102.153825002,-0.012448426953717886,0.0020770715274980034,0.0027322363111672576,0.002732236311167145
2024-11-12,0.0,0.0,0.0,-1389222.569972502,0.0,-1389222.569972502,-0.0,5844102.153825002,-0.012448426953717886,0.0,0.0,0.0
2024-11-13,0.0,0.0,0.0,-1389222.569972502,0.0,-1389222.569972502,-0.0,5844102.153825002,-0.012448426953717886,0.0,0.0,0.0
2024-11-14,0.0,0.0,0.0,-1389222.569972502,0.0,-1389222.569972502,-0.0,5844102.153825002,-0.012448426953717886,0.0,0.0,0.0
2024-11-15,0.0,0.0,0.0,-1389222.569972502,0.0,-1389222.569972502,-0.0,5844102.153825002,-0.012448426953717886,0.0,0.0,0.0
2024-11-18,0.0,0.0,0.0,-1389222.569972502,0.0,-1389222.569972502,-0.0,5844102.153825002,-0.012448426953717886,0.0,0.0,0.0
2024-11-19,0.0,0.0,0.0,-1389222.569972502,0.0,-1389222.569972502,-0.0,5844102.153825002,-0.012448426953717886,0.0,0.0,0.0
2024-11-20,0.0,0.0,0.0,-1389222.569972502,0.0,-1389222.569972502,-0.0,5844102.153825002,-0.012448426953717886,0.0,0.0,0.0
2024-11-21,0.0,0.0,0.0,-1389222.569972502,0.0,-1389222.569972502,-0.0,5844102.153825002,-0.012448426953717886,0.0,0.0,0.0
2024-11-22,0.0,0.0,0.0,-1389222.569972502,0.0,-1389222.569972502,-0.0,5844102.153825002,-0.012448426953717886,0.0,0.0,0.0
2024-11-25,0.0,0.0,0.0,-1389222.569972502,0.0,-1389222.569972502,-0.0,5844102.153825002,-0.012448426953717886,0.0,0.0,0.0
2024-11-26,0.0,0.0,0.0,-1389222.569972502,0.0,-1389222.569972502,-0.0,5844102.153825002,-0.012448426953717886,0.0,0.0,0.0
2024-11-27,0.0,0.0,0.0,-1389222.569972502,0.0,-1389222.569972502,-0.0,5844102.153825002,-0.012448426953717886,0.0,0.0,0.0
2024-11-28,0.0,0.0,0.0,-1389222.569972502,0.0,-1389222.569972502,-0.0,5844102.153825002,-0.012448426953717886,0.0,0.0,0.0
2024-11-29,0.0,0.0,0.0,-1389222.569972502,0.0,-1389222.569972502,-0.0,5844102.153825002,-0.012448426953717886,0.0,0.0,0.0
2024-12-02,0.0,0.0,0.0,-1389222.569972502,0.0,-1389222.569972502,-0.0,5844102.153825002,-0.012448426953717886,0.0,0.0,0.0
2024-12-03,0.0,0.0,0.0,-1389222.569972502,0.0,-1389222.569972502,-0.0,5844102.153825002,-0.012448426953717886,0.0,0.0,0.0
2024-12-04,0.0,0.0,0.0,-1389222.569972502,0.0,-1389222.569972502,-0.0,5844102.153825002,-0.012448426953717886,0.0,0.0,0.0
2024-12-05,0.0,0.0,0.0,-1389222.569972502,0.0,-1389222.569972502,-0.0,5844102.153825002,-0.012448426953717886,0.0,0.0,0.0
2024-12-06,0.0,0.0,0.0,-1389222.569972502,0.0,-1389222.569972502,-0.0,5844102.153825002,-0.012448426953717886,0.0,0.0,0.0
2024-12-09,0.0,0.0,0.0,-1389222.569972502,0.0,-1389222.569972502,-0.0,5844102.153825002,-0.012448426953717886,0.0,0.0,0.0
2024-12-10,0.0,0.0,0.0,-1389222.569972502,0.0,-1389222.569972502,-0.0,5844102.153825002,-0.012448426953717886,0.0,0.0,0.0
2024-12-11,0.0,0.0,0.0,-1389222.569972502,0.0,-1389222.569972502,-0.0,5844102.153825002,-0.012448426953717886,0.0,0.0,0.0
2024-12-12,0.0,0.0,0.0,-1389222.569972502,0.0,-1389222.569972502,-0.0,5844102.153825002,-0.012448426953717886,0.0,0.0,0.0
2024-12-13,0.0,0.0,0.0,-1389222.569972502,0.0,-1389222.569972502,-0.0,5844102.153825002,-0.012448426953717886,0.0,0.0,0.0
2024-12-16,0.0,0.0,0.0,-1389222.569972502,0.0,-1389222.569972502,-0.0,5844102.153825002,-0.012448426953717886,0.0,0.0,0.0
2024-12-17,0.0,0.0,0.0,-1389222.569972502,0.0,-1389222.569972502,-0.0,5844102.153825002,-0.012448426953717886,0.0,0.0,0.0
2024-12-18,0.0,0.0,0.0,-1389222.569972502,0.0,-1389222.569972502,-0.0,5844102.153825002,-0.012448426953717886,0.0,0.0,0.0
2024-12-19,0.0,0.0,0.0,-1389222.569972502,0.0,-1389222.569972502,-0.0,5844102.153825002,-0.012448426953717886,0.0,0.0,0.0
2024-12-20,0.0,0.0,0.0,-1389222.569972502,0.0,-1389222.569972502,-0.0,5844102.153825002,-0.012448426953717886,0.0,0.0,0.0
2024-12-23,0.0,0.0,0.0,-1389222.569972502,0.0,-1389222.569972502,-0.0,5844102.153825002,-0.012448426953717886,0.0,0.0,0.0
2024-12-24,0.0,0.0,0.0,-1389222.569972502,0.0,-1389222.569972502,-0.0,5844102.153825002,-0.012448426953717886,0.0,0.0,0.0
2024-12-25,0.0,0.0,0.0,-1389222.569972502,0.0,-1389222.569972502,-0.0,5844102.153825002,-0.012448426953717886,0.0,0.0,0.0
2024-12-26,0.0,0.0,0.0,-1389222.569972502,0.0,-1389222.569972502,-0.0,5844102.153825002,-0.012448426953717886,0.0,0.0,0.0
2024-12-27,0.0,0.0,0.0,-1389222.569972502,0.0,-1389222.569972502,-0.0,5844102.153825002,-0.012448426953717886,0.0,0.0,0.0
2024-12-30,0.0,0.0,0.0,-1389222.569972502,0.0,-1389222.569972502,-0.0,5844102.153825002,-0.012448426953717886,0.0,0.0,0.0
2024-12-31,0.0,0.0,0.0,-1389222.569972502,0.0,-1389222.569972502,-0.0,5844102.153825002,-0.012448426953717886,0.0,0.0,0.0
2025-01-02,0.0,0.0,0.0,-1389222.569972502,0.0,-1389222.569972502,-0.0,5844102.153825002,-0.012448426953717886,0.0,0.0,0.0
2025-01-03,0.0,0.0,0.0,-1389222.569972502,0.0,-1389222.569972502,-0.0,5844102.153825002,-0.012448426953717886,0.0,0.0,0.0
2025-01-06,0.0,0.0,0.0,-1389222.569972502,0.0,-1389222.569972502,-0.0,5844102.153825002,-0.012448426953717886,0.0,0.0,0.0
2025-01-07,0.0,0.0,0.0,-1389222.569972502,0.0,-1389222.569972502,-0.0,5844102.153825002,-0.012448426953717886,0.0,0.0,0.0
2025-01-08,-4185168.1782400003,-4185168.1782400003,4160720.0,-1413670.7482125023,-24448.17824000027,-1389222.569972502,4185168.1782400003,5844102.153825002,-0.012209613967013207,-0.0041833933761747655,-0.00548795489975018,-0.005487954899750158
2025-01-09,0.0,-4185168.1782400003,3956764.0,-1617626.7482125023,-228404.17824000027,-1389222.569972502,4185168.1782400003,5844102.153825002,-0.013971144386599858,-0.03489945839952671,-0.04603524608046694,-0.046035246080466836
2025-01-10,3956764.2977100005,0.0,0.0,-1617626.4505025018,0.0,-1617626.4505025018,-0.0,5844102.153825002,-0.013971141815333397,5.094195698607251e-08,7.043930749794924e-08,7.043930745272888e-08
2025-01-13,0.0,0.0,0.0,-1617626.4505025018,0.0,-1617626.4505025018,-0.0,5844102.153825002,-0.013971141815333397,0.0,0.0,0.0
2025-01-14,0.0,0.0,0.0,-1617626.4505025018,0.0,-1617626.4505025018,-0.0,5844102.153825002,-0.013971141815333397,0.0,0.0,0.0
2025-01-15,0.0,0.0,0.0,-1617626.4505025018,0.0,-1617626.4505025018,-0.0,5844102.153825002,-0.013971141815333397,0.0,0.0,0.0
2025-01-16,0.0,0.0,0.0,-1617626.4505025018,0.0,-1617626.4505025018,-0.0,5844102.153825002,-0.013971141815333397,0.0,0.0,0.0
2025-01-17,0.0,0.0,0.0,-1617626.4505025018,0.0,-1617626.4505025018,-0.0,5844102.153825002,-0.013971141815333397,0.0,0.0,0.0
2025-01-20,0.0,0.0,0.0,-1617626.4505025018,0.0,-1617626.4505025018,-0.0,5844102.153825002,-0.013971141815333397,0.0,0.0,0.0
2025-01-21,0.0,0.0,0.0,-1617626.4505025018,0.0,-1617626.4505025018,-0.0,5844102.153825002,-0.013971141815333397,0.0,0.0,0.0
2025-01-22,0.0,0.0,0.0,-1617626.4505025018,0.0,-1617626.4505025018,-0.0,5844102.153825002,-0.013971141815333397,0.0,0.0,0.0
2025-02-03,0.0,0.0,0.0,-1617626.4505025018,0.0,-1617626.4505025018,-0.0,5844102.153825002,-0.013971141815333397,0.0,0.0,0.0
2025-02-04,0.0,0.0,0.0,-1617626.4505025018,0.0,-1617626.4505025018,-0.0,5844102.153825002,-0.013971141815333397,0.0,0.0,0.0
2025-02-05,0.0,0.0,0.0,-1617626.4505025018,0.0,-1617626.4505025018,-0.0,5844102.153825002,-0.013971141815333397,0.0,0.0,0.0
2025-02-06,0.0,0.0,0.0,-1617626.4505025018,0.0,-1617626.4505025018,-0.0,5844102.153825002,-0.013971141815333397,0.0,0.0,0.0
2025-02-07,0.0,0.0,0.0,-1617626.4505025018,0.0,-1617626.4505025018,-0.0,5844102.153825002,-0.013971141815333397,0.0,0.0,0.0
2025-02-10,0.0,0.0,0.0,-1617626.4505025018,0.0,-1617626.4505025018,-0.0,5844102.153825002,-0.013971141815333397,0.0,0.0,0.0
2025-02-11,0.0,0.0,0.0,-1617626.4505025018,0.0,-1617626.4505025018,-0.0,5844102.153825002,-0.013971141815333397,0.0,0.0,0.0
2025-02-12,0.0,0.0,0.0,-1617626.4505025018,0.0,-1617626.4505025018,-0.0,5844102.153825002,-0.013971141815333397,0.0,0.0,0.0
2025-02-13,0.0,0.0,0.0,-1617626.4505025018,0.0,-1617626.4505025018,-0.0,5844102.153825002,-0.013971141815333397,0.0,0.0,0.0
2025-02-14,0.0,0.0,0.0,-1617626.4505025018,0.0,-1617626.4505025018,-0.0,5844102.153825002,-0.013971141815333397,0.0,0.0,0.0
2025-02-17,0.0,0.0,0.0,-1617626.4505025018,0.0,-1617626.4505025018,-0.0,5844102.153825002,-0.013971141815333397,0.0,0.0,0.0
2025-02-18,0.0,0.0,0.0,-1617626.4505025018,0.0,-1617626.4505025018,-0.0,5844102.153825002,-0.013971141815333397,0.0,0.0,0.0
2025-02-19,0.0,0.0,0.0,-1617626.4505025018,0.0,-1617626.4505025018,-0.0,5844102.153825002,-0.013971141815333397,0.0,0.0,0.0
2025-02-20,-4110921.7276,-4110921.7276,3962592.0,-1765956.1781025017,-148329.72759999987,-1617626.4505025018,4110921.7276,5844102.153825002,-0.014729271539442165,-0.025381097676897557,-0.035095369762423,-0.03509536976242298
2025-02-21,3962592.3937599994,0.0,0.0,-1765955.784342502,0.0,-1765955.784342502,-0.0,5844102.153825002,-0.014729268255216867,6.737733004857915e-08,9.655367927408065e-08,9.655367953995069e-08
2025-02-24,0.0,0.0,0.0,-1765955.784342502,0.0,-1765955.784342502,-0.0,5844102.153825002,-0.014729268255216867,0.0,0.0,0.0
2025-02-25,0.0,0.0,0.0,-1765955.784342502,0.0,-1765955.784342502,-0.0,5844102.153825002,-0.014729268255216867,0.0,0.0,0.0
2025-02-26,0.0,0.0,0.0,-1765955.784342502,0.0,-1765955.784342502,-0.0,5844102.153825002,-0.014729268255216867,0.0,0.0,0.0
2025-02-27,0.0,0.0,0.0,-1765955.784342502,0.0,-1765955.784342502,-0.0,5844102.153825002,-0.014729268255216867,0.0,0.0,0.0
2025-03-03,0.0,0.0,0.0,-1765955.784342502,0.0,-1765955.784342502,-0.0,5844102.153825002,-0.014729268255216867,0.0,0.0,0.0
2025-03-04,0.0,0.0,0.0,-1765955.784342502,0.0,-1765955.784342502,-0.0,5844102.153825002,-0.014729268255216867,0.0,0.0,0.0
2025-03-05,0.0,0.0,0.0,-1765955.784342502,0.0,-1765955.784342502,-0.0,5844102.153825002,-0.014729268255216867,0.0,0.0,0.0
2025-03-06,0.0,0.0,0.0,-1765955.784342502,0.0,-1765955.784342502,-0.0,5844102.153825002,-0.014729268255216867,0.0,0.0,0.0
2025-03-07,0.0,0.0,0.0,-1765955.784342502,0.0,-1765955.784342502,-0.0,5844102.153825002,-0.014729268255216867,0.0,0.0,0.0
2025-03-10,0.0,0.0,0.0,-1765955.784342502,0.0,-1765955.784342502,-0.0,5844102.153825002,-0.014729268255216867,0.0,0.0,0.0
2025-03-11,0.0,0.0,0.0,-1765955.784342502,0.0,-1765955.784342502,-0.0,5844102.153825002,-0.014729268255216867,0.0,0.0,0.0
2025-03-12,0.0,0.0,0.0,-1765955.784342502,0.0,-1765955.784342502,-0.0,5844102.153825002,-0.014729268255216867,0.0,0.0,0.0
2025-03-13,0.0,0.0,0.0,-1765955.784342502,0.0,-1765955.784342502,-0.0,5844102.153825002,-0.014729268255216867,0.0,0.0,0.0
2025-03-14,0.0,0.0,0.0,-1765955.784342502,0.0,-1765955.784342502,-0.0,5844102.153825002,-0.014729268255216867,0.0,0.0,0.0
2025-03-17,0.0,0.0,0.0,-1765955.784342502,0.0,-1765955.784342502,-0.0,5844102.153825002,-0.014729268255216867,0.0,0.0,0.0
2025-03-18,0.0,0.0,0.0,-1765955.784342502,0.0,-1765955.784342502,-0.0,5844102.153825002,-0.014729268255216867,0.0,0.0,0.0
2025-03-19,0.0,0.0,0.0,-1765955.784342502,0.0,-1765955.784342502,-0.0,5844102.153825002,-0.014729268255216867,0.0,0.0,0.0
2025-03-20,0.0,0.0,0.0,-1765955.784342502,0.0,-1765955.784342502,-0.0,5844102.153825002,-0.014729268255216867,0.0,0.0,0.0
2025-03-21,0.0,0.0,0.0,-1765955.784342502,0.0,-1765955.784342502,-0.0,5844102.153825002,-0.014729268255216867,0.0,0.0,0.0
2025-03-24,0.0,0.0,0.0,-1765955.784342502,0.0,-1765955.784342502,-0.0,5844102.153825002,-0.014729268255216867,0.0,0.0,0.0
2025-03-25,0.0,0.0,0.0,-1765955.784342502,0.0,-1765955.784342502,-0.0,5844102.153825002,-0.014729268255216867,0.0,0.0,0.0
2025-03-26,0.0,0.0,0.0,-1765955.784342502,0.0,-1765955.784342502,-0.0,5844102.153825002,-0.014729268255216867,0.0,0.0,0.0
2025-03-27,0.0,0.0,0.0,-1765955.784342502,0.0,-1765955.784342502,-0.0,5844102.153825002,-0.014729268255216867,0.0,0.0,0.0
2025-03-28,0.0,0.0,0.0,-1765955.784342502,0.0,-1765955.784342502,-0.0,5844102.153825002,-0.014729268255216867,0.0,0.0,0.0
2025-03-31,0.0,0.0,0.0,-1765955.784342502,0.0,-1765955.784342502,-0.0,5844102.153825002,-0.014729268255216867,0.0,0.0,0.0
2025-04-01,0.0,0.0,0.0,-1765955.784342502,0.0,-1765955.784342502,-0.0,5844102.153825002,-0.014729268255216867,0.0,0.0,0.0
2025-04-02,0.0,0.0,0.0,-1765955.784342502,0.0,-1765955.784342502,-0.0,5844102.153825002,-0.014729268255216867,0.0,0.0,0.0
2025-04-07,0.0,0.0,0.0,-1765955.784342502,0.0,-1765955.784342502,-0.0,5844102.153825002,-0.014729268255216867,0.0,0.0,0.0
2025-04-08,0.0,0.0,0.0,-1765955.784342502,0.0,-1765955.784342502,-0.0,5844102.153825002,-0.014729268255216867,0.0,0.0,0.0
2025-04-09,0.0,0.0,0.0,-1765955.784342502,0.0,-1765955.784342502,-0.0,5844102.153825002,-0.014729268255216867,0.0,0.0,0.0
2025-04-10,0.0,0.0,0.0,-1765955.784342502,0.0,-1765955.784342502,-0.0,5844102.153825002,-0.014729268255216867,0.0,0.0,0.0
2025-04-11,0.0,0.0,0.0,-1765955.784342502,0.0,-1765955.784342502,-0.0,5844102.153825002,-0.014729268255216867,0.0,0.0,0.0
2025-04-14,0.0,0.0,0.0,-1765955.784342502,0.0,-1765955.784342502,-0.0,5844102.153825002,-0.014729268255216867,0.0,0.0,0.0
2025-04-15,0.0,0.0,0.0,-1765955.784342502,0.0,-1765955.784342502,-0.0,5844102.153825002,-0.014729268255216867,0.0,0.0,0.0
2025-04-16,0.0,0.0,0.0,-1765955.784342502,0.0,-1765955.784342502,-0.0,5844102.153825002,-0.014729268255216867,0.0,0.0,0.0
2025-04-17,0.0,0.0,0.0,-1765955.784342502,0.0,-1765955.784342502,-0.0,5844102.153825002,-0.014729268255216867,0.0,0.0,0.0
2025-04-18,0.0,0.0,0.0,-1765955.784342502,0.0,-1765955.784342502,-0.0,5844102.153825002,-0.014729268255216867,0.0,0.0,0.0
2025-04-21,0.0,0.0,0.0,-1765955.784342502,0.0,-1765955.784342502,-0.0,5844102.153825002,-0.014729268255216867,0.0,0.0,0.0
2025-04-22,0.0,0.0,0.0,-1765955.784342502,0.0,-1765955.784342502,-0.0,5844102.153825002,-0.014729268255216867,0.0,0.0,0.0
2025-04-23,0.0,0.0,0.0,-1765955.784342502,0.0,-1765955.784342502,-0.0,5844102.153825002,-0.014729268255216867,0.0,0.0,0.0
2025-04-24,0.0,0.0,0.0,-1765955.784342502,0.0,-1765955.784342502,-0.0,5844102.153825002,-0.014729268255216867,0.0,0.0,0.0
2025-04-25,0.0,0.0,0.0,-1765955.784342502,0.0,-1765955.784342502,-0.0,5844102.153825002,-0.014729268255216867,0.0,0.0,0.0
2025-04-28,-4110434.033625,-4110434.033625,4165093.0,-1711296.8179675022,54658.96637499984,-1765955.784342502,4110434.033625,5876389.817967502,-0.013800250321424018,0.01096175914527131,0.01570851912279947,0.013297614297630751
2025-04-29,0.0,-4110434.033625,4195683.0,-1680706.8179675022,85248.96637499984,-1765955.784342502,4110434.033625,5876389.817967502,-0.013553566255340294,0.005205577054549493,0.007344373823105599,0.00734437382310551
2025-04-30,0.0,-4110434.033625,4103904.0,-1772485.8179675022,-6530.0336250001565,-1765955.784342502,4110434.033625,5876389.817967502,-0.0142936910314468,-0.01561826271623079,-0.021874626848596646,-0.02187462684859652
2025-05-02,0.0,-4110434.033625,4134494.0,-1741895.8179675022,24059.966374999844,-1765955.784342502,4110434.033625,5876389.817967502,-0.014047006965363077,0.005205577054549548,0.007453878063424568,0.007453878063424486
2025-05-05,0.0,-4110434.033625,4042714.0,-1833675.8179675022,-67720.03362500016,-1765955.784342502,4110434.033625,5876389.817967502,-0.014787139805675732,-0.01561843288873993,-0.02219860519812089,-0.022198605198120978
2025-05-06,3977157.357337501,0.0,0.0,-1899232.4606300015,0.0,-1899232.4606300015,-0.0,5876389.817967502,-0.015315802086512053,-0.011155938372579555,-0.016215998129598064,-0.01621599812959792
2025-05-07,0.0,0.0,0.0,-1899232.4606300015,0.0,-1899232.4606300015,-0.0,5876389.817967502,-0.015315802086512053,0.0,0.0,0.0
2025-05-08,0.0,0.0,0.0,-1899232.4606300015,0.0,-1899232.4606300015,-0.0,5876389.817967502,-0.015315802086512053,0.0,0.0,0.0
2025-05-09,0.0,0.0,0.0,-1899232.4606300015,0.0,-1899232.4606300015,-0.0,5876389.817967502,-0.015315802086512053,0.0,0.0,0.0
2025-05-12,0.0,0.0,0.0,-1899232.4606300015,0.0,-1899232.4606300015,-0.0,5876389.817967502,-0.015315802086512053,0.0,0.0,0.0
2025-05-13,-3962426.3227575,-3962426.3227575,3780192.0,-2081466.7833875017,-182234.32275750022,-1899232.4606300015,3962426.3227575,5876389.817967502,-0.01626562823170185,-0.031011271954815678,-0.04582024455765976,-0.04582024455765979
2025-05-14,0.0,-3962426.3227575,3882463.0,-1979195.7833875017,-79963.32275750022,-1899232.4606300015,3962426.3227575,5876389.817967502,-0.015466431204797054,0.017403712682112882,0.02694942665980027,0.02694942665980016
2025-05-15,0.0,-3962426.3227575,3825647.0,-2036011.7833875017,-136779.32275750022,-1899232.4606300015,3962426.3227575,5876389.817967502,-0.015910420002018387,-0.009668521279218245,-0.014578694182498686,-0.014578694182498676
2025-05-16,0.0,-3962426.3227575,3863523.0,-1998135.7833875017,-98903.32275750022,-1899232.4606300015,3962426.3227575,5876389.817967502,-0.015614437889874709,0.006445453956133329,0.009862570731046016,0.009862570731045824
2025-05-19,0.0,-3962426.3227575,3749891.0,-2111767.7833875017,-212535.32275750022,-1899232.4606300015,3962426.3227575,5876389.817967502,-0.016502415484317374,-0.019337042558436435,-0.029299782579174538,-0.029299782579174417
2025-05-20,3806706.7536225,0.0,0.0,-2054952.0297650015,0.0,-2054952.0297650015,-0.0,5876389.817967502,-0.01605842861241373,0.009668479352540893,0.015092020686437557,0.015092020686437613
2025-05-21,0.0,0.0,0.0,-2054952.0297650015,0.0,-2054952.0297650015,-0.0,5876389.817967502,-0.01605842861241373,0.0,0.0,0.0
2025-05-22,0.0,0.0,0.0,-2054952.0297650015,0.0,-2054952.0297650015,-0.0,5876389.817967502,-0.01605842861241373,0.0,0.0,0.0
2025-05-23,0.0,0.0,0.0,-2054952.0297650015,0.0,-2054952.0297650015,-0.0,5876389.817967502,-0.01605842861241373,0.0,0.0,0.0
2025-05-26,0.0,0.0,0.0,-2054952.0297650015,0.0,-2054952.0297650015,-0.0,5876389.817967502,-0.01605842861241373,0.0,0.0,0.0
2025-05-27,0.0,0.0,0.0,-2054952.0297650015,0.0,-2054952.0297650015,-0.0,5876389.817967502,-0.01605842861241373,0.0,0.0,0.0
2025-05-28,-3938979.45852,-3938979.4585200003,3828561.0,-2165370.488285002,-110418.45852000033,-2054952.0297650015,3938979.4585200003,5993931.488285001,-0.01641599063763334,-0.011564123878917476,-0.017782652389521147,-0.02803225040464874
2025-05-29,0.0,-3938979.4585200003,3706186.0,-2287745.488285002,-232793.45852000033,-2054952.0297650015,3938979.4585200003,5993931.488285001,-0.01734373342583004,-0.020416482944321135,-0.03196370646830493,-0.03196370646830494
2025-06-02,3636257.64327,0.0,0.0,-2357673.8450150015,0.0,-2357673.8450150015,-0.0,5993931.488285001,-0.01787387053428114,-0.011666525863145538,-0.01886801059903631,-0.01886801059903622
2025-06-03,0.0,0.0,0.0,-2357673.8450150015,0.0,-2357673.8450150015,-0.0,5993931.488285001,-0.01787387053428114,0.0,0.0,0.0
2025-06-04,0.0,0.0,0.0,-2357673.8450150015,0.0,-2357673.8450150015,-0.0,5993931.488285001,-0.01787387053428114,0.0,0.0,0.0
2025-06-05,0.0,0.0,0.0,-2357673.8450150015,0.0,-2357673.8450150015,-0.0,5993931.488285001,-0.01787387053428114,0.0,0.0,0.0
2025-06-06,0.0,0.0,0.0,-2357673.8450150015,0.0,-2357673.8450150015,-0.0,5993931.488285001,-0.01787387053428114,0.0,0.0,0.0
2025-06-09,0.0,0.0,0.0,-2357673.8450150015,0.0,-2357673.8450150015,-0.0,5993931.488285001,-0.01787387053428114,0.0,0.0,0.0
2025-06-10,0.0,0.0,0.0,-2357673.8450150015,0.0,-2357673.8450150015,-0.0,5993931.488285001,-0.01787387053428114,0.0,0.0,0.0
2025-06-11,0.0,0.0,0.0,-2357673.8450150015,0.0,-2357673.8450150015,-0.0,5993931.488285001,-0.01787387053428114,0.0,0.0,0.0
2025-06-12,0.0,0.0,0.0,-2357673.8450150015,0.0,-2357673.8450150015,-0.0,5993931.488285001,-0.01787387053428114,0.0,0.0,0.0
2025-06-13,0.0,0.0,0.0,-2357673.8450150015,0.0,-2357673.8450150015,-0.0,5993931.488285001,-0.01787387053428114,0.0,0.0,0.0
2025-06-16,0.0,0.0,0.0,-2357673.8450150015,0.0,-2357673.8450150015,-0.0,5993931.488285001,-0.01787387053428114,0.0,0.0,0.0
2025-06-17,0.0,0.0,0.0,-2357673.8450150015,0.0,-2357673.8450150015,-0.0,5993931.488285001,-0.01787387053428114,0.0,0.0,0.0
2025-06-18,0.0,0.0,0.0,-2357673.8450150015,0.0,-2357673.8450150015,-0.0,5993931.488285001,-0.01787387053428114,0.0,0.0,0.0
2025-06-19,0.0,0.0,0.0,-2357673.8450150015,0.0,-2357673.8450150015,-0.0,5993931.488285001,-0.01787387053428114,0.0,0.0,0.0
2025-06-20,0.0,0.0,0.0,-2357673.8450150015,0.0,-2357673.8450150015,-0.0,5993931.488285001,-0.01787387053428114,0.0,0.0,0.0
2025-06-23,0.0,0.0,0.0,-2357673.8450150015,0.0,-2357673.8450150015,-0.0,5993931.488285001,-0.01787387053428114,0.0,0.0,0.0
2025-06-24,-3753364.9342,-3753364.9342,3681904.0,-2429134.7792150015,-71460.93420000002,-2357673.8450150015,3753364.9342,6111038.7792150015,-0.017906111358551968,-0.004156011157415762,-0.006850682373456873,-0.01903916497670146
2025-06-25,0.0,-3753364.9342,3764459.0,-2346579.7792150015,11094.065799999982,-2357673.8450150015,3753364.9342,6111038.7792150015,-0.01729756586496558,0.013509159896151868,0.02242182305676632,0.022421823056766283
2025-06-26,0.0,-3753364.9342,3764459.0,-2346579.7792150015,11094.065799999982,-2357673.8450150015,3753364.9342,6111038.7792150015,-0.01729756586496558,0.0,0.0,0.0
2025-06-27,0.0,-3753364.9342,3731439.0,-2379599.7792150015,-21925.934200000018,-2357673.8450150015,3753364.9342,6111038.7792150015,-0.017540969319610637,-0.005403336681859772,-0.0087715127193575,-0.00877151271935755
2025-06-30,0.0,-3753364.9342,3764459.0,-2346579.7792150015,11094.065799999982,-2357673.8450150015,3753364.9342,6111038.7792150015,-0.01729756586496558,0.005403336681859772,0.008849133002040155,0.008849133002040231
2025-07-01,3764459.229825,0.0,0.0,-2346579.5493900017,0.0,-2346579.5493900017,-0.0,6111038.7792150015,-0.01729756417083478,3.7608172354097746e-08,6.105126915123549e-08,6.105126920308879e-08
2025-07-02,0.0,0.0,0.0,-2346579.5493900017,0.0,-2346579.5493900017,-0.0,6111038.7792150015,-0.01729756417083478,0.0,0.0,0.0
2025-07-03,0.0,0.0,0.0,-2346579.5493900017,0.0,-2346579.5493900017,-0.0,6111038.7792150015,-0.01729756417083478,0.0,0.0,0.0
2025-07-04,0.0,0.0,0.0,-2346579.5493900017,0.0,-2346579.5493900017,-0.0,6111038.7792150015,-0.01729756417083478,0.0,0.0,0.0
2025-07-07,0.0,0.0,0.0,-2346579.5493900017,0.0,-2346579.5493900017,-0.0,6111038.7792150015,-0.01729756417083478,0.0,0.0,0.0
2025-07-08,0.0,0.0,0.0,-2346579.5493900017,0.0,-2346579.5493900017,-0.0,6111038.7792150015,-0.01729756417083478,0.0,0.0,0.0
2025-07-09,0.0,0.0,0.0,-2346579.5493900017,0.0,-2346579.5493900017,-0.0,6111038.7792150015,-0.01729756417083478,0.0,0.0,0.0
2025-07-10,-3802188.1082225,-3802188.1082225,3825700.0,-2323067.6576125016,23511.891777500045,-2346579.5493900017,3802188.1082225,6148767.657612502,-0.016657385050734805,0.006180004974687958,0.010032317459263806,0.006183779210358877
2025-07-11,0.0,-3802188.1082225,3779977.0,-2368790.6576125016,-22211.108222499955,-2346579.5493900017,3802188.1082225,6148767.657612502,-0.016985238445008093,-0.007436124203423544,-0.011951538280576157,-0.011951538280576103
2025-07-14,0.0,-3802188.1082225,3658041.0,-2490726.6576125016,-144147.10822249996,-2346579.5493900017,3802188.1082225,6148767.657612502,-0.01785957152647928,-0.019830965616181084,-0.03225839733945479,-0.03225839733945471
2025-07-15,0.0,-3802188.1082225,4023846.0,-2124921.6576125016,221657.89177750004,-2346579.5493900017,3802188.1082225,6148767.657612502,-0.015236593793344121,0.05949240894589891,0.1000002460333278,0.10000024603332767
2025-07-16,0.0,-3802188.1082225,4130539.0,-2018228.6576125016,328350.89177750004,-2346579.5493900017,3802188.1082225,6148767.657612502,-0.014471559517482966,0.017351932279943694,0.026515179755885132,0.026515179755885288
2025-07-17,4176264.890525,0.0,0.0,-1972502.7670875012,0.0,-1972502.7670875012,-0.0,6148767.657612502,-0.014143685396913668,0.007436594301687305,0.011070199440073258,0.011070199440073173
2025-07-18,-3991110.239175,-3991110.2391750007,3923544.0,-2040069.006262502,-67566.2391750007,-1972502.7670875012,3991110.2391750007,6148767.657612502,-0.014221182865182456,-0.010988582255397172,-0.016178628737916867,-0.01617862873791679
2025-07-21,0.0,-3991110.2391750007,3938296.0,-2025317.006262502,-52814.239175000694,-1972502.7670875012,3991110.2391750007,6148767.657612502,-0.014118347672361446,0.0023991799367693023,0.003590431241569103,0.003590431241569132
2025-07-22,0.0,-3991110.2391750007,3790793.0,-2172820.0062625017,-200317.2391750007,-1972502.767087501,3991110.2391750007,6148767.657612502,-0.015146581094722989,-0.023989034586041513,-0.03577173888372054,-0.03577173888372059
2025-07-23,3835044.5017500003,0.0,0.0,-2128568.5045125014,0.0,-2128568.5045125014,-0.0,6148767.657612502,-0.014838106873256032,0.0071968082409513134,0.011129799894366244,0.011129799894366079
2025-07-24,0.0,0.0,0.0,-2128568.5045125014,0.0,-2128568.5045125014,-0.0,6148767.657612502,-0.014838106873256032,0.0,0.0,0.0
2025-07-25,0.0,0.0,0.0,-2128568.5045125014,0.0,-2128568.5045125014,-0.0,6148767.657612502,-0.014838106873256032,0.0,0.0,0.0
2025-07-28,0.0,0.0,0.0,-2128568.5045125014,0.0,-2128568.5045125014,-0.0,6148767.657612502,-0.014838106873256032,0.0,0.0,0.0
2025-07-29,0.0,0.0,0.0,-2128568.5045125014,0.0,-2128568.5045125014,-0.0,6148767.657612502,-0.014838106873256032,0.0,0.0,0.0
2025-07-30,-3932750.19445,-3932750.19445,3909776.0,-2151542.6989625013,-22974.194449999835,-2128568.5045125014,3932750.19445,6148767.657612502,-0.014598053729165474,-0.0037363900751001267,-0.005714690634737507,-0.005714690634737409
2025-07-31,0.0,-3932750.19445,3785875.0,-2275443.6989625013,-146875.19444999984,-2128568.5045125014,3932750.19445,6148767.657612502,-0.015438712599644555,-0.020150541848268422,-0.030996754318737496,-0.03099675431873757
2025-08-01,3675742.546,0.0,0.0,-2385576.152962501,0.0,-2385576.152962501,-0.0,6148767.657612502,-0.016185952931705872,-0.017911305180583592,-0.02843357673557101,-0.028433576735570867
2025-08-04,-3780426.2416900005,-3780426.2416900005,3717041.0,-2448961.3946525017,-63385.24169000052,-2385576.152962501,3780426.2416900005,6166002.394652502,-0.016200476305392928,-0.009195353565472575,-0.015024505804136057,-0.016766691806071266
2025-08-05,3758342.2179100006,0.0,0.0,-2407660.176742501,0.0,-2407660.176742501,-0.0,6166002.394652502,-0.015927258686039735,0.006698216326646134,0.011111316208242128,0.011111316208242144
2025-08-06,0.0,0.0,0.0,-2407660.176742501,0.0,-2407660.176742501,-0.0,6166002.394652502,-0.015927258686039735,0.0,0.0,0.0
2025-08-07,0.0,0.0,0.0,-2407660.176742501,0.0,-2407660.176742501,-0.0,6166002.394652502,-0.015927258686039735,0.0,0.0,0.0
2025-08-08,0.0,0.0,0.0,-2407660.176742501,0.0,-2407660.176742501,-0.0,6166002.394652502,-0.015927258686039735,0.0,0.0,0.0
2025-08-11,0.0,0.0,0.0,-2407660.176742501,0.0,-2407660.176742501,-0.0,6166002.394652502,-0.015927258686039735,0.0,0.0,0.0
2025-08-12,-3664699.1652699993,-3664699.1652699993,3541022.0,-2531337.3420125004,-123677.1652699993,-2407660.176742501,3664699.1652699993,6166002.394652502,-0.01634906488450667,-0.020057917164816363,-0.03290737194729865,-0.03290737194729853
2025-08-13,3592158.051299999,0.0,0.0,-2480201.2907125014,0.0,-2480201.2907125014,-0.0,6166002.394652502,-0.016018794158923932,0.008293225987772379,0.014068985878865625,0.014068985878865747
2025-08-14,0.0,0.0,0.0,-2480201.2907125014,0.0,-2480201.2907125014,-0.0,6166002.394652502,-0.016018794158923932,0.0,0.0,0.0
2025-08-15,0.0,0.0,0.0,-2480201.2907125014,0.0,-2480201.2907125014,-0.0,6166002.394652502,-0.016018794158923932,0.0,0.0,0.0
2025-08-18,0.0,0.0,0.0,-2480201.2907125014,0.0,-2480201.2907125014,-0.0,6166002.394652502,-0.016018794158923932,0.0,0.0,0.0
2025-08-19,0.0,0.0,0.0,-2480201.2907125014,0.0,-2480201.2907125014,-0.0,6166002.394652502,-0.016018794158923932,0.0,0.0,0.0
2025-08-20,0.0,0.0,0.0,-2480201.2907125014,0.0,-2480201.2907125014,-0.0,6166002.394652502,-0.016018794158923932,0.0,0.0,0.0
2025-08-21,0.0,0.0,0.0,-2480201.2907125014,0.0,-2480201.2907125014,-0.0,6166002.394652502,-0.016018794158923932,0.0,0.0,0.0
2025-08-22,0.0,0.0,0.0,-2480201.2907125014,0.0,-2480201.2907125014,-0.0,6166002.394652502,-0.016018794158923932,0.0,0.0,0.0
2025-08-25,0.0,0.0,0.0,-2480201.2907125014,0.0,-2480201.2907125014,-0.0,6166002.394652502,-0.016018794158923932,0.0,0.0,0.0
2025-08-26,0.0,0.0,0.0,-2480201.2907125014,0.0,-2480201.2907125014,-0.0,6166002.394652502,-0.016018794158923932,0.0,0.0,0.0
2025-08-27,0.0,0.0,0.0,-2480201.2907125014,0.0,-2480201.2907125014,-0.0,6166002.394652502,-0.016018794158923932,0.0,0.0,0.0
2025-08-28,-3746300.8822500003,-3746300.8822500007,3687543.0,-2538959.172962502,-58757.88225000072,-2480201.2907125014,3746300.8822500007,6226502.172962502,-0.016010890488496358,-0.0055283951446923885,-0.009248490827223121,-0.01568424002684781
2025-08-29,0.0,-3746300.8822500007,3552331.0,-2674171.172962502,-193969.88225000072,-2480201.2907125014,3746300.8822500007,6226502.172962502,-0.016863548754050335,-0.02171556296681859,-0.03666723343971867,-0.03666723343971854
2025-09-01,0.0,-3746300.8822500007,3306496.0,-2920006.172962502,-439804.8822500007,-2480201.2907125014,3746300.8822500007,6226502.172962502,-0.0184138049791817,-0.03948203873877948,-0.0692038551587677,-0.06920385515876759
2025-09-02,3318786.5965625,0.0,0.0,-2907715.5764000015,0.0,-2907715.5764000015,-0.0,6226502.172962502,-0.0183362994415992,0.001973916690476807,0.0037171061336536138,0.003717106133653444
2025-09-03,0.0,0.0,0.0,-2907715.5764000015,0.0,-2907715.5764000015,-0.0,6226502.172962502,-0.0183362994415992,0.0,0.0,0.0
2025-09-04,0.0,0.0,0.0,-2907715.5764000015,0.0,-2907715.5764000015,-0.0,6226502.172962502,-0.0183362994415992,0.0,0.0,0.0
2025-09-05,0.0,0.0,0.0,-2907715.5764000015,0.0,-2907715.5764000015,-0.0,6226502.172962502,-0.0183362994415992,0.0,0.0,0.0
2025-09-08,0.0,0.0,0.0,-2907715.5764000015,0.0,-2907715.5764000015,-0.0,6226502.172962502,-0.0183362994415992,0.0,0.0,0.0
2025-09-09,0.0,0.0,0.0,-2907715.5764000015,0.0,-2907715.5764000015,-0.0,6226502.172962502,-0.0183362994415992,0.0,0.0,0.0
2025-09-10,0.0,0.0,0.0,-2907715.5764000015,0.0,-2907715.5764000015,-0.0,6226502.172962502,-0.0183362994415992,0.0,0.0,0.0
2025-09-11,0.0,0.0,0.0,-2907715.5764000015,0.0,-2907715.5764000015,-0.0,6226502.172962502,-0.0183362994415992,0.0,0.0,0.0
2025-09-12,0.0,0.0,0.0,-2907715.5764000015,0.0,-2907715.5764000015,-0.0,6226502.172962502,-0.0183362994415992,0.0,0.0,0.0
2025-09-15,0.0,0.0,0.0,-2907715.5764000015,0.0,-2907715.5764000015,-0.0,6226502.172962502,-0.0183362994415992,0.0,0.0,0.0
2025-09-16,-3418408.3001999995,-3418408.3002,3587241.0,-2738882.8766000015,168832.69980000006,-2907715.5764000015,3418408.3002,6326123.876600001,-0.016907162385801013,0.034042182007237964,0.06386783665451645,0.049389272717984635
2025-09-17,0.0,-3418408.3002,3481040.0,-2845083.8766000015,62631.69980000006,-2907715.5764000015,3418408.3002,6326123.876600001,-0.017562742647328454,-0.016787688965881953,-0.029605203553371484,-0.029605203553371522
2025-09-18,3540040.8947399994,0.0,0.0,-2786082.9818600016,0.0,-2786082.9818600016,-0.0,6326123.876600001,-0.01719852929713399,0.009326547486406545,0.01694921481511269,0.0169492148151127
2025-09-19,0.0,0.0,0.0,-2786082.9818600016,0.0,-2786082.9818600016,-0.0,6326123.876600001,-0.01719852929713399,0.0,0.0,0.0
2025-09-22,-3459950.814045,-3459950.814045,3428921.0,-2817112.7959050015,-31029.81404499989,-2786082.9818600016,3459950.814045,6326123.876600001,-0.01702642094424722,-0.0049050278891593635,-0.008765382934164956,-0.008765382934164916
2025-09-23,0.0,-3459950.814045,3439739.0,-2806294.7959050015,-20211.81404499989,-2786082.9818600016,3459950.814045,6326123.876600001,-0.01696103775403822,0.0017100518755276406,0.0030829198743531627,0.003082919874353139
2025-09-24,3450554.4323250004,0.0,0.0,-2795479.363580001,0.0,-2795479.363580001,-0.0,6326123.876600001,-0.016895670082666608,0.0017096459911267181,0.003072715202087295,0.0030727152020872768
2025-09-25,-3560346.4742850005,-3560346.4742850005,3550858.0,-2804967.8378650015,-9488.47428500047,-2795479.363580001,3560346.4742850005,6355825.8378650015,-0.016595899352166307,0.0005721772757795729,0.0010252134738029106,-0.002665042392231215
2025-09-26,0.0,-3560346.4742850005,3369920.0,-2985905.8378650015,-190426.47428500047,-2795479.363580001,3560346.4742850005,6355825.8378650015,-0.017666438841584434,-0.028468055075086707,-0.050956135108754075,-0.050956135108754
2025-09-30,3449079.4879625,0.0,0.0,-2906746.3499025013,0.0,-2906746.3499025013,-0.0,6355825.8378650015,-0.0171980830632185,0.012454634532448217,0.02349001992999855,0.023490019929998395
2025-10-01,0.0,0.0,0.0,-2906746.3499025013,0.0,-2906746.3499025013,-0.0,6355825.8378650015,-0.0171980830632185,0.0,0.0,0.0
2025-10-02,0.0,0.0,0.0,-2906746.3499025013,0.0,-2906746.3499025013,-0.0,6355825.8378650015,-0.0171980830632185,0.0,0.0,0.0
2025-10-03,0.0,0.0,0.0,-2906746.3499025013,0.0,-2906746.3499025013,-0.0,6355825.8378650015,-0.0171980830632185,0.0,0.0,0.0
2025-10-07,0.0,0.0,0.0,-2906746.3499025013,0.0,-2906746.3499025013,-0.0,6355825.8378650015,-0.0171980830632185,0.0,0.0,0.0
2025-10-08,0.0,0.0,0.0,-2906746.3499025013,0.0,-2906746.3499025013,-0.0,6355825.8378650015,-0.0171980830632185,0.0,0.0,0.0
2025-10-09,0.0,0.0,0.0,-2906746.3499025013,0.0,-2906746.3499025013,-0.0,6355825.8378650015,-0.0171980830632185,0.0,0.0,0.0
2025-10-13,0.0,0.0,0.0,-2906746.3499025013,0.0,-2906746.3499025013,-0.0,6355825.8378650015,-0.0171980830632185,0.0,0.0,0.0
2025-10-14,0.0,0.0,0.0,-2906746.3499025013,0.0,-2906746.3499025013,-0.0,6355825.8378650015,-0.0171980830632185,0.0,0.0,0.0
2025-10-15,0.0,0.0,0.0,-2906746.3499025013,0.0,-2906746.3499025013,-0.0,6355825.8378650015,-0.0171980830632185,0.0,0.0,0.0
2025-10-16,0.0,0.0,0.0,-2906746.3499025013,0.0,-2906746.3499025013,-0.0,6355825.8378650015,-0.0171980830632185,0.0,0.0,0.0
2025-10-17,0.0,0.0,0.0,-2906746.3499025013,0.0,-2906746.3499025013,-0.0,6355825.8378650015,-0.0171980830632185,0.0,0.0,0.0
2025-10-20,0.0,0.0,0.0,-2906746.3499025013,0.0,-2906746.3499025013,-0.0,6355825.8378650015,-0.0171980830632185,0.0,0.0,0.0
2025-10-21,0.0,0.0,0.0,-2906746.3499025013,0.0,-2906746.3499025013,-0.0,6355825.8378650015,-0.0171980830632185,0.0,0.0,0.0
2025-10-22,0.0,0.0,0.0,-2906746.3499025013,0.0,-2906746.3499025013,-0.0,6355825.8378650015,-0.0171980830632185,0.0,0.0,0.0
2025-10-23,0.0,0.0,0.0,-2906746.3499025013,0.0,-2906746.3499025013,-0.0,6355825.8378650015,-0.0171980830632185,0.0,0.0,0.0
2025-10-27,0.0,0.0,0.0,-2906746.3499025013,0.0,-2906746.3499025013,-0.0,6355825.8378650015,-0.0171980830632185,0.0,0.0,0.0
2025-10-28,0.0,0.0,0.0,-2906746.3499025013,0.0,-2906746.3499025013,-0.0,6355825.8378650015,-0.0171980830632185,0.0,0.0,0.0
2025-10-29,0.0,0.0,0.0,-2906746.3499025013,0.0,-2906746.3499025013,-0.0,6355825.8378650015,-0.0171980830632185,0.0,0.0,0.0
2025-10-30,0.0,0.0,0.0,-2906746.3499025013,0.0,-2906746.3499025013,-0.0,6355825.8378650015,-0.0171980830632185,0.0,0.0,0.0
2025-10-31,0.0,0.0,0.0,-2906746.3499025013,0.0,-2906746.3499025013,-0.0,6355825.8378650015,-0.0171980830632185,0.0,0.0,0.0
2025-11-03,0.0,0.0,0.0,-2906746.3499025013,0.0,-2906746.3499025013,-0.0,6355825.8378650015,-0.0171980830632185,0.0,0.0,0.0
2025-11-04,-3501494.5296,-3501494.5296,3313871.0,-3094369.8795025013,-187623.5296,-2906746.3499025013,3501494.5296,6408240.879502501,-0.01793658639443851,-0.025537781821475314,-0.04706000372249375,-0.053583841989161565
2025-11-05,3215536.0111,0.0,0.0,-3192704.8684025016,0.0,-3192704.8684025016,-0.0,6408240.879502501,-0.018506587426210634,-0.015345083112361768,-0.02967375281053486,-0.02967375281053494
2025-11-06,0.0,0.0,0.0,-3192704.8684025016,0.0,-3192704.8684025016,-0.0,6408240.879502501,-0.018506587426210634,0.0,0.0,0.0
2025-11-07,0.0,0.0,0.0,-3192704.8684025016,0.0,-3192704.8684025016,-0.0,6408240.879502501,-0.018506587426210634,0.0,0.0,0.0
2025-11-10,0.0,0.0,0.0,-3192704.8684025016,0.0,-3192704.8684025016,-0.0,6408240.879502501,-0.018506587426210634,0.0,0.0,0.0
2025-11-11,0.0,0.0,0.0,-3192704.8684025016,0.0,-3192704.8684025016,-0.0,6408240.879502501,-0.018506587426210634,0.0,0.0,0.0
2025-11-12,0.0,0.0,0.0,-3192704.8684025016,0.0,-3192704.8684025016,-0.0,6408240.879502501,-0.018506587426210634,0.0,0.0,0.0
2025-11-13,0.0,0.0,0.0,-3192704.8684025016,0.0,-3192704.8684025016,-0.0,6408240.879502501,-0.018506587426210634,0.0,0.0,0.0
2025-11-14,-3275429.1448275,-3275429.1448275,3237417.0,-3230717.0132300016,-38012.144827499986,-3192704.8684025016,3275429.1448275,6468134.013230002,-0.01837799915972512,-0.0012634665470743212,-0.0025179621527783302,-0.011605241068190436
2025-11-17,0.0,-3275429.1448275,3161910.0,-3306224.0132300016,-113519.14482749999,-3192704.8684025016,3275429.1448275,6468134.013230002,-0.0188075222584276,-0.011673691337495018,-0.023323223421635286,-0.02332322342163521
2025-11-18,3161910.3593,0.0,0.0,-3306223.6539300014,0.0,-3306223.6539300014,-0.0,6468134.013230002,-0.01880752021454227,5.5549251087860796e-08,1.136338481089183e-07,1.1363384793602757e-07
2025-11-19,0.0,0.0,0.0,-3306223.6539300014,0.0,-3306223.6539300014,-0.0,6468134.013230002,-0.01880752021454227,0.0,0.0,0.0
2025-11-20,0.0,0.0,0.0,-3306223.6539300014,0.0,-3306223.6539300014,-0.0,6468134.013230002,-0.01880752021454227,0.0,0.0,0.0
2025-11-21,0.0,0.0,0.0,-3306223.6539300014,0.0,-3306223.6539300014,-0.0,6468134.013230002,-0.01880752021454227,0.0,0.0,0.0
2025-11-24,0.0,0.0,0.0,-3306223.6539300014,0.0,-3306223.6539300014,-0.0,6468134.013230002,-0.01880752021454227,0.0,0.0,0.0
2025-11-25,0.0,0.0,0.0,-3306223.6539300014,0.0,-3306223.6539300014,-0.0,6468134.013230002,-0.01880752021454227,0.0,0.0,0.0
2025-11-26,0.0,0.0,0.0,-3306223.6539300014,0.0,-3306223.6539300014,-0.0,6468134.013230002,-0.01880752021454227,0.0,0.0,0.0
2025-11-27,-3219963.3184949993,-3219963.318495,3344222.0,-3181964.972425001,124258.68150500022,-3306223.6539300014,3219963.318495,6526186.972425001,-0.01777508896675233,0.02358694041559567,0.048250416436194765,0.03859009225082674
2025-11-28,0.0,-3219963.318495,3335280.0,-3190906.972425001,115316.68150500022,-3306223.6539300014,3219963.318495,6526186.972425001,-0.017825040756579723,-0.0013701722058810928,-0.002673865550791521,-0.002673865550791784
2025-12-01,0.0,-3219963.318495,3523058.0,-3003128.972425001,303094.6815050002,-3306223.6539300014,3219963.318495,6526186.972425001,-0.016776075514999746,0.028773003408179343,0.05630052049603007,0.05630052049603033
2025-12-02,0.0,-3219963.318495,3505174.0,-3021012.972425001,285210.6815050002,-3306223.6539300014,3219963.318495,6526186.972425001,-0.01687597909465453,-0.0027403444117621856,-0.005076271807049504,-0.005076271807049445
2025-12-03,0.0,-3219963.318495,3514116.0,-3012070.972425001,294152.6815050002,-3306223.6539300014,3219963.318495,6526186.972425001,-0.016826027304827136,0.0013701722058810928,0.0025510859090021043,0.00255108590900195
2025-12-04,3523058.37639,0.0,0.0,-3003128.596035001,0.0,-3003128.596035001,-0.0,6526186.972425001,-0.01677607341241037,0.0013702298796808288,0.002544701538025329,0.002544701538025592
2025-12-05,-3440325.1873225,-3440325.1873225,3631353.0,-2812100.783357501,191027.81267749984,-3003128.596035001,3440325.1873225,6526186.972425001,-0.015412746657878907,0.0292709684053869,0.05422215367127747,0.05422215367127746
2025-12-08,0.0,-3440325.1873225,3724248.0,-2719205.783357501,283922.81267749984,-3003128.596035001,3440325.1873225,6526186.972425001,-0.014903601641008563,0.014234192246178001,0.02501153588558047,0.025011535885580315
2025-12-09,0.0,-3440325.1873225,3817143.0,-2626310.783357501,376817.81267749984,-3003128.596035001,3440325.1873225,6526186.972425001,-0.01439445662413822,0.014234192246178057,0.02440122380083376,0.024401223800833687
2025-12-10,0.0,-3440325.1873225,3842477.0,-2600976.783357501,402151.81267749984,-3003128.596035001,3440325.1873225,6526186.972425001,-0.014255604373130165,0.003881899201944927,0.006496103663756969,0.006496103663756981
2025-12-11,0.0,-3440325.1873225,3800253.0,-2643200.783357501,359927.81267749984,-3003128.596035001,3440325.1873225,6526186.972425001,-0.014487028445387374,-0.006469934155795498,-0.01075713094743358,-0.010757130947433679
2025-12-12,3850922.8278675,0.0,0.0,-2592530.955490001,0.0,-2592530.955490001,-0.0,6526186.972425001,-0.014209313925075025,0.0077640784858898915,0.01304919085474987,0.01304919085474996
2025-12-15,0.0,0.0,0.0,-2592530.955490001,0.0,-2592530.955490001,-0.0,6526186.972425001,-0.014209313925075025,0.0,0.0,0.0
2025-12-16,0.0,0.0,0.0,-2592530.955490001,0.0,-2592530.955490001,-0.0,6526186.972425001,-0.014209313925075025,0.0,0.0,0.0
2025-12-17,0.0,0.0,0.0,-2592530.955490001,0.0,-2592530.955490001,-0.0,6526186.972425001,-0.014209313925075025,0.0,0.0,0.0
2025-12-18,0.0,0.0,0.0,-2592530.955490001,0.0,-2592530.955490001,-0.0,6526186.972425001,-0.014209313925075025,0.0,0.0,0.0
2025-12-19,0.0,0.0,0.0,-2592530.955490001,0.0,-2592530.955490001,-0.0,6526186.972425001,-0.014209313925075025,0.0,0.0,0.0
2025-12-22,0.0,0.0,0.0,-2592530.955490001,0.0,-2592530.955490001,-0.0,6526186.972425001,-0.014209313925075025,0.0,0.0,0.0
2025-12-23,0.0,0.0,0.0,-2592530.955490001,0.0,-2592530.955490001,-0.0,6526186.972425001,-0.014209313925075025,0.0,0.0,0.0
2025-12-24,0.0,0.0,0.0,-2592530.955490001,0.0,-2592530.955490001,-0.0,6526186.972425001,-0.014209313925075025,0.0,0.0,0.0
2025-12-26,0.0,0.0,0.0,-2592530.955490001,0.0,-2592530.955490001,-0.0,6526186.972425001,-0.014209313925075025,0.0,0.0,0.0
2025-12-29,0.0,0.0,0.0,-2592530.955490001,0.0,-2592530.955490001,-0.0,6526186.972425001,-0.014209313925075025,0.0,0.0,0.0
2025-12-30,0.0,0.0,0.0,-2592530.955490001,0.0,-2592530.955490001,-0.0,6526186.972425001,-0.014209313925075025,0.0,0.0,0.0
2025-12-31,0.0,0.0,0.0,-2592530.955490001,0.0,-2592530.955490001,-0.0,6526186.972425001,-0.014209313925075025,0.0,0.0,0.0
2026-01-02,0.0,0.0,0.0,-2592530.955490001,0.0,-2592530.955490001,-0.0,6526186.972425001,-0.014209313925075025,0.0,0.0,0.0
2026-01-05,0.0,0.0,0.0,-2592530.955490001,0.0,-2592530.955490001,-0.0,6526186.972425001,-0.014209313925075025,0.0,0.0,0.0
2026-01-06,0.0,0.0,0.0,-2592530.955490001,0.0,-2592530.955490001,-0.0,6526186.972425001,-0.014209313925075025,0.0,0.0,0.0
2026-01-07,0.0,0.0,0.0,-2592530.955490001,0.0,-2592530.955490001,-0.0,6526186.972425001,-0.014209313925075025,0.0,0.0,0.0
2026-01-08,0.0,0.0,0.0,-2592530.955490001,0.0,-2592530.955490001,-0.0,6526186.972425001,-0.014209313925075025,0.0,0.0,0.0
2026-01-09,0.0,0.0,0.0,-2592530.955490001,0.0,-2592530.955490001,-0.0,6526186.972425001,-0.014209313925075025,0.0,0.0,0.0
2026-01-12,0.0,0.0,0.0,-2592530.955490001,0.0,-2592530.955490001,-0.0,6526186.972425001,-0.014209313925075025,0.0,0.0,0.0
2026-01-13,-3695163.6153375,-3695163.6153374994,3785350.0,-2502344.5708275004,90186.38466250058,-2592530.955490001,3695163.6153374994,6526186.972425001,-0.0134427622946445,0.013819154284663293,0.022926860984853414,0.022926860984853328
2026-01-14,0.0,-3695163.6153374994,3725738.0,-2561956.5708275004,30574.384662500583,-2592530.955490001,3695163.6153374994,6526186.972425001,-0.013763001943192722,-0.00913427706743275,-0.014814695519967058,-0.014814695519967063
2026-01-15,0.0,-3695163.6153374994,3718286.0,-2569408.5708275004,23122.384662500583,-2592530.955490001,3695163.6153374994,6526186.972425001,-0.01380303458529467,-0.0011418612478445445,-0.0018798100123034178,-0.0018798100123032715
2026-01-16,0.0,-3695163.6153374994,4083409.0,-2204285.5708275004,388245.3846625006,-2592530.955490001,3695163.6153374994,6526186.972425001,-0.011841569423970237,0.05594737042361009,0.09227784903308889,0.09227784903308867
2026-01-19,0.0,-3695163.6153374994,4485788.0,-1801906.5708275004,790624.3846625006,-2592530.955490001,3695163.6153374994,6526186.972425001,-0.009679962540403427,0.06165606374750926,0.09310230905574768,0.09310230905574779
2026-01-20,4426177.11375,0.0,0.0,-1861517.4570775009,0.0,-1861517.4570775009,-0.0,6526186.972425001,-0.010000196205812205,-0.009134106408822396,-0.012617982249708004,-0.01261798224970796
2026-01-21,-4059932.4713024995,-4059932.4713024995,4146002.0,-1775447.9283800004,86069.52869750047,-1861517.4570775009,4059932.4713024995,6526186.972425001,-0.00933424297155742,0.013188333258174867,0.0184513669005526,0.01845136690055279
2026-01-22,0.0,-4059932.4713024995,4223496.0,-1697953.9283800004,163563.52869750047,-1861517.4570775009,4059932.4713024995,6526186.972425001,-0.008926825883579017,0.011874315021533133,0.01631198836255554,0.01631198836255548
2026-01-23,0.0,-4059932.4713024995,4378487.0,-1542962.9283800004,318554.5286975005,-1861517.4570775009,4059932.4713024995,6526186.972425001,-0.008111975935417083,0.02374908972955897,0.03210097743545348,0.0321009774354536
2026-01-26,0.0,-4059932.4713024995,4300992.0,-1620457.9283800004,241059.52869750047,-1861517.4570775009,4059932.4713024995,6526186.972425001,-0.008519398280797195,-0.011874468250364034,-0.015551177172659303,-0.015551177172659386
2026-01-27,0.0,-4059932.4713024995,4572226.0,-1349223.9283800004,512293.5286975005,-1861517.4570775009,4059932.4713024995,6526186.972425001,-0.0070934121858642375,0.041560868719520444,0.055289233784578284,0.05528923378457833
2026-01-28,4604514.563057499,0.0,0.0,-1316935.365322501,0.0,-1316935.365322501,-0.0,6526186.972425001,-0.0069236582392891025,0.004947538768645121,0.006236969973088868,0.00623696997308888
2026-01-29,-4012462.9234525,-4012462.9234525003,3764982.0,-1564416.2887750012,-247480.92345250025,-1316935.365322501,4012462.9234525003,6526186.972425001,-0.008054846832549815,-0.0379212125699398,-0.04750796124247014,-0.047507961242470025
2026-01-30,0.0,-4012462.9234525003,4136563.0,-1192835.2887750012,124100.07654749975,-1316935.365322501,4012462.9234525003,6526186.972425001,-0.006141655271990605,0.05693692221354302,0.07488878944454891,0.07488878944454884
2026-02-02,0.0,-4012462.9234525003,3989023.0,-1340375.2887750012,-23439.923452500254,-1316935.365322501,4012462.9234525003,6526186.972425001,-0.006901307360888869,-0.0226073817105453,-0.027663654818095185,-0.027663654818095112
2026-02-03,0.0,-4012462.9234525003,4207600.0,-1121798.2887750012,195137.07654749975,-1316935.365322501,4012462.9234525003,6526186.972425001,-0.0057759008634297665,0.0334922981709764,0.04214904306863598,0.04214904306863607
2026-02-04,0.0,-4012462.9234525003,4240386.0,-1089012.2887750012,227923.07654749975,-1316935.365322501,4012462.9234525003,6526186.972425001,-0.005607092720643956,0.005023760449789472,0.006066551078975468,0.0060665510789755205
2026-02-05,4158420.7020125,0.0,0.0,-1170977.5867625007,0.0,-1170977.5867625007,-0.0,6526186.972425001,-0.0060291146118827575,-0.012559446784749823,-0.015074979701125923,-0.015074979701125922
2026-02-06,-4365240.3158975,-4365240.3158975,4391402.0,-1144815.9026600008,26161.684102499858,-1170977.5867625007,4365240.3158975,6526186.972425001,-0.005764844774783359,0.004008724269323,0.004885277534159904,0.0048852775341600135
2026-02-09,4585140.97223,0.0,0.0,-951076.9304300009,0.0,-951076.9304300009,-0.0,6526186.972425001,-0.0047892511451552815,0.029686396213991773,0.03600178648123986,0.036001786481239695
2026-02-10,0.0,0.0,0.0,-951076.9304300009,0.0,-951076.9304300009,-0.0,6526186.972425001,-0.0047892511451552815,0.0,0.0,0.0
2026-02-11,0.0,0.0,0.0,-951076.9304300009,0.0,-951076.9304300009,-0.0,6526186.972425001,-0.0047892511451552815,0.0,0.0,0.0
2026-02-23,0.0,0.0,0.0,-951076.9304300009,0.0,-951076.9304300009,-0.0,6526186.972425001,-0.0047892511451552815,0.0,0.0,0.0
2026-02-24,-4512646.17034,-4512646.17034,4874258.0,-589465.1007700006,361611.8296600003,-951076.9304300009,4512646.17034,6526186.972425001,-0.0029023624636584193,0.05540935789733169,0.06486182818565522,0.06486182818565514
2026-02-25,0.0,-4512646.17034,5010869.0,-452854.1007700006,498222.8296600003,-951076.9304300009,4512646.17034,6526186.972425001,-0.0022297278360868954,0.02093274381767185,0.023011184110249827,0.0230111841102498
2026-02-26,0.0,-4512646.17034,5262232.0,-201491.1007700006,749585.8296600003,-951076.9304300009,4512646.17034,6526186.972425001,-0.0009920862267709467,0.03851605862076589,0.041387983387695115,0.04138798338769514
2026-03-02,0.0,-4512646.17034,5256767.0,-206956.1007700006,744120.8296600003,-951076.9304300009,4512646.17034,6526186.972425001,-0.0010189943691582975,-0.0008373955608521784,-0.000864073168243884,-0.0008640731682438919
2026-03-03,0.0,-4512646.17034,5060049.0,-403674.1007700006,547402.8296600003,-951076.9304300009,4512646.17034,6526186.972425001,-0.001987579173212254,-0.030142869156398612,-0.031130054273278862,-0.03113005427327895
2026-03-04,4808685.192465,0.0,0.0,-655037.9083050005,0.0,-655037.9083050005,-0.0,6526186.972425001,-0.0032252247586062924,-0.03851618235840984,-0.041055660119347914,-0.041055660119347824
2026-03-05,0.0,0.0,0.0,-655037.9083050005,0.0,-655037.9083050005,-0.0,6526186.972425001,-0.0032252247586062924,0.0,0.0,0.0
2026-03-06,0.0,0.0,0.0,-655037.9083050005,0.0,-655037.9083050005,-0.0,6526186.972425001,-0.0032252247586062924,0.0,0.0,0.0
2026-03-09,0.0,0.0,0.0,-655037.9083050005,0.0,-655037.9083050005,-0.0,6526186.972425001,-0.0032252247586062924,0.0,0.0,0.0
2026-03-10,0.0,0.0,0.0,-655037.9083050005,0.0,-655037.9083050005,-0.0,6526186.972425001,-0.0032252247586062924,0.0,0.0,0.0
2026-03-11,0.0,0.0,0.0,-655037.9083050005,0.0,-655037.9083050005,-0.0,6526186.972425001,-0.0032252247586062924,0.0,0.0,0.0
2026-03-12,-4662051.9706500005,-4662051.9706500005,4768945.0,-548144.878955001,106893.0293499995,-655037.9083050005,4662051.9706500005,6526186.972425001,-0.002638350749826719,0.016379093918340526,0.01820649215044612,0.018206492150446056
2026-03-13,0.0,-4662051.9706500005,5047133.0,-269956.878955001,385081.0293499995,-655037.9083050005,4662051.9706500005,6526186.972425001,-0.001299366210206404,0.04262642200957827,0.046534968414470246,0.04653496841447024
2026-03-16,0.0,-4662051.9706500005,5454481.0,137391.121044999,792429.0293499995,-655037.9083050005,4662051.9706500005,6526186.972425001,0.0006612959112555428,0.06241745780823647,0.06511077660413656,0.06511077660413632
2026-03-17,0.0,-4662051.9706500005,5394869.0,77779.12104499899,732817.0293499995,-655037.9083050005,4662051.9706500005,6526186.972425001,0.0003743692775551452,-0.009134277067432743,-0.008945944530674432,-0.008945944530674446
2026-03-18,0.0,-4662051.9706500005,5762475.0,445385.121044999,1100423.0293499995,-655037.9083050005,4662051.9706500005,6526186.972425001,0.002143743767726057,0.05632783761072738,0.055664428738283256,0.055664428738283304
2026-03-19,5603509.263625001,0.0,0.0,286419.38466999924,0.0,286419.38466999924,-0.0,6526186.972425001,0.0013786041379236086,-0.024358133937423997,-0.022801992756253164,-0.022801992756253178
2026-03-20,-4613082.68872,-4613082.68872,4403325.0,76661.69594999927,-209757.68871999998,286419.38466999924,4613082.68872,6526186.972425001,0.00036097579204169566,-0.032140925414225176,-0.030789638755738258,-0.0307896387557381
2026-03-23,0.0,-4613082.68872,3966172.0,-360491.30405000073,-646910.68872,286419.38466999924,4613082.68872,6526186.972425001,-0.001697440063007033,-0.06698444311312195,-0.06620672711973352,-0.06620672711973359
2026-03-24,4053603.0814999994,0.0,0.0,-273060.22255000076,0.0,-273060.22255000076,-0.0,6526186.972425001,-0.0012857546247653704,0.013396962402306464,0.014180246026162191,0.01418024602616218
2026-03-25,0.0,0.0,0.0,-273060.22255000076,0.0,-273060.22255000076,-0.0,6526186.972425001,-0.0012857546247653704,0.0,0.0,0.0
2026-03-26,0.0,0.0,0.0,-273060.22255000076,0.0,-273060.22255000076,-0.0,6526186.972425001,-0.0012857546247653704,0.0,0.0,0.0
2026-03-27,0.0,0.0,0.0,-273060.22255000076,0.0,-273060.22255000076,-0.0,6526186.972425001,-0.0012857546247653704,0.0,0.0,0.0
2026-03-30,0.0,0.0,0.0,-273060.22255000076,0.0,-273060.22255000076,-0.0,6526186.972425001,-0.0012857546247653704,0.0,0.0,0.0
2026-03-31,0.0,0.0,0.0,-273060.22255000076,0.0,-273060.22255000076,-0.0,6526186.972425001,-0.0012857546247653704,0.0,0.0,0.0
2026-04-01,0.0,0.0,0.0,-273060.22255000076,0.0,-273060.22255000076,-0.0,6526186.972425001,-0.0012857546247653704,0.0,0.0,0.0
2026-04-02,0.0,0.0,0.0,-273060.22255000076,0.0,-273060.22255000076,-0.0,6526186.972425001,-0.0012857546247653704,0.0,0.0,0.0
2026-04-07,0.0,0.0,0.0,-273060.22255000076,0.0,-273060.22255000076,-0.0,6526186.972425001,-0.0012857546247653704,0.0,0.0,0.0
2026-04-08,0.0,0.0,0.0,-273060.22255000076,0.0,-273060.22255000076,-0.0,6526186.972425001,-0.0012857546247653704,0.0,0.0,0.0
2026-04-09,-4365239.7150425,-4365239.7150425,4346694.0,-291605.9375925006,-18545.715042499825,-273060.22255000076,4365239.7150425,6526186.972425001,-0.0013454259475573973,-0.0028417382341114003,-0.002965830661096125,-0.0029658306610961557
2026-04-10,0.0,-4365239.7150425,4437105.0,-201194.9375925006,71865.28495750017,-273060.22255000076,4365239.7150425,6526186.972425001,-0.0009282831885694192,0.013853571830229849,0.014501535788030484,0.014501535788030543
2026-04-13,0.0,-4365239.7150425,4353649.0,-284650.9375925006,-11590.715042499825,-273060.22255000076,4365239.7150425,6526186.972425001,-0.0013133366233738202,-0.012787865311341119,-0.01319464112213864,-0.0131946411221386
2026-04-14,0.0,-4365239.7150425,4151963.0,-486336.9375925006,-213276.71504249983,-273060.22255000076,4365239.7150425,6526186.972425001,-0.0022438855000508767,-0.030904109988294973,-0.03231352008134525,-0.03231352008134525
2026-04-15,0.0,-4365239.7150425,4298011.0,-340288.9375925006,-67228.71504249983,-273060.22255000076,4365239.7150425,6526186.972425001,-0.0015700419891431748,0.02237876429484696,0.024180732825769713,0.02418073282576962
2026-04-16,4311920.4466625,0.0,0.0,-326379.49093000084,0.0,-326379.49093000084,-0.0,6526186.972425001,-0.001505865893792042,0.0021313282505191905,0.0022485735432715703,0.0022485735432715356
2026-04-17,0.0,0.0,0.0,-326379.49093000084,0.0,-326379.49093000084,-0.0,6526186.972425001,-0.001505865893792042,0.0,0.0,0.0
2026-04-20,0.0,0.0,0.0,-326379.49093000084,0.0,-326379.49093000084,-0.0,6526186.972425001,-0.001505865893792042,0.0,0.0,0.0
2026-04-21,-4257308.231535,-4257308.231535,4232438.0,-351249.72246500064,-24870.231534999795,-326379.49093000084,4257308.231535,6526186.972425001,-0.0015893936112022296,-0.0038108365022460414,-0.004011452228029899,-0.004011452228029938
2026-04-22,0.0,-4257308.231535,4268205.0,-315482.72246500064,10896.768465000205,-326379.49093000084,4257308.231535,6526186.972425001,-0.0014275490953036167,0.005480535594693463,0.005792285581563084,0.005792285581563066
2026-04-23,0.0,-4257308.231535,4339740.0,-243947.72246500064,82431.7684650002,-326379.49093000084,4257308.231535,6526186.972425001,-0.0011038555385387981,0.010961224418217834,0.011518017461620511,0.011518017461620511
2026-04-24,0.0,-4257308.231535,4709332.0,125644.27753499936,452023.7684650002,-326379.49093000084,4257308.231535,6526186.972425001,0.0005685362840910038,0.056632150068888845,0.058831251930170136,0.058831251930170164
2026-04-27,0.0,-4257308.231535,5001431.0,417743.27753499936,744122.7684650002,-326379.49093000084,4257308.231535,6526186.972425001,0.0018902747930369293,0.044757988276186614,0.043912569189387796,0.04391256918938774
2026-04-28,5150459.718285,0.0,0.0,566771.9958199989,0.0,566771.9958199989,-0.0,6526186.972425001,0.0025646249137019697,0.022835496272890804,0.02146172454509565,0.021461724545095772
2026-04-29,-4826947.612575,-4826947.612575,4786828.0,526652.3832449988,-40119.61257500015,566771.9958199989,4826947.612575,6526186.972425001,0.002332146727658566,-0.00614748133090838,-0.0056562589399733465,-0.005656258939973381
2026-04-30,0.0,-4826947.612575,5263722.0,1003546.3832449988,436774.38742499985,566771.9958199989,4826947.612575,6526186.972425001,0.004443951054237707,0.07307391008180013,0.06761730644220743,0.06761730644220755
2026-05-04,0.0,-4826947.612575,5430635.0,1170459.3832449988,603687.3874249998,566771.9958199989,4826947.612575,6526186.972425001,0.005183083011365086,0.02557588385151316,0.02216718602316936,0.022167186023169343
2026-05-05,0.0,-4826947.612575,5382946.0,1122770.3832449988,555998.3874249998,566771.9958199989,4826947.612575,6526186.972425001,0.004971904350005889,-0.007307329716647659,-0.006196075250991417,-0.006196075250991395
2026-05-06,0.0,-4826947.612575,5114693.0,854517.3832449988,287745.38742499985,566771.9958199989,4826947.612575,6526186.972425001,0.003784013862774273,-0.041104093574616446,-0.035070531515141834,-0.03507053151514175
2026-05-07,5216033.26566,0.0,0.0,955857.6489049991,0.0,955857.6489049991,-0.0,6526186.972425001,0.004232773569286556,0.015528250429874574,0.013730432866092102,0.013730432866092088
2026-05-08,-5222697.75405,-5222697.75405,4876246.0,609405.8948549995,-346451.75404999964,955857.6489049991,5222697.75405,6526186.972425001,0.0026375989094022095,-0.05308639723530095,-0.04630442233160781,-0.046304422331607906
2026-05-11,4947779.96244,0.0,0.0,680939.8572949992,0.0,680939.8572949992,-0.0,6526186.972425001,0.0029472084863851416,0.010961065434112002,0.010024950101625851,0.0100249501016259
2026-05-12,0.0,0.0,0.0,680939.8572949992,0.0,680939.8572949992,-0.0,6526186.972425001,0.0029472084863851416,0.0,0.0,0.0
2026-05-13,0.0,0.0,0.0,680939.8572949992,0.0,680939.8572949992,-0.0,6526186.972425001,0.0029472084863851416,0.0,0.0,0.0
2026-05-14,0.0,0.0,0.0,680939.8572949992,0.0,680939.8572949992,-0.0,6526186.972425001,0.0029472084863851416,0.0,0.0,0.0
2026-05-15,0.0,0.0,0.0,680939.8572949992,0.0,680939.8572949992,-0.0,6526186.972425001,0.0029472084863851416,0.0,0.0,0.0
2026-05-18,0.0,0.0,0.0,680939.8572949992,0.0,680939.8572949992,-0.0,6526186.972425001,0.0029472084863851416,0.0,0.0,0.0
2026-05-19,0.0,0.0,0.0,680939.8572949992,0.0,680939.8572949992,-0.0,6526186.972425001,0.0029472084863851416,0.0,0.0,0.0
2026-05-20,0.0,0.0,0.0,680939.8572949992,0.0,680939.8572949992,-0.0,6526186.972425001,0.0029472084863851416,0.0,0.0,0.0
2026-05-21,0.0,0.0,0.0,680939.8572949992,0.0,680939.8572949992,-0.0,6526186.972425001,0.0029472084863851416,0.0,0.0,0.0
2026-05-22,0.0,0.0,0.0,680939.8572949992,0.0,680939.8572949992,-0.0,6526186.972425001,0.0029472084863851416,0.0,0.0,0.0
2026-05-25,-5096777.0724125,-5096777.0724125,4917974.0,502136.784882499,-178803.07241250016,680939.8572949992,5096777.0724125,6526186.972425001,0.0021264144606455266,-0.027397785746561376,-0.024809202978802847,-0.02480920297880296
2026-05-26,0.0,-5096777.0724125,5389901.0,974063.784882499,293123.92758749984,680939.8572949992,5096777.0724125,6526186.972425001,0.004124898593617154,0.07231282247873468,0.06714645145783549,0.06714645145783549
2026-05-27,0.0,-5096777.0724125,5365063.0,949225.784882499,268285.92758749984,680939.8572949992,5096777.0724125,6526186.972425001,0.004019716332600621,-0.0038058977018199935,-0.0033116226115240677,-0.0033116226115240638
2026-05-28,0.0,-5096777.0724125,5091842.0,676004.784882499,-4935.072412500158,680939.8572949992,5096777.0724125,6526186.972425001,0.002862698757224258,-0.041865334406512814,-0.03654928615586017,-0.036549286155860235
2026-05-29,0.0,-5096777.0724125,5240871.0,825033.784882499,144093.92758749984,680939.8572949992,5096777.0724125,6526186.972425001,0.0034937965580549555,0.02283553943975096,0.020692173302494066,0.020692173302493917
2026-06-01,5315385.876325001,0.0,0.0,899548.6612074997,0.0,899548.6612074997,-0.0,6526186.972425001,0.003809347052105639,0.011417827383715357,0.010136394863523579,0.010136394863523716
2026-06-02,-5246682.383512501,-5246682.383512501,4843459.0,496325.277694999,-403223.3835125007,899548.6612074997,5246682.383512501,6526186.972425001,0.002056120797543235,-0.06178544764595839,-0.05430079973305668,-0.05430079973305661
2026-06-03,4848426.853987501,0.0,0.0,501293.1316824999,0.0,501293.1316824999,-0.0,6526186.972425001,0.0020767010668986388,0.0007612184585718273,0.0007074183441142523,0.0007074183441141019
2026-06-04,0.0,0.0,0.0,501293.1316824999,0.0,501293.1316824999,-0.0,6526186.972425001,0.0020767010668986388,0.0,0.0,0.0
2026-06-05,0.0,0.0,0.0,501293.1316824999,0.0,501293.1316824999,-0.0,6526186.972425001,0.0020767010668986388,0.0,0.0,0.0
2026-06-08,0.0,0.0,0.0,501293.1316824999,0.0,501293.1316824999,-0.0,6526186.972425001,0.0020767010668986388,0.0,0.0,0.0
2026-06-09,0.0,0.0,0.0,501293.1316824999,0.0,501293.1316824999,-0.0,6526186.972425001,0.0020767010668986388,0.0,0.0,0.0
2026-06-10,0.0,0.0,0.0,501293.1316824999,0.0,501293.1316824999,-0.0,6526186.972425001,0.0020767010668986388,0.0,0.0,0.0
2026-06-11,0.0,0.0,0.0,501293.1316824999,0.0,501293.1316824999,-0.0,6526186.972425001,0.0020767010668986388,0.0,0.0,0.0
2026-06-12,0.0,0.0,0.0,501293.1316824999,0.0,501293.1316824999,-0.0,6526186.972425001,0.0020767010668986388,0.0,0.0,0.0
2026-06-15,0.0,0.0,0.0,501293.1316824999,0.0,501293.1316824999,-0.0,6526186.972425001,0.0020767010668986388,0.0,0.0,0.0
2026-06-16,0.0,0.0,0.0,501293.1316824999,0.0,501293.1316824999,-0.0,6526186.972425001,0.0020767010668986388,0.0,0.0,0.0
2026-06-17,0.0,0.0,0.0,501293.1316824999,0.0,501293.1316824999,-0.0,6526186.972425001,0.0020767010668986388,0.0,0.0,0.0
2026-06-18,0.0,0.0,0.0,501293.1316824999,0.0,501293.1316824999,-0.0,6526186.972425001,0.0020767010668986388,0.0,0.0,0.0
2026-06-22,0.0,0.0,0.0,501293.1316824999,0.0,501293.1316824999,-0.0,6526186.972425001,0.0020767010668986388,0.0,0.0,0.0
2026-06-23,-4996840.36525,-4996840.36525,4838492.0,342944.7664325001,-158348.3652499998,501293.1316824999,4996840.36525,6526186.972425001,0.0013919003603654696,-0.02426353488171068,-0.022532737610661657,-0.02253273761066169
2026-06-24,4659655.878237499,0.0,0.0,164108.64466999983,0.0,164108.64466999983,-0.0,6526186.972425001,0.0006660631798859097,-0.02740284985982379,-0.026034749159177584,-0.026034749159177566
2026-06-25,0.0,0.0,0.0,164108.64466999983,0.0,164108.64466999983,-0.0,6526186.972425001,0.0006660631798859097,0.0,0.0,0.0
2026-06-26,0.0,0.0,0.0,164108.64466999983,0.0,164108.64466999983,-0.0,6526186.972425001,0.0006660631798859097,0.0,0.0,0.0
2026-06-29,0.0,0.0,0.0,164108.64466999983,0.0,164108.64466999983,-0.0,6526186.972425001,0.0006660631798859097,0.0,0.0,0.0
2026-06-30,0.0,0.0,0.0,164108.64466999983,0.0,164108.64466999983,-0.0,6526186.972425001,0.0006660631798859097,0.0,0.0,0.0
2026-07-01,-4337257.396980001,-4337257.396980001,4133085.0,-40063.752310000826,-204172.39698000066,164108.64466999983,4337257.396980001,6526186.972425001,-0.00015979272221804878,-0.03128509769068634,-0.030517694383832783,-0.030517694383832703
2026-07-02,0.0,-4337257.396980001,3890664.0,-282484.7523100008,-446593.39698000066,164108.64466999983,4337257.396980001,6526186.972425001,-0.001126679478433141,-0.0371458864148848,-0.03737533065178211,-0.037375330651782133
2026-07-03,3755543.8557,0.0,0.0,-417604.89661000064,0.0,-417604.89661000064,-0.0,6526186.972425001,-0.001665600933346461,-0.02070430174172467,-0.021641029558503,-0.021641029558503045
2026-07-06,0.0,0.0,0.0,-417604.89661000064,0.0,-417604.89661000064,-0.0,6526186.972425001,-0.001665600933346461,0.0,0.0,0.0
2026-07-07,0.0,0.0,0.0,-417604.89661000064,0.0,-417604.89661000064,-0.0,6526186.972425001,-0.001665600933346461,0.0,0.0,0.0
2026-07-08,0.0,0.0,0.0,-417604.89661000064,0.0,-417604.89661000064,-0.0,6526186.972425001,-0.001665600933346461,0.0,0.0,0.0
2026-07-09,0.0,0.0,0.0,-417604.89661000064,0.0,-417604.89661000064,-0.0,6526186.972425001,-0.001665600933346461,0.0,0.0,0.0
2026-07-13,0.0,0.0,0.0,-417604.89661000064,0.0,-417604.89661000064,-0.0,6526186.972425001,-0.001665600933346461,0.0,0.0,0.0
2026-07-14,0.0,0.0,0.0,-417604.89661000064,0.0,-417604.89661000064,-0.0,6526186.972425001,-0.001665600933346461,0.0,0.0,0.0
2026-07-15,0.0,0.0,0.0,-417604.89661000064,0.0,-417604.89661000064,-0.0,6526186.972425001,-0.001665600933346461,0.0,0.0,0.0
2026-07-16,0.0,0.0,0.0,-417604.89661000064,0.0,-417604.89661000064,-0.0,6526186.972425001,-0.001665600933346461,0.0,0.0,0.0
2026-07-17,0.0,0.0,0.0,-417604.89661000064,0.0,-417604.89661000064,-0.0,6526186.972425001,-0.001665600933346461,0.0,0.0,0.0
2026-07-20,0.0,0.0,0.0,-417604.89661000064,0.0,-417604.89661000064,-0.0,6526186.972425001,-0.001665600933346461,0.0,0.0,0.0
2026-07-21,0.0,0.0,0.0,-417604.89661000064,0.0,-417604.89661000064,-0.0,6526186.972425001,-0.001665600933346461,0.0,0.0,0.0
2026-07-22,0.0,0.0,0.0,-417604.89661000064,0.0,-417604.89661000064,-0.0,6526186.972425001,-0.001665600933346461,0.0,0.0,0.0
2026-07-23,0.0,0.0,0.0,-417604.89661000064,0.0,-417604.89661000064,-0.0,6526186.972425001,-0.001665600933346461,0.0,0.0,0.0
2026-07-24,0.0,0.0,0.0,-417604.89661000064,0.0,-417604.89661000064,-0.0,6526186.972425001,-0.001665600933346461,0.0,0.0,0.0
2026-07-27,0.0,0.0,0.0,-417604.89661000064,0.0,-417604.89661000064,-0.0,6526186.972425001,-0.001665600933346461,0.0,0.0,0.0
2026-07-28,0.0,0.0,0.0,-417604.89661000064,0.0,-417604.89661000064,-0.0,6526186.972425001,-0.001665600933346461,0.0,0.0,0.0
2026-07-29,0.0,0.0,0.0,-417604.89661000064,0.0,-417604.89661000064,-0.0,6526186.972425001,-0.001665600933346461,0.0,0.0,0.0
2026-07-30,0.0,0.0,0.0,-417604.89661000064,0.0,-417604.89661000064,-0.0,6526186.972425001,-0.001665600933346461,0.0,0.0,0.0
2026-07-31,0.0,0.0,0.0,-417604.89661000064,0.0,-417604.89661000064,-0.0,6526186.972425001,-0.001665600933346461,0.0,0.0,0.0
2026-08-03,0.0,0.0,0.0,-417604.89661000064,0.0,-417604.89661000064,-0.0,6526186.972425001,-0.001665600933346461,0.0,0.0,0.0
2026-08-04,0.0,0.0,0.0,-417604.89661000064,0.0,-417604.89661000064,-0.0,6526186.972425001,-0.001665600933346461,0.0,0.0,0.0
2026-08-05,-4025728.5000000005,-4025728.5,3858849.0,-584484.3966100006,-166879.5,-417604.89661000064,4025728.5,6526186.972425001,-0.0022943541367091303,-0.025570750685678087,-0.027318860241021592,-0.02731886024102167
2026-08-06,0.0,-4025728.5,3874778.0,-568555.3966100006,-150950.5,-417604.89661000064,4025728.5,6526186.972425001,-0.0022318259199498626,0.0024407820473585223,0.0026808814134919867,0.0026808814134920045
2026-08-07,0.0,-4025728.5,3803096.0,-640237.3966100006,-222632.5,-417604.89661000064,4025728.5,6526186.972425001,-0.0025132087835155483,-0.010983749056359696,-0.012031962548841202,-0.012031962548841224
2026-08-10,0.0,-4025728.5,3950442.0,-492891.39661000064,-75286.5,-417604.89661000064,4025728.5,6526186.972425001,-0.001934811983552524,0.022577655317351286,0.025033513811507202,0.025033513811507244
2026-08-11,0.0,-4025728.5,3950442.0,-492891.39661000064,-75286.5,-417604.89661000064,4025728.5,6526186.972425001,-0.001934811983552524,0.0,0.0,0.0
2026-08-12,3978317.7000000007,0.0,0.0,-465015.6966100006,0.0,-465015.6966100006,-0.0,6526186.972425001,-0.0018253878004954387,0.004271360921435874,0.0046203106825633,0.004620310682563312
2026-08-13,0.0,0.0,0.0,-465015.6966100006,0.0,-465015.6966100006,-0.0,6526186.972425001,-0.0018253878004954387,0.0,0.0,0.0
2026-08-14,0.0,0.0,0.0,-465015.6966100006,0.0,-465015.6966100006,-0.0,6526186.972425001,-0.0018253878004954387,0.0,0.0,0.0
2026-08-17,-4185956.5000000005,-4185956.5,4460176.0,-190796.19661000062,274219.5,-465015.6966100006,4185956.5,6526186.972425001,-0.0007368499307098072,0.042018333394163464,0.04524199820819752,0.04524199820819744
2026-08-18,0.0,-4185956.5,4559734.0,-91238.19661000062,373777.5,-465015.6966100006,4185956.5,6526186.972425001,-0.00035235953360006816,0.015255155946444826,0.015714579182716903,0.015714579182717046
2026-08-19,0.0,-4185956.5,4499999.0,-150973.19661000062,314042.5,-465015.6966100006,4185956.5,6526186.972425001,-0.0005830545442606907,-0.009153124213633073,-0.009282902177015995,-0.009282902177016076
2026-08-20,0.0,-4185956.5,4539822.0,-111150.19661000062,353865.5,-465015.6966100006,4185956.5,6526186.972425001,-0.0004292591578115742,0.00610203173281175,0.006246535630079153,0.006246535630079177
2026-08-21,0.0,-4185956.5,4320796.0,-330176.1966100006,134839.5,-465015.6966100006,4185956.5,6526186.972425001,-0.001275131852294767,-0.03356109791604918,-0.03414259460300195,-0.03414259460300191
2026-08-24,4380530.0,0.0,0.0,-270442.1966100006,0.0,-270442.1966100006,-0.0,6526186.972425001,-0.00104444070360804,0.00915297098480218,0.009640719191961411,0.009640719191961512
2026-08-25,0.0,0.0,0.0,-270442.1966100006,0.0,-270442.1966100006,-0.0,6526186.972425001,-0.00104444070360804,0.0,0.0,0.0
2026-08-26,0.0,0.0,0.0,-270442.1966100006,0.0,-270442.1966100006,-0.0,6526186.972425001,-0.00104444070360804,0.0,0.0,0.0
2026-08-27,0.0,0.0,0.0,-270442.1966100006,0.0,-270442.1966100006,-0.0,6526186.972425001,-0.00104444070360804,0.0,0.0,0.0
2026-08-28,0.0,0.0,0.0,-270442.1966100006,0.0,-270442.1966100006,-0.0,6526186.972425001,-0.00104444070360804,0.0,0.0,0.0
2026-08-31,0.0,0.0,0.0,-270442.1966100006,0.0,-270442.1966100006,-0.0,6526186.972425001,-0.00104444070360804,0.0,0.0,0.0
2026-09-01,0.0,0.0,0.0,-270442.1966100006,0.0,-270442.1966100006,-0.0,6526186.972425001,-0.00104444070360804,0.0,0.0,0.0
2026-09-02,0.0,0.0,0.0,-270442.1966100006,0.0,-270442.1966100006,-0.0,6526186.972425001,-0.00104444070360804,0.0,0.0,0.0
2026-09-03,0.0,0.0,0.0,-270442.1966100006,0.0,-270442.1966100006,-0.0,6526186.972425001,-0.00104444070360804,0.0,0.0,0.0
2026-09-04,0.0,0.0,0.0,-270442.1966100006,0.0,-270442.1966100006,-0.0,6526186.972425001,-0.00104444070360804,0.0,0.0,0.0
2026-09-07,0.0,0.0,0.0,-270442.1966100006,0.0,-270442.1966100006,-0.0,6526186.972425001,-0.00104444070360804,0.0,0.0,0.0
2026-09-08,0.0,0.0,0.0,-270442.1966100006,0.0,-270442.1966100006,-0.0,6526186.972425001,-0.00104444070360804,0.0,0.0,0.0
2026-09-09,0.0,0.0,0.0,-270442.1966100006,0.0,-270442.1966100006,-0.0,6526186.972425001,-0.00104444070360804,0.0,0.0,0.0
2026-09-10,0.0,0.0,0.0,-270442.1966100006,0.0,-270442.1966100006,-0.0,6526186.972425001,-0.00104444070360804,0.0,0.0,0.0
2026-09-11,0.0,0.0,0.0,-270442.1966100006,0.0,-270442.1966100006,-0.0,6526186.972425001,-0.00104444070360804,0.0,0.0,0.0
2026-09-14,0.0,0.0,0.0,-270442.1966100006,0.0,-270442.1966100006,-0.0,6526186.972425001,-0.00104444070360804,0.0,0.0,0.0
2026-09-15,0.0,0.0,0.0,-270442.1966100006,0.0,-270442.1966100006,-0.0,6526186.972425001,-0.00104444070360804,0.0,0.0,0.0
2026-09-16,0.0,0.0,0.0,-270442.1966100006,0.0,-270442.1966100006,-0.0,6526186.972425001,-0.00104444070360804,0.0,0.0,0.0
2026-09-17,0.0,0.0,0.0,-270442.1966100006,0.0,-270442.1966100006,-0.0,6526186.972425001,-0.00104444070360804,0.0,0.0,0.0
2026-09-18,0.0,0.0,0.0,-270442.1966100006,0.0,-270442.1966100006,-0.0,6526186.972425001,-0.00104444070360804,0.0,0.0,0.0
2026-09-21,0.0,0.0,0.0,-270442.1966100006,0.0,-270442.1966100006,-0.0,6526186.972425001,-0.00104444070360804,0.0,0.0,0.0
2026-09-22,-4486384.0,-4486384.0,4460176.0,-296650.1966100006,-26208.0,-270442.1966100006,4486384.0,6526186.972425001,-0.0011261434191158282,-0.004015821200148921,-0.004189429226927666,-0.004189429226927758
2026-09-23,0.0,-4486384.0,4619468.0,-137358.19661000062,133084.0,-270442.1966100006,4486384.0,6526186.972425001,-0.0005214391594600263,0.024408126931247005,0.025570440585312992,0.025570440585313037
2026-09-24,0.0,-4486384.0,4719026.0,-37800.196610000625,232642.0,-270442.1966100006,4486384.0,6526186.972425001,-0.00014349709907524662,0.015255155946444825,0.015583137926137303,0.01558313792613729
2026-09-29,0.0,-4486384.0,4639380.0,-117446.19661000062,152996.0,-270442.1966100006,4486384.0,6526186.972425001,-0.0004458492289031476,-0.012204063465623503,-0.012275162186211719,-0.012275162186211648
2026-09-30,0.0,-4486384.0,4679202.0,-77624.19661000062,192818.0,-270442.1966100006,4486384.0,6526186.972425001,-0.0002946769601890041,0.006101878503980855,0.006213701161120078,0.006213701161120195
2026-10-01,4758848.5,0.0,0.0,2022.3033899993752,0.0,2022.3033899993752,-0.0,6526186.972425001,7.677067738800385e-06,0.01220414008003895,0.012351046701244872,0.012351046701244822
