,cashflow,entry_cost,market_value,profit_loss,unrealized,realized,position,invest,PNL/COST,return,return_pct,value_pct
2022-11-13,0.0,0.0,0.0,0.0,0.0,0.0,0.0,0.0,,,,
2022-11-14,-4951062.023940001,-4951062.023940001,4937474.0,-13588.023940000683,-13588.023940000683,0.0,4951062.023940001,4951062.023940001,-0.002744466515325026,-0.002744466515325026,-0.002744466515325006,-0.002744466515325026
2022-11-15,0.0,-4951062.023940001,4968141.0,17078.976059999317,17078.976059999317,0.0,4951062.023940001,4951062.023940001,0.003449558090247485,0.006194024605572511,0.006211070681080955,0.006211070681081055
2022-11-16,0.0,-4951062.023940001,5320818.0,369755.9760599993,369755.9760599993,0.0,4951062.023940001,4951062.023940001,0.07468215390397222,0.07123259581372474,0.0709877195514379,0.07098771955143786
2022-11-17,0.0,-4951062.023940001,5635160.0,684097.9760599993,684097.9760599993,0.0,4951062.023940001,4951062.023940001,0.13817196648964652,0.06348981258567431,0.05907775834467577,0.059077758344675574
2022-11-18,0.0,-4951062.023940001,5612159.0,661096.9760599993,661096.9760599993,0.0,4951062.023940001,4951062.023940001,0.13352629655281628,-0.004645669936830243,-0.004081694219862375,-0.004081694219862435
2022-11-21,5642826.71064,0.0,0.0,691764.6866999994,0.0,691764.6866999994,-0.0,4951062.023940001,0.13972046469123015,0.006194168138413864,0.005464512078150241,0.005464512078150328
2022-11-22,-4912502.154315,-4912502.154315,4816720.0,595982.532384999,-95782.1543150004,691764.6866999994,4912502.154315,4951062.023940001,0.06042263441635926,-0.019345779522022225,-0.01697414420584553,-0.01697414420584554
2022-11-23,0.0,-4912502.154315,4736218.0,515480.532384999,-176284.1543150004,691764.6866999994,4912502.154315,4951062.023940001,0.052261081599835495,-0.01625954181360413,-0.014512593000214569,-0.014512593000214475
2022-11-24,4796594.531435,0.0,0.0,575857.0638199993,0.0,575857.0638199993,-0.0,4951062.023940001,0.058382249399210204,0.012194662709346007,0.011044738207542704,0.011044738207542608
2022-11-25,0.0,0.0,0.0,575857.0638199993,0.0,575857.0638199993,-0.0,4951062.023940001,0.058382249399210204,0.0,0.0,0.0
2022-11-28,0.0,0.0,0.0,575857.0638199993,0.0,575857.0638199993,-0.0,4951062.023940001,0.058382249399210204,0.0,0.0,0.0
2022-11-29,0.0,0.0,0.0,575857.0638199993,0.0,575857.0638199993,-0.0,4951062.023940001,0.058382249399210204,0.0,0.0,0.0
2022-11-30,0.0,0.0,0.0,575857.0638199993,0.0,575857.0638199993,-0.0,4951062.023940001,0.058382249399210204,0.0,0.0,0.0
2022-12-01,0.0,0.0,0.0,575857.0638199993,0.0,575857.0638199993,-0.0,4951062.023940001,0.058382249399210204,0.0,0.0,0.0
2022-12-02,0.0,0.0,0.0,575857.0638199993,0.0,575857.0638199993,-0.0,4951062.023940001,0.058382249399210204,0.0,0.0,0.0
2022-12-05,0.0,0.0,0.0,575857.0638199993,0.0,575857.0638199993,-0.0,4951062.023940001,0.058382249399210204,0.0,0.0,0.0
2022-12-06,0.0,0.0,0.0,575857.0638199993,0.0,575857.0638199993,-0.0,4951062.023940001,0.058382249399210204,0.0,0.0,0.0
2022-12-07,-5175672.037759999,-5175672.03776,4977724.0,377909.0260599996,-197948.03775999974,575857.0638199993,5175672.03776,4951062.023940001,0.025128206022694916,-0.039980924658761366,-0.0358152588479862,-0.03581525884798613
2022-12-08,4944181.755274999,0.0,0.0,344366.7813349993,0.0,344366.7813349993,-0.0,4951062.023940001,0.022897890317613974,-0.006774757529356842,-0.006294319186628039,-0.006294319186628023
2022-12-09,0.0,0.0,0.0,344366.7813349993,0.0,344366.7813349993,-0.0,4951062.023940001,0.022897890317613974,0.0,0.0,0.0
2022-12-12,0.0,0.0,0.0,344366.7813349993,0.0,344366.7813349993,-0.0,4951062.023940001,0.022897890317613974,0.0,0.0,0.0
2022-12-13,0.0,0.0,0.0,344366.7813349993,0.0,344366.7813349993,-0.0,4951062.023940001,0.022897890317613974,0.0,0.0,0.0
2022-12-14,0.0,0.0,0.0,344366.7813349993,0.0,344366.7813349993,-0.0,4951062.023940001,0.022897890317613974,0.0,0.0,0.0
2022-12-15,-4563537.5874149995,-4563537.5874149995,4508128.0,288957.1939199998,-55409.58741499949,344366.7813349993,4563537.5874149995,4951062.023940001,0.01474062787325738,-0.011191454913526848,-0.01046366393592213,-0.01046366393592218
2022-12-16,4456376.48757,0.0,0.0,237205.6814899997,0.0,237205.6814899997,-0.0,4951062.023940001,0.012100618201720748,-0.010452608385789694,-0.009876206608863347,-0.009876206608863392
2022-12-19,0.0,0.0,0.0,237205.6814899997,0.0,237205.6814899997,-0.0,4951062.023940001,0.012100618201720748,0.0,0.0,0.0
2022-12-20,-4696568.086124999,-4696568.086124999,4283872.0,-175490.40463499975,-412696.08612499945,237205.6814899997,4696568.086124999,4951062.023940001,-0.0072220229433634904,-0.08335506283893823,-0.07954410018069724,-0.07954410018069712
2022-12-21,4370124.050985,0.0,0.0,-89238.35365000024,0.0,-89238.35365000024,-0.0,4951062.023940001,-0.0036724596927606126,0.017420919101385254,0.01806109464180805,0.01806109464180792
2022-12-22,0.0,0.0,0.0,-89238.35365000024,0.0,-89238.35365000024,-0.0,4951062.023940001,-0.0036724596927606126,0.0,0.0,0.0
2022-12-23,0.0,0.0,0.0,-89238.35365000024,0.0,-89238.35365000024,-0.0,4951062.023940001,-0.0036724596927606126,0.0,0.0,0.0
2022-12-26,0.0,0.0,0.0,-89238.35365000024,0.0,-89238.35365000024,-0.0,4951062.023940001,-0.0036724596927606126,0.0,0.0,0.0
2022-12-27,0.0,0.0,0.0,-89238.35365000024,0.0,-89238.35365000024,-0.0,4951062.023940001,-0.0036724596927606126,0.0,0.0,0.0
2022-12-28,0.0,0.0,0.0,-89238.35365000024,0.0,-89238.35365000024,-0.0,4951062.023940001,-0.0036724596927606126,0.0,0.0,0.0
2022-12-29,0.0,0.0,0.0,-89238.35365000024,0.0,-89238.35365000024,-0.0,4951062.023940001,-0.0036724596927606126,0.0,0.0,0.0
2022-12-30,0.0,0.0,0.0,-89238.35365000024,0.0,-89238.35365000024,-0.0,4951062.023940001,-0.0036724596927606126,0.0,0.0,0.0
2023-01-03,0.0,0.0,0.0,-89238.35365000024,0.0,-89238.35365000024,-0.0,4951062.023940001,-0.0036724596927606126,0.0,0.0,0.0
2023-01-04,0.0,0.0,0.0,-89238.35365000024,0.0,-89238.35365000024,-0.0,4951062.023940001,-0.0036724596927606126,0.0,0.0,0.0
2023-01-05,0.0,0.0,0.0,-89238.35365000024,0.0,-89238.35365000024,-0.0,4951062.023940001,-0.0036724596927606126,0.0,0.0,0.0
2023-01-06,0.0,0.0,0.0,-89238.35365000024,0.0,-89238.35365000024,-0.0,4951062.023940001,-0.0036724596927606126,0.0,0.0,0.0
2023-01-09,0.0,0.0,0.0,-89238.35365000024,0.0,-89238.35365000024,-0.0,4951062.023940001,-0.0036724596927606126,0.0,0.0,0.0
2023-01-10,0.0,0.0,0.0,-89238.35365000024,0.0,-89238.35365000024,-0.0,4951062.023940001,-0.0036724596927606126,0.0,0.0,0.0
2023-01-11,0.0,0.0,0.0,-89238.35365000024,0.0,-89238.35365000024,-0.0,4951062.023940001,-0.0036724596927606126,0.0,0.0,0.0
2023-01-12,0.0,0.0,0.0,-89238.35365000024,0.0,-89238.35365000024,-0.0,4951062.023940001,-0.0036724596927606126,0.0,0.0,0.0
2023-01-13,-4858519.0378375,-4858519.0378375,4575213.0,-372544.3914875,-283306.03783749975,-89238.35365000024,4858519.0378375,4951062.023940001,-0.01277680802495053,-0.05722126615817427,-0.05827155755745472,-0.058271557557454765
2023-01-16,4662424.074525,0.0,0.0,-285333.3169625005,0.0,-285333.3169625005,-0.0,4951062.023940001,-0.009785811026159422,0.017614619672164378,0.01904788438660754,0.019047884386607577
2023-01-17,0.0,0.0,0.0,-285333.3169625005,0.0,-285333.3169625005,-0.0,4951062.023940001,-0.009785811026159422,0.0,0.0,0.0
2023-01-30,0.0,0.0,0.0,-285333.3169625005,0.0,-285333.3169625005,-0.0,4951062.023940001,-0.009785811026159422,0.0,0.0,0.0
2023-01-31,-4447858.579395,-4447858.579395,4496627.0,-236564.8963575004,48768.42060500011,-285333.3169625005,4447858.579395,4951062.023940001,-0.0070394236406609405,0.009850092842543456,0.010452476701456881,0.01045247670145672
2023-02-01,0.0,-4447858.579395,4519628.0,-213563.8963575004,71769.42060500011,-285333.3169625005,4447858.579395,4951062.023940001,-0.006354986576447678,0.00464566993683025,0.004878781209862515,0.004878781209862451
2023-02-02,0.0,-4447858.579395,4968141.0,234949.1036424996,520282.4206050001,-285333.3169625005,4447858.579395,4951062.023940001,0.006991342756254509,0.09058925091854905,0.09467296617779808,0.09467296617779812
2023-02-03,0.0,-4447858.579395,4945140.0,211948.1036424996,497281.4206050001,-285333.3169625005,4447858.579395,4951062.023940001,0.006306905692041246,-0.00464566993683025,-0.004435200664662298,-0.004435200664662302
2023-02-06,0.0,-4447858.579395,4588630.0,-144561.8963575004,140771.4206050001,-285333.3169625005,4447858.579395,4951062.023940001,-0.004301705140647341,-0.07200677314809587,-0.06905080392839191,-0.06905080392839172
2023-02-07,4605880.591515,0.0,0.0,-127311.30484250037,0.0,-127311.30484250037,-0.0,4951062.023940001,-0.003788382058500094,0.003484220442318796,0.0035890130151057242,0.003589013015105541
2023-02-08,-4135525.237712499,-4135525.2377124997,4432417.0,169580.45744499995,296891.7622875003,-127311.30484250037,4135525.2377124997,4951062.023940001,0.004493239653143999,0.059965268229711474,0.06154790733942539,0.06154790733942554
2023-02-09,0.0,-4135525.2377124997,4408458.0,145621.45744499995,272932.7622875003,-127311.30484250037,4135525.2377124997,4951062.023940001,0.0038584169237349084,-0.004839163776206076,-0.004678905056757499,-0.004678905056757587
2023-02-10,0.0,-4135525.2377124997,4360540.0,97703.45744499995,225014.7622875003,-127311.30484250037,4135525.2377124997,4951062.023940001,0.0025887714649167263,-0.009678327552412155,-0.009401800244220437,-0.009401800244220482
2023-02-13,0.0,-4135525.2377124997,4303039.0,40202.45744499995,167513.7622875003,-127311.30484250037,4135525.2377124997,4951062.023940001,0.0010652128120617597,-0.011613871876773893,-0.011389120808246833,-0.011389120808246783
2023-02-14,0.0,-4135525.2377124997,4365332.0,102495.45744499995,229806.7622875003,-127311.30484250037,4135525.2377124997,4951062.023940001,0.0027157413100408283,0.012581745027388671,0.012480404561273417,0.012480404561273545
2023-02-15,4303038.9220875,0.0,0.0,40202.37953249988,0.0,40202.37953249988,-0.0,4951062.023940001,0.0010652107476756855,-0.0125817607639114,-0.012326579472373478,-0.012326579472373539
2023-02-16,0.0,0.0,0.0,40202.37953249988,0.0,40202.37953249988,-0.0,4951062.023940001,0.0010652107476756855,0.0,0.0,0.0
2023-02-17,0.0,0.0,0.0,40202.37953249988,0.0,40202.37953249988,-0.0,4951062.023940001,0.0010652107476756855,0.0,0.0,0.0
2023-02-20,-4723559.994862501,-4723559.994862501,4767844.0,84486.3846699993,44284.00513749942,40202.37953249988,4723559.994862501,4951062.023940001,0.0019895625374602315,0.008944344652394135,0.008872301997604248,0.008872301997604123
2023-02-21,0.0,-4723559.994862501,4959516.0,276158.3846699993,235956.00513749942,40202.37953249988,4723559.994862501,4951062.023940001,0.006503229824438966,0.03871331020964862,0.038063778648671276,0.03806377864867128
2023-02-22,0.0,-4723559.994862501,4863680.0,180322.3846699993,140120.00513749942,40202.37953249988,4723559.994862501,4951062.023940001,0.0042463961809495986,-0.01935665510482431,-0.018334026979643703,-0.018334026979643717
2023-02-23,0.0,-4723559.994862501,5342860.0,659502.3846699994,619300.0051374994,40202.37953249994,4723559.994862501,4951062.023940001,0.015530564398396436,0.09678327552412158,0.09338220679705445,0.09338220679705446
2023-02-24,0.0,-4723559.994862501,5558491.0,875133.3846699994,834931.0051374994,40202.37953249994,4723559.994862501,4951062.023940001,0.020608440096247512,0.043552473985854684,0.03843303174081569,0.03843303174081588
2023-03-01,5414736.7945125,0.0,0.0,731379.1791824999,0.0,731379.1791824999,-0.0,4951062.023940001,0.017223184792006175,-0.02903502416095799,-0.024673770000068762,-0.02467377000006871
2023-03-02,-4550041.382689999,-4550041.382689999,4580963.0,762300.7964925005,30921.617310000584,731379.1791824999,4550041.382689999,4951062.023940001,0.016214044272601383,0.006245451412340314,0.005441607964726369,0.00544160796472635
2023-03-03,0.0,-4550041.382689999,4140117.0,321454.79649250046,-409924.3826899994,731379.1791824999,4550041.382689999,4951062.023940001,0.006837304022180366,-0.08904069427293895,-0.07716051191837803,-0.07716051191837804
2023-03-06,0.0,-4550041.382689999,4120950.0,302287.79649250046,-429091.3826899994,731379.1791824999,4550041.382689999,4951062.023940001,0.00642962428735274,-0.0038712906255912935,-0.003635265785349895,-0.0036352657853498784
2023-03-07,4101782.93805,0.0,0.0,283120.7345425004,0.0,283120.7345425004,-0.0,4951062.023940001,0.006021943234856225,-0.0038713031380582727,-0.0036485409510427225,-0.0036485409510425603
2023-03-08,0.0,0.0,0.0,283120.7345425004,0.0,283120.7345425004,-0.0,4951062.023940001,0.006021943234856225,0.0,0.0,0.0
2023-03-09,0.0,0.0,0.0,283120.7345425004,0.0,283120.7345425004,-0.0,4951062.023940001,0.006021943234856225,0.0,0.0,0.0
2023-03-10,0.0,0.0,0.0,283120.7345425004,0.0,283120.7345425004,-0.0,4951062.023940001,0.006021943234856225,0.0,0.0,0.0
2023-03-13,0.0,0.0,0.0,283120.7345425004,0.0,283120.7345425004,-0.0,4951062.023940001,0.006021943234856225,0.0,0.0,0.0
2023-03-14,0.0,0.0,0.0,283120.7345425004,0.0,283120.7345425004,-0.0,4951062.023940001,0.006021943234856225,0.0,0.0,0.0
2023-03-15,0.0,0.0,0.0,283120.7345425004,0.0,283120.7345425004,-0.0,4951062.023940001,0.006021943234856225,0.0,0.0,0.0
2023-03-16,0.0,0.0,0.0,283120.7345425004,0.0,283120.7345425004,-0.0,4951062.023940001,0.006021943234856225,0.0,0.0,0.0
2023-03-17,0.0,0.0,0.0,283120.7345425004,0.0,283120.7345425004,-0.0,4951062.023940001,0.006021943234856225,0.0,0.0,0.0
2023-03-20,0.0,0.0,0.0,283120.7345425004,0.0,283120.7345425004,-0.0,4951062.023940001,0.006021943234856225,0.0,0.0,0.0
2023-03-21,0.0,0.0,0.0,283120.7345425004,0.0,283120.7345425004,-0.0,4951062.023940001,0.006021943234856225,0.0,0.0,0.0
2023-03-22,-4434362.37467,-4434362.37467,4446793.0,295551.3598725006,12430.625330000184,283120.7345425004,4434362.37467,4951062.023940001,0.005744526854894732,0.0025106987692527505,0.002374893255275845,0.0023748932552756495
2023-03-23,4446792.684390001,0.0,0.0,295551.044262501,0.0,295551.044262501,-0.0,4951062.023940001,0.0057445207204952185,-6.374591916824546e-08,-6.015499465217289e-08,-6.015499456408617e-08
2023-03-24,-4685000.22538,-4685000.22538,4465960.0,76510.81888250128,-219040.22537999973,295551.044262501,4685000.22538,4951062.023940001,0.0013629980830633071,-0.044241058649814674,-0.04174888114153297,-0.04174888114153294
2023-03-27,4446792.684389999,0.0,0.0,57343.503272501286,0.0,57343.503272501286,-0.0,4951062.023940001,0.0010215429161277666,-0.00387135437151055,-0.0038124391648275413,-0.0038124391648275695
2023-03-28,0.0,0.0,0.0,57343.503272501286,0.0,57343.503272501286,-0.0,4951062.023940001,0.0010215429161277666,0.0,0.0,0.0
2023-03-29,0.0,0.0,0.0,57343.503272501286,0.0,57343.503272501286,-0.0,4951062.023940001,0.0010215429161277666,0.0,0.0,0.0
2023-03-30,0.0,0.0,0.0,57343.503272501286,0.0,57343.503272501286,-0.0,4951062.023940001,0.0010215429161277666,0.0,0.0,0.0
2023-03-31,0.0,0.0,0.0,57343.503272501286,0.0,57343.503272501286,-0.0,4951062.023940001,0.0010215429161277666,0.0,0.0,0.0
2023-04-06,0.0,0.0,0.0,57343.503272501286,0.0,57343.503272501286,-0.0,4951062.023940001,0.0010215429161277666,0.0,0.0,0.0
2023-04-07,0.0,0.0,0.0,57343.503272501286,0.0,57343.503272501286,-0.0,4951062.023940001,0.0010215429161277666,0.0,0.0,0.0
2023-04-10,0.0,0.0,0.0,57343.503272501286,0.0,57343.503272501286,-0.0,4951062.023940001,0.0010215429161277666,0.0,0.0,0.0
2023-04-11,0.0,0.0,0.0,57343.503272501286,0.0,57343.503272501286,-0.0,4951062.023940001,0.0010215429161277666,0.0,0.0,0.0
2023-04-12,0.0,0.0,0.0,57343.503272501286,0.0,57343.503272501286,-0.0,4951062.023940001,0.0010215429161277666,0.0,0.0,0.0
2023-04-13,0.0,0.0,0.0,57343.503272501286,0.0,57343.503272501286,-0.0,4951062.023940001,0.0010215429161277666,0.0,0.0,0.0
2023-04-14,0.0,0.0,0.0,57343.503272501286,0.0,57343.503272501286,-0.0,4951062.023940001,0.0010215429161277666,0.0,0.0,0.0
2023-04-17,0.0,0.0,0.0,57343.503272501286,0.0,57343.503272501286,-0.0,4951062.023940001,0.0010215429161277666,0.0,0.0,0.0
2023-04-18,0.0,0.0,0.0,57343.503272501286,0.0,57343.503272501286,-0.0,4951062.023940001,0.0010215429161277666,0.0,0.0,0.0
2023-04-19,0.0,0.0,0.0,57343.503272501286,0.0,57343.503272501286,-0.0,4951062.023940001,0.0010215429161277666,0.0,0.0,0.0
2023-04-20,0.0,0.0,0.0,57343.503272501286,0.0,57343.503272501286,-0.0,4951062.023940001,0.0010215429161277666,0.0,0.0,0.0
2023-04-21,0.0,0.0,0.0,57343.503272501286,0.0,57343.503272501286,-0.0,4951062.023940001,0.0010215429161277666,0.0,0.0,0.0
2023-04-24,0.0,0.0,0.0,57343.503272501286,0.0,57343.503272501286,-0.0,4951062.023940001,0.0010215429161277666,0.0,0.0,0.0
2023-04-25,0.0,0.0,0.0,57343.503272501286,0.0,57343.503272501286,-0.0,4951062.023940001,0.0010215429161277666,0.0,0.0,0.0
2023-04-26,0.0,0.0,0.0,57343.503272501286,0.0,57343.503272501286,-0.0,4951062.023940001,0.0010215429161277666,0.0,0.0,0.0
2023-04-27,0.0,0.0,0.0,57343.503272501286,0.0,57343.503272501286,-0.0,4951062.023940001,0.0010215429161277666,0.0,0.0,0.0
2023-04-28,0.0,0.0,0.0,57343.503272501286,0.0,57343.503272501286,-0.0,4951062.023940001,0.0010215429161277666,0.0,0.0,0.0
2023-05-02,0.0,0.0,0.0,57343.503272501286,0.0,57343.503272501286,-0.0,4951062.023940001,0.0010215429161277666,0.0,0.0,0.0
2023-05-03,0.0,0.0,0.0,57343.503272501286,0.0,57343.503272501286,-0.0,4951062.023940001,0.0010215429161277666,0.0,0.0,0.0
2023-05-04,-4241564.02797,-4241564.02797,4235953.0,51732.475302501116,-5611.02797000017,57343.503272501286,4241564.02797,4951062.023940001,0.0008568416261378451,-0.0011332978546560336,-0.0011203222142284197,-0.0011203222142283406
2023-05-05,0.0,-4241564.02797,4370124.0,185903.47530250112,128559.97202999983,57343.503272501286,4241564.02797,4951062.023940001,0.0030791071788357012,0.027099438332874728,0.026819210747176747,0.026819210747176508
2023-05-08,0.0,-4241564.02797,4312622.0,128401.47530250112,71057.97202999983,57343.503272501286,4241564.02797,4951062.023940001,0.0021267052901173334,-0.011614073853641715,-0.011193767995615334,-0.011193767995615167
2023-05-09,0.0,-4241564.02797,4370124.0,185903.47530250112,128559.97202999983,57343.503272501286,4241564.02797,4951062.023940001,0.0030791071788357012,0.011614073853641715,0.01132048689956644,0.011320486899566313
2023-05-10,4389291.0600000005,0.0,0.0,205070.53530250132,0.0,205070.53530250132,-0.0,4951062.023940001,0.0033965699478729254,0.0038713027442034073,0.0037312027894340627,0.00373120278943407
2023-05-11,0.0,0.0,0.0,205070.53530250132,0.0,205070.53530250132,-0.0,4951062.023940001,0.0033965699478729254,0.0,0.0,0.0
2023-05-12,0.0,0.0,0.0,205070.53530250132,0.0,205070.53530250132,-0.0,4951062.023940001,0.0033965699478729254,0.0,0.0,0.0
2023-05-15,0.0,0.0,0.0,205070.53530250132,0.0,205070.53530250132,-0.0,4951062.023940001,0.0033965699478729254,0.0,0.0,0.0
2023-05-16,0.0,0.0,0.0,205070.53530250132,0.0,205070.53530250132,-0.0,4951062.023940001,0.0033965699478729254,0.0,0.0,0.0
2023-05-17,0.0,0.0,0.0,205070.53530250132,0.0,205070.53530250132,-0.0,4951062.023940001,0.0033965699478729254,0.0,0.0,0.0
2023-05-18,0.0,0.0,0.0,205070.53530250132,0.0,205070.53530250132,-0.0,4951062.023940001,0.0033965699478729254,0.0,0.0,0.0
2023-05-19,-4588601.052030001,-4588601.052030001,4906806.0,523275.48327250045,318204.94796999916,205070.5353025013,4588601.052030001,4951062.023940001,0.008054806852545468,0.06427003871722357,0.061713880377184616,0.06171388037718474
2023-05-22,0.0,-4588601.052030001,4887639.0,504108.48327250045,299037.94796999916,205070.5353025013,4588601.052030001,4951062.023940001,0.007759768220165398,-0.0038712906255913004,-0.0035012455798985043,-0.0035012455798984375
2023-05-23,0.0,-4588601.052030001,4925973.0,542442.4832725005,337371.94796999916,205070.5353025013,4588601.052030001,4951062.023940001,0.008349845484925539,0.007742581251182601,0.007027094744209705,0.007027094744209567
2023-05-24,0.0,-4588601.052030001,4849304.0,465773.48327250045,260702.94796999916,205070.5353025013,4588601.052030001,4951062.023940001,0.007169675562353012,-0.015485364479233016,-0.013956300554471168,-0.013956300554471225
2023-05-25,0.0,-4588601.052030001,5328485.0,944954.4832725005,739883.9479699992,205070.5353025013,4588601.052030001,4951062.023940001,0.014545733730168245,0.09678347750098937,0.08846142722295536,0.08846142722295552
2023-05-26,5462655.1135100005,0.0,0.0,1079124.596782501,0.0,1079124.596782501,-0.0,4951062.023940001,0.016611021297146353,0.02709925928240131,0.022756061375654557,0.02275606137565465
2023-05-29,-4207824.5175825,-4207824.5175825,4355749.0,1227049.0792000007,147924.48241749965,1079124.596782501,4207824.5175825,4951062.023940001,0.017739049921893367,0.02987732363324,0.024530664094070342,0.024530664094070145
2023-05-30,0.0,-4207824.5175825,4283872.0,1155172.0792000007,76047.48241749965,1079124.596782501,4207824.5175825,4951062.023940001,0.016699947482676177,-0.014517491328618237,-0.011634138460777987,-0.011634138460777889
2023-05-31,0.0,-4207824.5175825,4298247.0,1169547.0792000007,90422.48241749965,1079124.596782501,4207824.5175825,4951062.023940001,0.01690776218784956,0.002903417474976522,0.002354151471625876,0.002354151471626016
2023-06-01,0.0,-4207824.5175825,4413250.0,1284550.0792000007,205425.48241749965,1079124.596782501,4207824.5175825,4951062.023940001,0.018570323199262037,0.023227945730415617,0.018789469816166138,0.018789469816166016
2023-06-02,0.0,-4207824.5175825,4134702.0,1006002.0792000007,-73122.51758250035,1079124.596782501,4207824.5175825,4951062.023940001,0.014543445251670034,-0.05626025257876585,-0.04467051436052838,-0.04467051436052838
2023-06-05,4178225.476372501,0.0,0.0,1049525.5555725012,0.0,1049525.5555725012,-0.0,4951062.023940001,0.015172650010659377,0.008790735434549252,0.007306195739871235,0.007306195739871081
2023-06-06,0.0,0.0,0.0,1049525.5555725012,0.0,1049525.5555725012,-0.0,4951062.023940001,0.015172650010659377,0.0,0.0,0.0
2023-06-07,0.0,0.0,0.0,1049525.5555725012,0.0,1049525.5555725012,-0.0,4951062.023940001,0.015172650010659377,0.0,0.0,0.0
2023-06-08,0.0,0.0,0.0,1049525.5555725012,0.0,1049525.5555725012,-0.0,4951062.023940001,0.015172650010659377,0.0,0.0,0.0
2023-06-09,0.0,0.0,0.0,1049525.5555725012,0.0,1049525.5555725012,-0.0,4951062.023940001,0.015172650010659377,0.0,0.0,0.0
2023-06-12,0.0,0.0,0.0,1049525.5555725012,0.0,1049525.5555725012,-0.0,4951062.023940001,0.015172650010659377,0.0,0.0,0.0
2023-06-13,0.0,0.0,0.0,1049525.5555725012,0.0,1049525.5555725012,-0.0,4951062.023940001,0.015172650010659377,0.0,0.0,0.0
2023-06-14,-4407078.2501175,-4407078.2501175,4540918.0,1183365.3054550008,133839.7498824997,1049525.5555725012,4407078.2501175,4951062.023940001,0.016082861379214254,0.02703253347167553,0.022304440708350137,0.022304440708350273
2023-06-15,0.0,-4407078.2501175,4773042.0,1415489.3054550008,365963.7498824997,1049525.5555725012,4407078.2501175,4951062.023940001,0.019237608351750615,0.04688367846688343,0.03783955494715974,0.03783955494715965
2023-06-16,0.0,-4407078.2501175,4787550.0,1429997.3054550008,380471.7498824997,1049525.5555725012,4407078.2501175,4951062.023940001,0.019434783435229953,0.002930280398397156,0.0022787847375100867,0.0022787847375101053
2023-06-19,0.0,-4407078.2501175,4932627.0,1575074.3054550008,525548.7498824997,1049525.5555725012,4407078.2501175,4951062.023940001,0.02140649349767355,0.0293021980533682,0.02273556669998178,0.022735566699981613
2023-06-20,0.0,-4407078.2501175,4903612.0,1546059.3054550008,496533.7498824997,1049525.5555725012,4407078.2501175,4951062.023940001,0.021012156921498132,-0.0058603588199265255,-0.004445969029073349,-0.004445969029073256
2023-06-21,4918119.39381,0.0,0.0,1560566.6992650009,0.0,1560566.6992650009,-0.0,4951062.023940001,0.02120932376638057,0.0029301579620397145,0.002232895627847453,0.002232895627847377
2023-06-26,0.0,0.0,0.0,1560566.6992650009,0.0,1560566.6992650009,-0.0,4951062.023940001,0.02120932376638057,0.0,0.0,0.0
2023-06-27,0.0,0.0,0.0,1560566.6992650009,0.0,1560566.6992650009,-0.0,4951062.023940001,0.02120932376638057,0.0,0.0,0.0
2023-06-28,0.0,0.0,0.0,1560566.6992650009,0.0,1560566.6992650009,-0.0,4951062.023940001,0.02120932376638057,0.0,0.0,0.0
2023-06-29,0.0,0.0,0.0,1560566.6992650009,0.0,1560566.6992650009,-0.0,4951062.023940001,0.02120932376638057,0.0,0.0,0.0
2023-06-30,0.0,0.0,0.0,1560566.6992650009,0.0,1560566.6992650009,-0.0,4951062.023940001,0.02120932376638057,0.0,0.0,0.0
2023-07-03,0.0,0.0,0.0,1560566.6992650009,0.0,1560566.6992650009,-0.0,4951062.023940001,0.02120932376638057,0.0,0.0,0.0
2023-07-04,0.0,0.0,0.0,1560566.6992650009,0.0,1560566.6992650009,-0.0,4951062.023940001,0.02120932376638057,0.0,0.0,0.0
2023-07-05,-4815681.581325,-4815681.581325,4744027.0,1488912.1179400007,-71654.58132500015,1560566.6992650009,4815681.581325,4951062.023940001,0.01899244738506933,-0.01447256790129614,-0.01100409503841182,-0.011004095038411835
2023-07-06,4758534.495645,0.0,0.0,1503419.6135850009,0.0,1503419.6135850009,-0.0,4951062.023940001,0.019177503873230636,0.002930178530354044,0.002252725760287788,0.0022527257602877587
2023-07-07,0.0,0.0,0.0,1503419.6135850009,0.0,1503419.6135850009,-0.0,4951062.023940001,0.019177503873230636,0.0,0.0,0.0
2023-07-10,0.0,0.0,0.0,1503419.6135850009,0.0,1503419.6135850009,-0.0,4951062.023940001,0.019177503873230636,0.0,0.0,0.0
2023-07-11,0.0,0.0,0.0,1503419.6135850009,0.0,1503419.6135850009,-0.0,4951062.023940001,0.019177503873230636,0.0,0.0,0.0
2023-07-12,0.0,0.0,0.0,1503419.6135850009,0.0,1503419.6135850009,-0.0,4951062.023940001,0.019177503873230636,0.0,0.0,0.0
2023-07-13,0.0,0.0,0.0,1503419.6135850009,0.0,1503419.6135850009,-0.0,4951062.023940001,0.019177503873230636,0.0,0.0,0.0
2023-07-14,-5253470.8433024995,-5253470.8433024995,5425890.0,1675838.7702825014,172419.1566975005,1503419.6135850009,5253470.8433024995,4951062.023940001,0.020034312543922284,0.034824681222694776,0.026713091210158968,0.0267130912101588
2023-07-17,0.0,-5253470.8433024995,5208274.0,1458222.7702825014,-45196.8433024995,1503419.6135850009,5253470.8433024995,4951062.023940001,0.017432757408744663,-0.04395339806848625,-0.03283827640663084,-0.03283827640663085
2023-07-18,0.0,-5253470.8433024995,5193766.0,1443714.7702825014,-59704.8433024995,1503419.6135850009,5253470.8433024995,4951062.023940001,0.017259317211786918,-0.002930280398397156,-0.0022635910972591544,-0.002263591097259072
2023-07-19,0.0,-5253470.8433024995,5367859.0,1617807.7702825014,114388.1566975005,1503419.6135850009,5253470.8433024995,4951062.023940001,0.019340563710888443,0.03516275885016257,0.02722424966533432,0.027224249665334377
2023-07-20,0.0,-5253470.8433024995,5309828.0,1559776.7702825014,56357.1566975005,1503419.6135850009,5253470.8433024995,4951062.023940001,0.018646814877854603,-0.011720919616720893,-0.00883424421824286,-0.008834244218242814
2023-07-21,5121227.7446925,0.0,0.0,1371176.5149750009,0.0,1371176.5149750009,-0.0,4951062.023940001,0.016392137084443096,-0.038092888837901184,-0.028967121022080544,-0.02896712102208059
2023-07-24,0.0,0.0,0.0,1371176.5149750009,0.0,1371176.5149750009,-0.0,4951062.023940001,0.016392137084443096,0.0,0.0,0.0
2023-07-25,-5559923.1163874995,-5559923.1163874995,5469413.0,1280666.3985875014,-90510.1163874995,1371176.5149750009,5559923.1163874995,4951062.023940001,0.014355902427124943,-0.018280949814373837,-0.014316150178514508,-0.014316150178514538
2023-07-26,0.0,-5559923.1163874995,5338844.0,1150097.3985875014,-221079.1163874995,1371176.5149750009,5559923.1163874995,4951062.023940001,0.01289226144608986,-0.026371917654971072,-0.020952293031255564,-0.02095229303125553
2023-07-27,5498428.413082499,0.0,0.0,1309681.811670001,0.0,1309681.811670001,-0.0,4951062.023940001,0.014681156872431315,0.03223235990800696,0.02615640766462546,0.026156407664625347
2023-07-28,0.0,0.0,0.0,1309681.811670001,0.0,1309681.811670001,-0.0,4951062.023940001,0.014681156872431315,0.0,0.0,0.0
2023-07-31,0.0,0.0,0.0,1309681.811670001,0.0,1309681.811670001,-0.0,4951062.023940001,0.014681156872431315,0.0,0.0,0.0
2023-08-01,0.0,0.0,0.0,1309681.811670001,0.0,1309681.811670001,-0.0,4951062.023940001,0.014681156872431315,0.0,0.0,0.0
2023-08-02,0.0,0.0,0.0,1309681.811670001,0.0,1309681.811670001,-0.0,4951062.023940001,0.014681156872431315,0.0,0.0,0.0
2023-08-04,0.0,0.0,0.0,1309681.811670001,0.0,1309681.811670001,-0.0,4951062.023940001,0.014681156872431315,0.0,0.0,0.0
2023-08-07,0.0,0.0,0.0,1309681.811670001,0.0,1309681.811670001,-0.0,4951062.023940001,0.014681156872431315,0.0,0.0,0.0
2023-08-08,0.0,0.0,0.0,1309681.811670001,0.0,1309681.811670001,-0.0,4951062.023940001,0.014681156872431315,0.0,0.0,0.0
2023-08-09,0.0,0.0,0.0,1309681.811670001,0.0,1309681.811670001,-0.0,4951062.023940001,0.014681156872431315,0.0,0.0,0.0
2023-08-10,0.0,0.0,0.0,1309681.811670001,0.0,1309681.811670001,-0.0,4951062.023940001,0.014681156872431315,0.0,0.0,0.0
2023-08-11,0.0,0.0,0.0,1309681.811670001,0.0,1309681.811670001,-0.0,4951062.023940001,0.014681156872431315,0.0,0.0,0.0
2023-08-14,0.0,0.0,0.0,1309681.811670001,0.0,1309681.811670001,-0.0,4951062.023940001,0.014681156872431315,0.0,0.0,0.0
2023-08-15,0.0,0.0,0.0,1309681.811670001,0.0,1309681.811670001,-0.0,4951062.023940001,0.014681156872431315,0.0,0.0,0.0
2023-08-16,0.0,0.0,0.0,1309681.811670001,0.0,1309681.811670001,-0.0,4951062.023940001,0.014681156872431315,0.0,0.0,0.0
2023-08-17,0.0,0.0,0.0,1309681.811670001,0.0,1309681.811670001,-0.0,4951062.023940001,0.014681156872431315,0.0,0.0,0.0
2023-08-18,0.0,0.0,0.0,1309681.811670001,0.0,1309681.811670001,-0.0,4951062.023940001,0.014681156872431315,0.0,0.0,0.0
2023-08-21,0.0,0.0,0.0,1309681.811670001,0.0,1309681.811670001,-0.0,4951062.023940001,0.014681156872431315,0.0,0.0,0.0
2023-08-22,0.0,0.0,0.0,1309681.811670001,0.0,1309681.811670001,-0.0,4951062.023940001,0.014681156872431315,0.0,0.0,0.0
2023-08-23,0.0,0.0,0.0,1309681.811670001,0.0,1309681.811670001,-0.0,4951062.023940001,0.014681156872431315,0.0,0.0,0.0
2023-08-24,-4494636.042427499,-4494636.042427499,4308795.0,1123840.769242502,-185841.04242749885,1309681.811670001,4494636.042427499,4951062.023940001,0.011993649203636231,-0.03753559166273754,-0.029683540375900375,-0.029683540375900375
2023-08-25,0.0,-4494636.042427499,4149210.0,964255.769242502,-345426.04242749885,1309681.811670001,4494636.042427499,4951062.023940001,0.010290555170615542,-0.03223247845176541,-0.026269556144847717,-0.026269556144847724
2023-08-28,0.0,-4494636.042427499,4149210.0,964255.769242502,-345426.04242749885,1309681.811670001,4494636.042427499,4951062.023940001,0.010290555170615542,0.0,0.0,0.0
2023-08-29,0.0,-4494636.042427499,4352318.0,1167363.769242502,-142318.04242749885,1309681.811670001,4494636.042427499,4951062.023940001,0.012458127454093101,0.04102311767008909,0.03433594053629463,0.034335940536294636
2023-08-30,0.0,-4494636.042427499,4308795.0,1123840.769242502,-185841.04242749885,1309681.811670001,4494636.042427499,4951062.023940001,0.011993649203636231,-0.008790639218323681,-0.007113431047655383,-0.007113431047655395
2023-08-31,4279779.5024775,0.0,0.0,1094825.2717200012,0.0,1094825.2717200012,-0.0,4951062.023940001,0.011683995284435193,-0.0058604593079629175,-0.004776290009951056,-0.004776290009950966
2023-09-01,0.0,0.0,0.0,1094825.2717200012,0.0,1094825.2717200012,-0.0,4951062.023940001,0.011683995284435193,0.0,0.0,0.0
2023-09-04,0.0,0.0,0.0,1094825.2717200012,0.0,1094825.2717200012,-0.0,4951062.023940001,0.011683995284435193,0.0,0.0,0.0
2023-09-05,0.0,0.0,0.0,1094825.2717200012,0.0,1094825.2717200012,-0.0,4951062.023940001,0.011683995284435193,0.0,0.0,0.0
2023-09-06,0.0,0.0,0.0,1094825.2717200012,0.0,1094825.2717200012,-0.0,4951062.023940001,0.011683995284435193,0.0,0.0,0.0
2023-09-07,0.0,0.0,0.0,1094825.2717200012,0.0,1094825.2717200012,-0.0,4951062.023940001,0.011683995284435193,0.0,0.0,0.0
2023-09-08,0.0,0.0,0.0,1094825.2717200012,0.0,1094825.2717200012,-0.0,4951062.023940001,0.011683995284435193,0.0,0.0,0.0
2023-09-11,0.0,0.0,0.0,1094825.2717200012,0.0,1094825.2717200012,-0.0,4951062.023940001,0.011683995284435193,0.0,0.0,0.0
2023-09-12,0.0,0.0,0.0,1094825.2717200012,0.0,1094825.2717200012,-0.0,4951062.023940001,0.011683995284435193,0.0,0.0,0.0
2023-09-13,0.0,0.0,0.0,1094825.2717200012,0.0,1094825.2717200012,-0.0,4951062.023940001,0.011683995284435193,0.0,0.0,0.0
2023-09-14,0.0,0.0,0.0,1094825.2717200012,0.0,1094825.2717200012,-0.0,4951062.023940001,0.011683995284435193,0.0,0.0,0.0
2023-09-15,0.0,0.0,0.0,1094825.2717200012,0.0,1094825.2717200012,-0.0,4951062.023940001,0.011683995284435193,0.0,0.0,0.0
2023-09-18,-4217369.7001125,-4217369.7001125,4178225.0,1055680.571607501,-39144.70011250023,1094825.2717200012,4217369.7001125,4951062.023940001,0.010781012189400448,-0.007906323920650327,-0.006474599706911444,-0.006474599706911503
2023-09-19,4221748.6304175,0.0,0.0,1099204.2020250012,0.0,1099204.2020250012,-0.0,4951062.023940001,0.01122549208481382,0.008790766548075785,0.007245795824472712,0.00724579582447266
2023-09-20,0.0,0.0,0.0,1099204.2020250012,0.0,1099204.2020250012,-0.0,4951062.023940001,0.01122549208481382,0.0,0.0,0.0
2023-09-21,0.0,0.0,0.0,1099204.2020250012,0.0,1099204.2020250012,-0.0,4951062.023940001,0.01122549208481382,0.0,0.0,0.0
2023-09-22,0.0,0.0,0.0,1099204.2020250012,0.0,1099204.2020250012,-0.0,4951062.023940001,0.01122549208481382,0.0,0.0,0.0
2023-09-25,0.0,0.0,0.0,1099204.2020250012,0.0,1099204.2020250012,-0.0,4951062.023940001,0.01122549208481382,0.0,0.0,0.0
2023-09-26,0.0,0.0,0.0,1099204.2020250012,0.0,1099204.2020250012,-0.0,4951062.023940001,0.01122549208481382,0.0,0.0,0.0
2023-09-27,0.0,0.0,0.0,1099204.2020250012,0.0,1099204.2020250012,-0.0,4951062.023940001,0.01122549208481382,0.0,0.0,0.0
2023-09-28,0.0,0.0,0.0,1099204.2020250012,0.0,1099204.2020250012,-0.0,4951062.023940001,0.01122549208481382,0.0,0.0,0.0
2023-10-02,0.0,0.0,0.0,1099204.2020250012,0.0,1099204.2020250012,-0.0,4951062.023940001,0.01122549208481382,0.0,0.0,0.0
2023-10-03,0.0,0.0,0.0,1099204.2020250012,0.0,1099204.2020250012,-0.0,4951062.023940001,0.01122549208481382,0.0,0.0,0.0
2023-10-04,0.0,0.0,0.0,1099204.2020250012,0.0,1099204.2020250012,-0.0,4951062.023940001,0.01122549208481382,0.0,0.0,0.0
2023-10-05,0.0,0.0,0.0,1099204.2020250012,0.0,1099204.2020250012,-0.0,4951062.023940001,0.01122549208481382,0.0,0.0,0.0
2023-10-06,0.0,0.0,0.0,1099204.2020250012,0.0,1099204.2020250012,-0.0,4951062.023940001,0.01122549208481382,0.0,0.0,0.0
2023-10-11,-4348706.3885775,-4348706.3885775,4569934.0,1320431.8134475008,221227.61142249964,1099204.2020250012,4348706.3885775,4951062.023940001,0.012911351279442559,0.04468286003140176,0.036564938328348395,0.03656493832834842
2023-10-12,0.0,-4348706.3885775,4918119.0,1668616.8134475008,569412.6114224996,1099204.2020250012,4348706.3885775,4951062.023940001,0.016315948775087075,0.0703253157234573,0.05551867051583392,0.055518670515833986
2023-10-13,0.0,-4348706.3885775,4918119.0,1668616.8134475008,569412.6114224996,1099204.2020250012,4348706.3885775,4951062.023940001,0.016315948775087075,0.0,0.0,0.0
2023-10-16,0.0,-4348706.3885775,4976150.0,1726647.8134475008,627443.6114224996,1099204.2020250012,4348706.3885775,4951062.023940001,0.016883383320715827,0.011720919616720837,0.008766437379445602,0.008766437379445784
2023-10-17,0.0,-4348706.3885775,4889104.0,1639601.8134475008,540397.6114224996,1099204.2020250012,4348706.3885775,4951062.023940001,0.016032236391336697,-0.017581278436647363,-0.013035307331361157,-0.013035307331361184
2023-10-18,4831073.085720001,0.0,0.0,1581570.8991675011,0.0,1581570.8991675011,-0.0,4951062.023940001,0.01546480268388908,-0.01172090230326367,-0.008805018084946381,-0.008805018084946475
2023-10-19,0.0,0.0,0.0,1581570.8991675011,0.0,1581570.8991675011,-0.0,4951062.023940001,0.01546480268388908,0.0,0.0,0.0
2023-10-20,0.0,0.0,0.0,1581570.8991675011,0.0,1581570.8991675011,-0.0,4951062.023940001,0.01546480268388908,0.0,0.0,0.0
2023-10-23,0.0,0.0,0.0,1581570.8991675011,0.0,1581570.8991675011,-0.0,4951062.023940001,0.01546480268388908,0.0,0.0,0.0
2023-10-24,0.0,0.0,0.0,1581570.8991675011,0.0,1581570.8991675011,-0.0,4951062.023940001,0.01546480268388908,0.0,0.0,0.0
2023-10-25,0.0,0.0,0.0,1581570.8991675011,0.0,1581570.8991675011,-0.0,4951062.023940001,0.01546480268388908,0.0,0.0,0.0
2023-10-26,0.0,0.0,0.0,1581570.8991675011,0.0,1581570.8991675011,-0.0,4951062.023940001,0.01546480268388908,0.0,0.0,0.0
2023-10-27,0.0,0.0,0.0,1581570.8991675011,0.0,1581570.8991675011,-0.0,4951062.023940001,0.01546480268388908,0.0,0.0,0.0
2023-10-30,0.0,0.0,0.0,1581570.8991675011,0.0,1581570.8991675011,-0.0,4951062.023940001,0.01546480268388908,0.0,0.0,0.0
2023-10-31,0.0,0.0,0.0,1581570.8991675011,0.0,1581570.8991675011,-0.0,4951062.023940001,0.01546480268388908,0.0,0.0,0.0
2023-11-01,0.0,0.0,0.0,1581570.8991675011,0.0,1581570.8991675011,-0.0,4951062.023940001,0.01546480268388908,0.0,0.0,0.0
2023-11-02,0.0,0.0,0.0,1581570.8991675011,0.0,1581570.8991675011,-0.0,4951062.023940001,0.01546480268388908,0.0,0.0,0.0
2023-11-03,0.0,0.0,0.0,1581570.8991675011,0.0,1581570.8991675011,-0.0,4951062.023940001,0.01546480268388908,0.0,0.0,0.0
2023-11-06,0.0,0.0,0.0,1581570.8991675011,0.0,1581570.8991675011,-0.0,4951062.023940001,0.01546480268388908,0.0,0.0,0.0
2023-11-07,0.0,0.0,0.0,1581570.8991675011,0.0,1581570.8991675011,-0.0,4951062.023940001,0.01546480268388908,0.0,0.0,0.0
2023-11-08,-4567600.869352499,-4567600.869352499,4700504.0,1714474.029815002,132903.13064750098,1581570.8991675011,4567600.869352499,4951062.023940001,0.01604761837173692,0.026843358052246358,0.020344496960389646,0.020344496960389504
2023-11-09,0.0,-4567600.869352499,4831073.0,1845043.029815002,263472.130647501,1581570.8991675011,4567600.869352499,4951062.023940001,0.017269754984331403,0.026371917654971044,0.019588672080836478,0.01958867208083654
2023-11-10,0.0,-4567600.869352499,4845581.0,1859551.029815002,277980.130647501,1581570.8991675011,4567600.869352499,4951062.023940001,0.017405551061313845,0.002930280398397156,0.002134752168373888,0.002134752168373854
2023-11-13,0.0,-4567600.869352499,4932627.0,1946597.029815002,365026.130647501,1581570.8991675011,4567600.869352499,4951062.023940001,0.0182203088030435,0.017581278436647363,0.012780934596190008,0.012780934596189921
2023-11-14,0.0,-4567600.869352499,5034181.0,2048151.029815002,466580.130647501,1581570.8991675011,4567600.869352499,4951062.023940001,0.0191708626217556,0.02051155883504452,0.014722966039429908,0.014722966039429743
2023-11-15,5135735.462707499,0.0,0.0,2149705.4925225014,0.0,2149705.4925225014,-0.0,4951062.023940001,0.020121420771448066,0.02051165229125601,0.014509411547776185,0.014509411547776274
2023-11-16,0.0,0.0,0.0,2149705.4925225014,0.0,2149705.4925225014,-0.0,4951062.023940001,0.020121420771448066,0.0,0.0,0.0
2023-11-17,0.0,0.0,0.0,2149705.4925225014,0.0,2149705.4925225014,-0.0,4951062.023940001,0.020121420771448066,0.0,0.0,0.0
2023-11-20,0.0,0.0,0.0,2149705.4925225014,0.0,2149705.4925225014,-0.0,4951062.023940001,0.020121420771448066,0.0,0.0,0.0
2023-11-21,0.0,0.0,0.0,2149705.4925225014,0.0,2149705.4925225014,-0.0,4951062.023940001,0.020121420771448066,0.0,0.0,0.0
2023-11-22,0.0,0.0,0.0,2149705.4925225014,0.0,2149705.4925225014,-0.0,4951062.023940001,0.020121420771448066,0.0,0.0,0.0
2023-11-23,-5224284.9125325,-5224284.9125325,4918119.0,1843539.5799900014,-306165.9125325,2149705.4925225014,5224284.9125325,4951062.023940001,0.016451222121516312,-0.061838432047929937,-0.043117298492406864,-0.04311729849240682
2023-11-24,4961642.547855,0.0,0.0,1887063.1278450014,0.0,1887063.1278450014,-0.0,4951062.023940001,0.01683961386588175,0.008790749872360615,0.0064056070380678065,0.006405607038067686
2023-11-27,0.0,0.0,0.0,1887063.1278450014,0.0,1887063.1278450014,-0.0,4951062.023940001,0.01683961386588175,0.0,0.0,0.0
2023-11-28,0.0,0.0,0.0,1887063.1278450014,0.0,1887063.1278450014,-0.0,4951062.023940001,0.01683961386588175,0.0,0.0,0.0
2023-11-29,0.0,0.0,0.0,1887063.1278450014,0.0,1887063.1278450014,-0.0,4951062.023940001,0.01683961386588175,0.0,0.0,0.0
2023-11-30,0.0,0.0,0.0,1887063.1278450014,0.0,1887063.1278450014,-0.0,4951062.023940001,0.01683961386588175,0.0,0.0,0.0
2023-12-01,0.0,0.0,0.0,1887063.1278450014,0.0,1887063.1278450014,-0.0,4951062.023940001,0.01683961386588175,0.0,0.0,0.0
2023-12-04,0.0,0.0,0.0,1887063.1278450014,0.0,1887063.1278450014,-0.0,4951062.023940001,0.01683961386588175,0.0,0.0,0.0
2023-12-05,0.0,0.0,0.0,1887063.1278450014,0.0,1887063.1278450014,-0.0,4951062.023940001,0.01683961386588175,0.0,0.0,0.0
2023-12-06,0.0,0.0,0.0,1887063.1278450014,0.0,1887063.1278450014,-0.0,4951062.023940001,0.01683961386588175,0.0,0.0,0.0
2023-12-07,0.0,0.0,0.0,1887063.1278450014,0.0,1887063.1278450014,-0.0,4951062.023940001,0.01683961386588175,0.0,0.0,0.0
2023-12-08,0.0,0.0,0.0,1887063.1278450014,0.0,1887063.1278450014,-0.0,4951062.023940001,0.01683961386588175,0.0,0.0,0.0
2023-12-11,-5413993.4625375,-5413993.4625375,5295320.0,1768389.6653075013,-118673.46253750008,1887063.1278450014,5413993.4625375,4951062.023940001,0.015053334888497874,-0.02396929425720684,-0.01735467835164184,-0.017354678351641742
2023-12-12,0.0,-5413993.4625375,5193766.0,1666835.6653075013,-220227.46253750008,1887063.1278450014,5413993.4625375,4951062.023940001,0.01418886118043609,-0.020511558835044574,-0.015113435544526155,-0.015113435544526228
2023-12-13,0.0,-5413993.4625375,5251797.0,1724866.6653075013,-162196.46253750008,1887063.1278450014,5413993.4625375,4951062.023940001,0.014682847372536188,0.011720919616720893,0.008768796787881117,0.008768796787881214
2023-12-14,0.0,-5413993.4625375,5237289.0,1710358.6653075013,-176704.46253750008,1887063.1278450014,5413993.4625375,4951062.023940001,0.014559348696397776,-0.0029302803983972114,-0.0021731807925641222,-0.002173180792564055
2023-12-15,5280812.6428575,0.0,0.0,1753882.3081650015,0.0,1753882.3081650015,-0.0,4951062.023940001,0.014929841684654072,0.008790769060668058,0.0065336877653972,0.00653368776539719
2023-12-18,0.0,0.0,0.0,1753882.3081650015,0.0,1753882.3081650015,-0.0,4951062.023940001,0.014929841684654072,0.0,0.0,0.0
2023-12-19,0.0,0.0,0.0,1753882.3081650015,0.0,1753882.3081650015,-0.0,4951062.023940001,0.014929841684654072,0.0,0.0,0.0
2023-12-20,0.0,0.0,0.0,1753882.3081650015,0.0,1753882.3081650015,-0.0,4951062.023940001,0.014929841684654072,0.0,0.0,0.0
2023-12-21,0.0,0.0,0.0,1753882.3081650015,0.0,1753882.3081650015,-0.0,4951062.023940001,0.014929841684654072,0.0,0.0,0.0
2023-12-22,0.0,0.0,0.0,1753882.3081650015,0.0,1753882.3081650015,-0.0,4951062.023940001,0.014929841684654072,0.0,0.0,0.0
2023-12-25,0.0,0.0,0.0,1753882.3081650015,0.0,1753882.3081650015,-0.0,4951062.023940001,0.014929841684654072,0.0,0.0,0.0
2023-12-26,0.0,0.0,0.0,1753882.3081650015,0.0,1753882.3081650015,-0.0,4951062.023940001,0.014929841684654072,0.0,0.0,0.0
2023-12-27,0.0,0.0,0.0,1753882.3081650015,0.0,1753882.3081650015,-0.0,4951062.023940001,0.014929841684654072,0.0,0.0,0.0
2023-12-28,0.0,0.0,0.0,1753882.3081650015,0.0,1753882.3081650015,-0.0,4951062.023940001,0.014929841684654072,0.0,0.0,0.0
2023-12-29,0.0,0.0,0.0,1753882.3081650015,0.0,1753882.3081650015,-0.0,4951062.023940001,0.014929841684654072,0.0,0.0,0.0
2024-01-02,0.0,0.0,0.0,1753882.3081650015,0.0,1753882.3081650015,-0.0,4951062.023940001,0.014929841684654072,0.0,0.0,0.0
2024-01-03,0.0,0.0,0.0,1753882.3081650015,0.0,1753882.3081650015,-0.0,4951062.023940001,0.014929841684654072,0.0,0.0,0.0
2024-01-04,0.0,0.0,0.0,1753882.3081650015,0.0,1753882.3081650015,-0.0,4951062.023940001,0.014929841684654072,0.0,0.0,0.0
2024-01-05,0.0,0.0,0.0,1753882.3081650015,0.0,1753882.3081650015,-0.0,4951062.023940001,0.014929841684654072,0.0,0.0,0.0
2024-01-08,0.0,0.0,0.0,1753882.3081650015,0.0,1753882.3081650015,-0.0,4951062.023940001,0.014929841684654072,0.0,0.0,0.0
2024-01-09,0.0,0.0,0.0,1753882.3081650015,0.0,1753882.3081650015,-0.0,4951062.023940001,0.014929841684654072,0.0,0.0,0.0
2024-01-10,0.0,0.0,0.0,1753882.3081650015,0.0,1753882.3081650015,-0.0,4951062.023940001,0.014929841684654072,0.0,0.0,0.0
2024-01-11,0.0,0.0,0.0,1753882.3081650015,0.0,1753882.3081650015,-0.0,4951062.023940001,0.014929841684654072,0.0,0.0,0.0
2024-01-12,-5443179.3933075,-5443179.3933075,5251797.0,1562499.9148575019,-191382.3933074996,1753882.3081650015,5443179.3933075,4951062.023940001,0.01271171311643903,-0.03865481635699641,-0.028543472373232293,-0.028543472373232293
2024-01-15,0.0,-5443179.3933075,5106720.0,1417422.9148575019,-336459.3933074996,1753882.3081650015,5443179.3933075,4951062.023940001,0.011531439641696593,-0.0293021980533682,-0.02227306677408869,-0.022273066774088787
2024-01-16,5121227.744692499,0.0,0.0,1431930.659550001,0.0,1431930.659550001,-0.0,4951062.023940001,0.011649467352766521,0.002930228832187798,0.0022780527601025113,0.0022780527601025313
2024-01-17,0.0,0.0,0.0,1431930.659550001,0.0,1431930.659550001,-0.0,4951062.023940001,0.011649467352766521,0.0,0.0,0.0
2024-01-18,0.0,0.0,0.0,1431930.659550001,0.0,1431930.659550001,-0.0,4951062.023940001,0.011649467352766521,0.0,0.0,0.0
2024-01-19,0.0,0.0,0.0,1431930.659550001,0.0,1431930.659550001,-0.0,4951062.023940001,0.011649467352766521,0.0,0.0,0.0
2024-01-22,0.0,0.0,0.0,1431930.659550001,0.0,1431930.659550001,-0.0,4951062.023940001,0.011649467352766521,0.0,0.0,0.0
2024-01-23,0.0,0.0,0.0,1431930.659550001,0.0,1431930.659550001,-0.0,4951062.023940001,0.011649467352766521,0.0,0.0,0.0
2024-01-24,0.0,0.0,0.0,1431930.659550001,0.0,1431930.659550001,-0.0,4951062.023940001,0.011649467352766521,0.0,0.0,0.0
2024-01-25,0.0,0.0,0.0,1431930.659550001,0.0,1431930.659550001,-0.0,4951062.023940001,0.011649467352766521,0.0,0.0,0.0
2024-01-26,0.0,0.0,0.0,1431930.659550001,0.0,1431930.659550001,-0.0,4951062.023940001,0.011649467352766521,0.0,0.0,0.0
2024-01-29,0.0,0.0,0.0,1431930.659550001,0.0,1431930.659550001,-0.0,4951062.023940001,0.011649467352766521,0.0,0.0,0.0
2024-01-30,0.0,0.0,0.0,1431930.659550001,0.0,1431930.659550001,-0.0,4951062.023940001,0.011649467352766521,0.0,0.0,0.0
2024-01-31,0.0,0.0,0.0,1431930.659550001,0.0,1431930.659550001,-0.0,4951062.023940001,0.011649467352766521,0.0,0.0,0.0
2024-02-01,0.0,0.0,0.0,1431930.659550001,0.0,1431930.659550001,-0.0,4951062.023940001,0.011649467352766521,0.0,0.0,0.0
2024-02-02,0.0,0.0,0.0,1431930.659550001,0.0,1431930.659550001,-0.0,4951062.023940001,0.011649467352766521,0.0,0.0,0.0
2024-02-05,0.0,0.0,0.0,1431930.659550001,0.0,1431930.659550001,-0.0,4951062.023940001,0.011649467352766521,0.0,0.0,0.0
2024-02-15,0.0,0.0,0.0,1431930.659550001,0.0,1431930.659550001,-0.0,4951062.023940001,0.011649467352766521,0.0,0.0,0.0
2024-02-16,0.0,0.0,0.0,1431930.659550001,0.0,1431930.659550001,-0.0,4951062.023940001,0.011649467352766521,0.0,0.0,0.0
2024-02-19,0.0,0.0,0.0,1431930.659550001,0.0,1431930.659550001,-0.0,4951062.023940001,0.011649467352766521,0.0,0.0,0.0
2024-02-20,0.0,0.0,0.0,1431930.659550001,0.0,1431930.659550001,-0.0,4951062.023940001,0.011649467352766521,0.0,0.0,0.0
2024-02-21,0.0,0.0,0.0,1431930.659550001,0.0,1431930.659550001,-0.0,4951062.023940001,0.011649467352766521,0.0,0.0,0.0
2024-02-22,0.0,0.0,0.0,1431930.659550001,0.0,1431930.659550001,-0.0,4951062.023940001,0.011649467352766521,0.0,0.0,0.0
2024-02-23,0.0,0.0,0.0,1431930.659550001,0.0,1431930.659550001,-0.0,4951062.023940001,0.011649467352766521,0.0,0.0,0.0
2024-02-26,0.0,0.0,0.0,1431930.659550001,0.0,1431930.659550001,-0.0,4951062.023940001,0.011649467352766521,0.0,0.0,0.0
2024-02-27,0.0,0.0,0.0,1431930.659550001,0.0,1431930.659550001,-0.0,4951062.023940001,0.011649467352766521,0.0,0.0,0.0
2024-02-29,0.0,0.0,0.0,1431930.659550001,0.0,1431930.659550001,-0.0,4951062.023940001,0.011649467352766521,0.0,0.0,0.0
2024-03-01,-4640565.6962775,-4640565.6962775,4584442.0,1375806.9632725008,-56123.69627750013,1431930.659550001,4640565.6962775,4951062.023940001,0.010785678173959977,-0.011335688384860432,-0.008792693186484013,-0.008792693186484058
2024-03-04,0.0,-4640565.6962775,4482888.0,1274252.9632725008,-157677.69627750013,1431930.659550001,4640565.6962775,4951062.023940001,0.009989542676380449,-0.02051155883504452,-0.016051225369966615,-0.01605122536996657
2024-03-05,4526410.708732501,0.0,0.0,1317775.6720050012,0.0,1317775.6720050012,-0.0,4951062.023940001,0.01033074020058194,0.008790580389026414,0.006991246036851306,0.006991246036851306
2024-03-06,0.0,0.0,0.0,1317775.6720050012,0.0,1317775.6720050012,-0.0,4951062.023940001,0.01033074020058194,0.0,0.0,0.0
2024-03-07,0.0,0.0,0.0,1317775.6720050012,0.0,1317775.6720050012,-0.0,4951062.023940001,0.01033074020058194,0.0,0.0,0.0
2024-03-08,0.0,0.0,0.0,1317775.6720050012,0.0,1317775.6720050012,-0.0,4951062.023940001,0.01033074020058194,0.0,0.0,0.0
2024-03-11,0.0,0.0,0.0,1317775.6720050012,0.0,1317775.6720050012,-0.0,4951062.023940001,0.01033074020058194,0.0,0.0,0.0
2024-03-12,0.0,0.0,0.0,1317775.6720050012,0.0,1317775.6720050012,-0.0,4951062.023940001,0.01033074020058194,0.0,0.0,0.0
2024-03-13,0.0,0.0,0.0,1317775.6720050012,0.0,1317775.6720050012,-0.0,4951062.023940001,0.01033074020058194,0.0,0.0,0.0
2024-03-14,0.0,0.0,0.0,1317775.6720050012,0.0,1317775.6720050012,-0.0,4951062.023940001,0.01033074020058194,0.0,0.0,0.0
2024-03-15,0.0,0.0,0.0,1317775.6720050012,0.0,1317775.6720050012,-0.0,4951062.023940001,0.01033074020058194,0.0,0.0,0.0
2024-03-18,0.0,0.0,0.0,1317775.6720050012,0.0,1317775.6720050012,-0.0,4951062.023940001,0.01033074020058194,0.0,0.0,0.0
2024-03-19,0.0,0.0,0.0,1317775.6720050012,0.0,1317775.6720050012,-0.0,4951062.023940001,0.01033074020058194,0.0,0.0,0.0
2024-03-20,0.0,0.0,0.0,1317775.6720050012,0.0,1317775.6720050012,-0.0,4951062.023940001,0.01033074020058194,0.0,0.0,0.0
2024-03-21,0.0,0.0,0.0,1317775.6720050012,0.0,1317775.6720050012,-0.0,4951062.023940001,0.01033074020058194,0.0,0.0,0.0
2024-03-22,0.0,0.0,0.0,1317775.6720050012,0.0,1317775.6720050012,-0.0,4951062.023940001,0.01033074020058194,0.0,0.0,0.0
2024-03-25,0.0,0.0,0.0,1317775.6720050012,0.0,1317775.6720050012,-0.0,4951062.023940001,0.01033074020058194,0.0,0.0,0.0
2024-03-26,0.0,0.0,0.0,1317775.6720050012,0.0,1317775.6720050012,-0.0,4951062.023940001,0.01033074020058194,0.0,0.0,0.0
2024-03-27,0.0,0.0,0.0,1317775.6720050012,0.0,1317775.6720050012,-0.0,4951062.023940001,0.01033074020058194,0.0,0.0,0.0
2024-03-28,0.0,0.0,0.0,1317775.6720050012,0.0,1317775.6720050012,-0.0,4951062.023940001,0.01033074020058194,0.0,0.0,0.0
2024-03-29,0.0,0.0,0.0,1317775.6720050012,0.0,1317775.6720050012,-0.0,4951062.023940001,0.01033074020058194,0.0,0.0,0.0
2024-04-01,0.0,0.0,0.0,1317775.6720050012,0.0,1317775.6720050012,-0.0,4951062.023940001,0.01033074020058194,0.0,0.0,0.0
2024-04-02,0.0,0.0,0.0,1317775.6720050012,0.0,1317775.6720050012,-0.0,4951062.023940001,0.01033074020058194,0.0,0.0,0.0
2024-04-03,-5370214.46624,-5370214.46624,5358187.0,1305748.2057650012,-12027.46623999998,1317775.6720050012,5370214.46624,4951062.023940001,0.009822906650712724,-0.002429269959019542,-0.0019186118421570253,-0.0019186118421569516
2024-04-08,0.0,-5370214.46624,5029345.0,976906.2057650012,-340869.46624,1317775.6720050012,5370214.46624,4951062.023940001,0.007349087996724071,-0.06641847716912891,-0.05255745146924562,-0.05255745146924559
2024-04-09,5145407.175159999,0.0,0.0,1092968.3809250009,0.0,1092968.3809250009,-0.0,4951062.023940001,0.008222202665572045,0.023441874611709795,0.019578744463982334,0.01957874446398228
2024-04-10,0.0,0.0,0.0,1092968.3809250009,0.0,1092968.3809250009,-0.0,4951062.023940001,0.008222202665572045,0.0,0.0,0.0
2024-04-11,0.0,0.0,0.0,1092968.3809250009,0.0,1092968.3809250009,-0.0,4951062.023940001,0.008222202665572045,0.0,0.0,0.0
2024-04-12,0.0,0.0,0.0,1092968.3809250009,0.0,1092968.3809250009,-0.0,4951062.023940001,0.008222202665572045,0.0,0.0,0.0
2024-04-15,0.0,0.0,0.0,1092968.3809250009,0.0,1092968.3809250009,-0.0,4951062.023940001,0.008222202665572045,0.0,0.0,0.0
2024-04-16,0.0,0.0,0.0,1092968.3809250009,0.0,1092968.3809250009,-0.0,4951062.023940001,0.008222202665572045,0.0,0.0,0.0
2024-04-17,0.0,0.0,0.0,1092968.3809250009,0.0,1092968.3809250009,-0.0,4951062.023940001,0.008222202665572045,0.0,0.0,0.0
2024-04-18,0.0,0.0,0.0,1092968.3809250009,0.0,1092968.3809250009,-0.0,4951062.023940001,0.008222202665572045,0.0,0.0,0.0
2024-04-19,0.0,0.0,0.0,1092968.3809250009,0.0,1092968.3809250009,-0.0,4951062.023940001,0.008222202665572045,0.0,0.0,0.0
2024-04-22,0.0,0.0,0.0,1092968.3809250009,0.0,1092968.3809250009,-0.0,4951062.023940001,0.008222202665572045,0.0,0.0,0.0
2024-04-23,0.0,0.0,0.0,1092968.3809250009,0.0,1092968.3809250009,-0.0,4951062.023940001,0.008222202665572045,0.0,0.0,0.0
2024-04-24,0.0,0.0,0.0,1092968.3809250009,0.0,1092968.3809250009,-0.0,4951062.023940001,0.008222202665572045,0.0,0.0,0.0
2024-04-25,0.0,0.0,0.0,1092968.3809250009,0.0,1092968.3809250009,-0.0,4951062.023940001,0.008222202665572045,0.0,0.0,0.0
2024-04-26,0.0,0.0,0.0,1092968.3809250009,0.0,1092968.3809250009,-0.0,4951062.023940001,0.008222202665572045,0.0,0.0,0.0
2024-04-29,-5253470.74316,-5253470.74316,5261469.0,1100966.6377650008,7998.256839999929,1092968.3809250009,5253470.74316,4951062.023940001,0.007967489684865903,0.0016154628645987101,0.0013233316684777563,0.0013233316684776964
2024-04-30,0.0,-5253470.74316,5300156.0,1139653.6377650008,46685.25683999993,1092968.3809250009,5253470.74316,4951062.023940001,0.008247460269682297,0.007813879085524611,0.006392401979983475,0.00639240197998351
2024-05-02,0.0,-5253470.74316,5319500.0,1158997.6377650008,66029.25683999993,1092968.3809250009,5253470.74316,4951062.023940001,0.008387449180497,0.003907040531196226,0.003175981456764232,0.003175981456764466
2024-05-03,0.0,-5253470.74316,5203438.0,1042935.6377650008,-50032.74316000007,1092968.3809250009,5253470.74316,4951062.023940001,0.007547530189234807,-0.023441839233441703,-0.018995231867770856,-0.018995231867770846
2024-05-06,0.0,-5253470.74316,5222782.0,1062279.6377650008,-30688.74316000007,1092968.3809250009,5253470.74316,4951062.023940001,0.007687519100049508,0.003907040531196226,0.0032272284861882827,0.0032272284861882264
2024-05-07,5106719.92712,0.0,0.0,946217.5648850003,0.0,946217.5648850003,-0.0,4951062.023940001,0.006847599581368381,-0.023441853953515918,-0.019300761441699454,-0.019300761441699395
2024-05-08,0.0,0.0,0.0,946217.5648850003,0.0,946217.5648850003,-0.0,4951062.023940001,0.006847599581368381,0.0,0.0,0.0
2024-05-09,0.0,0.0,0.0,946217.5648850003,0.0,946217.5648850003,-0.0,4951062.023940001,0.006847599581368381,0.0,0.0,0.0
2024-05-10,0.0,0.0,0.0,946217.5648850003,0.0,946217.5648850003,-0.0,4951062.023940001,0.006847599581368381,0.0,0.0,0.0
2024-05-13,0.0,0.0,0.0,946217.5648850003,0.0,946217.5648850003,-0.0,4951062.023940001,0.006847599581368381,0.0,0.0,0.0
2024-05-14,0.0,0.0,0.0,946217.5648850003,0.0,946217.5648850003,-0.0,4951062.023940001,0.006847599581368381,0.0,0.0,0.0
2024-05-15,0.0,0.0,0.0,946217.5648850003,0.0,946217.5648850003,-0.0,4951062.023940001,0.006847599581368381,0.0,0.0,0.0
2024-05-16,0.0,0.0,0.0,946217.5648850003,0.0,946217.5648850003,-0.0,4951062.023940001,0.006847599581368381,0.0,0.0,0.0
2024-05-17,-4173590.8039575005,-4173590.8039575005,4149210.0,921836.7609274999,-24380.803957500495,946217.5648850003,4173590.8039575005,4951062.023940001,0.006475575249600666,-0.004924358418377989,-0.00413424589936362,-0.004134245899363613
2024-05-20,0.0,-4173590.8039575005,4236256.0,1008882.7609274999,62665.196042499505,946217.5648850003,4173590.8039575005,4951062.023940001,0.007087042428029962,0.017581278436647363,0.014821641439537236,0.014821641439537231
2024-05-21,0.0,-4173590.8039575005,4163718.0,936344.7609274999,-9872.803957500495,946217.5648850003,4173590.8039575005,4951062.023940001,0.006577488787553614,-0.01465099803825018,-0.012170918123969199,-0.01217091812396927
2024-05-22,4149210.0403425004,0.0,0.0,921836.8012700004,0.0,921836.8012700004,-0.0,4951062.023940001,0.0064755755329923784,-0.002930272250145277,-0.0024642359849822437,-0.0024642359849823014
2024-05-23,0.0,0.0,0.0,921836.8012700004,0.0,921836.8012700004,-0.0,4951062.023940001,0.0064755755329923784,0.0,0.0,0.0
2024-05-24,0.0,0.0,0.0,921836.8012700004,0.0,921836.8012700004,-0.0,4951062.023940001,0.0064755755329923784,0.0,0.0,0.0
2024-05-27,0.0,0.0,0.0,921836.8012700004,0.0,921836.8012700004,-0.0,4951062.023940001,0.0064755755329923784,0.0,0.0,0.0
2024-05-28,0.0,0.0,0.0,921836.8012700004,0.0,921836.8012700004,-0.0,4951062.023940001,0.0064755755329923784,0.0,0.0,0.0
2024-05-29,-4523821.973197501,-4523821.973197501,4439364.0,837378.8280724993,-84457.97319750115,921836.8012700004,4523821.973197501,4951062.023940001,0.005701116863457545,-0.017058556889232912,-0.014380968532091365,-0.014380968532091327
2024-05-30,0.0,-4523821.973197501,4381334.0,779348.8280724993,-142487.97319750115,921836.8012700004,4523821.973197501,4951062.023940001,0.005306031866684976,-0.011720717639853023,-0.010025152106343915,-0.010025152106343867
2024-05-31,0.0,-4523821.973197501,4221749.0,619763.8280724993,-302072.97319750115,921836.8012700004,4523821.973197501,4951062.023940001,0.004219531104838509,-0.032232478451765384,-0.02784878852865391,-0.02784878852865398
2024-06-03,4423901.527972501,0.0,0.0,821916.3560450004,0.0,821916.3560450004,-0.0,4951062.023940001,0.005595843888942978,0.040830134422680964,0.036287712691552176,0.036287712691552204
2024-06-04,-4641448.051844999,-4641448.051844999,4497145.0,677613.3042000012,-144303.0518449992,821916.3560450004,4641448.051844999,4951062.023940001,0.00447206826109019,-0.029145878429162664,-0.024996291748692556,-0.024996291748692487
2024-06-05,4570388.442322499,0.0,0.0,750856.7465225003,0.0,750856.7465225003,-0.0,4951062.023940001,0.004955455573165102,0.014793481068979403,0.013012554118430941,0.013012554118430997
2024-06-06,0.0,0.0,0.0,750856.7465225003,0.0,750856.7465225003,-0.0,4951062.023940001,0.004955455573165102,0.0,0.0,0.0
2024-06-07,0.0,0.0,0.0,750856.7465225003,0.0,750856.7465225003,-0.0,4951062.023940001,0.004955455573165102,0.0,0.0,0.0
2024-06-11,-4759326.189165,-4759326.189165,4570388.0,561918.5573575004,-188938.18916499987,750856.7465225003,4759326.189165,4951062.023940001,0.0035955755115570916,-0.03816114365997075,-0.033135896313316704,-0.03313589631331673
2024-06-12,4585037.1337575,0.0,0.0,576567.691115,0.0,576567.691115,-0.0,4951062.023940001,0.0036893116338373158,0.0029587861526812337,0.002657207574283005,0.0026572075742831475
2024-06-13,0.0,0.0,0.0,576567.691115,0.0,576567.691115,-0.0,4951062.023940001,0.0036893116338373158,0.0,0.0,0.0
2024-06-14,0.0,0.0,0.0,576567.691115,0.0,576567.691115,-0.0,4951062.023940001,0.0036893116338373158,0.0,0.0,0.0
2024-06-17,0.0,0.0,0.0,576567.691115,0.0,576567.691115,-0.0,4951062.023940001,0.0036893116338373158,0.0,0.0,0.0
2024-06-18,0.0,0.0,0.0,576567.691115,0.0,576567.691115,-0.0,4951062.023940001,0.0036893116338373158,0.0,0.0,0.0
2024-06-19,-4921408.62798,-4921408.62798,4731524.0,386683.0631349997,-189884.62798000034,576567.691115,4921408.62798,4951062.023940001,0.0023987490010123243,-0.038352302407412026,-0.03435190809956612,-0.034351908099566134
2024-06-20,4731523.749435,0.0,0.0,386682.81257000036,0.0,386682.81257000036,-0.0,4951062.023940001,0.0023987474466578692,-5.0608333745927325e-08,-4.6942106646241655e-08,-4.6942106688696e-08
2024-06-21,0.0,0.0,0.0,386682.81257000036,0.0,386682.81257000036,-0.0,4951062.023940001,0.0023987474466578692,0.0,0.0,0.0
2024-06-24,0.0,0.0,0.0,386682.81257000036,0.0,386682.81257000036,-0.0,4951062.023940001,0.0023987474466578692,0.0,0.0,0.0
2024-06-25,0.0,0.0,0.0,386682.81257000036,0.0,386682.81257000036,-0.0,4951062.023940001,0.0023987474466578692,0.0,0.0,0.0
2024-06-26,0.0,0.0,0.0,386682.81257000036,0.0,386682.81257000036,-0.0,4951062.023940001,0.0023987474466578692,0.0,0.0,0.0
2024-06-27,0.0,0.0,0.0,386682.81257000036,0.0,386682.81257000036,-0.0,4951062.023940001,0.0023987474466578692,0.0,0.0,0.0
2024-06-28,0.0,0.0,0.0,386682.81257000036,0.0,386682.81257000036,-0.0,4951062.023940001,0.0023987474466578692,0.0,0.0,0.0
2024-07-01,0.0,0.0,0.0,386682.81257000036,0.0,386682.81257000036,-0.0,4951062.023940001,0.0023987474466578692,0.0,0.0,0.0
2024-07-02,0.0,0.0,0.0,386682.81257000036,0.0,386682.81257000036,-0.0,4951062.023940001,0.0023987474466578692,0.0,0.0,0.0
2024-07-03,0.0,0.0,0.0,386682.81257000036,0.0,386682.81257000036,-0.0,4951062.023940001,0.0023987474466578692,0.0,0.0,0.0
2024-07-04,0.0,0.0,0.0,386682.81257000036,0.0,386682.81257000036,-0.0,4951062.023940001,0.0023987474466578692,0.0,0.0,0.0
2024-07-05,0.0,0.0,0.0,386682.81257000036,0.0,386682.81257000036,-0.0,4951062.023940001,0.0023987474466578692,0.0,0.0,0.0
2024-07-08,0.0,0.0,0.0,386682.81257000036,0.0,386682.81257000036,-0.0,4951062.023940001,0.0023987474466578692,0.0,0.0,0.0
2024-07-09,0.0,0.0,0.0,386682.81257000036,0.0,386682.81257000036,-0.0,4951062.023940001,0.0023987474466578692,0.0,0.0,0.0
2024-07-10,-4774060.9563299995,-4774060.9563299995,4702226.0,314847.85624000087,-71834.95632999949,386682.81257000036,4774060.9563299995,4951062.023940001,0.00189694774302248,-0.01450899947983969,-0.013457922499151898,-0.013457922499151839
2024-07-11,4775469.82374,0.0,0.0,388091.6799800008,0.0,388091.6799800008,-0.0,4951062.023940001,0.0023382393172869044,0.014793558106491522,0.013909053783027536,0.013909053783027571
2024-07-12,0.0,0.0,0.0,388091.6799800008,0.0,388091.6799800008,-0.0,4951062.023940001,0.0023382393172869044,0.0,0.0,0.0
2024-07-15,0.0,0.0,0.0,388091.6799800008,0.0,388091.6799800008,-0.0,4951062.023940001,0.0023382393172869044,0.0,0.0,0.0
2024-07-16,0.0,0.0,0.0,388091.6799800008,0.0,388091.6799800008,-0.0,4951062.023940001,0.0023382393172869044,0.0,0.0,0.0
2024-07-17,0.0,0.0,0.0,388091.6799800008,0.0,388091.6799800008,-0.0,4951062.023940001,0.0023382393172869044,0.0,0.0,0.0
2024-07-18,0.0,0.0,0.0,388091.6799800008,0.0,388091.6799800008,-0.0,4951062.023940001,0.0023382393172869044,0.0,0.0,0.0
2024-07-19,0.0,0.0,0.0,388091.6799800008,0.0,388091.6799800008,-0.0,4951062.023940001,0.0023382393172869044,0.0,0.0,0.0
2024-07-22,0.0,0.0,0.0,388091.6799800008,0.0,388091.6799800008,-0.0,4951062.023940001,0.0023382393172869044,0.0,0.0,0.0
2024-07-23,0.0,0.0,0.0,388091.6799800008,0.0,388091.6799800008,-0.0,4951062.023940001,0.0023382393172869044,0.0,0.0,0.0
2024-07-26,0.0,0.0,0.0,388091.6799800008,0.0,388091.6799800008,-0.0,4951062.023940001,0.0023382393172869044,0.0,0.0,0.0
2024-07-29,0.0,0.0,0.0,388091.6799800008,0.0,388091.6799800008,-0.0,4951062.023940001,0.0023382393172869044,0.0,0.0,0.0
2024-07-30,0.0,0.0,0.0,388091.6799800008,0.0,388091.6799800008,-0.0,4951062.023940001,0.0023382393172869044,0.0,0.0,0.0
2024-07-31,0.0,0.0,0.0,388091.6799800008,0.0,388091.6799800008,-0.0,4951062.023940001,0.0023382393172869044,0.0,0.0,0.0
2024-08-01,0.0,0.0,0.0,388091.6799800008,0.0,388091.6799800008,-0.0,4951062.023940001,0.0023382393172869044,0.0,0.0,0.0
2024-08-02,0.0,0.0,0.0,388091.6799800008,0.0,388091.6799800008,-0.0,4951062.023940001,0.0023382393172869044,0.0,0.0,0.0
2024-08-05,0.0,0.0,0.0,388091.6799800008,0.0,388091.6799800008,-0.0,4951062.023940001,0.0023382393172869044,0.0,0.0,0.0
2024-08-06,0.0,0.0,0.0,388091.6799800008,0.0,388091.6799800008,-0.0,4951062.023940001,0.0023382393172869044,0.0,0.0,0.0
2024-08-07,0.0,0.0,0.0,388091.6799800008,0.0,388091.6799800008,-0.0,4951062.023940001,0.0023382393172869044,0.0,0.0,0.0
2024-08-08,0.0,0.0,0.0,388091.6799800008,0.0,388091.6799800008,-0.0,4951062.023940001,0.0023382393172869044,0.0,0.0,0.0
2024-08-09,0.0,0.0,0.0,388091.6799800008,0.0,388091.6799800008,-0.0,4951062.023940001,0.0023382393172869044,0.0,0.0,0.0
2024-08-12,0.0,0.0,0.0,388091.6799800008,0.0,388091.6799800008,-0.0,4951062.023940001,0.0023382393172869044,0.0,0.0,0.0
2024-08-13,0.0,0.0,0.0,388091.6799800008,0.0,388091.6799800008,-0.0,4951062.023940001,0.0023382393172869044,0.0,0.0,0.0
2024-08-14,0.0,0.0,0.0,388091.6799800008,0.0,388091.6799800008,-0.0,4951062.023940001,0.0023382393172869044,0.0,0.0,0.0
2024-08-15,0.0,0.0,0.0,388091.6799800008,0.0,388091.6799800008,-0.0,4951062.023940001,0.0023382393172869044,0.0,0.0,0.0
2024-08-16,0.0,0.0,0.0,388091.6799800008,0.0,388091.6799800008,-0.0,4951062.023940001,0.0023382393172869044,0.0,0.0,0.0
2024-08-19,-4557951.0379099995,-4557951.0379099995,4609451.0,439591.6420700013,51499.96209000051,388091.6799800008,4557951.0379099995,4951062.023940001,0.002577736345535663,0.010401801036016387,0.009645716333693377,0.009645716333693351
2024-08-20,0.0,-4557951.0379099995,4609451.0,439591.6420700013,51499.96209000051,388091.6799800008,4557951.0379099995,4951062.023940001,0.002577736345535663,0.0,0.0,0.0
2024-08-21,0.0,-4557951.0379099995,4550857.0,380997.6420700013,-7094.03790999949,388091.6799800008,4557951.0379099995,4951062.023940001,0.0022341450008069915,-0.011834632593306013,-0.010869553792605235,-0.010869553792605175
2024-08-22,0.0,-4557951.0379099995,4589920.0,420060.6420700013,31968.96209000051,388091.6799800008,4557951.0379099995,4951062.023940001,0.0024632078519374163,0.007889822387826623,0.007326062056096649,0.007326062056096791
2024-08-23,0.0,-4557951.0379099995,4492262.0,322402.6420700013,-65689.03790999949,388091.6799800008,4557951.0379099995,4951062.023940001,0.0018905477921443894,-0.019724656958000478,-0.018182046114494255,-0.018182046114494407
2024-08-26,4531324.96649,0.0,0.0,361465.6085600008,0.0,361465.6085600008,-0.0,4951062.023940001,0.002119610446774385,0.007889815619581686,0.0074074577083600435,0.007407457708359927
2024-08-27,0.0,0.0,0.0,361465.6085600008,0.0,361465.6085600008,-0.0,4951062.023940001,0.002119610446774385,0.0,0.0,0.0
2024-08-28,0.0,0.0,0.0,361465.6085600008,0.0,361465.6085600008,-0.0,4951062.023940001,0.002119610446774385,0.0,0.0,0.0
2024-08-29,0.0,0.0,0.0,361465.6085600008,0.0,361465.6085600008,-0.0,4951062.023940001,0.002119610446774385,0.0,0.0,0.0
2024-08-30,0.0,0.0,0.0,361465.6085600008,0.0,361465.6085600008,-0.0,4951062.023940001,0.002119610446774385,0.0,0.0,0.0
2024-09-02,0.0,0.0,0.0,361465.6085600008,0.0,361465.6085600008,-0.0,4951062.023940001,0.002119610446774385,0.0,0.0,0.0
2024-09-03,0.0,0.0,0.0,361465.6085600008,0.0,361465.6085600008,-0.0,4951062.023940001,0.002119610446774385,0.0,0.0,0.0
2024-09-04,0.0,0.0,0.0,361465.6085600008,0.0,361465.6085600008,-0.0,4951062.023940001,0.002119610446774385,0.0,0.0,0.0
2024-09-05,0.0,0.0,0.0,361465.6085600008,0.0,361465.6085600008,-0.0,4951062.023940001,0.002119610446774385,0.0,0.0,0.0
2024-09-06,0.0,0.0,0.0,361465.6085600008,0.0,361465.6085600008,-0.0,4951062.023940001,0.002119610446774385,0.0,0.0,0.0
2024-09-09,0.0,0.0,0.0,361465.6085600008,0.0,361465.6085600008,-0.0,4951062.023940001,0.002119610446774385,0.0,0.0,0.0
2024-09-10,0.0,0.0,0.0,361465.6085600008,0.0,361465.6085600008,-0.0,4951062.023940001,0.002119610446774385,0.0,0.0,0.0
2024-09-11,0.0,0.0,0.0,361465.6085600008,0.0,361465.6085600008,-0.0,4951062.023940001,0.002119610446774385,0.0,0.0,0.0
2024-09-12,0.0,0.0,0.0,361465.6085600008,0.0,361465.6085600008,-0.0,4951062.023940001,0.002119610446774385,0.0,0.0,0.0
2024-09-13,0.0,0.0,0.0,361465.6085600008,0.0,361465.6085600008,-0.0,4951062.023940001,0.002119610446774385,0.0,0.0,0.0
2024-09-16,0.0,0.0,0.0,361465.6085600008,0.0,361465.6085600008,-0.0,4951062.023940001,0.002119610446774385,0.0,0.0,0.0
2024-09-18,0.0,0.0,0.0,361465.6085600008,0.0,361465.6085600008,-0.0,4951062.023940001,0.002119610446774385,0.0,0.0,0.0
2024-09-19,0.0,0.0,0.0,361465.6085600008,0.0,361465.6085600008,-0.0,4951062.023940001,0.002119610446774385,0.0,0.0,0.0
2024-09-20,0.0,0.0,0.0,361465.6085600008,0.0,361465.6085600008,-0.0,4951062.023940001,0.002119610446774385,0.0,0.0,0.0
2024-09-23,0.0,0.0,0.0,361465.6085600008,0.0,361465.6085600008,-0.0,4951062.023940001,0.002119610446774385,0.0,0.0,0.0
2024-09-24,0.0,0.0,0.0,361465.6085600008,0.0,361465.6085600008,-0.0,4951062.023940001,0.002119610446774385,0.0,0.0,0.0
2024-09-25,0.0,0.0,0.0,361465.6085600008,0.0,361465.6085600008,-0.0,4951062.023940001,0.002119610446774385,0.0,0.0,0.0
2024-09-26,-4793707.31255,-4793707.31255,4394604.0,-37637.703989999136,-399103.3125499999,361465.6085600008,4793707.31255,4951062.023940001,-0.00021467062196994612,-0.08060963700721283,-0.07512493866543668,-0.07512493866543664
2024-09-27,0.0,-4793707.31255,4375073.0,-57168.703989999136,-418634.3125499999,361465.6085600008,4793707.31255,4951062.023940001,-0.0003260677443557613,-0.003944810205479398,-0.00397502815311479,-0.00397502815311476
2024-09-30,0.0,-4793707.31255,4296946.0,-135295.70398999914,-496761.3125499999,361465.6085600008,4793707.31255,4951062.023940001,-0.0007716733447160389,-0.015779846752521066,-0.01596418125452692,-0.015964181254526852
2024-10-01,0.0,-4793707.31255,4140694.0,-291547.70398999914,-653013.3125499999,361465.6085600008,4793707.31255,4951062.023940001,-0.0016628731382252494,-0.03155928955130649,-0.032445926487899346,-0.03244592648789949
2024-10-04,4160225.1817,0.0,0.0,-272016.5222899993,0.0,-272016.5222899993,-0.0,4951062.023940001,-0.0015514749794942847,0.003944846904676252,0.0041916775781492,0.004191677578149265
2024-10-07,0.0,0.0,0.0,-272016.5222899993,0.0,-272016.5222899993,-0.0,4951062.023940001,-0.0015514749794942847,0.0,0.0,0.0
2024-10-08,0.0,0.0,0.0,-272016.5222899993,0.0,-272016.5222899993,-0.0,4951062.023940001,-0.0015514749794942847,0.0,0.0,0.0
2024-10-09,0.0,0.0,0.0,-272016.5222899993,0.0,-272016.5222899993,-0.0,4951062.023940001,-0.0015514749794942847,0.0,0.0,0.0
2024-10-11,-4656182.819010001,-4656182.81901,4668046.0,-260153.34129999904,11863.180990000255,-272016.5222899993,4656182.81901,4951062.023940001,-0.0014454258542671381,0.0023960881387948482,0.0025353848313329763,0.002535384831332986
2024-10-14,0.0,-4656182.81901,4746172.0,-182027.34129999904,89989.18099000026,-272016.5222899993,4656182.81901,4951062.023940001,-0.0010113536269946344,0.015779644775653245,0.01665476889139339,0.016654768891393425
2024-10-15,0.0,-4656182.81901,4746172.0,-182027.34129999904,89989.18099000026,-272016.5222899993,4656182.81901,4951062.023940001,-0.0010113536269946344,0.0,0.0,0.0
2024-10-16,0.0,-4656182.81901,4726641.0,-201558.34129999904,70458.18099000026,-272016.5222899993,4656182.81901,4951062.023940001,-0.0011198689057860644,-0.003944810205479397,-0.004095378058602939,-0.004095378058602878
2024-10-17,4726640.85229,0.0,0.0,-201558.48900999964,0.0,-201558.48900999964,-0.0,4951062.023940001,-0.0011198697264707142,-2.9834003267836806e-08,-3.110009183515672e-08,-3.1100091814069303e-08
2024-10-18,0.0,0.0,0.0,-201558.48900999964,0.0,-201558.48900999964,-0.0,4951062.023940001,-0.0011198697264707142,0.0,0.0,0.0
2024-10-21,0.0,0.0,0.0,-201558.48900999964,0.0,-201558.48900999964,-0.0,4951062.023940001,-0.0011198697264707142,0.0,0.0,0.0
2024-10-22,0.0,0.0,0.0,-201558.48900999964,0.0,-201558.48900999964,-0.0,4951062.023940001,-0.0011198697264707142,0.0,0.0,0.0
2024-10-23,-3727893.388897501,-3727893.388897501,3852603.0,-76848.87790750057,124709.61110249907,-201558.48900999964,3727893.388897501,4951062.023940001,-0.0004183122291052621,0.02518845663808843,0.026257399365076317,0.026257399365076386
2024-10-24,0.0,-3727893.388897501,3750062.0,-179389.87790750057,22168.611102499068,-201558.48900999964,3727893.388897501,4951062.023940001,-0.0009764746311160291,-0.020710910003587272,-0.021037446850978636,-0.02103744685097862
2024-10-25,0.0,-3727893.388897501,3764711.0,-164740.87790750057,36817.61110249907,-201558.48900999964,3727893.388897501,4951062.023940001,-0.000896735589883198,0.0029587591367604207,0.0030699929818482907,0.003069992981848134
2024-10-28,0.0,-3727893.388897501,3691468.0,-237983.87790750057,-36425.38889750093,-201558.48900999964,3727893.388897501,4951062.023940001,-0.001295419909428303,-0.01479339173006644,-0.015302566995679556,-0.015302566995679539
2024-10-29,3647521.479262501,0.0,0.0,-281930.39864499983,0.0,-281930.39864499983,-0.0,4951062.023940001,-0.0015346344243526606,-0.008876180610342482,-0.009324377694542196,-0.009324377694542096
2024-10-30,0.0,0.0,0.0,-281930.39864499983,0.0,-281930.39864499983,-0.0,4951062.023940001,-0.0015346344243526606,0.0,0.0,0.0
2024-11-01,0.0,0.0,0.0,-281930.39864499983,0.0,-281930.39864499983,-0.0,4951062.023940001,-0.0015346344243526606,0.0,0.0,0.0
2024-11-04,0.0,0.0,0.0,-281930.39864499983,0.0,-281930.39864499983,-0.0,4951062.023940001,-0.0015346344243526606,0.0,0.0,0.0
2024-11-05,0.0,0.0,0.0,-281930.39864499983,0.0,-281930.39864499983,-0.0,4951062.023940001,-0.0015346344243526606,0.0,0.0,0.0
2024-11-06,0.0,0.0,0.0,-281930.39864499983,0.0,-281930.39864499983,-0.0,4951062.023940001,-0.0015346344243526606,0.0,0.0,0.0
2024-11-07,0.0,0.0,0.0,-281930.39864499983,0.0,-281930.39864499983,-0.0,4951062.023940001,-0.0015346344243526606,0.0,0.0,0.0
2024-11-08,0.0,0.0,0.0,-281930.39864499983,0.0,-281930.39864499983,-0.0,4951062.023940001,-0.0015346344243526606,0.0,0.0,0.0
2024-11-11,0.0,0.0,0.0,-281930.39864499983,0.0,-281930.39864499983,-0.0,4951062.023940001,-0.0015346344243526606,0.0,0.0,0.0
2024-11-12,0.0,0.0,0.0,-281930.39864499983,0.0,-281930.39864499983,-0.0,4951062.023940001,-0.0015346344243526606,0.0,0.0,0.0
2024-11-13,0.0,0.0,0.0,-281930.39864499983,0.0,-281930.39864499983,-0.0,4951062.023940001,-0.0015346344243526606,0.0,0.0,0.0
2024-11-14,0.0,0.0,0.0,-281930.39864499983,0.0,-281930.39864499983,-0.0,4951062.023940001,-0.0015346344243526606,0.0,0.0,0.0
2024-11-15,0.0,0.0,0.0,-281930.39864499983,0.0,-281930.39864499983,-0.0,4951062.023940001,-0.0015346344243526606,0.0,0.0,0.0
2024-11-18,0.0,0.0,0.0,-281930.39864499983,0.0,-281930.39864499983,-0.0,4951062.023940001,-0.0015346344243526606,0.0,0.0,0.0
2024-11-19,0.0,0.0,0.0,-281930.39864499983,0.0,-281930.39864499983,-0.0,4951062.023940001,-0.0015346344243526606,0.0,0.0,0.0
2024-11-20,0.0,0.0,0.0,-281930.39864499983,0.0,-281930.39864499983,-0.0,4951062.023940001,-0.0015346344243526606,0.0,0.0,0.0
2024-11-21,0.0,0.0,0.0,-281930.39864499983,0.0,-281930.39864499983,-0.0,4951062.023940001,-0.0015346344243526606,0.0,0.0,0.0
2024-11-22,0.0,0.0,0.0,-281930.39864499983,0.0,-281930.39864499983,-0.0,4951062.023940001,-0.0015346344243526606,0.0,0.0,0.0
2024-11-25,0.0,0.0,0.0,-281930.39864499983,0.0,-281930.39864499983,-0.0,4951062.023940001,-0.0015346344243526606,0.0,0.0,0.0
2024-11-26,0.0,0.0,0.0,-281930.39864499983,0.0,-281930.39864499983,-0.0,4951062.023940001,-0.0015346344243526606,0.0,0.0,0.0
2024-11-27,0.0,0.0,0.0,-281930.39864499983,0.0,-281930.39864499983,-0.0,4951062.023940001,-0.0015346344243526606,0.0,0.0,0.0
2024-11-28,0.0,0.0,0.0,-281930.39864499983,0.0,-281930.39864499983,-0.0,4951062.023940001,-0.0015346344243526606,0.0,0.0,0.0
2024-11-29,0.0,0.0,0.0,-281930.39864499983,0.0,-281930.39864499983,-0.0,4951062.023940001,-0.0015346344243526606,0.0,0.0,0.0
2024-12-02,0.0,0.0,0.0,-281930.39864499983,0.0,-281930.39864499983,-0.0,4951062.023940001,-0.0015346344243526606,0.0,0.0,0.0
2024-12-03,0.0,0.0,0.0,-281930.39864499983,0.0,-281930.39864499983,-0.0,4951062.023940001,-0.0015346344243526606,0.0,0.0,0.0
2024-12-04,0.0,0.0,0.0,-281930.39864499983,0.0,-281930.39864499983,-0.0,4951062.023940001,-0.0015346344243526606,0.0,0.0,0.0
2024-12-05,0.0,0.0,0.0,-281930.39864499983,0.0,-281930.39864499983,-0.0,4951062.023940001,-0.0015346344243526606,0.0,0.0,0.0
2024-12-06,0.0,0.0,0.0,-281930.39864499983,0.0,-281930.39864499983,-0.0,4951062.023940001,-0.0015346344243526606,0.0,0.0,0.0
2024-12-09,0.0,0.0,0.0,-281930.39864499983,0.0,-281930.39864499983,-0.0,4951062.023940001,-0.0015346344243526606,0.0,0.0,0.0
2024-12-10,0.0,0.0,0.0,-281930.39864499983,0.0,-281930.39864499983,-0.0,4951062.023940001,-0.0015346344243526606,0.0,0.0,0.0
2024-12-11,-3668954.3202375006,-3668954.3202375,3662170.0,-288714.71888249996,-6784.320237500127,-281930.39864499983,3668954.3202375,4951062.023940001,-0.001540792030326228,-0.0013702757518883266,-0.0014530154174163812,-0.0014530154174163994
2024-12-12,3720764.9364375,0.0,0.0,-230119.78244500008,0.0,-230119.78244500008,-0.0,4951062.023940001,-0.0012280867708582665,0.011834821732019156,0.012567690179137614,0.012567690179137617
2024-12-13,-3904710.29445,-3904710.29445,3881900.0,-252930.076895,-22810.29444999993,-230119.78244500008,3904710.29445,4951062.023940001,-0.0013222652529031778,-0.0046071518271644935,-0.004831724957257033,-0.004831724957256944
2024-12-16,0.0,-3904710.29445,3999090.0,-135740.076895,94379.70555000007,-230119.78244500008,3904710.29445,4951062.023940001,-0.0007096205769912217,0.023669669140347686,0.024943956730229644,0.024943956730229637
2024-12-17,0.0,-3904710.29445,4350658.0,215827.923105,445947.7055500001,-230119.78244500008,3904710.29445,4951062.023940001,0.00112830299516523,0.07100860346730742,0.07301027924326942,0.07301027924326957
2024-12-18,0.0,-3904710.29445,4189522.0,54691.923104999994,284811.7055500001,-230119.78244500008,3904710.29445,4951062.023940001,0.00028591787273371744,-0.032545744573761116,-0.03118626517140266,-0.031186265171402654
2024-12-19,0.0,-3904710.29445,4072333.0,-62497.076895000006,167622.70555000007,-230119.78244500008,3904710.29445,4951062.023940001,-0.0003267215753885304,-0.02366946716347986,-0.023410859031370967,-0.023410859031371106
2024-12-20,4072333.2322049993,0.0,0.0,-62496.84469000064,0.0,-62496.84469000064,-0.0,4951062.023940001,-0.0003267203614696245,4.690003846570534e-08,4.7499624455937806e-08,4.7499624507924803e-08
2024-12-23,0.0,0.0,0.0,-62496.84469000064,0.0,-62496.84469000064,-0.0,4951062.023940001,-0.0003267203614696245,0.0,0.0,0.0
2024-12-24,0.0,0.0,0.0,-62496.84469000064,0.0,-62496.84469000064,-0.0,4951062.023940001,-0.0003267203614696245,0.0,0.0,0.0
2024-12-25,0.0,0.0,0.0,-62496.84469000064,0.0,-62496.84469000064,-0.0,4951062.023940001,-0.0003267203614696245,0.0,0.0,0.0
2024-12-26,0.0,0.0,0.0,-62496.84469000064,0.0,-62496.84469000064,-0.0,4951062.023940001,-0.0003267203614696245,0.0,0.0,0.0
2024-12-27,0.0,0.0,0.0,-62496.84469000064,0.0,-62496.84469000064,-0.0,4951062.023940001,-0.0003267203614696245,0.0,0.0,0.0
2024-12-30,0.0,0.0,0.0,-62496.84469000064,0.0,-62496.84469000064,-0.0,4951062.023940001,-0.0003267203614696245,0.0,0.0,0.0
2024-12-31,0.0,0.0,0.0,-62496.84469000064,0.0,-62496.84469000064,-0.0,4951062.023940001,-0.0003267203614696245,0.0,0.0,0.0
2025-01-02,0.0,0.0,0.0,-62496.84469000064,0.0,-62496.84469000064,-0.0,4951062.023940001,-0.0003267203614696245,0.0,0.0,0.0
2025-01-03,0.0,0.0,0.0,-62496.84469000064,0.0,-62496.84469000064,-0.0,4951062.023940001,-0.0003267203614696245,0.0,0.0,0.0
2025-01-06,0.0,0.0,0.0,-62496.84469000064,0.0,-62496.84469000064,-0.0,4951062.023940001,-0.0003267203614696245,0.0,0.0,0.0
2025-01-07,0.0,0.0,0.0,-62496.84469000064,0.0,-62496.84469000064,-0.0,4951062.023940001,-0.0003267203614696245,0.0,0.0,0.0
2025-01-08,0.0,0.0,0.0,-62496.84469000064,0.0,-62496.84469000064,-0.0,4951062.023940001,-0.0003267203614696245,0.0,0.0,0.0
2025-01-09,0.0,0.0,0.0,-62496.84469000064,0.0,-62496.84469000064,-0.0,4951062.023940001,-0.0003267203614696245,0.0,0.0,0.0
2025-01-10,0.0,0.0,0.0,-62496.84469000064,0.0,-62496.84469000064,-0.0,4951062.023940001,-0.0003267203614696245,0.0,0.0,0.0
2025-01-13,0.0,0.0,0.0,-62496.84469000064,0.0,-62496.84469000064,-0.0,4951062.023940001,-0.0003267203614696245,0.0,0.0,0.0
2025-01-14,0.0,0.0,0.0,-62496.84469000064,0.0,-62496.84469000064,-0.0,4951062.023940001,-0.0003267203614696245,0.0,0.0,0.0
2025-01-15,0.0,0.0,0.0,-62496.84469000064,0.0,-62496.84469000064,-0.0,4951062.023940001,-0.0003267203614696245,0.0,0.0,0.0
2025-01-16,0.0,0.0,0.0,-62496.84469000064,0.0,-62496.84469000064,-0.0,4951062.023940001,-0.0003267203614696245,0.0,0.0,0.0
2025-01-17,0.0,0.0,0.0,-62496.84469000064,0.0,-62496.84469000064,-0.0,4951062.023940001,-0.0003267203614696245,0.0,0.0,0.0
2025-01-20,0.0,0.0,0.0,-62496.84469000064,0.0,-62496.84469000064,-0.0,4951062.023940001,-0.0003267203614696245,0.0,0.0,0.0
2025-01-21,0.0,0.0,0.0,-62496.84469000064,0.0,-62496.84469000064,-0.0,4951062.023940001,-0.0003267203614696245,0.0,0.0,0.0
2025-01-22,0.0,0.0,0.0,-62496.84469000064,0.0,-62496.84469000064,-0.0,4951062.023940001,-0.0003267203614696245,0.0,0.0,0.0
2025-02-03,0.0,0.0,0.0,-62496.84469000064,0.0,-62496.84469000064,-0.0,4951062.023940001,-0.0003267203614696245,0.0,0.0,0.0
2025-02-04,0.0,0.0,0.0,-62496.84469000064,0.0,-62496.84469000064,-0.0,4951062.023940001,-0.0003267203614696245,0.0,0.0,0.0
2025-02-05,-3948914.595945,-3948914.595945,3955144.0,-56267.44063500082,6229.404054999817,-62496.84469000064,3948914.595945,4951062.023940001,-0.00028820462341300624,0.001258195519441811,0.001274280658349669,0.0012742806583496402
2025-02-06,3999089.77503,0.0,0.0,-12321.665605000904,0.0,-12321.665605000904,-0.0,4951062.023940001,-6.311218273719205e-05,0.008876029994677456,0.008978063181627416,0.008978063181627414
2025-02-07,0.0,0.0,0.0,-12321.665605000904,0.0,-12321.665605000904,-0.0,4951062.023940001,-6.311218273719205e-05,0.0,0.0,0.0
2025-02-10,0.0,0.0,0.0,-12321.665605000904,0.0,-12321.665605000904,-0.0,4951062.023940001,-6.311218273719205e-05,0.0,0.0,0.0
2025-02-11,0.0,0.0,0.0,-12321.665605000904,0.0,-12321.665605000904,-0.0,4951062.023940001,-6.311218273719205e-05,0.0,0.0,0.0
2025-02-12,0.0,0.0,0.0,-12321.665605000904,0.0,-12321.665605000904,-0.0,4951062.023940001,-6.311218273719205e-05,0.0,0.0,0.0
2025-02-13,0.0,0.0,0.0,-12321.665605000904,0.0,-12321.665605000904,-0.0,4951062.023940001,-6.311218273719205e-05,0.0,0.0,0.0
2025-02-14,0.0,0.0,0.0,-12321.665605000904,0.0,-12321.665605000904,-0.0,4951062.023940001,-6.311218273719205e-05,0.0,0.0,0.0
2025-02-17,0.0,0.0,0.0,-12321.665605000904,0.0,-12321.665605000904,-0.0,4951062.023940001,-6.311218273719205e-05,0.0,0.0,0.0
2025-02-18,-4214140.1044875,-4214140.1044875,4248117.0,21655.229907498942,33976.89551249985,-12321.665605000904,4214140.1044875,4951062.023940001,0.00010857555517507775,0.006862546934013444,0.0068796683055343255,0.006879668305534187
2025-02-19,0.0,-4214140.1044875,4160225.0,-66236.77009250106,-53915.10448750015,-12321.665605000904,4214140.1044875,4951062.023940001,-0.00033209964135762384,-0.017752150866826855,-0.017674843654542416,-0.017674843654542402
2025-02-20,0.0,-4214140.1044875,4145577.0,-80884.77009250106,-68563.10448750015,-12321.665605000904,4214140.1044875,4951062.023940001,-0.0004055421648957276,-0.0029585571598925928,-0.0029986743105011593,-0.0029986743105012
2025-02-21,0.0,-4214140.1044875,4116279.0,-110182.77009250106,-97861.10448750015,-12321.665605000904,4214140.1044875,4951062.023940001,-0.0005524372396239747,-0.0059175182735208345,-0.006015797469559159,-0.006015797469559085
2025-02-24,4086981.92364,0.0,0.0,-139479.84645250114,0.0,-139479.84645250114,-0.0,4951062.023940001,-0.0006993276833819572,-0.005917331719606653,-0.006052015516956888,-0.006052015516956956
2025-02-25,0.0,0.0,0.0,-139479.84645250114,0.0,-139479.84645250114,-0.0,4951062.023940001,-0.0006993276833819572,0.0,0.0,0.0
2025-02-26,0.0,0.0,0.0,-139479.84645250114,0.0,-139479.84645250114,-0.0,4951062.023940001,-0.0006993276833819572,0.0,0.0,0.0
2025-02-27,0.0,0.0,0.0,-139479.84645250114,0.0,-139479.84645250114,-0.0,4951062.023940001,-0.0006993276833819572,0.0,0.0,0.0
2025-03-03,0.0,0.0,0.0,-139479.84645250114,0.0,-139479.84645250114,-0.0,4951062.023940001,-0.0006993276833819572,0.0,0.0,0.0
2025-03-04,0.0,0.0,0.0,-139479.84645250114,0.0,-139479.84645250114,-0.0,4951062.023940001,-0.0006993276833819572,0.0,0.0,0.0
2025-03-05,0.0,0.0,0.0,-139479.84645250114,0.0,-139479.84645250114,-0.0,4951062.023940001,-0.0006993276833819572,0.0,0.0,0.0
2025-03-06,0.0,0.0,0.0,-139479.84645250114,0.0,-139479.84645250114,-0.0,4951062.023940001,-0.0006993276833819572,0.0,0.0,0.0
2025-03-07,0.0,0.0,0.0,-139479.84645250114,0.0,-139479.84645250114,-0.0,4951062.023940001,-0.0006993276833819572,0.0,0.0,0.0
2025-03-10,0.0,0.0,0.0,-139479.84645250114,0.0,-139479.84645250114,-0.0,4951062.023940001,-0.0006993276833819572,0.0,0.0,0.0
2025-03-11,0.0,0.0,0.0,-139479.84645250114,0.0,-139479.84645250114,-0.0,4951062.023940001,-0.0006993276833819572,0.0,0.0,0.0
2025-03-12,0.0,0.0,0.0,-139479.84645250114,0.0,-139479.84645250114,-0.0,4951062.023940001,-0.0006993276833819572,0.0,0.0,0.0
2025-03-13,0.0,0.0,0.0,-139479.84645250114,0.0,-139479.84645250114,-0.0,4951062.023940001,-0.0006993276833819572,0.0,0.0,0.0
2025-03-14,0.0,0.0,0.0,-139479.84645250114,0.0,-139479.84645250114,-0.0,4951062.023940001,-0.0006993276833819572,0.0,0.0,0.0
2025-03-17,0.0,0.0,0.0,-139479.84645250114,0.0,-139479.84645250114,-0.0,4951062.023940001,-0.0006993276833819572,0.0,0.0,0.0
2025-03-18,0.0,0.0,0.0,-139479.84645250114,0.0,-139479.84645250114,-0.0,4951062.023940001,-0.0006993276833819572,0.0,0.0,0.0
2025-03-19,0.0,0.0,0.0,-139479.84645250114,0.0,-139479.84645250114,-0.0,4951062.023940001,-0.0006993276833819572,0.0,0.0,0.0
2025-03-20,0.0,0.0,0.0,-139479.84645250114,0.0,-139479.84645250114,-0.0,4951062.023940001,-0.0006993276833819572,0.0,0.0,0.0
2025-03-21,0.0,0.0,0.0,-139479.84645250114,0.0,-139479.84645250114,-0.0,4951062.023940001,-0.0006993276833819572,0.0,0.0,0.0
2025-03-24,0.0,0.0,0.0,-139479.84645250114,0.0,-139479.84645250114,-0.0,4951062.023940001,-0.0006993276833819572,0.0,0.0,0.0
2025-03-25,0.0,0.0,0.0,-139479.84645250114,0.0,-139479.84645250114,-0.0,4951062.023940001,-0.0006993276833819572,0.0,0.0,0.0
2025-03-26,0.0,0.0,0.0,-139479.84645250114,0.0,-139479.84645250114,-0.0,4951062.023940001,-0.0006993276833819572,0.0,0.0,0.0
2025-03-27,0.0,0.0,0.0,-139479.84645250114,0.0,-139479.84645250114,-0.0,4951062.023940001,-0.0006993276833819572,0.0,0.0,0.0
2025-03-28,0.0,0.0,0.0,-139479.84645250114,0.0,-139479.84645250114,-0.0,4951062.023940001,-0.0006993276833819572,0.0,0.0,0.0
2025-03-31,0.0,0.0,0.0,-139479.84645250114,0.0,-139479.84645250114,-0.0,4951062.023940001,-0.0006993276833819572,0.0,0.0,0.0
2025-04-01,0.0,0.0,0.0,-139479.84645250114,0.0,-139479.84645250114,-0.0,4951062.023940001,-0.0006993276833819572,0.0,0.0,0.0
2025-04-02,0.0,0.0,0.0,-139479.84645250114,0.0,-139479.84645250114,-0.0,4951062.023940001,-0.0006993276833819572,0.0,0.0,0.0
2025-04-07,0.0,0.0,0.0,-139479.84645250114,0.0,-139479.84645250114,-0.0,4951062.023940001,-0.0006993276833819572,0.0,0.0,0.0
2025-04-08,0.0,0.0,0.0,-139479.84645250114,0.0,-139479.84645250114,-0.0,4951062.023940001,-0.0006993276833819572,0.0,0.0,0.0
2025-04-09,0.0,0.0,0.0,-139479.84645250114,0.0,-139479.84645250114,-0.0,4951062.023940001,-0.0006993276833819572,0.0,0.0,0.0
2025-04-10,0.0,0.0,0.0,-139479.84645250114,0.0,-139479.84645250114,-0.0,4951062.023940001,-0.0006993276833819572,0.0,0.0,0.0
2025-04-11,0.0,0.0,0.0,-139479.84645250114,0.0,-139479.84645250114,-0.0,4951062.023940001,-0.0006993276833819572,0.0,0.0,0.0
2025-04-14,0.0,0.0,0.0,-139479.84645250114,0.0,-139479.84645250114,-0.0,4951062.023940001,-0.0006993276833819572,0.0,0.0,0.0
2025-04-15,0.0,0.0,0.0,-139479.84645250114,0.0,-139479.84645250114,-0.0,4951062.023940001,-0.0006993276833819572,0.0,0.0,0.0
2025-04-16,0.0,0.0,0.0,-139479.84645250114,0.0,-139479.84645250114,-0.0,4951062.023940001,-0.0006993276833819572,0.0,0.0,0.0
2025-04-17,0.0,0.0,0.0,-139479.84645250114,0.0,-139479.84645250114,-0.0,4951062.023940001,-0.0006993276833819572,0.0,0.0,0.0
2025-04-18,0.0,0.0,0.0,-139479.84645250114,0.0,-139479.84645250114,-0.0,4951062.023940001,-0.0006993276833819572,0.0,0.0,0.0
2025-04-21,0.0,0.0,0.0,-139479.84645250114,0.0,-139479.84645250114,-0.0,4951062.023940001,-0.0006993276833819572,0.0,0.0,0.0
2025-04-22,0.0,0.0,0.0,-139479.84645250114,0.0,-139479.84645250114,-0.0,4951062.023940001,-0.0006993276833819572,0.0,0.0,0.0
2025-04-23,0.0,0.0,0.0,-139479.84645250114,0.0,-139479.84645250114,-0.0,4951062.023940001,-0.0006993276833819572,0.0,0.0,0.0
2025-04-24,0.0,0.0,0.0,-139479.84645250114,0.0,-139479.84645250114,-0.0,4951062.023940001,-0.0006993276833819572,0.0,0.0,0.0
2025-04-25,0.0,0.0,0.0,-139479.84645250114,0.0,-139479.84645250114,-0.0,4951062.023940001,-0.0006993276833819572,0.0,0.0,0.0
2025-04-28,0.0,0.0,0.0,-139479.84645250114,0.0,-139479.84645250114,-0.0,4951062.023940001,-0.0006993276833819572,0.0,0.0,0.0
2025-04-29,-4047146.17676,-4047146.17676,4082099.0,-104527.02321250131,34952.82323999982,-139479.84645250114,4047146.17676,4951062.023940001,-0.0005136573349879113,0.007059661759636928,0.0072643097323656924,0.007264309732365706
2025-04-30,4082098.82738,0.0,0.0,-104527.19583250117,0.0,-104527.19583250117,-0.0,4951062.023940001,-0.000513658183261653,-3.486524689441661e-08,-3.561719852385181e-08,-3.5617198643179094e-08
2025-05-02,0.0,0.0,0.0,-104527.19583250117,0.0,-104527.19583250117,-0.0,4951062.023940001,-0.000513658183261653,0.0,0.0,0.0
2025-05-05,-4282902.4514,-4282902.4514,4355541.0,-31888.647232500836,72638.54860000033,-104527.19583250117,4282902.4514,4951062.023940001,-0.000153474215016549,0.014671306529542396,0.014987728588832683,0.014987728588832738
2025-05-06,0.0,-4282902.4514,4199288.0,-188141.64723250084,-83614.45139999967,-104527.19583250117,4282902.4514,4951062.023940001,-0.0009054912681118475,-0.031559491528174305,-0.031764076610892644,-0.03176407661089255
2025-05-07,4238351.5360199995,0.0,0.0,-149078.11121250145,0.0,-149078.11121250145,-0.0,4951062.023940001,-0.0007174856282761837,0.007889930651467186,0.008201593335684487,0.008201593335684343
2025-05-08,0.0,0.0,0.0,-149078.11121250145,0.0,-149078.11121250145,-0.0,4951062.023940001,-0.0007174856282761837,0.0,0.0,0.0
2025-05-09,-4381134.2325,-4381134.2325,4296946.0,-233266.34371250137,-84188.23249999993,-149078.11121250145,4381134.2325,4951062.023940001,-0.001099484868527828,-0.017004075508026833,-0.017531968875793558,-0.017531968875793565
2025-05-12,4414135.83324,0.0,0.0,-116076.51047250148,0.0,-116076.51047250148,-0.0,4951062.023940001,-0.0005471186491152072,0.02366963545868519,0.024839955178887374,0.024839955178887443
2025-05-13,0.0,0.0,0.0,-116076.51047250148,0.0,-116076.51047250148,-0.0,4951062.023940001,-0.0005471186491152072,0.0,0.0,0.0
2025-05-14,-4597243.75035,-4597243.75035,4492262.0,-221058.26082250182,-104981.75035000034,-116076.51047250148,4597243.75035,4951062.023940001,-0.0010198441190773413,-0.021203885114421776,-0.021712939999009584,-0.02171293999900958
2025-05-15,0.0,-4597243.75035,4472731.0,-240589.26082250182,-124512.75035000034,-116076.51047250148,4597243.75035,4951062.023940001,-0.001109949665984241,-0.003944810205479397,-0.004129172190579289,-0.004129172190579255
2025-05-16,4511793.776140001,0.0,0.0,-201526.48468250156,0.0,-201526.48468250156,-0.0,4951062.023940001,-0.000929734991477226,0.00788977717328504,0.008292750665253257,0.008292750665253316
2025-05-19,-4538305.0822600005,-4538305.0822600005,4375073.0,-364758.56694250205,-163232.08226000052,-201526.48468250153,4538305.0822600005,4951062.023940001,-0.0016482894371172294,-0.03296910470333841,-0.03436800944235452,-0.0343680094423546
2025-05-20,4472730.598979999,0.0,0.0,-267100.96796250215,0.0,-267100.96796250215,-0.0,4951062.023940001,-0.0012069893459302334,0.019724575961236904,0.021293313862823515,0.021293313862823435
2025-05-21,0.0,0.0,0.0,-267100.96796250215,0.0,-267100.96796250215,-0.0,4951062.023940001,-0.0012069893459302334,0.0,0.0,0.0
2025-05-22,0.0,0.0,0.0,-267100.96796250215,0.0,-267100.96796250215,-0.0,4951062.023940001,-0.0012069893459302334,0.0,0.0,0.0
2025-05-23,0.0,0.0,0.0,-267100.96796250215,0.0,-267100.96796250215,-0.0,4951062.023940001,-0.0012069893459302334,0.0,0.0,0.0
2025-05-26,0.0,0.0,0.0,-267100.96796250215,0.0,-267100.96796250215,-0.0,4951062.023940001,-0.0012069893459302334,0.0,0.0,0.0
2025-05-27,0.0,0.0,0.0,-267100.96796250215,0.0,-267100.96796250215,-0.0,4951062.023940001,-0.0012069893459302334,0.0,0.0,0.0
2025-05-28,0.0,0.0,0.0,-267100.96796250215,0.0,-267100.96796250215,-0.0,4951062.023940001,-0.0012069893459302334,0.0,0.0,0.0
2025-05-29,0.0,0.0,0.0,-267100.96796250215,0.0,-267100.96796250215,-0.0,4951062.023940001,-0.0012069893459302334,0.0,0.0,0.0
2025-06-02,0.0,0.0,0.0,-267100.96796250215,0.0,-267100.96796250215,-0.0,4951062.023940001,-0.0012069893459302334,0.0,0.0,0.0
2025-06-03,0.0,0.0,0.0,-267100.96796250215,0.0,-267100.96796250215,-0.0,4951062.023940001,-0.0012069893459302334,0.0,0.0,0.0
2025-06-04,0.0,0.0,0.0,-267100.96796250215,0.0,-267100.96796250215,-0.0,4951062.023940001,-0.0012069893459302334,0.0,0.0,0.0
2025-06-05,-4725227.8682,-4725227.8682,4677804.0,-314524.8361625025,-47423.868200000376,-267100.96796250215,4725227.8682,4992328.836162503,-0.001391576933673862,-0.009053409490171208,-0.009569676472173438,-0.010036313490647751
2025-06-06,4598518.71262,0.0,0.0,-393810.1235425023,0.0,-393810.1235425023,-0.0,4992328.836162503,-0.0017423650572569137,-0.01588142327598449,-0.016949253833636435,-0.016949253833636414
2025-06-09,0.0,0.0,0.0,-393810.1235425023,0.0,-393810.1235425023,-0.0,4992328.836162503,-0.0017423650572569137,0.0,0.0,0.0
2025-06-10,0.0,0.0,0.0,-393810.1235425023,0.0,-393810.1235425023,-0.0,4992328.836162503,-0.0017423650572569137,0.0,0.0,0.0
2025-06-11,0.0,0.0,0.0,-393810.1235425023,0.0,-393810.1235425023,-0.0,4992328.836162503,-0.0017423650572569137,0.0,0.0,0.0
2025-06-12,0.0,0.0,0.0,-393810.1235425023,0.0,-393810.1235425023,-0.0,4992328.836162503,-0.0017423650572569137,0.0,0.0,0.0
2025-06-13,0.0,0.0,0.0,-393810.1235425023,0.0,-393810.1235425023,-0.0,4992328.836162503,-0.0017423650572569137,0.0,0.0,0.0
2025-06-16,0.0,0.0,0.0,-393810.1235425023,0.0,-393810.1235425023,-0.0,4992328.836162503,-0.0017423650572569137,0.0,0.0,0.0
2025-06-17,0.0,0.0,0.0,-393810.1235425023,0.0,-393810.1235425023,-0.0,4992328.836162503,-0.0017423650572569137,0.0,0.0,0.0
2025-06-18,0.0,0.0,0.0,-393810.1235425023,0.0,-393810.1235425023,-0.0,4992328.836162503,-0.0017423650572569137,0.0,0.0,0.0
2025-06-19,0.0,0.0,0.0,-393810.1235425023,0.0,-393810.1235425023,-0.0,4992328.836162503,-0.0017423650572569137,0.0,0.0,0.0
2025-06-20,0.0,0.0,0.0,-393810.1235425023,0.0,-393810.1235425023,-0.0,4992328.836162503,-0.0017423650572569137,0.0,0.0,0.0
2025-06-23,0.0,0.0,0.0,-393810.1235425023,0.0,-393810.1235425023,-0.0,4992328.836162503,-0.0017423650572569137,0.0,0.0,0.0
2025-06-24,0.0,0.0,0.0,-393810.1235425023,0.0,-393810.1235425023,-0.0,4992328.836162503,-0.0017423650572569137,0.0,0.0,0.0
2025-06-25,0.0,0.0,0.0,-393810.1235425023,0.0,-393810.1235425023,-0.0,4992328.836162503,-0.0017423650572569137,0.0,0.0,0.0
2025-06-26,-3663546.9256649995,-3663546.925665,3612414.0,-444943.0492075023,-51132.92566499999,-393810.1235425023,3663546.925665,4992328.836162503,-0.0019371966141724852,-0.010242299204053396,-0.011119434074427614,-0.011119434074427647
2025-06-27,0.0,-3663546.925665,3880000.0,-177357.04920750228,216453.074335,-393810.1235425023,3663546.925665,4992328.836162503,-0.0007721785424816636,0.05359943400797446,0.058843918800032036,0.05884391880003207
2025-06-30,0.0,-3663546.925665,3880000.0,-177357.04920750228,216453.074335,-393810.1235425023,3663546.925665,4992328.836162503,-0.0007721785424816636,0.0,0.0,0.0
2025-07-01,0.0,-3663546.925665,3894866.0,-162491.04920750228,231319.074335,-393810.1235425023,3663546.925665,4992328.836162503,-0.0007074548325201719,0.0029777685901450288,0.003087453189295042,0.00308745318929507
2025-07-02,0.0,-3663546.925665,3939464.0,-117893.04920750228,275917.074335,-393810.1235425023,3663546.925665,4992328.836162503,-0.0005132837026356964,0.008933305770435097,0.009233850486750406,0.00923385048675042
2025-07-03,3939463.6931474996,0.0,0.0,-117893.35606000252,0.0,-117893.35606000252,-0.0,4992328.836162503,-0.0005132850386125715,-6.146480136318133e-08,-6.295138843537273e-08,-6.295138835691334e-08
2025-07-04,0.0,0.0,0.0,-117893.35606000252,0.0,-117893.35606000252,-0.0,4992328.836162503,-0.0005132850386125715,0.0,0.0,0.0
2025-07-07,0.0,0.0,0.0,-117893.35606000252,0.0,-117893.35606000252,-0.0,4992328.836162503,-0.0005132850386125715,0.0,0.0,0.0
2025-07-08,0.0,0.0,0.0,-117893.35606000252,0.0,-117893.35606000252,-0.0,4992328.836162503,-0.0005132850386125715,0.0,0.0,0.0
2025-07-09,0.0,0.0,0.0,-117893.35606000252,0.0,-117893.35606000252,-0.0,4992328.836162503,-0.0005132850386125715,0.0,0.0,0.0
2025-07-10,0.0,0.0,0.0,-117893.35606000252,0.0,-117893.35606000252,-0.0,4992328.836162503,-0.0005132850386125715,0.0,0.0,0.0
2025-07-11,0.0,0.0,0.0,-117893.35606000252,0.0,-117893.35606000252,-0.0,4992328.836162503,-0.0005132850386125715,0.0,0.0,0.0
2025-07-14,0.0,0.0,0.0,-117893.35606000252,0.0,-117893.35606000252,-0.0,4992328.836162503,-0.0005132850386125715,0.0,0.0,0.0
2025-07-15,0.0,0.0,0.0,-117893.35606000252,0.0,-117893.35606000252,-0.0,4992328.836162503,-0.0005132850386125715,0.0,0.0,0.0
2025-07-16,0.0,0.0,0.0,-117893.35606000252,0.0,-117893.35606000252,-0.0,4992328.836162503,-0.0005132850386125715,0.0,0.0,0.0
2025-07-17,0.0,0.0,0.0,-117893.35606000252,0.0,-117893.35606000252,-0.0,4992328.836162503,-0.0005132850386125715,0.0,0.0,0.0
2025-07-18,0.0,0.0,0.0,-117893.35606000252,0.0,-117893.35606000252,-0.0,4992328.836162503,-0.0005132850386125715,0.0,0.0,0.0
2025-07-21,0.0,0.0,0.0,-117893.35606000252,0.0,-117893.35606000252,-0.0,4992328.836162503,-0.0005132850386125715,0.0,0.0,0.0
2025-07-22,0.0,0.0,0.0,-117893.35606000252,0.0,-117893.35606000252,-0.0,4992328.836162503,-0.0005132850386125715,0.0,0.0,0.0
2025-07-23,0.0,0.0,0.0,-117893.35606000252,0.0,-117893.35606000252,-0.0,4992328.836162503,-0.0005132850386125715,0.0,0.0,0.0
2025-07-24,0.0,0.0,0.0,-117893.35606000252,0.0,-117893.35606000252,-0.0,4992328.836162503,-0.0005132850386125715,0.0,0.0,0.0
2025-07-25,0.0,0.0,0.0,-117893.35606000252,0.0,-117893.35606000252,-0.0,4992328.836162503,-0.0005132850386125715,0.0,0.0,0.0
2025-07-28,0.0,0.0,0.0,-117893.35606000252,0.0,-117893.35606000252,-0.0,4992328.836162503,-0.0005132850386125715,0.0,0.0,0.0
2025-07-29,0.0,0.0,0.0,-117893.35606000252,0.0,-117893.35606000252,-0.0,4992328.836162503,-0.0005132850386125715,0.0,0.0,0.0
2025-07-30,0.0,0.0,0.0,-117893.35606000252,0.0,-117893.35606000252,-0.0,4992328.836162503,-0.0005132850386125715,0.0,0.0,0.0
2025-07-31,0.0,0.0,0.0,-117893.35606000252,0.0,-117893.35606000252,-0.0,4992328.836162503,-0.0005132850386125715,0.0,0.0,0.0
2025-08-01,0.0,0.0,0.0,-117893.35606000252,0.0,-117893.35606000252,-0.0,4992328.836162503,-0.0005132850386125715,0.0,0.0,0.0
2025-08-04,0.0,0.0,0.0,-117893.35606000252,0.0,-117893.35606000252,-0.0,4992328.836162503,-0.0005132850386125715,0.0,0.0,0.0
2025-08-05,0.0,0.0,0.0,-117893.35606000252,0.0,-117893.35606000252,-0.0,4992328.836162503,-0.0005132850386125715,0.0,0.0,0.0
2025-08-06,-3857939.4408225,-3857939.4408225,3761073.0,-214759.79688250233,-96866.4408224998,-117893.35606000252,3857939.4408225,4992328.836162503,-0.0009195770400135895,-0.019403056970293445,-0.01987234033928842,-0.019872340339288457
2025-08-07,0.0,-3857939.4408225,3805671.0,-170161.79688250233,-52268.440822499804,-117893.35606000252,3857939.4408225,4992328.836162503,-0.0007286134731549198,0.008933305770435093,0.009334872951772377,0.009334872951772374
2025-08-08,0.0,-3857939.4408225,3657012.0,-318820.7968825023,-200927.4408224998,-117893.35606000252,3857939.4408225,4992328.836162503,-0.0013651544141308153,-0.029777485594132264,-0.030828256007945476,-0.03082825600794541
2025-08-11,3657011.79795,0.0,0.0,-318820.9989325021,0.0,-318820.9989325021,-0.0,4992328.836162503,-0.0013651552792859488,-4.0472093565391276e-08,-4.3233048474533575e-08,-4.3233048513167205e-08
2025-08-12,0.0,0.0,0.0,-318820.9989325021,0.0,-318820.9989325021,-0.0,4992328.836162503,-0.0013651552792859488,0.0,0.0,0.0
2025-08-13,0.0,0.0,0.0,-318820.9989325021,0.0,-318820.9989325021,-0.0,4992328.836162503,-0.0013651552792859488,0.0,0.0,0.0
2025-08-14,0.0,0.0,0.0,-318820.9989325021,0.0,-318820.9989325021,-0.0,4992328.836162503,-0.0013651552792859488,0.0,0.0,0.0
2025-08-15,0.0,0.0,0.0,-318820.9989325021,0.0,-318820.9989325021,-0.0,4992328.836162503,-0.0013651552792859488,0.0,0.0,0.0
2025-08-18,0.0,0.0,0.0,-318820.9989325021,0.0,-318820.9989325021,-0.0,4992328.836162503,-0.0013651552792859488,0.0,0.0,0.0
2025-08-19,0.0,0.0,0.0,-318820.9989325021,0.0,-318820.9989325021,-0.0,4992328.836162503,-0.0013651552792859488,0.0,0.0,0.0
2025-08-20,0.0,0.0,0.0,-318820.9989325021,0.0,-318820.9989325021,-0.0,4992328.836162503,-0.0013651552792859488,0.0,0.0,0.0
2025-08-21,0.0,0.0,0.0,-318820.9989325021,0.0,-318820.9989325021,-0.0,4992328.836162503,-0.0013651552792859488,0.0,0.0,0.0
2025-08-22,0.0,0.0,0.0,-318820.9989325021,0.0,-318820.9989325021,-0.0,4992328.836162503,-0.0013651552792859488,0.0,0.0,0.0
2025-08-25,0.0,0.0,0.0,-318820.9989325021,0.0,-318820.9989325021,-0.0,4992328.836162503,-0.0013651552792859488,0.0,0.0,0.0
2025-08-26,-3992518.6432950003,-3992518.6432950003,4147586.0,-163753.64222750242,155067.3567049997,-318820.9989325021,3992518.6432950003,4992328.836162503,-0.0006893890256016527,0.0310611263388244,0.03318007845620907,0.033180078456209135
2025-08-27,0.0,-3992518.6432950003,3998927.0,-312412.6422275024,6408.356704999693,-318820.9989325021,3992518.6432950003,4992328.836162503,-0.0013152308802489867,-0.029777485594132257,-0.03078734285565754,-0.03078734285565755
2025-08-28,0.0,-3992518.6432950003,4013793.0,-297546.6422275024,21274.356704999693,-318820.9989325021,3992518.6432950003,4992328.836162503,-0.0012526462737926856,0.0029777685901450288,0.0031765526099092334,0.0031765526099090816
2025-08-29,0.0,-3992518.6432950003,3954330.0,-357009.6422275024,-38188.64329500031,-318820.9989325021,3992518.6432950003,4992328.836162503,-0.001502980489702213,-0.01191087405326207,-0.0126657632971382,-0.012665763297138226
2025-09-01,0.0,-3992518.6432950003,3969196.0,-342143.6422275024,-23322.643295000307,-318820.9989325021,3992518.6432950003,4992328.836162503,-0.0014403958832459119,0.0029777685901450357,0.0032071146296572817,0.0032071146296572517
2025-09-02,4028659.2485475005,0.0,0.0,-282680.393680002,0.0,-282680.393680002,-0.0,4992328.836162503,-0.0011900606209723661,0.011910923839145285,0.01278728611175639,0.012787286111756429
2025-09-03,0.0,0.0,0.0,-282680.393680002,0.0,-282680.393680002,-0.0,4992328.836162503,-0.0011900606209723661,0.0,0.0,0.0
2025-09-04,0.0,0.0,0.0,-282680.393680002,0.0,-282680.393680002,-0.0,4992328.836162503,-0.0011900606209723661,0.0,0.0,0.0
2025-09-05,0.0,0.0,0.0,-282680.393680002,0.0,-282680.393680002,-0.0,4992328.836162503,-0.0011900606209723661,0.0,0.0,0.0
2025-09-08,0.0,0.0,0.0,-282680.393680002,0.0,-282680.393680002,-0.0,4992328.836162503,-0.0011900606209723661,0.0,0.0,0.0
2025-09-09,0.0,0.0,0.0,-282680.393680002,0.0,-282680.393680002,-0.0,4992328.836162503,-0.0011900606209723661,0.0,0.0,0.0
2025-09-10,0.0,0.0,0.0,-282680.393680002,0.0,-282680.393680002,-0.0,4992328.836162503,-0.0011900606209723661,0.0,0.0,0.0
2025-09-11,0.0,0.0,0.0,-282680.393680002,0.0,-282680.393680002,-0.0,4992328.836162503,-0.0011900606209723661,0.0,0.0,0.0
2025-09-12,0.0,0.0,0.0,-282680.393680002,0.0,-282680.393680002,-0.0,4992328.836162503,-0.0011900606209723661,0.0,0.0,0.0
2025-09-15,0.0,0.0,0.0,-282680.393680002,0.0,-282680.393680002,-0.0,4992328.836162503,-0.0011900606209723661,0.0,0.0,0.0
2025-09-16,0.0,0.0,0.0,-282680.393680002,0.0,-282680.393680002,-0.0,4992328.836162503,-0.0011900606209723661,0.0,0.0,0.0
2025-09-17,0.0,0.0,0.0,-282680.393680002,0.0,-282680.393680002,-0.0,4992328.836162503,-0.0011900606209723661,0.0,0.0,0.0
2025-09-18,0.0,0.0,0.0,-282680.393680002,0.0,-282680.393680002,-0.0,4992328.836162503,-0.0011900606209723661,0.0,0.0,0.0
2025-09-19,0.0,0.0,0.0,-282680.393680002,0.0,-282680.393680002,-0.0,4992328.836162503,-0.0011900606209723661,0.0,0.0,0.0
2025-09-22,0.0,0.0,0.0,-282680.393680002,0.0,-282680.393680002,-0.0,4992328.836162503,-0.0011900606209723661,0.0,0.0,0.0
2025-09-23,0.0,0.0,0.0,-282680.393680002,0.0,-282680.393680002,-0.0,4992328.836162503,-0.0011900606209723661,0.0,0.0,0.0
2025-09-24,0.0,0.0,0.0,-282680.393680002,0.0,-282680.393680002,-0.0,4992328.836162503,-0.0011900606209723661,0.0,0.0,0.0
2025-09-25,0.0,0.0,0.0,-282680.393680002,0.0,-282680.393680002,-0.0,4992328.836162503,-0.0011900606209723661,0.0,0.0,0.0
2025-09-26,0.0,0.0,0.0,-282680.393680002,0.0,-282680.393680002,-0.0,4992328.836162503,-0.0011900606209723661,0.0,0.0,0.0
2025-09-30,0.0,0.0,0.0,-282680.393680002,0.0,-282680.393680002,-0.0,4992328.836162503,-0.0011900606209723661,0.0,0.0,0.0
2025-10-01,0.0,0.0,0.0,-282680.393680002,0.0,-282680.393680002,-0.0,4992328.836162503,-0.0011900606209723661,0.0,0.0,0.0
2025-10-02,0.0,0.0,0.0,-282680.393680002,0.0,-282680.393680002,-0.0,4992328.836162503,-0.0011900606209723661,0.0,0.0,0.0
2025-10-03,-4142051.0237249997,-4142051.023725,4088123.0,-336608.4174050022,-53928.02372500021,-282680.393680002,4142051.023725,4992328.836162503,-0.0013928057448910956,-0.01080217780014138,-0.011450541241794676,-0.011450541241794733
2025-10-07,4177318.1093174997,0.0,0.0,-247413.30808750194,0.0,-247413.30808750194,-0.0,4992328.836162503,-0.0010237375509601927,0.01786643313064744,0.019158175597946414,0.0191581755979463
2025-10-08,-4216817.5143675,-4216817.5143675,4415173.0,-49057.82245500226,198355.48563249968,-247413.30808750194,4216817.5143675,4992328.836162503,-0.00019950856322400345,0.03973205534773453,0.04180379702417425,0.0418037970241742
2025-10-09,0.0,-4216817.5143675,4504368.0,40137.17754499774,287550.4856324997,-247413.30808750194,4216817.5143675,4992328.836162503,0.0001632300461606142,0.017866411233552135,0.01804372039337232,0.01804372039337226
2025-10-13,0.0,-4216817.5143675,4459770.0,-4460.822455002257,242952.48563249968,-247413.30808750194,4216817.5143675,4992328.836162503,-1.8141291933843766e-05,-0.008933305770435093,-0.008862056868049084,-0.008862056868049053
2025-10-14,0.0,-4216817.5143675,4296245.0,-167985.82245500226,79427.48563249968,-247413.30808750194,4216817.5143675,4992328.836162503,-0.0006831654648092246,-0.03275525418427729,-0.032784548338208985,-0.032784548338208985
2025-10-15,0.0,-4216817.5143675,4385441.0,-78789.82245500226,168623.48563249968,-247413.30808750194,4216817.5143675,4992328.836162503,-0.00032042278862030876,0.01786661154087019,0.018488735097518028,0.018488735097518076
2025-10-16,4444904.476845,0.0,0.0,-19326.34561000223,0.0,-19326.34561000223,-0.0,4992328.836162503,-7.85964653967007e-05,0.011910969568805154,0.012101964933851628,0.012101964933851616
2025-10-17,0.0,0.0,0.0,-19326.34561000223,0.0,-19326.34561000223,-0.0,4992328.836162503,-7.85964653967007e-05,0.0,0.0,0.0
2025-10-20,0.0,0.0,0.0,-19326.34561000223,0.0,-19326.34561000223,-0.0,4992328.836162503,-7.85964653967007e-05,0.0,0.0,0.0
2025-10-21,0.0,0.0,0.0,-19326.34561000223,0.0,-19326.34561000223,-0.0,4992328.836162503,-7.85964653967007e-05,0.0,0.0,0.0
2025-10-22,-4964480.0173725,-4964480.0173725,4950345.0,-33461.36298250238,-14135.017372500151,-19326.34561000223,4964480.0173725,4992328.836162503,-0.00013338777319624206,-0.0028313474204887195,-0.00284235075276007,-0.00284235075276018
2025-10-23,0.0,-4964480.0173725,4801686.0,-182120.36298250238,-162794.01737250015,-19326.34561000223,4964480.0173725,4992328.836162503,-0.0007259904411135437,-0.029777485594132257,-0.029978417613300112,-0.02997841761330004
2025-10-27,0.0,-4964480.0173725,4757088.0,-226718.36298250238,-207392.01737250015,-19326.34561000223,4964480.0173725,4992328.836162503,-0.0009037724373853861,-0.008933305770435093,-0.009271531628756269,-0.009271531628756316
2025-10-28,0.0,-4964480.0173725,4400307.0,-583499.3629825024,-564173.0173725002,-19326.34561000229,4964480.0173725,4992328.836162503,-0.0023260164485936065,-0.0714658452415266,-0.07486574952105285,-0.07486574952105285
2025-10-29,4444904.476845,0.0,0.0,-538901.8861375023,0.0,-538901.8861375023,-0.0,4992328.836162503,-0.00214823653778614,0.008933200978660155,0.010115491451029746,0.010115491451029723
2025-10-30,0.0,0.0,0.0,-538901.8861375023,0.0,-538901.8861375023,-0.0,4992328.836162503,-0.00214823653778614,0.0,0.0,0.0
2025-10-31,0.0,0.0,0.0,-538901.8861375023,0.0,-538901.8861375023,-0.0,4992328.836162503,-0.00214823653778614,0.0,0.0,0.0
2025-11-03,0.0,0.0,0.0,-538901.8861375023,0.0,-538901.8861375023,-0.0,4992328.836162503,-0.00214823653778614,0.0,0.0,0.0
2025-11-04,0.0,0.0,0.0,-538901.8861375023,0.0,-538901.8861375023,-0.0,4992328.836162503,-0.00214823653778614,0.0,0.0,0.0
2025-11-05,-4695321.612427501,-4695321.612427501,4771954.0,-462269.4985650033,76632.38757249899,-538901.8861375023,4695321.612427501,5234223.498565003,-0.0018088978932172197,0.019629262444261428,0.022004567276563858,0.016321009272223148
2025-11-06,5009808.565912501,0.0,0.0,-224414.93265250238,0.0,-224414.93265250238,-0.0,5234223.498565003,-0.0008781537612620853,0.04544218755231035,0.049844270483852204,0.049844270483852295
2025-11-07,-3399372.81323,-3399372.81323,3409247.0,-214540.74588250235,9874.18677000003,-224414.93265250238,3399372.81323,5234223.498565003,-0.0008284946183752791,0.0018864664018850355,0.001970970874453304,0.001970970874453267
2025-11-10,0.0,-3399372.81323,3746207.0,122419.25411749765,346834.18677000003,-224414.93265250238,3399372.81323,5234223.498565003,0.00047274792862615154,0.06437631104066913,0.06712774822670431,0.06712774822670413
2025-11-11,0.0,-3399372.81323,3785850.0,162062.25411749765,386477.18677000003,-224414.93265250238,3399372.81323,5234223.498565003,0.0006258377858518689,0.0075738072726295284,0.007400717544612689,0.007400717544612728
2025-11-12,0.0,-3399372.81323,3736296.0,112508.25411749765,336923.18677000003,-224414.93265250238,3399372.81323,5234223.498565003,0.00043447449889166915,-0.00946730685336336,-0.00918298293884201,-0.009182982938842081
2025-11-13,0.0,-3399372.81323,3716475.0,92687.25411749765,317102.18677000003,-224414.93265250238,3399372.81323,5234223.498565003,0.0003579315011349166,-0.003786808111161867,-0.0037071244485112897,-0.0037071244485111184
2025-11-14,3607458.645245,0.0,0.0,-16329.100637502503,0.0,-16329.100637502503,-0.0,5234223.498565003,-6.305828734504524e-05,-0.02082760791259443,-0.02046521141734947,-0.02046521141734958
2025-11-17,-3798126.2282799995,-3798126.2282799995,3845313.0,30857.67108249804,47186.77172000054,-16329.100637502503,3798126.2282799995,5234223.498565003,0.0001174409077034796,0.00901504716658299,0.009043259238581403,0.009043259238581505
2025-11-18,3775938.8069199994,0.0,0.0,-38516.5219975025,0.0,-38516.5219975025,-0.0,5234223.498565003,-0.00014658965327857615,-0.01325396080221258,-0.01317628177888941,-0.01317628177888949
2025-11-19,0.0,0.0,0.0,-38516.5219975025,0.0,-38516.5219975025,-0.0,5234223.498565003,-0.00014658965327857615,0.0,0.0,0.0
2025-11-20,0.0,0.0,0.0,-38516.5219975025,0.0,-38516.5219975025,-0.0,5234223.498565003,-0.00014658965327857615,0.0,0.0,0.0
2025-11-21,0.0,0.0,0.0,-38516.5219975025,0.0,-38516.5219975025,-0.0,5234223.498565003,-0.00014658965327857615,0.0,0.0,0.0
2025-11-24,0.0,0.0,0.0,-38516.5219975025,0.0,-38516.5219975025,-0.0,5234223.498565003,-0.00014658965327857615,0.0,0.0,0.0
2025-11-25,0.0,0.0,0.0,-38516.5219975025,0.0,-38516.5219975025,-0.0,5234223.498565003,-0.00014658965327857615,0.0,0.0,0.0
2025-11-26,-4346412.224044999,-4346412.224044999,4301201.0,-83727.74604250162,-45211.22404499911,-38516.52199750251,4346412.224044999,5234223.498565003,-0.0003134731447935464,-0.00863761817916145,-0.008701650083213108,-0.00870165008321303
2025-11-27,0.0,-4346412.224044999,4231827.0,-153101.74604250162,-114585.22404499911,-38516.52199750251,4346412.224044999,5234223.498565003,-0.0005732064706598417,-0.013253923914219434,-0.013469383013474667,-0.013469383013474666
2025-11-28,0.0,-4346412.224044999,4479592.0,94663.25395749838,133179.7759550009,-38516.52199750251,4346412.224044999,5234223.498565003,0.0003544152245467581,0.04733557901528783,0.04876187032459889,0.048761870324598715
2025-12-01,0.0,-4346412.224044999,4330932.0,-53996.74604250161,-15480.224044999108,-38516.5219975025,4346412.224044999,5234223.498565003,-0.000202161536534965,-0.028401538459478487,-0.02789700868190348,-0.02789700868190335
2025-12-02,0.0,-4346412.224044999,4301201.0,-83727.74604250162,-45211.22404499911,-38516.52199750251,4346412.224044999,5234223.498565003,-0.0003134731447935464,-0.005680116641589903,-0.005739324052855932,-0.005739324052855901
2025-12-03,4321021.893754998,0.0,0.0,-63906.8522875025,0.0,-63906.8522875025,-0.0,5234223.498565003,-0.00023926455574536693,0.0037867878130219586,0.003848346782014511,0.0038483467820144605
2025-12-04,0.0,0.0,0.0,-63906.8522875025,0.0,-63906.8522875025,-0.0,5234223.498565003,-0.00023926455574536693,0.0,0.0,0.0
2025-12-05,0.0,0.0,0.0,-63906.8522875025,0.0,-63906.8522875025,-0.0,5234223.498565003,-0.00023926455574536693,0.0,0.0,0.0
2025-12-08,0.0,0.0,0.0,-63906.8522875025,0.0,-63906.8522875025,-0.0,5234223.498565003,-0.00023926455574536693,0.0,0.0,0.0
2025-12-09,0.0,0.0,0.0,-63906.8522875025,0.0,-63906.8522875025,-0.0,5234223.498565003,-0.00023926455574536693,0.0,0.0,0.0
2025-12-10,0.0,0.0,0.0,-63906.8522875025,0.0,-63906.8522875025,-0.0,5234223.498565003,-0.00023926455574536693,0.0,0.0,0.0
2025-12-11,0.0,0.0,0.0,-63906.8522875025,0.0,-63906.8522875025,-0.0,5234223.498565003,-0.00023926455574536693,0.0,0.0,0.0
2025-12-12,0.0,0.0,0.0,-63906.8522875025,0.0,-63906.8522875025,-0.0,5234223.498565003,-0.00023926455574536693,0.0,0.0,0.0
2025-12-15,0.0,0.0,0.0,-63906.8522875025,0.0,-63906.8522875025,-0.0,5234223.498565003,-0.00023926455574536693,0.0,0.0,0.0
2025-12-16,0.0,0.0,0.0,-63906.8522875025,0.0,-63906.8522875025,-0.0,5234223.498565003,-0.00023926455574536693,0.0,0.0,0.0
2025-12-17,0.0,0.0,0.0,-63906.8522875025,0.0,-63906.8522875025,-0.0,5234223.498565003,-0.00023926455574536693,0.0,0.0,0.0
2025-12-18,0.0,0.0,0.0,-63906.8522875025,0.0,-63906.8522875025,-0.0,5234223.498565003,-0.00023926455574536693,0.0,0.0,0.0
2025-12-19,0.0,0.0,0.0,-63906.8522875025,0.0,-63906.8522875025,-0.0,5234223.498565003,-0.00023926455574536693,0.0,0.0,0.0
2025-12-22,0.0,0.0,0.0,-63906.8522875025,0.0,-63906.8522875025,-0.0,5234223.498565003,-0.00023926455574536693,0.0,0.0,0.0
2025-12-23,0.0,0.0,0.0,-63906.8522875025,0.0,-63906.8522875025,-0.0,5234223.498565003,-0.00023926455574536693,0.0,0.0,0.0
2025-12-24,0.0,0.0,0.0,-63906.8522875025,0.0,-63906.8522875025,-0.0,5234223.498565003,-0.00023926455574536693,0.0,0.0,0.0
2025-12-26,0.0,0.0,0.0,-63906.8522875025,0.0,-63906.8522875025,-0.0,5234223.498565003,-0.00023926455574536693,0.0,0.0,0.0
2025-12-29,0.0,0.0,0.0,-63906.8522875025,0.0,-63906.8522875025,-0.0,5234223.498565003,-0.00023926455574536693,0.0,0.0,0.0
2025-12-30,0.0,0.0,0.0,-63906.8522875025,0.0,-63906.8522875025,-0.0,5234223.498565003,-0.00023926455574536693,0.0,0.0,0.0
2025-12-31,0.0,0.0,0.0,-63906.8522875025,0.0,-63906.8522875025,-0.0,5234223.498565003,-0.00023926455574536693,0.0,0.0,0.0
2026-01-02,0.0,0.0,0.0,-63906.8522875025,0.0,-63906.8522875025,-0.0,5234223.498565003,-0.00023926455574536693,0.0,0.0,0.0
2026-01-05,-4565726.702465,-4565726.702465,4598519.0,-31114.554752502132,32792.29753500037,-63906.8522875025,4565726.702465,5234223.498565003,-0.00011453375169903537,0.006264978471781075,0.006342415712316196,0.00634241571231619
2026-01-06,0.0,-4565726.702465,4925568.0,295934.4452474979,359841.29753500037,-63906.852287502494,4565726.702465,5234223.498565003,0.0010893449236468028,0.0624828114599353,0.06285645823136643,0.06285645823136651
2026-01-07,0.0,-4565726.702465,4935479.0,305845.4452474979,369752.29753500037,-63906.852287502494,4565726.702465,5234223.498565003,0.0011258276572780098,0.001893499580733829,0.0017921730447298945,0.0017921730447299556
2026-01-08,0.0,-4565726.702465,4856194.0,226560.44524749788,290467.29753500037,-63906.852287502494,4565726.702465,5234223.498565003,0.0008339768313320666,-0.015147423494953266,-0.014311193742191808,-0.014311193742191693
2026-01-09,0.0,-4565726.702465,4687714.0,58080.44524749787,121987.29753500037,-63906.8522875025,4565726.702465,5234223.498565003,0.00021379612684354398,-0.03218815552033456,-0.030852713041485735,-0.030852713041485763
2026-01-12,4707535.36981,0.0,0.0,77901.81505749776,0.0,77901.81505749776,-0.0,5234223.498565003,0.00028675927435478134,0.0037868787634754326,0.003745319622689758,0.00374531962268986
2026-01-13,0.0,0.0,0.0,77901.81505749776,0.0,77901.81505749776,-0.0,5234223.498565003,0.00028675927435478134,0.0,0.0,0.0
2026-01-14,0.0,0.0,0.0,77901.81505749776,0.0,77901.81505749776,-0.0,5234223.498565003,0.00028675927435478134,0.0,0.0,0.0
2026-01-15,0.0,0.0,0.0,77901.81505749776,0.0,77901.81505749776,-0.0,5234223.498565003,0.00028675927435478134,0.0,0.0,0.0
2026-01-16,0.0,0.0,0.0,77901.81505749776,0.0,77901.81505749776,-0.0,5234223.498565003,0.00028675927435478134,0.0,0.0,0.0
2026-01-19,-5034261.814935001,-5034261.814935001,5341814.0,385454.00012249715,307552.1850649994,77901.81505749776,5034261.814935001,5234223.498565003,0.0013930544023108024,0.058757939004575724,0.05789625938912013,0.057896259389120124
2026-01-20,0.0,-5034261.814935001,5351724.0,395364.00012249715,317462.1850649994,77901.81505749776,5034261.814935001,5234223.498565003,0.0014288697502447007,0.0018933085304280312,0.0017634463903515307,0.0017634463903514967
2026-01-21,0.0,-5034261.814935001,5203065.0,246705.00012249715,168803.1850649994,77901.81505749776,5034261.814935001,5234223.498565003,0.000891607004684119,-0.028401347409172696,-0.026406730517051002,-0.026406730517050996
2026-01-22,0.0,-5034261.814935001,5103959.0,147599.00012249715,69697.18506499939,77901.81505749776,5034261.814935001,5234223.498565003,0.0005334318409770646,-0.018934231606115133,-0.01808197279415935,-0.018081972794159344
2026-01-23,5351724.363825001,0.0,0.0,395364.3639474978,0.0,395364.3639474978,-0.0,5234223.498565003,0.001428871065130572,0.047335648524165455,0.046037446215557054,0.046037446215557054
2026-01-26,-2691585.5515875,-2691585.5515875,2596577.0,300355.81235999765,-95008.55158750014,395364.3639474978,2691585.5515875,5234223.498565003,0.0010750467545908387,-0.018151412833927967,-0.016876644242496575,-0.016876644242496564
2026-01-27,2606488.026975,0.0,0.0,310266.83933499746,0.0,310266.83933499746,-0.0,5234223.498565003,0.0011105207389310028,0.001893504734315793,0.001790746219037187,0.0017907462190370831
2026-01-28,0.0,0.0,0.0,310266.83933499746,0.0,310266.83933499746,-0.0,5234223.498565003,0.0011105207389310028,0.0,0.0,0.0
2026-01-29,0.0,0.0,0.0,310266.83933499746,0.0,310266.83933499746,-0.0,5234223.498565003,0.0011105207389310028,0.0,0.0,0.0
2026-01-30,0.0,0.0,0.0,310266.83933499746,0.0,310266.83933499746,-0.0,5234223.498565003,0.0011105207389310028,0.0,0.0,0.0
2026-02-02,0.0,0.0,0.0,310266.83933499746,0.0,310266.83933499746,-0.0,5234223.498565003,0.0011105207389310028,0.0,0.0,0.0
2026-02-03,0.0,0.0,0.0,310266.83933499746,0.0,310266.83933499746,-0.0,5234223.498565003,0.0011105207389310028,0.0,0.0,0.0
2026-02-04,0.0,0.0,0.0,310266.83933499746,0.0,310266.83933499746,-0.0,5234223.498565003,0.0011105207389310028,0.0,0.0,0.0
2026-02-05,0.0,0.0,0.0,310266.83933499746,0.0,310266.83933499746,-0.0,5234223.498565003,0.0011105207389310028,0.0,0.0,0.0
2026-02-06,0.0,0.0,0.0,310266.83933499746,0.0,310266.83933499746,-0.0,5234223.498565003,0.0011105207389310028,0.0,0.0,0.0
2026-02-09,0.0,0.0,0.0,310266.83933499746,0.0,310266.83933499746,-0.0,5234223.498565003,0.0011105207389310028,0.0,0.0,0.0
2026-02-10,0.0,0.0,0.0,310266.83933499746,0.0,310266.83933499746,-0.0,5234223.498565003,0.0011105207389310028,0.0,0.0,0.0
2026-02-11,0.0,0.0,0.0,310266.83933499746,0.0,310266.83933499746,-0.0,5234223.498565003,0.0011105207389310028,0.0,0.0,0.0
2026-02-23,0.0,0.0,0.0,310266.83933499746,0.0,310266.83933499746,-0.0,5234223.498565003,0.0011105207389310028,0.0,0.0,0.0
2026-02-24,0.0,0.0,0.0,310266.83933499746,0.0,310266.83933499746,-0.0,5234223.498565003,0.0011105207389310028,0.0,0.0,0.0
2026-02-25,0.0,0.0,0.0,310266.83933499746,0.0,310266.83933499746,-0.0,5234223.498565003,0.0011105207389310028,0.0,0.0,0.0
2026-02-26,0.0,0.0,0.0,310266.83933499746,0.0,310266.83933499746,-0.0,5234223.498565003,0.0011105207389310028,0.0,0.0,0.0
2026-03-02,0.0,0.0,0.0,310266.83933499746,0.0,310266.83933499746,-0.0,5234223.498565003,0.0011105207389310028,0.0,0.0,0.0
2026-03-03,-2656694.602735,-2656694.602735,2467740.0,121312.23659999727,-188954.6027350002,310266.83933499746,2656694.602735,5234223.498565003,0.0004301161446650514,-0.036099834633886635,-0.034079706378669083,-0.03407970637866917
2026-03-04,0.0,-2656694.602735,2259617.0,-86810.76340000273,-397077.6027350002,310266.83933499746,2656694.602735,5234223.498565003,-0.0003077901447992919,-0.039761962792964095,-0.03886128490067642,-0.0388612849006763
2026-03-05,2383499.4371475,0.0,0.0,37071.67374749732,0.0,37071.67374749732,-0.0,5234223.498565003,0.000131438722386514,0.023667777499654576,0.02406693294695139,0.024066932946951454
2026-03-06,0.0,0.0,0.0,37071.67374749732,0.0,37071.67374749732,-0.0,5234223.498565003,0.000131438722386514,0.0,0.0,0.0
2026-03-09,0.0,0.0,0.0,37071.67374749732,0.0,37071.67374749732,-0.0,5234223.498565003,0.000131438722386514,0.0,0.0,0.0
2026-03-10,0.0,0.0,0.0,37071.67374749732,0.0,37071.67374749732,-0.0,5234223.498565003,0.000131438722386514,0.0,0.0,0.0
2026-03-11,0.0,0.0,0.0,37071.67374749732,0.0,37071.67374749732,-0.0,5234223.498565003,0.000131438722386514,0.0,0.0,0.0
2026-03-12,0.0,0.0,0.0,37071.67374749732,0.0,37071.67374749732,-0.0,5234223.498565003,0.000131438722386514,0.0,0.0,0.0
2026-03-13,0.0,0.0,0.0,37071.67374749732,0.0,37071.67374749732,-0.0,5234223.498565003,0.000131438722386514,0.0,0.0,0.0
2026-03-16,0.0,0.0,0.0,37071.67374749732,0.0,37071.67374749732,-0.0,5234223.498565003,0.000131438722386514,0.0,0.0,0.0
2026-03-17,0.0,0.0,0.0,37071.67374749732,0.0,37071.67374749732,-0.0,5234223.498565003,0.000131438722386514,0.0,0.0,0.0
2026-03-18,0.0,0.0,0.0,37071.67374749732,0.0,37071.67374749732,-0.0,5234223.498565003,0.000131438722386514,0.0,0.0,0.0
2026-03-19,-4984417.688125,-4984417.688125,5173334.0,225987.98562249698,188916.31187499966,37071.67374749732,4984417.688125,5234223.498565003,0.0007873330618135113,0.03609251915337438,0.03583868967673909,0.03583868967673891
2026-03-20,0.0,-4984417.688125,5242708.0,295361.985622497,258290.31187499966,37071.67374749732,4984417.688125,5234223.498565003,0.0010290292903975015,0.013253923914219437,0.01270536868414407,0.012705368684144128
2026-03-23,0.0,-4984417.688125,5133691.0,186344.98562249698,149273.31187499966,37071.67374749732,4984417.688125,5234223.498565003,0.0006492184426513594,-0.020827731186848962,-0.019715221025472407,-0.01971522102547233
2026-03-24,0.0,-4984417.688125,4965211.0,17864.985622496984,-19206.688125000335,37071.67374749732,4984417.688125,5234223.498565003,6.22408921017201e-05,-0.03218815552033456,-0.031081610811020566,-0.031081610811020642
2026-03-25,0.0,-4984417.688125,4905747.0,-41599.014377503016,-78670.68812500034,37071.67374749732,4984417.688125,5234223.498565003,-0.00014492929466159752,-0.011360615383791395,-0.011321972236193023,-0.011321972236193027
2026-03-26,4935479.235085,0.0,0.0,-11866.779292502732,0.0,-11866.779292502732,-0.0,5234223.498565003,-4.134338225324332e-05,0.005680352604956891,0.005725858893810054,0.0057258588938099465
2026-03-27,0.0,0.0,0.0,-11866.779292502732,0.0,-11866.779292502732,-0.0,5234223.498565003,-4.134338225324332e-05,0.0,0.0,0.0
2026-03-30,0.0,0.0,0.0,-11866.779292502732,0.0,-11866.779292502732,-0.0,5234223.498565003,-4.134338225324332e-05,0.0,0.0,0.0
2026-03-31,0.0,0.0,0.0,-11866.779292502732,0.0,-11866.779292502732,-0.0,5234223.498565003,-4.134338225324332e-05,0.0,0.0,0.0
2026-04-01,0.0,0.0,0.0,-11866.779292502732,0.0,-11866.779292502732,-0.0,5234223.498565003,-4.134338225324332e-05,0.0,0.0,0.0
2026-04-02,0.0,0.0,0.0,-11866.779292502732,0.0,-11866.779292502732,-0.0,5234223.498565003,-4.134338225324332e-05,0.0,0.0,0.0
2026-04-07,0.0,0.0,0.0,-11866.779292502732,0.0,-11866.779292502732,-0.0,5234223.498565003,-4.134338225324332e-05,0.0,0.0,0.0
2026-04-08,0.0,0.0,0.0,-11866.779292502732,0.0,-11866.779292502732,-0.0,5234223.498565003,-4.134338225324332e-05,0.0,0.0,0.0
2026-04-09,0.0,0.0,0.0,-11866.779292502732,0.0,-11866.779292502732,-0.0,5234223.498565003,-4.134338225324332e-05,0.0,0.0,0.0
2026-04-10,-2686601.158935,-2686601.158935,2641175.0,-57292.93822750292,-45426.15893500019,-11866.779292502732,2686601.158935,5234223.498565003,-0.00019775530306878443,-0.00867868155562216,-0.008698402153832219,-0.00869840215383224
2026-04-13,0.0,-2686601.158935,2750192.0,51724.06177249708,63590.84106499981,-11866.779292502732,2686601.158935,5234223.498565003,0.0001785334777412148,0.020827731186848962,0.02105823107522853,0.021058231075228646
2026-04-14,0.0,-2686601.158935,3022733.0,324265.0617724971,336131.8410649998,-11866.779292502732,2686601.158935,5234223.498565003,0.001119250252287735,0.05206904139166371,0.051559535331939355,0.051559535331939355
2026-04-15,0.0,-2686601.158935,3042554.0,344086.0617724971,355952.8410649998,-11866.779292502732,2686601.158935,5234223.498565003,0.0011876654528934663,0.003786808111161874,0.0035658974170482693,0.003565897417048297
2026-04-16,4.656612873077393e-10,-2686601.158935,3315096.0,616628.0617724971,628494.8410649998,-11866.779292502673,2686601.158935,5234223.498565003,0.0021283856790923054,0.05206923244196951,0.04885745350846227,0.048857453508462274
2026-04-17,3310140.6250324994,0.0,0.0,611672.686804997,0.0,611672.686804997,-0.0,5234223.498565003,0.002111281447596511,-0.0009467259028695663,-0.000846949357097504,-0.000846949357097389
2026-04-20,-3484107.989035,-3484107.989035,3547995.0,675559.697769997,63887.01096499991,611672.686804997,3484107.989035,5234223.498565003,0.002304088392733542,0.012205632981189068,0.010928523008137514,0.010928523008137606
2026-04-21,0.0,-3484107.989035,3701609.0,829173.697769997,217501.0109649999,611672.686804997,3484107.989035,5234223.498565003,0.0028280098692954458,0.029348001674386726,0.02599317012090485,0.02599317012090477
2026-04-22,0.0,-3484107.989035,3642146.0,769710.697769997,158038.0109649999,611672.686804997,3484107.989035,5234223.498565003,0.002625203206095474,-0.011360424333485608,-0.009806878565689514,-0.009806878565689578
2026-04-23,0.0,-3484107.989035,3875045.0,1002609.697769997,390937.0109649999,611672.686804997,3484107.989035,5234223.498565003,0.0034195369775602545,0.04449542516933999,0.03879106472255622,0.03879106472255629
2026-04-24,0.0,-3484107.989035,3998927.0,1126491.697769997,514819.0109649999,611672.686804997,3484107.989035,5234223.498565003,0.003842053417204049,0.023667693982490995,0.01986296508182983,0.019862965081829952
2026-04-27,4083167.477585001,0.0,0.0,1210732.1753549974,0.0,1210732.1753549974,-0.0,5234223.498565003,0.004129367043583242,0.016094169002927677,0.013243868807951031,0.01324386880795091
2026-04-28,-4002487.4286,-4002487.4286,4152542.0,1360786.7467549972,150054.57139999978,1210732.1753549974,4002487.4286,5234223.498565003,0.004578645384368006,0.028667971751901333,0.023282483075439453,0.023282483075439436
2026-04-29,0.0,-4002487.4286,4083167.0,1291411.7467549972,80679.57139999978,1210732.1753549974,4002487.4286,5234223.498565003,0.004345219004887165,-0.013254114964525221,-0.010519316486161556,-0.0105193164861617
2026-04-30,0.0,-4002487.4286,4221916.0,1430160.7467549972,219428.57139999978,1210732.1753549974,4002487.4286,5234223.498565003,0.004812068399144278,0.026508038878744644,0.02126214457044706,0.021262144570447273
2026-05-04,0.0,-4002487.4286,4643116.0,1851360.7467549972,640628.5713999998,1210732.1753549974,4002487.4286,5234223.498565003,0.006229281963646332,0.0804703888008364,0.06320163791512834,0.06320163791512826
2026-05-05,0.0,-4002487.4286,4791775.0,2000019.7467549972,789287.5713999998,1210732.1753549974,4002487.4286,5234223.498565003,0.006729475580183158,0.028401347409172717,0.02098048585029355,0.020980485850293665
2026-05-06,4880970.8069325,0.0,0.0,2089215.5536874975,0.0,2089215.5536874975,-0.0,5234223.498565003,0.007029593119312896,0.01704088619008226,0.012329666546698315,0.012329666546698325
2026-05-07,-4939557.9539675,-4939557.9539675,5401277.0,2550934.599719998,461719.04603250045,2089215.5536874975,4939557.9539675,5234223.498565003,0.008442820335574818,0.08821156493586557,0.06304675204342503,0.06304675204342522
2026-05-08,0.0,-4939557.9539675,5163423.0,2313080.599719998,223865.04603250045,2089215.5536874975,4939557.9539675,5234223.498565003,0.007655595689236085,-0.04544207943455397,-0.030552237603549304,-0.030552237603549384
2026-05-11,0.0,-4939557.9539675,5678774.0,2828431.599719998,739216.0460325005,2089215.5536874975,4939557.9539675,5234223.498565003,0.009361251296101273,0.09845796614173757,0.06828279254271807,0.06828279254271799
2026-05-12,0.0,-4939557.9539675,5520205.0,2669862.599719998,580647.0460325005,2089215.5536874975,4939557.9539675,5234223.498565003,0.008836435968441084,-0.03029465593960079,-0.019667094532386575,-0.019667094532386614
2026-05-13,0.0,-4939557.9539675,5282350.0,2432007.599719998,342792.04603250045,2089215.5536874975,4939557.9539675,5234223.498565003,0.008049208012405452,-0.04544227048485977,-0.030092663091259686,-0.03009266309125971
2026-05-14,5455785.64601,0.0,0.0,2605443.245729998,0.0,2605443.245729998,-0.0,5234223.498565003,0.008623227432271218,0.033134933205956674,0.02262332608898232,0.022623326088982532
2026-05-15,0.0,0.0,0.0,2605443.245729998,0.0,2605443.245729998,-0.0,5234223.498565003,0.008623227432271218,0.0,0.0,0.0
2026-05-18,0.0,0.0,0.0,2605443.245729998,0.0,2605443.245729998,-0.0,5234223.498565003,0.008623227432271218,0.0,0.0,0.0
2026-05-19,0.0,0.0,0.0,2605443.245729998,0.0,2605443.245729998,-0.0,5234223.498565003,0.008623227432271218,0.0,0.0,0.0
2026-05-20,0.0,0.0,0.0,2605443.245729998,0.0,2605443.245729998,-0.0,5234223.498565003,0.008623227432271218,0.0,0.0,0.0
2026-05-21,0.0,0.0,0.0,2605443.245729998,0.0,2605443.245729998,-0.0,5234223.498565003,0.008623227432271218,0.0,0.0,0.0
2026-05-22,0.0,0.0,0.0,2605443.245729998,0.0,2605443.245729998,-0.0,5234223.498565003,0.008623227432271218,0.0,0.0,0.0
2026-05-25,0.0,0.0,0.0,2605443.245729998,0.0,2605443.245729998,-0.0,5234223.498565003,0.008623227432271218,0.0,0.0,0.0
2026-05-26,0.0,0.0,0.0,2605443.245729998,0.0,2605443.245729998,-0.0,5234223.498565003,0.008623227432271218,0.0,0.0,0.0
2026-05-27,0.0,0.0,0.0,2605443.245729998,0.0,2605443.245729998,-0.0,5234223.498565003,0.008623227432271218,0.0,0.0,0.0
2026-05-28,0.0,0.0,0.0,2605443.245729998,0.0,2605443.245729998,-0.0,5234223.498565003,0.008623227432271218,0.0,0.0,0.0
2026-05-29,0.0,0.0,0.0,2605443.245729998,0.0,2605443.245729998,-0.0,5234223.498565003,0.008623227432271218,0.0,0.0,0.0
2026-06-01,0.0,0.0,0.0,2605443.245729998,0.0,2605443.245729998,-0.0,5234223.498565003,0.008623227432271218,0.0,0.0,0.0
2026-06-02,0.0,0.0,0.0,2605443.245729998,0.0,2605443.245729998,-0.0,5234223.498565003,0.008623227432271218,0.0,0.0,0.0
2026-06-03,0.0,0.0,0.0,2605443.245729998,0.0,2605443.245729998,-0.0,5234223.498565003,0.008623227432271218,0.0,0.0,0.0
2026-06-04,0.0,0.0,0.0,2605443.245729998,0.0,2605443.245729998,-0.0,5234223.498565003,0.008623227432271218,0.0,0.0,0.0
2026-06-05,0.0,0.0,0.0,2605443.245729998,0.0,2605443.245729998,-0.0,5234223.498565003,0.008623227432271218,0.0,0.0,0.0
2026-06-08,0.0,0.0,0.0,2605443.245729998,0.0,2605443.245729998,-0.0,5234223.498565003,0.008623227432271218,0.0,0.0,0.0
2026-06-09,0.0,0.0,0.0,2605443.245729998,0.0,2605443.245729998,-0.0,5234223.498565003,0.008623227432271218,0.0,0.0,0.0
2026-06-10,0.0,0.0,0.0,2605443.245729998,0.0,2605443.245729998,-0.0,5234223.498565003,0.008623227432271218,0.0,0.0,0.0
2026-06-11,0.0,0.0,0.0,2605443.245729998,0.0,2605443.245729998,-0.0,5234223.498565003,0.008623227432271218,0.0,0.0,0.0
2026-06-12,0.0,0.0,0.0,2605443.245729998,0.0,2605443.245729998,-0.0,5234223.498565003,0.008623227432271218,0.0,0.0,0.0
2026-06-15,0.0,0.0,0.0,2605443.245729998,0.0,2605443.245729998,-0.0,5234223.498565003,0.008623227432271218,0.0,0.0,0.0
2026-06-16,-5062203.375,-5062203.375,4898229.0,2441468.870729998,-163974.375,2605443.245729998,5062203.375,5234223.498565003,0.00794736888185121,-0.03132735448628715,-0.02091598793014071,-0.020915987930140743
2026-06-17,0.0,-5062203.375,5052543.0,2595782.870729998,-9660.375,2605443.245729998,5062203.375,5234223.498565003,0.008449685457064105,0.02948173688844319,0.02010424500821606,0.020104245008215914
2026-06-18,0.0,-5062203.375,4838494.0,2381733.870729998,-223709.375,2605443.245729998,5062203.375,5234223.498565003,0.007752921970875262,-0.04089412690510502,-0.02733701479980699,-0.027337014799806932
2026-06-22,0.0,-5062203.375,4733959.0,2277198.870729998,-328244.375,2605443.245729998,5062203.375,5234223.498565003,0.0074126439456158565,-0.01997144371627596,-0.013725785863961115,-0.013725785863961141
2026-06-23,0.0,-5062203.375,4704092.0,2247331.870729998,-358111.375,2605443.245729998,5062203.375,5234223.498565003,0.007315422117707283,-0.005706099483178018,-0.003976210966659233,-0.003976210966659198
2026-06-24,4704091.875,0.0,0.0,2247331.745729998,0.0,2247331.745729998,-0.0,5234223.498565003,0.007315421710812433,-2.388128822472524e-08,-1.6707755623457388e-08,-1.6707755784714448e-08
2026-06-25,0.0,0.0,0.0,2247331.745729998,0.0,2247331.745729998,-0.0,5234223.498565003,0.007315421710812433,0.0,0.0,0.0
2026-06-26,0.0,0.0,0.0,2247331.745729998,0.0,2247331.745729998,-0.0,5234223.498565003,0.007315421710812433,0.0,0.0,0.0
2026-06-29,0.0,0.0,0.0,2247331.745729998,0.0,2247331.745729998,-0.0,5234223.498565003,0.007315421710812433,0.0,0.0,0.0
2026-06-30,0.0,0.0,0.0,2247331.745729998,0.0,2247331.745729998,-0.0,5234223.498565003,0.007315421710812433,0.0,0.0,0.0
2026-07-01,0.0,0.0,0.0,2247331.745729998,0.0,2247331.745729998,-0.0,5234223.498565003,0.007315421710812433,0.0,0.0,0.0
2026-07-02,0.0,0.0,0.0,2247331.745729998,0.0,2247331.745729998,-0.0,5234223.498565003,0.007315421710812433,0.0,0.0,0.0
2026-07-03,-5232445.625,-5232445.625,5017698.0,2032584.1207299982,-214747.625,2247331.745729998,5232445.625,5234223.498565003,0.006505578209505293,-0.04102759942499101,-0.0287036074703525,-0.028703607470352378
2026-07-06,0.0,-5232445.625,4584623.0,1599509.1207299982,-647822.625,2247331.745729998,5232445.625,5234223.498565003,0.005119459300896659,-0.08273911118215155,-0.059596321065400026,-0.05959632106540001
2026-07-07,4748892.75,0.0,0.0,1763778.8707299982,0.0,1763778.8707299982,-0.0,5234223.498565003,0.005645228293767209,0.031383785970361344,0.024038071014980344,0.024038071014980216
2026-07-08,0.0,0.0,0.0,1763778.8707299982,0.0,1763778.8707299982,-0.0,5234223.498565003,0.005645228293767209,0.0,0.0,0.0
2026-07-09,0.0,0.0,0.0,1763778.8707299982,0.0,1763778.8707299982,-0.0,5234223.498565003,0.005645228293767209,0.0,0.0,0.0
2026-07-13,0.0,0.0,0.0,1763778.8707299982,0.0,1763778.8707299982,-0.0,5234223.498565003,0.005645228293767209,0.0,0.0,0.0
2026-07-14,0.0,0.0,0.0,1763778.8707299982,0.0,1763778.8707299982,-0.0,5234223.498565003,0.005645228293767209,0.0,0.0,0.0
2026-07-15,0.0,0.0,0.0,1763778.8707299982,0.0,1763778.8707299982,-0.0,5234223.498565003,0.005645228293767209,0.0,0.0,0.0
2026-07-16,0.0,0.0,0.0,1763778.8707299982,0.0,1763778.8707299982,-0.0,5234223.498565003,0.005645228293767209,0.0,0.0,0.0
2026-07-17,0.0,0.0,0.0,1763778.8707299982,0.0,1763778.8707299982,-0.0,5234223.498565003,0.005645228293767209,0.0,0.0,0.0
2026-07-20,0.0,0.0,0.0,1763778.8707299982,0.0,1763778.8707299982,-0.0,5234223.498565003,0.005645228293767209,0.0,0.0,0.0
2026-07-21,0.0,0.0,0.0,1763778.8707299982,0.0,1763778.8707299982,-0.0,5234223.498565003,0.005645228293767209,0.0,0.0,0.0
2026-07-22,0.0,0.0,0.0,1763778.8707299982,0.0,1763778.8707299982,-0.0,5234223.498565003,0.005645228293767209,0.0,0.0,0.0
2026-07-23,0.0,0.0,0.0,1763778.8707299982,0.0,1763778.8707299982,-0.0,5234223.498565003,0.005645228293767209,0.0,0.0,0.0
2026-07-24,0.0,0.0,0.0,1763778.8707299982,0.0,1763778.8707299982,-0.0,5234223.498565003,0.005645228293767209,0.0,0.0,0.0
2026-07-27,0.0,0.0,0.0,1763778.8707299982,0.0,1763778.8707299982,-0.0,5234223.498565003,0.005645228293767209,0.0,0.0,0.0
2026-07-28,0.0,0.0,0.0,1763778.8707299982,0.0,1763778.8707299982,-0.0,5234223.498565003,0.005645228293767209,0.0,0.0,0.0
2026-07-29,0.0,0.0,0.0,1763778.8707299982,0.0,1763778.8707299982,-0.0,5234223.498565003,0.005645228293767209,0.0,0.0,0.0
2026-07-30,0.0,0.0,0.0,1763778.8707299982,0.0,1763778.8707299982,-0.0,5234223.498565003,0.005645228293767209,0.0,0.0,0.0
2026-07-31,0.0,0.0,0.0,1763778.8707299982,0.0,1763778.8707299982,-0.0,5234223.498565003,0.005645228293767209,0.0,0.0,0.0
2026-08-03,0.0,0.0,0.0,1763778.8707299982,0.0,1763778.8707299982,-0.0,5234223.498565003,0.005645228293767209,0.0,0.0,0.0
2026-08-04,0.0,0.0,0.0,1763778.8707299982,0.0,1763778.8707299982,-0.0,5234223.498565003,0.005645228293767209,0.0,0.0,0.0
2026-08-05,0.0,0.0,0.0,1763778.8707299982,0.0,1763778.8707299982,-0.0,5234223.498565003,0.005645228293767209,0.0,0.0,0.0
2026-08-06,0.0,0.0,0.0,1763778.8707299982,0.0,1763778.8707299982,-0.0,5234223.498565003,0.005645228293767209,0.0,0.0,0.0
2026-08-07,0.0,0.0,0.0,1763778.8707299982,0.0,1763778.8707299982,-0.0,5234223.498565003,0.005645228293767209,0.0,0.0,0.0
2026-08-10,-4646612.0,-4646612.0,4509955.0,1627121.8707299982,-136657.0,1763778.8707299982,4646612.0,5234223.498565003,0.00513152112744617,-0.026108361639021638,-0.019528001390740846,-0.019528001390740773
2026-08-11,0.0,-4646612.0,4933074.0,2050240.8707299982,286462.0,1763778.8707299982,4646612.0,5234223.498565003,0.006465928910281626,0.08083701433765694,0.061667060500042226,0.061667060500042316
2026-08-12,0.0,-4646612.0,5107300.0,2224466.870729998,460688.0,1763778.8707299982,4646612.0,5234223.498565003,0.007015392608135634,0.0332859305774324,0.023917475763130414,0.02391747576313038
2026-08-13,0.0,-4646612.0,5515486.0,2632652.870729998,868874.0,1763778.8707299982,4646612.0,5234223.498565003,0.008302705575042044,0.07798406012122078,0.05472622937672411,0.05472622937672394
2026-08-14,0.0,-4646612.0,5440817.0,2557983.870729998,794205.0,1763778.8707299982,4646612.0,5234223.498565003,0.008067218880432395,-0.014265535283403685,-0.009491569016063184,-0.009491569016063175
2026-08-17,5450773.125,0.0,0.0,2567939.995729998,0.0,2567939.995729998,-0.0,5234223.498565003,0.0080986179210968,0.0019021207257828299,0.001277702777679135,0.001277702777679129
2026-08-18,-5853329.125,-5853329.125,5510508.0,2225118.870729998,-342821.125,2567939.995729998,5853329.125,5234223.498565003,0.006890255525026744,-0.06549608076422159,-0.043939238808655134,-0.04393923880865523
2026-08-19,0.0,-5853329.125,5271570.0,1986180.8707299982,-581759.125,2567939.995729998,5853329.125,5234223.498565003,0.006150365222402723,-0.04564917796603574,-0.032032046281123105,-0.03203204628112311
2026-08-20,5321348.375,0.0,0.0,2035959.2457299982,0.0,2035959.2457299982,-0.0,5234223.498565003,0.00630450787423241,0.009510173765726104,0.0068941256547465635,0.006894125654746446
2026-08-21,0.0,0.0,0.0,2035959.2457299982,0.0,2035959.2457299982,-0.0,5234223.498565003,0.00630450787423241,0.0,0.0,0.0
2026-08-24,0.0,0.0,0.0,2035959.2457299982,0.0,2035959.2457299982,-0.0,5234223.498565003,0.00630450787423241,0.0,0.0,0.0
2026-08-25,0.0,0.0,0.0,2035959.2457299982,0.0,2035959.2457299982,-0.0,5234223.498565003,0.00630450787423241,0.0,0.0,0.0
2026-08-26,0.0,0.0,0.0,2035959.2457299982,0.0,2035959.2457299982,-0.0,5234223.498565003,0.00630450787423241,0.0,0.0,0.0
2026-08-27,0.0,0.0,0.0,2035959.2457299982,0.0,2035959.2457299982,-0.0,5234223.498565003,0.00630450787423241,0.0,0.0,0.0
2026-08-28,0.0,0.0,0.0,2035959.2457299982,0.0,2035959.2457299982,-0.0,5234223.498565003,0.00630450787423241,0.0,0.0,0.0
2026-08-31,0.0,0.0,0.0,2035959.2457299982,0.0,2035959.2457299982,-0.0,5234223.498565003,0.00630450787423241,0.0,0.0,0.0
2026-09-01,0.0,0.0,0.0,2035959.2457299982,0.0,2035959.2457299982,-0.0,5234223.498565003,0.00630450787423241,0.0,0.0,0.0
2026-09-02,0.0,0.0,0.0,2035959.2457299982,0.0,2035959.2457299982,-0.0,5234223.498565003,0.00630450787423241,0.0,0.0,0.0
2026-09-03,0.0,0.0,0.0,2035959.2457299982,0.0,2035959.2457299982,-0.0,5234223.498565003,0.00630450787423241,0.0,0.0,0.0
2026-09-04,0.0,0.0,0.0,2035959.2457299982,0.0,2035959.2457299982,-0.0,5234223.498565003,0.00630450787423241,0.0,0.0,0.0
2026-09-07,0.0,0.0,0.0,2035959.2457299982,0.0,2035959.2457299982,-0.0,5234223.498565003,0.00630450787423241,0.0,0.0,0.0
2026-09-08,0.0,0.0,0.0,2035959.2457299982,0.0,2035959.2457299982,-0.0,5234223.498565003,0.00630450787423241,0.0,0.0,0.0
2026-09-09,0.0,0.0,0.0,2035959.2457299982,0.0,2035959.2457299982,-0.0,5234223.498565003,0.00630450787423241,0.0,0.0,0.0
2026-09-10,0.0,0.0,0.0,2035959.2457299982,0.0,2035959.2457299982,-0.0,5234223.498565003,0.00630450787423241,0.0,0.0,0.0
2026-09-11,0.0,0.0,0.0,2035959.2457299982,0.0,2035959.2457299982,-0.0,5234223.498565003,0.00630450787423241,0.0,0.0,0.0
2026-09-14,0.0,0.0,0.0,2035959.2457299982,0.0,2035959.2457299982,-0.0,5234223.498565003,0.00630450787423241,0.0,0.0,0.0
2026-09-15,0.0,0.0,0.0,2035959.2457299982,0.0,2035959.2457299982,-0.0,5234223.498565003,0.00630450787423241,0.0,0.0,0.0
2026-09-16,0.0,0.0,0.0,2035959.2457299982,0.0,2035959.2457299982,-0.0,5234223.498565003,0.00630450787423241,0.0,0.0,0.0
2026-09-17,0.0,0.0,0.0,2035959.2457299982,0.0,2035959.2457299982,-0.0,5234223.498565003,0.00630450787423241,0.0,0.0,0.0
2026-09-18,0.0,0.0,0.0,2035959.2457299982,0.0,2035959.2457299982,-0.0,5234223.498565003,0.00630450787423241,0.0,0.0,0.0
2026-09-21,0.0,0.0,0.0,2035959.2457299982,0.0,2035959.2457299982,-0.0,5234223.498565003,0.00630450787423241,0.0,0.0,0.0
2026-09-22,0.0,0.0,0.0,2035959.2457299982,0.0,2035959.2457299982,-0.0,5234223.498565003,0.00630450787423241,0.0,0.0,0.0
2026-09-23,0.0,0.0,0.0,2035959.2457299982,0.0,2035959.2457299982,-0.0,5234223.498565003,0.00630450787423241,0.0,0.0,0.0
2026-09-24,0.0,0.0,0.0,2035959.2457299982,0.0,2035959.2457299982,-0.0,5234223.498565003,0.00630450787423241,0.0,0.0,0.0
2026-09-29,0.0,0.0,0.0,2035959.2457299982,0.0,2035959.2457299982,-0.0,5234223.498565003,0.00630450787423241,0.0,0.0,0.0
2026-09-30,0.0,0.0,0.0,2035959.2457299982,0.0,2035959.2457299982,-0.0,5234223.498565003,0.00630450787423241,0.0,0.0,0.0
2026-10-01,0.0,0.0,0.0,2035959.2457299982,0.0,2035959.2457299982,-0.0,5234223.498565003,0.00630450787423241,0.0,0.0,0.0
