,cashflow,entry_cost,market_value,profit_loss,unrealized,realized,position,invest,PNL/COST,return,return_pct,value_pct
2022-11-13,0.0,0.0,0.0,0.0,0.0,0.0,0.0,0.0,,,,
2022-11-14,-4951062.023940001,-4951062.023940001,4937474.0,-13588.023940000683,-13588.023940000683,0.0,4951062.023940001,4951062.023940001,-0.002744466515325026,-0.002744466515325026,-0.002744466515325006,-0.002744466515325026
2022-11-15,0.0,-4951062.023940001,4968141.0,17078.976059999317,17078.976059999317,0.0,4951062.023940001,4951062.023940001,0.003449558090247485,0.006194024605572511,0.006211070681080955,0.006211070681081055
2022-11-16,0.0,-4951062.023940001,5320818.0,369755.9760599993,369755.9760599993,0.0,4951062.023940001,4951062.023940001,0.07468215390397222,0.07123259581372474,0.0709877195514379,0.07098771955143786
2022-11-17,0.0,-4951062.023940001,5635160.0,684097.9760599993,684097.9760599993,0.0,4951062.023940001,4951062.023940001,0.13817196648964652,0.06348981258567431,0.05907775834467577,0.059077758344675574
2022-11-18,0.0,-4951062.023940001,5612159.0,661096.9760599993,661096.9760599993,0.0,4951062.023940001,4951062.023940001,0.13352629655281628,-0.004645669936830243,-0.004081694219862375,-0.004081694219862435
2022-11-21,5642826.71064,0.0,0.0,691764.6866999994,0.0,691764.6866999994,-0.0,4951062.023940001,0.13972046469123015,0.006194168138413864,0.005464512078150241,0.005464512078150328
2022-11-22,-4912502.154315,-4912502.154315,4816720.0,595982.532384999,-95782.1543150004,691764.6866999994,4912502.154315,4951062.023940001,0.06042263441635926,-0.019345779522022225,-0.01697414420584553,-0.01697414420584554
2022-11-23,0.0,-4912502.154315,4736218.0,515480.532384999,-176284.1543150004,691764.6866999994,4912502.154315,4951062.023940001,0.052261081599835495,-0.01625954181360413,-0.014512593000214569,-0.014512593000214475
2022-11-24,4796594.531435,0.0,0.0,575857.0638199993,0.0,575857.0638199993,-0.0,4951062.023940001,0.058382249399210204,0.012194662709346007,0.011044738207542704,0.011044738207542608
2022-11-25,0.0,0.0,0.0,575857.0638199993,0.0,575857.0638199993,-0.0,4951062.023940001,0.058382249399210204,0.0,0.0,0.0
2022-11-28,0.0,0.0,0.0,575857.0638199993,0.0,575857.0638199993,-0.0,4951062.023940001,0.058382249399210204,0.0,0.0,0.0
2022-11-29,0.0,0.0,0.0,575857.0638199993,0.0,575857.0638199993,-0.0,4951062.023940001,0.058382249399210204,0.0,0.0,0.0
2022-11-30,0.0,0.0,0.0,575857.0638199993,0.0,575857.0638199993,-0.0,4951062.023940001,0.058382249399210204,0.0,0.0,0.0
2022-12-01,0.0,0.0,0.0,575857.0638199993,0.0,575857.0638199993,-0.0,4951062.023940001,0.058382249399210204,0.0,0.0,0.0
2022-12-02,0.0,0.0,0.0,575857.0638199993,0.0,575857.0638199993,-0.0,4951062.023940001,0.058382249399210204,0.0,0.0,0.0
2022-12-05,0.0,0.0,0.0,575857.0638199993,0.0,575857.0638199993,-0.0,4951062.023940001,0.058382249399210204,0.0,0.0,0.0
2022-12-06,0.0,0.0,0.0,575857.0638199993,0.0,575857.0638199993,-0.0,4951062.023940001,0.058382249399210204,0.0,0.0,0.0
2022-12-07,-5175672.037759999,-5175672.03776,4977724.0,377909.0260599996,-197948.03775999974,575857.0638199993,5175672.03776,4951062.023940001,0.025128206022694916,-0.039980924658761366,-0.0358152588479862,-0.03581525884798613
2022-12-08,4944181.755274999,0.0,0.0,344366.7813349993,0.0,344366.7813349993,-0.0,4951062.023940001,0.022897890317613974,-0.006774757529356842,-0.006294319186628039,-0.006294319186628023
2022-12-09,0.0,0.0,0.0,344366.7813349993,0.0,344366.7813349993,-0.0,4951062.023940001,0.022897890317613974,0.0,0.0,0.0
2022-12-12,0.0,0.0,0.0,344366.7813349993,0.0,344366.7813349993,-0.0,4951062.023940001,0.022897890317613974,0.0,0.0,0.0
2022-12-13,0.0,0.0,0.0,344366.7813349993,0.0,344366.7813349993,-0.0,4951062.023940001,0.022897890317613974,0.0,0.0,0.0
2022-12-14,0.0,0.0,0.0,344366.7813349993,0.0,344366.7813349993,-0.0,4951062.023940001,0.022897890317613974,0.0,0.0,0.0
2022-12-15,-4563537.5874149995,-4563537.5874149995,4508128.0,288957.1939199998,-55409.58741499949,344366.7813349993,4563537.5874149995,4951062.023940001,0.01474062787325738,-0.011191454913526848,-0.01046366393592213,-0.01046366393592218
2022-12-16,4456376.48757,0.0,0.0,237205.6814899997,0.0,237205.6814899997,-0.0,4951062.023940001,0.012100618201720748,-0.010452608385789694,-0.009876206608863347,-0.009876206608863392
2022-12-19,0.0,0.0,0.0,237205.6814899997,0.0,237205.6814899997,-0.0,4951062.023940001,0.012100618201720748,0.0,0.0,0.0
2022-12-20,-4696568.086124999,-4696568.086124999,4283872.0,-175490.40463499975,-412696.08612499945,237205.6814899997,4696568.086124999,4951062.023940001,-0.0072220229433634904,-0.08335506283893823,-0.07954410018069724,-0.07954410018069712
2022-12-21,4370124.050985,0.0,0.0,-89238.35365000024,0.0,-89238.35365000024,-0.0,4951062.023940001,-0.0036724596927606126,0.017420919101385254,0.01806109464180805,0.01806109464180792
2022-12-22,0.0,0.0,0.0,-89238.35365000024,0.0,-89238.35365000024,-0.0,4951062.023940001,-0.0036724596927606126,0.0,0.0,0.0
2022-12-23,0.0,0.0,0.0,-89238.35365000024,0.0,-89238.35365000024,-0.0,4951062.023940001,-0.0036724596927606126,0.0,0.0,0.0
2022-12-26,0.0,0.0,0.0,-89238.35365000024,0.0,-89238.35365000024,-0.0,4951062.023940001,-0.0036724596927606126,0.0,0.0,0.0
2022-12-27,0.0,0.0,0.0,-89238.35365000024,0.0,-89238.35365000024,-0.0,4951062.023940001,-0.0036724596927606126,0.0,0.0,0.0
2022-12-28,0.0,0.0,0.0,-89238.35365000024,0.0,-89238.35365000024,-0.0,4951062.023940001,-0.0036724596927606126,0.0,0.0,0.0
2022-12-29,0.0,0.0,0.0,-89238.35365000024,0.0,-89238.35365000024,-0.0,4951062.023940001,-0.0036724596927606126,0.0,0.0,0.0
2022-12-30,0.0,0.0,0.0,-89238.35365000024,0.0,-89238.35365000024,-0.0,4951062.023940001,-0.0036724596927606126,0.0,0.0,0.0
2023-01-03,0.0,0.0,0.0,-89238.35365000024,0.0,-89238.35365000024,-0.0,4951062.023940001,-0.0036724596927606126,0.0,0.0,0.0
2023-01-04,0.0,0.0,0.0,-89238.35365000024,0.0,-89238.35365000024,-0.0,4951062.023940001,-0.0036724596927606126,0.0,0.0,0.0
2023-01-05,0.0,0.0,0.0,-89238.35365000024,0.0,-89238.35365000024,-0.0,4951062.023940001,-0.0036724596927606126,0.0,0.0,0.0
2023-01-06,0.0,0.0,0.0,-89238.35365000024,0.0,-89238.35365000024,-0.0,4951062.023940001,-0.0036724596927606126,0.0,0.0,0.0
2023-01-09,0.0,0.0,0.0,-89238.35365000024,0.0,-89238.35365000024,-0.0,4951062.023940001,-0.0036724596927606126,0.0,0.0,0.0
2023-01-10,0.0,0.0,0.0,-89238.35365000024,0.0,-89238.35365000024,-0.0,4951062.023940001,-0.0036724596927606126,0.0,0.0,0.0
2023-01-11,0.0,0.0,0.0,-89238.35365000024,0.0,-89238.35365000024,-0.0,4951062.023940001,-0.0036724596927606126,0.0,0.0,0.0
2023-01-12,0.0,0.0,0.0,-89238.35365000024,0.0,-89238.35365000024,-0.0,4951062.023940001,-0.0036724596927606126,0.0,0.0,0.0
2023-01-13,-4858519.0378375,-4858519.0378375,4575213.0,-372544.3914875,-283306.03783749975,-89238.35365000024,4858519.0378375,4951062.023940001,-0.01277680802495053,-0.05722126615817427,-0.05827155755745472,-0.058271557557454765
2023-01-16,4662424.074525,0.0,0.0,-285333.3169625005,0.0,-285333.3169625005,-0.0,4951062.023940001,-0.009785811026159422,0.017614619672164378,0.01904788438660754,0.019047884386607577
2023-01-17,0.0,0.0,0.0,-285333.3169625005,0.0,-285333.3169625005,-0.0,4951062.023940001,-0.009785811026159422,0.0,0.0,0.0
2023-01-30,0.0,0.0,0.0,-285333.3169625005,0.0,-285333.3169625005,-0.0,4951062.023940001,-0.009785811026159422,0.0,0.0,0.0
2023-01-31,-4447858.579395,-4447858.579395,4496627.0,-236564.8963575004,48768.42060500011,-285333.3169625005,4447858.579395,4951062.023940001,-0.0070394236406609405,0.009850092842543456,0.010452476701456881,0.01045247670145672
2023-02-01,0.0,-4447858.579395,4519628.0,-213563.8963575004,71769.42060500011,-285333.3169625005,4447858.579395,4951062.023940001,-0.006354986576447678,0.00464566993683025,0.004878781209862515,0.004878781209862451
2023-02-02,0.0,-4447858.579395,4968141.0,234949.1036424996,520282.4206050001,-285333.3169625005,4447858.579395,4951062.023940001,0.006991342756254509,0.09058925091854905,0.09467296617779808,0.09467296617779812
2023-02-03,0.0,-4447858.579395,4945140.0,211948.1036424996,497281.4206050001,-285333.3169625005,4447858.579395,4951062.023940001,0.006306905692041246,-0.00464566993683025,-0.004435200664662298,-0.004435200664662302
2023-02-06,0.0,-4447858.579395,4588630.0,-144561.8963575004,140771.4206050001,-285333.3169625005,4447858.579395,4951062.023940001,-0.004301705140647341,-0.07200677314809587,-0.06905080392839191,-0.06905080392839172
2023-02-07,4605880.591515,0.0,0.0,-127311.30484250037,0.0,-127311.30484250037,-0.0,4951062.023940001,-0.003788382058500094,0.003484220442318796,0.0035890130151057242,0.003589013015105541
2023-02-08,-4135525.237712499,-4135525.2377124997,4432417.0,169580.45744499995,296891.7622875003,-127311.30484250037,4135525.2377124997,4951062.023940001,0.004493239653143999,0.059965268229711474,0.06154790733942539,0.06154790733942554
2023-02-09,0.0,-4135525.2377124997,4408458.0,145621.45744499995,272932.7622875003,-127311.30484250037,4135525.2377124997,4951062.023940001,0.0038584169237349084,-0.004839163776206076,-0.004678905056757499,-0.004678905056757587
2023-02-10,0.0,-4135525.2377124997,4360540.0,97703.45744499995,225014.7622875003,-127311.30484250037,4135525.2377124997,4951062.023940001,0.0025887714649167263,-0.009678327552412155,-0.009401800244220437,-0.009401800244220482
2023-02-13,0.0,-4135525.2377124997,4303039.0,40202.45744499995,167513.7622875003,-127311.30484250037,4135525.2377124997,4951062.023940001,0.0010652128120617597,-0.011613871876773893,-0.011389120808246833,-0.011389120808246783
2023-02-14,0.0,-4135525.2377124997,4365332.0,102495.45744499995,229806.7622875003,-127311.30484250037,4135525.2377124997,4951062.023940001,0.0027157413100408283,0.012581745027388671,0.012480404561273417,0.012480404561273545
2023-02-15,4303038.9220875,0.0,0.0,40202.37953249988,0.0,40202.37953249988,-0.0,4951062.023940001,0.0010652107476756855,-0.0125817607639114,-0.012326579472373478,-0.012326579472373539
2023-02-16,0.0,0.0,0.0,40202.37953249988,0.0,40202.37953249988,-0.0,4951062.023940001,0.0010652107476756855,0.0,0.0,0.0
2023-02-17,0.0,0.0,0.0,40202.37953249988,0.0,40202.37953249988,-0.0,4951062.023940001,0.0010652107476756855,0.0,0.0,0.0
2023-02-20,-4723559.994862501,-4723559.994862501,4767844.0,84486.3846699993,44284.00513749942,40202.37953249988,4723559.994862501,4951062.023940001,0.0019895625374602315,0.008944344652394135,0.008872301997604248,0.008872301997604123
2023-02-21,0.0,-4723559.994862501,4959516.0,276158.3846699993,235956.00513749942,40202.37953249988,4723559.994862501,4951062.023940001,0.006503229824438966,0.03871331020964862,0.038063778648671276,0.03806377864867128
2023-02-22,0.0,-4723559.994862501,4863680.0,180322.3846699993,140120.00513749942,40202.37953249988,4723559.994862501,4951062.023940001,0.0042463961809495986,-0.01935665510482431,-0.018334026979643703,-0.018334026979643717
2023-02-23,0.0,-4723559.994862501,5342860.0,659502.3846699994,619300.0051374994,40202.37953249994,4723559.994862501,4951062.023940001,0.015530564398396436,0.09678327552412158,0.09338220679705445,0.09338220679705446
2023-02-24,0.0,-4723559.994862501,5558491.0,875133.3846699994,834931.0051374994,40202.37953249994,4723559.994862501,4951062.023940001,0.020608440096247512,0.043552473985854684,0.03843303174081569,0.03843303174081588
2023-03-01,5414736.7945125,0.0,0.0,731379.1791824999,0.0,731379.1791824999,-0.0,4951062.023940001,0.017223184792006175,-0.02903502416095799,-0.024673770000068762,-0.02467377000006871
2023-03-02,-4550041.382689999,-4550041.382689999,4580963.0,762300.7964925005,30921.617310000584,731379.1791824999,4550041.382689999,4951062.023940001,0.016214044272601383,0.006245451412340314,0.005441607964726369,0.00544160796472635
2023-03-03,0.0,-4550041.382689999,4140117.0,321454.79649250046,-409924.3826899994,731379.1791824999,4550041.382689999,4951062.023940001,0.006837304022180366,-0.08904069427293895,-0.07716051191837803,-0.07716051191837804
2023-03-06,0.0,-4550041.382689999,4120950.0,302287.79649250046,-429091.3826899994,731379.1791824999,4550041.382689999,4951062.023940001,0.00642962428735274,-0.0038712906255912935,-0.003635265785349895,-0.0036352657853498784
2023-03-07,4101782.93805,0.0,0.0,283120.7345425004,0.0,283120.7345425004,-0.0,4951062.023940001,0.006021943234856225,-0.0038713031380582727,-0.0036485409510427225,-0.0036485409510425603
2023-03-08,0.0,0.0,0.0,283120.7345425004,0.0,283120.7345425004,-0.0,4951062.023940001,0.006021943234856225,0.0,0.0,0.0
2023-03-09,0.0,0.0,0.0,283120.7345425004,0.0,283120.7345425004,-0.0,4951062.023940001,0.006021943234856225,0.0,0.0,0.0
2023-03-10,0.0,0.0,0.0,283120.7345425004,0.0,283120.7345425004,-0.0,4951062.023940001,0.006021943234856225,0.0,0.0,0.0
2023-03-13,0.0,0.0,0.0,283120.7345425004,0.0,283120.7345425004,-0.0,4951062.023940001,0.006021943234856225,0.0,0.0,0.0
2023-03-14,0.0,0.0,0.0,283120.7345425004,0.0,283120.7345425004,-0.0,4951062.023940001,0.006021943234856225,0.0,0.0,0.0
2023-03-15,0.0,0.0,0.0,283120.7345425004,0.0,283120.7345425004,-0.0,4951062.023940001,0.006021943234856225,0.0,0.0,0.0
2023-03-16,0.0,0.0,0.0,283120.7345425004,0.0,283120.7345425004,-0.0,4951062.023940001,0.006021943234856225,0.0,0.0,0.0
2023-03-17,0.0,0.0,0.0,283120.7345425004,0.0,283120.7345425004,-0.0,4951062.023940001,0.006021943234856225,0.0,0.0,0.0
2023-03-20,0.0,0.0,0.0,283120.7345425004,0.0,283120.7345425004,-0.0,4951062.023940001,0.006021943234856225,0.0,0.0,0.0
2023-03-21,0.0,0.0,0.0,283120.7345425004,0.0,283120.7345425004,-0.0,4951062.023940001,0.006021943234856225,0.0,0.0,0.0
2023-03-22,-4434362.37467,-4434362.37467,4446793.0,295551.3598725006,12430.625330000184,283120.7345425004,4434362.37467,4951062.023940001,0.005744526854894732,0.0025106987692527505,0.002374893255275845,0.0023748932552756495
2023-03-23,4446792.684390001,0.0,0.0,295551.044262501,0.0,295551.044262501,-0.0,4951062.023940001,0.0057445207204952185,-6.374591916824546e-08,-6.015499465217289e-08,-6.015499456408617e-08
2023-03-24,-4685000.22538,-4685000.22538,4465960.0,76510.81888250128,-219040.22537999973,295551.044262501,4685000.22538,4951062.023940001,0.0013629980830633071,-0.044241058649814674,-0.04174888114153297,-0.04174888114153294
2023-03-27,4446792.684389999,0.0,0.0,57343.503272501286,0.0,57343.503272501286,-0.0,4951062.023940001,0.0010215429161277666,-0.00387135437151055,-0.0038124391648275413,-0.0038124391648275695
2023-03-28,0.0,0.0,0.0,57343.503272501286,0.0,57343.503272501286,-0.0,4951062.023940001,0.0010215429161277666,0.0,0.0,0.0
2023-03-29,0.0,0.0,0.0,57343.503272501286,0.0,57343.503272501286,-0.0,4951062.023940001,0.0010215429161277666,0.0,0.0,0.0
2023-03-30,0.0,0.0,0.0,57343.503272501286,0.0,57343.503272501286,-0.0,4951062.023940001,0.0010215429161277666,0.0,0.0,0.0
2023-03-31,0.0,0.0,0.0,57343.503272501286,0.0,57343.503272501286,-0.0,4951062.023940001,0.0010215429161277666,0.0,0.0,0.0
2023-04-06,0.0,0.0,0.0,57343.503272501286,0.0,57343.503272501286,-0.0,4951062.023940001,0.0010215429161277666,0.0,0.0,0.0
2023-04-07,0.0,0.0,0.0,57343.503272501286,0.0,57343.503272501286,-0.0,4951062.023940001,0.0010215429161277666,0.0,0.0,0.0
2023-04-10,0.0,0.0,0.0,57343.503272501286,0.0,57343.503272501286,-0.0,4951062.023940001,0.0010215429161277666,0.0,0.0,0.0
2023-04-11,0.0,0.0,0.0,57343.503272501286,0.0,57343.503272501286,-0.0,4951062.023940001,0.0010215429161277666,0.0,0.0,0.0
2023-04-12,0.0,0.0,0.0,57343.503272501286,0.0,57343.503272501286,-0.0,4951062.023940001,0.0010215429161277666,0.0,0.0,0.0
2023-04-13,0.0,0.0,0.0,57343.503272501286,0.0,57343.503272501286,-0.0,4951062.023940001,0.0010215429161277666,0.0,0.0,0.0
2023-04-14,0.0,0.0,0.0,57343.503272501286,0.0,57343.503272501286,-0.0,4951062.023940001,0.0010215429161277666,0.0,0.0,0.0
2023-04-17,0.0,0.0,0.0,57343.503272501286,0.0,57343.503272501286,-0.0,4951062.023940001,0.0010215429161277666,0.0,0.0,0.0
2023-04-18,0.0,0.0,0.0,57343.503272501286,0.0,57343.503272501286,-0.0,4951062.023940001,0.0010215429161277666,0.0,0.0,0.0
2023-04-19,0.0,0.0,0.0,57343.503272501286,0.0,57343.503272501286,-0.0,4951062.023940001,0.0010215429161277666,0.0,0.0,0.0
2023-04-20,0.0,0.0,0.0,57343.503272501286,0.0,57343.503272501286,-0.0,4951062.023940001,0.0010215429161277666,0.0,0.0,0.0
2023-04-21,0.0,0.0,0.0,57343.503272501286,0.0,57343.503272501286,-0.0,4951062.023940001,0.0010215429161277666,0.0,0.0,0.0
2023-04-24,0.0,0.0,0.0,57343.503272501286,0.0,57343.503272501286,-0.0,4951062.023940001,0.0010215429161277666,0.0,0.0,0.0
2023-04-25,0.0,0.0,0.0,57343.503272501286,0.0,57343.503272501286,-0.0,4951062.023940001,0.0010215429161277666,0.0,0.0,0.0
2023-04-26,0.0,0.0,0.0,57343.503272501286,0.0,57343.503272501286,-0.0,4951062.023940001,0.0010215429161277666,0.0,0.0,0.0
2023-04-27,0.0,0.0,0.0,57343.503272501286,0.0,57343.503272501286,-0.0,4951062.023940001,0.0010215429161277666,0.0,0.0,0.0
2023-04-28,0.0,0.0,0.0,57343.503272501286,0.0,57343.503272501286,-0.0,4951062.023940001,0.0010215429161277666,0.0,0.0,0.0
2023-05-02,0.0,0.0,0.0,57343.503272501286,0.0,57343.503272501286,-0.0,4951062.023940001,0.0010215429161277666,0.0,0.0,0.0
2023-05-03,0.0,0.0,0.0,57343.503272501286,0.0,57343.503272501286,-0.0,4951062.023940001,0.0010215429161277666,0.0,0.0,0.0
2023-05-04,-4241564.02797,-4241564.02797,4235953.0,51732.475302501116,-5611.02797000017,57343.503272501286,4241564.02797,4951062.023940001,0.0008568416261378451,-0.0011332978546560336,-0.0011203222142284197,-0.0011203222142283406
2023-05-05,0.0,-4241564.02797,4370124.0,185903.47530250112,128559.97202999983,57343.503272501286,4241564.02797,4951062.023940001,0.0030791071788357012,0.027099438332874728,0.026819210747176747,0.026819210747176508
2023-05-08,0.0,-4241564.02797,4312622.0,128401.47530250112,71057.97202999983,57343.503272501286,4241564.02797,4951062.023940001,0.0021267052901173334,-0.011614073853641715,-0.011193767995615334,-0.011193767995615167
2023-05-09,0.0,-4241564.02797,4370124.0,185903.47530250112,128559.97202999983,57343.503272501286,4241564.02797,4951062.023940001,0.0030791071788357012,0.011614073853641715,0.01132048689956644,0.011320486899566313
2023-05-10,4389291.0600000005,0.0,0.0,205070.53530250132,0.0,205070.53530250132,-0.0,4951062.023940001,0.0033965699478729254,0.0038713027442034073,0.0037312027894340627,0.00373120278943407
2023-05-11,0.0,0.0,0.0,205070.53530250132,0.0,205070.53530250132,-0.0,4951062.023940001,0.0033965699478729254,0.0,0.0,0.0
2023-05-12,0.0,0.0,0.0,205070.53530250132,0.0,205070.53530250132,-0.0,4951062.023940001,0.0033965699478729254,0.0,0.0,0.0
2023-05-15,0.0,0.0,0.0,205070.53530250132,0.0,205070.53530250132,-0.0,4951062.023940001,0.0033965699478729254,0.0,0.0,0.0
2023-05-16,0.0,0.0,0.0,205070.53530250132,0.0,205070.53530250132,-0.0,4951062.023940001,0.0033965699478729254,0.0,0.0,0.0
2023-05-17,0.0,0.0,0.0,205070.53530250132,0.0,205070.53530250132,-0.0,4951062.023940001,0.0033965699478729254,0.0,0.0,0.0
2023-05-18,0.0,0.0,0.0,205070.53530250132,0.0,205070.53530250132,-0.0,4951062.023940001,0.0033965699478729254,0.0,0.0,0.0
2023-05-19,-4588601.052030001,-4588601.052030001,4906806.0,523275.48327250045,318204.94796999916,205070.5353025013,4588601.052030001,4951062.023940001,0.008054806852545468,0.06427003871722357,0.061713880377184616,0.06171388037718474
2023-05-22,0.0,-4588601.052030001,4887639.0,504108.48327250045,299037.94796999916,205070.5353025013,4588601.052030001,4951062.023940001,0.007759768220165398,-0.0038712906255913004,-0.0035012455798985043,-0.0035012455798984375
2023-05-23,0.0,-4588601.052030001,4925973.0,542442.4832725005,337371.94796999916,205070.5353025013,4588601.052030001,4951062.023940001,0.008349845484925539,0.007742581251182601,0.007027094744209705,0.007027094744209567
2023-05-24,0.0,-4588601.052030001,4849304.0,465773.48327250045,260702.94796999916,205070.5353025013,4588601.052030001,4951062.023940001,0.007169675562353012,-0.015485364479233016,-0.013956300554471168,-0.013956300554471225
2023-05-25,0.0,-4588601.052030001,5328485.0,944954.4832725005,739883.9479699992,205070.5353025013,4588601.052030001,4951062.023940001,0.014545733730168245,0.09678347750098937,0.08846142722295536,0.08846142722295552
2023-05-26,5462655.1135100005,0.0,0.0,1079124.596782501,0.0,1079124.596782501,-0.0,4951062.023940001,0.016611021297146353,0.02709925928240131,0.022756061375654557,0.02275606137565465
2023-05-29,-4207824.5175825,-4207824.5175825,4355749.0,1227049.0792000007,147924.48241749965,1079124.596782501,4207824.5175825,4951062.023940001,0.017739049921893367,0.02987732363324,0.024530664094070342,0.024530664094070145
2023-05-30,0.0,-4207824.5175825,4283872.0,1155172.0792000007,76047.48241749965,1079124.596782501,4207824.5175825,4951062.023940001,0.016699947482676177,-0.014517491328618237,-0.011634138460777987,-0.011634138460777889
2023-05-31,0.0,-4207824.5175825,4298247.0,1169547.0792000007,90422.48241749965,1079124.596782501,4207824.5175825,4951062.023940001,0.01690776218784956,0.002903417474976522,0.002354151471625876,0.002354151471626016
2023-06-01,0.0,-4207824.5175825,4413250.0,1284550.0792000007,205425.48241749965,1079124.596782501,4207824.5175825,4951062.023940001,0.018570323199262037,0.023227945730415617,0.018789469816166138,0.018789469816166016
2023-06-02,0.0,-4207824.5175825,4134702.0,1006002.0792000007,-73122.51758250035,1079124.596782501,4207824.5175825,4951062.023940001,0.014543445251670034,-0.05626025257876585,-0.04467051436052838,-0.04467051436052838
2023-06-05,4178225.476372501,0.0,0.0,1049525.5555725012,0.0,1049525.5555725012,-0.0,4951062.023940001,0.015172650010659377,0.008790735434549252,0.007306195739871235,0.007306195739871081
2023-06-06,0.0,0.0,0.0,1049525.5555725012,0.0,1049525.5555725012,-0.0,4951062.023940001,0.015172650010659377,0.0,0.0,0.0
2023-06-07,0.0,0.0,0.0,1049525.5555725012,0.0,1049525.5555725012,-0.0,4951062.023940001,0.015172650010659377,0.0,0.0,0.0
2023-06-08,0.0,0.0,0.0,1049525.5555725012,0.0,1049525.5555725012,-0.0,4951062.023940001,0.015172650010659377,0.0,0.0,0.0
2023-06-09,0.0,0.0,0.0,1049525.5555725012,0.0,1049525.5555725012,-0.0,4951062.023940001,0.015172650010659377,0.0,0.0,0.0
2023-06-12,0.0,0.0,0.0,1049525.5555725012,0.0,1049525.5555725012,-0.0,4951062.023940001,0.015172650010659377,0.0,0.0,0.0
2023-06-13,0.0,0.0,0.0,1049525.5555725012,0.0,1049525.5555725012,-0.0,4951062.023940001,0.015172650010659377,0.0,0.0,0.0
2023-06-14,-4407078.2501175,-4407078.2501175,4540918.0,1183365.3054550008,133839.7498824997,1049525.5555725012,4407078.2501175,4951062.023940001,0.016082861379214254,0.02703253347167553,0.022304440708350137,0.022304440708350273
2023-06-15,0.0,-4407078.2501175,4773042.0,1415489.3054550008,365963.7498824997,1049525.5555725012,4407078.2501175,4951062.023940001,0.019237608351750615,0.04688367846688343,0.03783955494715974,0.03783955494715965
2023-06-16,0.0,-4407078.2501175,4787550.0,1429997.3054550008,380471.7498824997,1049525.5555725012,4407078.2501175,4951062.023940001,0.019434783435229953,0.002930280398397156,0.0022787847375100867,0.0022787847375101053
2023-06-19,0.0,-4407078.2501175,4932627.0,1575074.3054550008,525548.7498824997,1049525.5555725012,4407078.2501175,4951062.023940001,0.02140649349767355,0.0293021980533682,0.02273556669998178,0.022735566699981613
2023-06-20,0.0,-4407078.2501175,4903612.0,1546059.3054550008,496533.7498824997,1049525.5555725012,4407078.2501175,4951062.023940001,0.021012156921498132,-0.0058603588199265255,-0.004445969029073349,-0.004445969029073256
2023-06-21,4918119.39381,0.0,0.0,1560566.6992650009,0.0,1560566.6992650009,-0.0,4951062.023940001,0.02120932376638057,0.0029301579620397145,0.002232895627847453,0.002232895627847377
2023-06-26,0.0,0.0,0.0,1560566.6992650009,0.0,1560566.6992650009,-0.0,4951062.023940001,0.02120932376638057,0.0,0.0,0.0
2023-06-27,0.0,0.0,0.0,1560566.6992650009,0.0,1560566.6992650009,-0.0,4951062.023940001,0.02120932376638057,0.0,0.0,0.0
2023-06-28,0.0,0.0,0.0,1560566.6992650009,0.0,1560566.6992650009,-0.0,4951062.023940001,0.02120932376638057,0.0,0.0,0.0
2023-06-29,0.0,0.0,0.0,1560566.6992650009,0.0,1560566.6992650009,-0.0,4951062.023940001,0.02120932376638057,0.0,0.0,0.0
2023-06-30,0.0,0.0,0.0,1560566.6992650009,0.0,1560566.6992650009,-0.0,4951062.023940001,0.02120932376638057,0.0,0.0,0.0
2023-07-03,0.0,0.0,0.0,1560566.6992650009,0.0,1560566.6992650009,-0.0,4951062.023940001,0.02120932376638057,0.0,0.0,0.0
2023-07-04,0.0,0.0,0.0,1560566.6992650009,0.0,1560566.6992650009,-0.0,4951062.023940001,0.02120932376638057,0.0,0.0,0.0
2023-07-05,-4815681.581325,-4815681.581325,4744027.0,1488912.1179400007,-71654.58132500015,1560566.6992650009,4815681.581325,4951062.023940001,0.01899244738506933,-0.01447256790129614,-0.01100409503841182,-0.011004095038411835
2023-07-06,4758534.495645,0.0,0.0,1503419.6135850009,0.0,1503419.6135850009,-0.0,4951062.023940001,0.019177503873230636,0.002930178530354044,0.002252725760287788,0.0022527257602877587
2023-07-07,0.0,0.0,0.0,1503419.6135850009,0.0,1503419.6135850009,-0.0,4951062.023940001,0.019177503873230636,0.0,0.0,0.0
2023-07-10,0.0,0.0,0.0,1503419.6135850009,0.0,1503419.6135850009,-0.0,4951062.023940001,0.019177503873230636,0.0,0.0,0.0
2023-07-11,0.0,0.0,0.0,1503419.6135850009,0.0,1503419.6135850009,-0.0,4951062.023940001,0.019177503873230636,0.0,0.0,0.0
2023-07-12,0.0,0.0,0.0,1503419.6135850009,0.0,1503419.6135850009,-0.0,4951062.023940001,0.019177503873230636,0.0,0.0,0.0
2023-07-13,0.0,0.0,0.0,1503419.6135850009,0.0,1503419.6135850009,-0.0,4951062.023940001,0.019177503873230636,0.0,0.0,0.0
2023-07-14,-5253470.8433024995,-5253470.8433024995,5425890.0,1675838.7702825014,172419.1566975005,1503419.6135850009,5253470.8433024995,4951062.023940001,0.020034312543922284,0.034824681222694776,0.026713091210158968,0.0267130912101588
2023-07-17,0.0,-5253470.8433024995,5208274.0,1458222.7702825014,-45196.8433024995,1503419.6135850009,5253470.8433024995,4951062.023940001,0.017432757408744663,-0.04395339806848625,-0.03283827640663084,-0.03283827640663085
2023-07-18,0.0,-5253470.8433024995,5193766.0,1443714.7702825014,-59704.8433024995,1503419.6135850009,5253470.8433024995,4951062.023940001,0.017259317211786918,-0.002930280398397156,-0.0022635910972591544,-0.002263591097259072
2023-07-19,0.0,-5253470.8433024995,5367859.0,1617807.7702825014,114388.1566975005,1503419.6135850009,5253470.8433024995,4951062.023940001,0.019340563710888443,0.03516275885016257,0.02722424966533432,0.027224249665334377
2023-07-20,0.0,-5253470.8433024995,5309828.0,1559776.7702825014,56357.1566975005,1503419.6135850009,5253470.8433024995,4951062.023940001,0.018646814877854603,-0.011720919616720893,-0.00883424421824286,-0.008834244218242814
2023-07-21,5121227.7446925,0.0,0.0,1371176.5149750009,0.0,1371176.5149750009,-0.0,4951062.023940001,0.016392137084443096,-0.038092888837901184,-0.028967121022080544,-0.02896712102208059
2023-07-24,0.0,0.0,0.0,1371176.5149750009,0.0,1371176.5149750009,-0.0,4951062.023940001,0.016392137084443096,0.0,0.0,0.0
2023-07-25,-5559923.1163874995,-5559923.1163874995,5469413.0,1280666.3985875014,-90510.1163874995,1371176.5149750009,5559923.1163874995,4951062.023940001,0.014355902427124943,-0.018280949814373837,-0.014316150178514508,-0.014316150178514538
2023-07-26,0.0,-5559923.1163874995,5338844.0,1150097.3985875014,-221079.1163874995,1371176.5149750009,5559923.1163874995,4951062.023940001,0.01289226144608986,-0.026371917654971072,-0.020952293031255564,-0.02095229303125553
2023-07-27,5498428.413082499,0.0,0.0,1309681.811670001,0.0,1309681.811670001,-0.0,4951062.023940001,0.014681156872431315,0.03223235990800696,0.02615640766462546,0.026156407664625347
2023-07-28,0.0,0.0,0.0,1309681.811670001,0.0,1309681.811670001,-0.0,4951062.023940001,0.014681156872431315,0.0,0.0,0.0
2023-07-31,0.0,0.0,0.0,1309681.811670001,0.0,1309681.811670001,-0.0,4951062.023940001,0.014681156872431315,0.0,0.0,0.0
2023-08-01,0.0,0.0,0.0,1309681.811670001,0.0,1309681.811670001,-0.0,4951062.023940001,0.014681156872431315,0.0,0.0,0.0
2023-08-02,0.0,0.0,0.0,1309681.811670001,0.0,1309681.811670001,-0.0,4951062.023940001,0.014681156872431315,0.0,0.0,0.0
2023-08-04,0.0,0.0,0.0,1309681.811670001,0.0,1309681.811670001,-0.0,4951062.023940001,0.014681156872431315,0.0,0.0,0.0
2023-08-07,0.0,0.0,0.0,1309681.811670001,0.0,1309681.811670001,-0.0,4951062.023940001,0.014681156872431315,0.0,0.0,0.0
2023-08-08,0.0,0.0,0.0,1309681.811670001,0.0,1309681.811670001,-0.0,4951062.023940001,0.014681156872431315,0.0,0.0,0.0
2023-08-09,0.0,0.0,0.0,1309681.811670001,0.0,1309681.811670001,-0.0,4951062.023940001,0.014681156872431315,0.0,0.0,0.0
2023-08-10,0.0,0.0,0.0,1309681.811670001,0.0,1309681.811670001,-0.0,4951062.023940001,0.014681156872431315,0.0,0.0,0.0
2023-08-11,0.0,0.0,0.0,1309681.811670001,0.0,1309681.811670001,-0.0,4951062.023940001,0.014681156872431315,0.0,0.0,0.0
2023-08-14,0.0,0.0,0.0,1309681.811670001,0.0,1309681.811670001,-0.0,4951062.023940001,0.014681156872431315,0.0,0.0,0.0
2023-08-15,0.0,0.0,0.0,1309681.811670001,0.0,1309681.811670001,-0.0,4951062.023940001,0.014681156872431315,0.0,0.0,0.0
2023-08-16,0.0,0.0,0.0,1309681.811670001,0.0,1309681.811670001,-0.0,4951062.023940001,0.014681156872431315,0.0,0.0,0.0
2023-08-17,0.0,0.0,0.0,1309681.811670001,0.0,1309681.811670001,-0.0,4951062.023940001,0.014681156872431315,0.0,0.0,0.0
2023-08-18,0.0,0.0,0.0,1309681.811670001,0.0,1309681.811670001,-0.0,4951062.023940001,0.014681156872431315,0.0,0.0,0.0
2023-08-21,0.0,0.0,0.0,1309681.811670001,0.0,1309681.811670001,-0.0,4951062.023940001,0.014681156872431315,0.0,0.0,0.0
2023-08-22,0.0,0.0,0.0,1309681.811670001,0.0,1309681.811670001,-0.0,4951062.023940001,0.014681156872431315,0.0,0.0,0.0
2023-08-23,0.0,0.0,0.0,1309681.811670001,0.0,1309681.811670001,-0.0,4951062.023940001,0.014681156872431315,0.0,0.0,0.0
2023-08-24,-4494636.042427499,-4494636.042427499,4308795.0,1123840.769242502,-185841.04242749885,1309681.811670001,4494636.042427499,4951062.023940001,0.011993649203636231,-0.03753559166273754,-0.029683540375900375,-0.029683540375900375
2023-08-25,0.0,-4494636.042427499,4149210.0,964255.769242502,-345426.04242749885,1309681.811670001,4494636.042427499,4951062.023940001,0.010290555170615542,-0.03223247845176541,-0.026269556144847717,-0.026269556144847724
2023-08-28,0.0,-4494636.042427499,4149210.0,964255.769242502,-345426.04242749885,1309681.811670001,4494636.042427499,4951062.023940001,0.010290555170615542,0.0,0.0,0.0
2023-08-29,0.0,-4494636.042427499,4352318.0,1167363.769242502,-142318.04242749885,1309681.811670001,4494636.042427499,4951062.023940001,0.012458127454093101,0.04102311767008909,0.03433594053629463,0.034335940536294636
2023-08-30,0.0,-4494636.042427499,4308795.0,1123840.769242502,-185841.04242749885,1309681.811670001,4494636.042427499,4951062.023940001,0.011993649203636231,-0.008790639218323681,-0.007113431047655383,-0.007113431047655395
2023-08-31,4279779.5024775,0.0,0.0,1094825.2717200012,0.0,1094825.2717200012,-0.0,4951062.023940001,0.011683995284435193,-0.0058604593079629175,-0.004776290009951056,-0.004776290009950966
2023-09-01,0.0,0.0,0.0,1094825.2717200012,0.0,1094825.2717200012,-0.0,4951062.023940001,0.011683995284435193,0.0,0.0,0.0
2023-09-04,0.0,0.0,0.0,1094825.2717200012,0.0,1094825.2717200012,-0.0,4951062.023940001,0.011683995284435193,0.0,0.0,0.0
2023-09-05,0.0,0.0,0.0,1094825.2717200012,0.0,1094825.2717200012,-0.0,4951062.023940001,0.011683995284435193,0.0,0.0,0.0
2023-09-06,0.0,0.0,0.0,1094825.2717200012,0.0,1094825.2717200012,-0.0,4951062.023940001,0.011683995284435193,0.0,0.0,0.0
2023-09-07,0.0,0.0,0.0,1094825.2717200012,0.0,1094825.2717200012,-0.0,4951062.023940001,0.011683995284435193,0.0,0.0,0.0
2023-09-08,0.0,0.0,0.0,1094825.2717200012,0.0,1094825.2717200012,-0.0,4951062.023940001,0.011683995284435193,0.0,0.0,0.0
2023-09-11,0.0,0.0,0.0,1094825.2717200012,0.0,1094825.2717200012,-0.0,4951062.023940001,0.011683995284435193,0.0,0.0,0.0
2023-09-12,0.0,0.0,0.0,1094825.2717200012,0.0,1094825.2717200012,-0.0,4951062.023940001,0.011683995284435193,0.0,0.0,0.0
2023-09-13,0.0,0.0,0.0,1094825.2717200012,0.0,1094825.2717200012,-0.0,4951062.023940001,0.011683995284435193,0.0,0.0,0.0
2023-09-14,0.0,0.0,0.0,1094825.2717200012,0.0,1094825.2717200012,-0.0,4951062.023940001,0.011683995284435193,0.0,0.0,0.0
2023-09-15,0.0,0.0,0.0,1094825.2717200012,0.0,1094825.2717200012,-0.0,4951062.023940001,0.011683995284435193,0.0,0.0,0.0
2023-09-18,-4217369.7001125,-4217369.7001125,4178225.0,1055680.571607501,-39144.70011250023,1094825.2717200012,4217369.7001125,4951062.023940001,0.010781012189400448,-0.007906323920650327,-0.006474599706911444,-0.006474599706911503
2023-09-19,4221748.6304175,0.0,0.0,1099204.2020250012,0.0,1099204.2020250012,-0.0,4951062.023940001,0.01122549208481382,0.008790766548075785,0.007245795824472712,0.00724579582447266
2023-09-20,0.0,0.0,0.0,1099204.2020250012,0.0,1099204.2020250012,-0.0,4951062.023940001,0.01122549208481382,0.0,0.0,0.0
2023-09-21,0.0,0.0,0.0,1099204.2020250012,0.0,1099204.2020250012,-0.0,4951062.023940001,0.01122549208481382,0.0,0.0,0.0
2023-09-22,0.0,0.0,0.0,1099204.2020250012,0.0,1099204.2020250012,-0.0,4951062.023940001,0.01122549208481382,0.0,0.0,0.0
2023-09-25,0.0,0.0,0.0,1099204.2020250012,0.0,1099204.2020250012,-0.0,4951062.023940001,0.01122549208481382,0.0,0.0,0.0
2023-09-26,0.0,0.0,0.0,1099204.2020250012,0.0,1099204.2020250012,-0.0,4951062.023940001,0.01122549208481382,0.0,0.0,0.0
2023-09-27,0.0,0.0,0.0,1099204.2020250012,0.0,1099204.2020250012,-0.0,4951062.023940001,0.01122549208481382,0.0,0.0,0.0
2023-09-28,0.0,0.0,0.0,1099204.2020250012,0.0,1099204.2020250012,-0.0,4951062.023940001,0.01122549208481382,0.0,0.0,0.0
2023-10-02,0.0,0.0,0.0,1099204.2020250012,0.0,1099204.2020250012,-0.0,4951062.023940001,0.01122549208481382,0.0,0.0,0.0
2023-10-03,0.0,0.0,0.0,1099204.2020250012,0.0,1099204.2020250012,-0.0,4951062.023940001,0.01122549208481382,0.0,0.0,0.0
2023-10-04,0.0,0.0,0.0,1099204.2020250012,0.0,1099204.2020250012,-0.0,4951062.023940001,0.01122549208481382,0.0,0.0,0.0
2023-10-05,0.0,0.0,0.0,1099204.2020250012,0.0,1099204.2020250012,-0.0,4951062.023940001,0.01122549208481382,0.0,0.0,0.0
2023-10-06,0.0,0.0,0.0,1099204.2020250012,0.0,1099204.2020250012,-0.0,4951062.023940001,0.01122549208481382,0.0,0.0,0.0
2023-10-11,-4348706.3885775,-4348706.3885775,4569934.0,1320431.8134475008,221227.61142249964,1099204.2020250012,4348706.3885775,4951062.023940001,0.012911351279442559,0.04468286003140176,0.036564938328348395,0.03656493832834842
2023-10-12,0.0,-4348706.3885775,4918119.0,1668616.8134475008,569412.6114224996,1099204.2020250012,4348706.3885775,4951062.023940001,0.016315948775087075,0.0703253157234573,0.05551867051583392,0.055518670515833986
2023-10-13,0.0,-4348706.3885775,4918119.0,1668616.8134475008,569412.6114224996,1099204.2020250012,4348706.3885775,4951062.023940001,0.016315948775087075,0.0,0.0,0.0
2023-10-16,0.0,-4348706.3885775,4976150.0,1726647.8134475008,627443.6114224996,1099204.2020250012,4348706.3885775,4951062.023940001,0.016883383320715827,0.011720919616720837,0.008766437379445602,0.008766437379445784
2023-10-17,0.0,-4348706.3885775,4889104.0,1639601.8134475008,540397.6114224996,1099204.2020250012,4348706.3885775,4951062.023940001,0.016032236391336697,-0.017581278436647363,-0.013035307331361157,-0.013035307331361184
2023-10-18,4831073.085720001,0.0,0.0,1581570.8991675011,0.0,1581570.8991675011,-0.0,4951062.023940001,0.01546480268388908,-0.01172090230326367,-0.008805018084946381,-0.008805018084946475
2023-10-19,0.0,0.0,0.0,1581570.8991675011,0.0,1581570.8991675011,-0.0,4951062.023940001,0.01546480268388908,0.0,0.0,0.0
2023-10-20,0.0,0.0,0.0,1581570.8991675011,0.0,1581570.8991675011,-0.0,4951062.023940001,0.01546480268388908,0.0,0.0,0.0
2023-10-23,0.0,0.0,0.0,1581570.8991675011,0.0,1581570.8991675011,-0.0,4951062.023940001,0.01546480268388908,0.0,0.0,0.0
2023-10-24,0.0,0.0,0.0,1581570.8991675011,0.0,1581570.8991675011,-0.0,4951062.023940001,0.01546480268388908,0.0,0.0,0.0
2023-10-25,0.0,0.0,0.0,1581570.8991675011,0.0,1581570.8991675011,-0.0,4951062.023940001,0.01546480268388908,0.0,0.0,0.0
2023-10-26,0.0,0.0,0.0,1581570.8991675011,0.0,1581570.8991675011,-0.0,4951062.023940001,0.01546480268388908,0.0,0.0,0.0
2023-10-27,0.0,0.0,0.0,1581570.8991675011,0.0,1581570.8991675011,-0.0,4951062.023940001,0.01546480268388908,0.0,0.0,0.0
2023-10-30,0.0,0.0,0.0,1581570.8991675011,0.0,1581570.8991675011,-0.0,4951062.023940001,0.01546480268388908,0.0,0.0,0.0
2023-10-31,0.0,0.0,0.0,1581570.8991675011,0.0,1581570.8991675011,-0.0,4951062.023940001,0.01546480268388908,0.0,0.0,0.0
2023-11-01,0.0,0.0,0.0,1581570.8991675011,0.0,1581570.8991675011,-0.0,4951062.023940001,0.01546480268388908,0.0,0.0,0.0
2023-11-02,0.0,0.0,0.0,1581570.8991675011,0.0,1581570.8991675011,-0.0,4951062.023940001,0.01546480268388908,0.0,0.0,0.0
2023-11-03,0.0,0.0,0.0,1581570.8991675011,0.0,1581570.8991675011,-0.0,4951062.023940001,0.01546480268388908,0.0,0.0,0.0
2023-11-06,0.0,0.0,0.0,1581570.8991675011,0.0,1581570.8991675011,-0.0,4951062.023940001,0.01546480268388908,0.0,0.0,0.0
2023-11-07,0.0,0.0,0.0,1581570.8991675011,0.0,1581570.8991675011,-0.0,4951062.023940001,0.01546480268388908,0.0,0.0,0.0
2023-11-08,-4567600.869352499,-4567600.869352499,4700504.0,1714474.029815002,132903.13064750098,1581570.8991675011,4567600.869352499,4951062.023940001,0.01604761837173692,0.026843358052246358,0.020344496960389646,0.020344496960389504
2023-11-09,0.0,-4567600.869352499,4831073.0,1845043.029815002,263472.130647501,1581570.8991675011,4567600.869352499,4951062.023940001,0.017269754984331403,0.026371917654971044,0.019588672080836478,0.01958867208083654
2023-11-10,0.0,-4567600.869352499,4845581.0,1859551.029815002,277980.130647501,1581570.8991675011,4567600.869352499,4951062.023940001,0.017405551061313845,0.002930280398397156,0.002134752168373888,0.002134752168373854
2023-11-13,0.0,-4567600.869352499,4932627.0,1946597.029815002,365026.130647501,1581570.8991675011,4567600.869352499,4951062.023940001,0.0182203088030435,0.017581278436647363,0.012780934596190008,0.012780934596189921
2023-11-14,0.0,-4567600.869352499,5034181.0,2048151.029815002,466580.130647501,1581570.8991675011,4567600.869352499,4951062.023940001,0.0191708626217556,0.02051155883504452,0.014722966039429908,0.014722966039429743
2023-11-15,5135735.462707499,0.0,0.0,2149705.4925225014,0.0,2149705.4925225014,-0.0,4951062.023940001,0.020121420771448066,0.02051165229125601,0.014509411547776185,0.014509411547776274
2023-11-16,0.0,0.0,0.0,2149705.4925225014,0.0,2149705.4925225014,-0.0,4951062.023940001,0.020121420771448066,0.0,0.0,0.0
2023-11-17,0.0,0.0,0.0,2149705.4925225014,0.0,2149705.4925225014,-0.0,4951062.023940001,0.020121420771448066,0.0,0.0,0.0
2023-11-20,0.0,0.0,0.0,2149705.4925225014,0.0,2149705.4925225014,-0.0,4951062.023940001,0.020121420771448066,0.0,0.0,0.0
2023-11-21,0.0,0.0,0.0,2149705.4925225014,0.0,2149705.4925225014,-0.0,4951062.023940001,0.020121420771448066,0.0,0.0,0.0
2023-11-22,0.0,0.0,0.0,2149705.4925225014,0.0,2149705.4925225014,-0.0,4951062.023940001,0.020121420771448066,0.0,0.0,0.0
2023-11-23,-5224284.9125325,-5224284.9125325,4918119.0,1843539.5799900014,-306165.9125325,2149705.4925225014,5224284.9125325,4951062.023940001,0.016451222121516312,-0.061838432047929937,-0.043117298492406864,-0.04311729849240682
2023-11-24,4961642.547855,0.0,0.0,1887063.1278450014,0.0,1887063.1278450014,-0.0,4951062.023940001,0.01683961386588175,0.008790749872360615,0.0064056070380678065,0.006405607038067686
2023-11-27,0.0,0.0,0.0,1887063.1278450014,0.0,1887063.1278450014,-0.0,4951062.023940001,0.01683961386588175,0.0,0.0,0.0
2023-11-28,0.0,0.0,0.0,1887063.1278450014,0.0,1887063.1278450014,-0.0,4951062.023940001,0.01683961386588175,0.0,0.0,0.0
2023-11-29,0.0,0.0,0.0,1887063.1278450014,0.0,1887063.1278450014,-0.0,4951062.023940001,0.01683961386588175,0.0,0.0,0.0
2023-11-30,0.0,0.0,0.0,1887063.1278450014,0.0,1887063.1278450014,-0.0,4951062.023940001,0.01683961386588175,0.0,0.0,0.0
2023-12-01,0.0,0.0,0.0,1887063.1278450014,0.0,1887063.1278450014,-0.0,4951062.023940001,0.01683961386588175,0.0,0.0,0.0
2023-12-04,0.0,0.0,0.0,1887063.1278450014,0.0,1887063.1278450014,-0.0,4951062.023940001,0.01683961386588175,0.0,0.0,0.0
2023-12-05,0.0,0.0,0.0,1887063.1278450014,0.0,1887063.1278450014,-0.0,4951062.023940001,0.01683961386588175,0.0,0.0,0.0
2023-12-06,0.0,0.0,0.0,1887063.1278450014,0.0,1887063.1278450014,-0.0,4951062.023940001,0.01683961386588175,0.0,0.0,0.0
2023-12-07,0.0,0.0,0.0,1887063.1278450014,0.0,1887063.1278450014,-0.0,4951062.023940001,0.01683961386588175,0.0,0.0,0.0
2023-12-08,0.0,0.0,0.0,1887063.1278450014,0.0,1887063.1278450014,-0.0,4951062.023940001,0.01683961386588175,0.0,0.0,0.0
2023-12-11,-5413993.4625375,-5413993.4625375,5295320.0,1768389.6653075013,-118673.46253750008,1887063.1278450014,5413993.4625375,4951062.023940001,0.015053334888497874,-0.02396929425720684,-0.01735467835164184,-0.017354678351641742
2023-12-12,0.0,-5413993.4625375,5193766.0,1666835.6653075013,-220227.46253750008,1887063.1278450014,5413993.4625375,4951062.023940001,0.01418886118043609,-0.020511558835044574,-0.015113435544526155,-0.015113435544526228
2023-12-13,0.0,-5413993.4625375,5251797.0,1724866.6653075013,-162196.46253750008,1887063.1278450014,5413993.4625375,4951062.023940001,0.014682847372536188,0.011720919616720893,0.008768796787881117,0.008768796787881214
2023-12-14,0.0,-5413993.4625375,5237289.0,1710358.6653075013,-176704.46253750008,1887063.1278450014,5413993.4625375,4951062.023940001,0.014559348696397776,-0.0029302803983972114,-0.0021731807925641222,-0.002173180792564055
2023-12-15,5280812.6428575,0.0,0.0,1753882.3081650015,0.0,1753882.3081650015,-0.0,4951062.023940001,0.014929841684654072,0.008790769060668058,0.0065336877653972,0.00653368776539719
2023-12-18,0.0,0.0,0.0,1753882.3081650015,0.0,1753882.3081650015,-0.0,4951062.023940001,0.014929841684654072,0.0,0.0,0.0
2023-12-19,0.0,0.0,0.0,1753882.3081650015,0.0,1753882.3081650015,-0.0,4951062.023940001,0.014929841684654072,0.0,0.0,0.0
2023-12-20,0.0,0.0,0.0,1753882.3081650015,0.0,1753882.3081650015,-0.0,4951062.023940001,0.014929841684654072,0.0,0.0,0.0
2023-12-21,0.0,0.0,0.0,1753882.3081650015,0.0,1753882.3081650015,-0.0,4951062.023940001,0.014929841684654072,0.0,0.0,0.0
2023-12-22,0.0,0.0,0.0,1753882.3081650015,0.0,1753882.3081650015,-0.0,4951062.023940001,0.014929841684654072,0.0,0.0,0.0
2023-12-25,0.0,0.0,0.0,1753882.3081650015,0.0,1753882.3081650015,-0.0,4951062.023940001,0.014929841684654072,0.0,0.0,0.0
2023-12-26,0.0,0.0,0.0,1753882.3081650015,0.0,1753882.3081650015,-0.0,4951062.023940001,0.014929841684654072,0.0,0.0,0.0
2023-12-27,0.0,0.0,0.0,1753882.3081650015,0.0,1753882.3081650015,-0.0,4951062.023940001,0.014929841684654072,0.0,0.0,0.0
2023-12-28,0.0,0.0,0.0,1753882.3081650015,0.0,1753882.3081650015,-0.0,4951062.023940001,0.014929841684654072,0.0,0.0,0.0
2023-12-29,0.0,0.0,0.0,1753882.3081650015,0.0,1753882.3081650015,-0.0,4951062.023940001,0.014929841684654072,0.0,0.0,0.0
2024-01-02,0.0,0.0,0.0,1753882.3081650015,0.0,1753882.3081650015,-0.0,4951062.023940001,0.014929841684654072,0.0,0.0,0.0
2024-01-03,0.0,0.0,0.0,1753882.3081650015,0.0,1753882.3081650015,-0.0,4951062.023940001,0.014929841684654072,0.0,0.0,0.0
2024-01-04,0.0,0.0,0.0,1753882.3081650015,0.0,1753882.3081650015,-0.0,4951062.023940001,0.014929841684654072,0.0,0.0,0.0
2024-01-05,0.0,0.0,0.0,1753882.3081650015,0.0,1753882.3081650015,-0.0,4951062.023940001,0.014929841684654072,0.0,0.0,0.0
2024-01-08,0.0,0.0,0.0,1753882.3081650015,0.0,1753882.3081650015,-0.0,4951062.023940001,0.014929841684654072,0.0,0.0,0.0
2024-01-09,0.0,0.0,0.0,1753882.3081650015,0.0,1753882.3081650015,-0.0,4951062.023940001,0.014929841684654072,0.0,0.0,0.0
2024-01-10,0.0,0.0,0.0,1753882.3081650015,0.0,1753882.3081650015,-0.0,4951062.023940001,0.014929841684654072,0.0,0.0,0.0
2024-01-11,0.0,0.0,0.0,1753882.3081650015,0.0,1753882.3081650015,-0.0,4951062.023940001,0.014929841684654072,0.0,0.0,0.0
2024-01-12,-5443179.3933075,-5443179.3933075,5251797.0,1562499.9148575019,-191382.3933074996,1753882.3081650015,5443179.3933075,4951062.023940001,0.01271171311643903,-0.03865481635699641,-0.028543472373232293,-0.028543472373232293
2024-01-15,0.0,-5443179.3933075,5106720.0,1417422.9148575019,-336459.3933074996,1753882.3081650015,5443179.3933075,4951062.023940001,0.011531439641696593,-0.0293021980533682,-0.02227306677408869,-0.022273066774088787
2024-01-16,5121227.744692499,0.0,0.0,1431930.659550001,0.0,1431930.659550001,-0.0,4951062.023940001,0.011649467352766521,0.002930228832187798,0.0022780527601025113,0.0022780527601025313
2024-01-17,0.0,0.0,0.0,1431930.659550001,0.0,1431930.659550001,-0.0,4951062.023940001,0.011649467352766521,0.0,0.0,0.0
2024-01-18,0.0,0.0,0.0,1431930.659550001,0.0,1431930.659550001,-0.0,4951062.023940001,0.011649467352766521,0.0,0.0,0.0
2024-01-19,0.0,0.0,0.0,1431930.659550001,0.0,1431930.659550001,-0.0,4951062.023940001,0.011649467352766521,0.0,0.0,0.0
2024-01-22,0.0,0.0,0.0,1431930.659550001,0.0,1431930.659550001,-0.0,4951062.023940001,0.011649467352766521,0.0,0.0,0.0
2024-01-23,0.0,0.0,0.0,1431930.659550001,0.0,1431930.659550001,-0.0,4951062.023940001,0.011649467352766521,0.0,0.0,0.0
2024-01-24,0.0,0.0,0.0,1431930.659550001,0.0,1431930.659550001,-0.0,4951062.023940001,0.011649467352766521,0.0,0.0,0.0
2024-01-25,0.0,0.0,0.0,1431930.659550001,0.0,1431930.659550001,-0.0,4951062.023940001,0.011649467352766521,0.0,0.0,0.0
2024-01-26,0.0,0.0,0.0,1431930.659550001,0.0,1431930.659550001,-0.0,4951062.023940001,0.011649467352766521,0.0,0.0,0.0
2024-01-29,0.0,0.0,0.0,1431930.659550001,0.0,1431930.659550001,-0.0,4951062.023940001,0.011649467352766521,0.0,0.0,0.0
2024-01-30,0.0,0.0,0.0,1431930.659550001,0.0,1431930.659550001,-0.0,4951062.023940001,0.011649467352766521,0.0,0.0,0.0
2024-01-31,0.0,0.0,0.0,1431930.659550001,0.0,1431930.659550001,-0.0,4951062.023940001,0.011649467352766521,0.0,0.0,0.0
2024-02-01,0.0,0.0,0.0,1431930.659550001,0.0,1431930.659550001,-0.0,4951062.023940001,0.011649467352766521,0.0,0.0,0.0
2024-02-02,0.0,0.0,0.0,1431930.659550001,0.0,1431930.659550001,-0.0,4951062.023940001,0.011649467352766521,0.0,0.0,0.0
2024-02-05,0.0,0.0,0.0,1431930.659550001,0.0,1431930.659550001,-0.0,4951062.023940001,0.011649467352766521,0.0,0.0,0.0
2024-02-15,0.0,0.0,0.0,1431930.659550001,0.0,1431930.659550001,-0.0,4951062.023940001,0.011649467352766521,0.0,0.0,0.0
2024-02-16,0.0,0.0,0.0,1431930.659550001,0.0,1431930.659550001,-0.0,4951062.023940001,0.011649467352766521,0.0,0.0,0.0
2024-02-19,0.0,0.0,0.0,1431930.659550001,0.0,1431930.659550001,-0.0,4951062.023940001,0.011649467352766521,0.0,0.0,0.0
2024-02-20,0.0,0.0,0.0,1431930.659550001,0.0,1431930.659550001,-0.0,4951062.023940001,0.011649467352766521,0.0,0.0,0.0
2024-02-21,0.0,0.0,0.0,1431930.659550001,0.0,1431930.659550001,-0.0,4951062.023940001,0.011649467352766521,0.0,0.0,0.0
2024-02-22,0.0,0.0,0.0,1431930.659550001,0.0,1431930.659550001,-0.0,4951062.023940001,0.011649467352766521,0.0,0.0,0.0
2024-02-23,0.0,0.0,0.0,1431930.659550001,0.0,1431930.659550001,-0.0,4951062.023940001,0.011649467352766521,0.0,0.0,0.0
2024-02-26,0.0,0.0,0.0,1431930.659550001,0.0,1431930.659550001,-0.0,4951062.023940001,0.011649467352766521,0.0,0.0,0.0
2024-02-27,0.0,0.0,0.0,1431930.659550001,0.0,1431930.659550001,-0.0,4951062.023940001,0.011649467352766521,0.0,0.0,0.0
2024-02-29,0.0,0.0,0.0,1431930.659550001,0.0,1431930.659550001,-0.0,4951062.023940001,0.011649467352766521,0.0,0.0,0.0
2024-03-01,-4640565.6962775,-4640565.6962775,4584442.0,1375806.9632725008,-56123.69627750013,1431930.659550001,4640565.6962775,4951062.023940001,0.010785678173959977,-0.011335688384860432,-0.008792693186484013,-0.008792693186484058
2024-03-04,0.0,-4640565.6962775,4482888.0,1274252.9632725008,-157677.69627750013,1431930.659550001,4640565.6962775,4951062.023940001,0.009989542676380449,-0.02051155883504452,-0.016051225369966615,-0.01605122536996657
2024-03-05,4526410.708732501,0.0,0.0,1317775.6720050012,0.0,1317775.6720050012,-0.0,4951062.023940001,0.01033074020058194,0.008790580389026414,0.006991246036851306,0.006991246036851306
2024-03-06,0.0,0.0,0.0,1317775.6720050012,0.0,1317775.6720050012,-0.0,4951062.023940001,0.01033074020058194,0.0,0.0,0.0
2024-03-07,0.0,0.0,0.0,1317775.6720050012,0.0,1317775.6720050012,-0.0,4951062.023940001,0.01033074020058194,0.0,0.0,0.0
2024-03-08,0.0,0.0,0.0,1317775.6720050012,0.0,1317775.6720050012,-0.0,4951062.023940001,0.01033074020058194,0.0,0.0,0.0
2024-03-11,0.0,0.0,0.0,1317775.6720050012,0.0,1317775.6720050012,-0.0,4951062.023940001,0.01033074020058194,0.0,0.0,0.0
2024-03-12,0.0,0.0,0.0,1317775.6720050012,0.0,1317775.6720050012,-0.0,4951062.023940001,0.01033074020058194,0.0,0.0,0.0
2024-03-13,0.0,0.0,0.0,1317775.6720050012,0.0,1317775.6720050012,-0.0,4951062.023940001,0.01033074020058194,0.0,0.0,0.0
2024-03-14,0.0,0.0,0.0,1317775.6720050012,0.0,1317775.6720050012,-0.0,4951062.023940001,0.01033074020058194,0.0,0.0,0.0
2024-03-15,0.0,0.0,0.0,1317775.6720050012,0.0,1317775.6720050012,-0.0,4951062.023940001,0.01033074020058194,0.0,0.0,0.0
2024-03-18,0.0,0.0,0.0,1317775.6720050012,0.0,1317775.6720050012,-0.0,4951062.023940001,0.01033074020058194,0.0,0.0,0.0
2024-03-19,0.0,0.0,0.0,1317775.6720050012,0.0,1317775.6720050012,-0.0,4951062.023940001,0.01033074020058194,0.0,0.0,0.0
2024-03-20,0.0,0.0,0.0,1317775.6720050012,0.0,1317775.6720050012,-0.0,4951062.023940001,0.01033074020058194,0.0,0.0,0.0
2024-03-21,0.0,0.0,0.0,1317775.6720050012,0.0,1317775.6720050012,-0.0,4951062.023940001,0.01033074020058194,0.0,0.0,0.0
2024-03-22,0.0,0.0,0.0,1317775.6720050012,0.0,1317775.6720050012,-0.0,4951062.023940001,0.01033074020058194,0.0,0.0,0.0
2024-03-25,0.0,0.0,0.0,1317775.6720050012,0.0,1317775.6720050012,-0.0,4951062.023940001,0.01033074020058194,0.0,0.0,0.0
2024-03-26,0.0,0.0,0.0,1317775.6720050012,0.0,1317775.6720050012,-0.0,4951062.023940001,0.01033074020058194,0.0,0.0,0.0
2024-03-27,0.0,0.0,0.0,1317775.6720050012,0.0,1317775.6720050012,-0.0,4951062.023940001,0.01033074020058194,0.0,0.0,0.0
2024-03-28,0.0,0.0,0.0,1317775.6720050012,0.0,1317775.6720050012,-0.0,4951062.023940001,0.01033074020058194,0.0,0.0,0.0
2024-03-29,0.0,0.0,0.0,1317775.6720050012,0.0,1317775.6720050012,-0.0,4951062.023940001,0.01033074020058194,0.0,0.0,0.0
2024-04-01,0.0,0.0,0.0,1317775.6720050012,0.0,1317775.6720050012,-0.0,4951062.023940001,0.01033074020058194,0.0,0.0,0.0
2024-04-02,0.0,0.0,0.0,1317775.6720050012,0.0,1317775.6720050012,-0.0,4951062.023940001,0.01033074020058194,0.0,0.0,0.0
2024-04-03,-5370214.46624,-5370214.46624,5358187.0,1305748.2057650012,-12027.46623999998,1317775.6720050012,5370214.46624,4951062.023940001,0.009822906650712724,-0.002429269959019542,-0.0019186118421570253,-0.0019186118421569516
2024-04-08,0.0,-5370214.46624,5029345.0,976906.2057650012,-340869.46624,1317775.6720050012,5370214.46624,4951062.023940001,0.007349087996724071,-0.06641847716912891,-0.05255745146924562,-0.05255745146924559
2024-04-09,5145407.175159999,0.0,0.0,1092968.3809250009,0.0,1092968.3809250009,-0.0,4951062.023940001,0.008222202665572045,0.023441874611709795,0.019578744463982334,0.01957874446398228
2024-04-10,0.0,0.0,0.0,1092968.3809250009,0.0,1092968.3809250009,-0.0,4951062.023940001,0.008222202665572045,0.0,0.0,0.0
2024-04-11,0.0,0.0,0.0,1092968.3809250009,0.0,1092968.3809250009,-0.0,4951062.023940001,0.008222202665572045,0.0,0.0,0.0
2024-04-12,0.0,0.0,0.0,1092968.3809250009,0.0,1092968.3809250009,-0.0,4951062.023940001,0.008222202665572045,0.0,0.0,0.0
2024-04-15,0.0,0.0,0.0,1092968.3809250009,0.0,1092968.3809250009,-0.0,4951062.023940001,0.008222202665572045,0.0,0.0,0.0
2024-04-16,0.0,0.0,0.0,1092968.3809250009,0.0,1092968.3809250009,-0.0,4951062.023940001,0.008222202665572045,0.0,0.0,0.0
2024-04-17,0.0,0.0,0.0,1092968.3809250009,0.0,1092968.3809250009,-0.0,4951062.023940001,0.008222202665572045,0.0,0.0,0.0
2024-04-18,0.0,0.0,0.0,1092968.3809250009,0.0,1092968.3809250009,-0.0,4951062.023940001,0.008222202665572045,0.0,0.0,0.0
2024-04-19,0.0,0.0,0.0,1092968.3809250009,0.0,1092968.3809250009,-0.0,4951062.023940001,0.008222202665572045,0.0,0.0,0.0
2024-04-22,0.0,0.0,0.0,1092968.3809250009,0.0,1092968.3809250009,-0.0,4951062.023940001,0.008222202665572045,0.0,0.0,0.0
2024-04-23,0.0,0.0,0.0,1092968.3809250009,0.0,1092968.3809250009,-0.0,4951062.023940001,0.008222202665572045,0.0,0.0,0.0
2024-04-24,0.0,0.0,0.0,1092968.3809250009,0.0,1092968.3809250009,-0.0,4951062.023940001,0.008222202665572045,0.0,0.0,0.0
2024-04-25,0.0,0.0,0.0,1092968.3809250009,0.0,1092968.3809250009,-0.0,4951062.023940001,0.008222202665572045,0.0,0.0,0.0
2024-04-26,0.0,0.0,0.0,1092968.3809250009,0.0,1092968.3809250009,-0.0,4951062.023940001,0.008222202665572045,0.0,0.0,0.0
2024-04-29,-5253470.74316,-5253470.74316,5261469.0,1100966.6377650008,7998.256839999929,1092968.3809250009,5253470.74316,4951062.023940001,0.007967489684865903,0.0016154628645987101,0.0013233316684777563,0.0013233316684776964
2024-04-30,0.0,-5253470.74316,5300156.0,1139653.6377650008,46685.25683999993,1092968.3809250009,5253470.74316,4951062.023940001,0.008247460269682297,0.007813879085524611,0.006392401979983475,0.00639240197998351
2024-05-02,0.0,-5253470.74316,5319500.0,1158997.6377650008,66029.25683999993,1092968.3809250009,5253470.74316,4951062.023940001,0.008387449180497,0.003907040531196226,0.003175981456764232,0.003175981456764466
2024-05-03,0.0,-5253470.74316,5203438.0,1042935.6377650008,-50032.74316000007,1092968.3809250009,5253470.74316,4951062.023940001,0.007547530189234807,-0.023441839233441703,-0.018995231867770856,-0.018995231867770846
2024-05-06,0.0,-5253470.74316,5222782.0,1062279.6377650008,-30688.74316000007,1092968.3809250009,5253470.74316,4951062.023940001,0.007687519100049508,0.003907040531196226,0.0032272284861882827,0.0032272284861882264
2024-05-07,5106719.92712,0.0,0.0,946217.5648850003,0.0,946217.5648850003,-0.0,4951062.023940001,0.006847599581368381,-0.023441853953515918,-0.019300761441699454,-0.019300761441699395
2024-05-08,0.0,0.0,0.0,946217.5648850003,0.0,946217.5648850003,-0.0,4951062.023940001,0.006847599581368381,0.0,0.0,0.0
2024-05-09,0.0,0.0,0.0,946217.5648850003,0.0,946217.5648850003,-0.0,4951062.023940001,0.006847599581368381,0.0,0.0,0.0
2024-05-10,0.0,0.0,0.0,946217.5648850003,0.0,946217.5648850003,-0.0,4951062.023940001,0.006847599581368381,0.0,0.0,0.0
2024-05-13,0.0,0.0,0.0,946217.5648850003,0.0,946217.5648850003,-0.0,4951062.023940001,0.006847599581368381,0.0,0.0,0.0
2024-05-14,0.0,0.0,0.0,946217.5648850003,0.0,946217.5648850003,-0.0,4951062.023940001,0.006847599581368381,0.0,0.0,0.0
2024-05-15,0.0,0.0,0.0,946217.5648850003,0.0,946217.5648850003,-0.0,4951062.023940001,0.006847599581368381,0.0,0.0,0.0
2024-05-16,0.0,0.0,0.0,946217.5648850003,0.0,946217.5648850003,-0.0,4951062.023940001,0.006847599581368381,0.0,0.0,0.0
2024-05-17,-4173590.8039575005,-4173590.8039575005,4149210.0,921836.7609274999,-24380.803957500495,946217.5648850003,4173590.8039575005,4951062.023940001,0.006475575249600666,-0.004924358418377989,-0.00413424589936362,-0.004134245899363613
2024-05-20,0.0,-4173590.8039575005,4236256.0,1008882.7609274999,62665.196042499505,946217.5648850003,4173590.8039575005,4951062.023940001,0.007087042428029962,0.017581278436647363,0.014821641439537236,0.014821641439537231
2024-05-21,0.0,-4173590.8039575005,4163718.0,936344.7609274999,-9872.803957500495,946217.5648850003,4173590.8039575005,4951062.023940001,0.006577488787553614,-0.01465099803825018,-0.012170918123969199,-0.01217091812396927
2024-05-22,4149210.0403425004,0.0,0.0,921836.8012700004,0.0,921836.8012700004,-0.0,4951062.023940001,0.0064755755329923784,-0.002930272250145277,-0.0024642359849822437,-0.0024642359849823014
2024-05-23,0.0,0.0,0.0,921836.8012700004,0.0,921836.8012700004,-0.0,4951062.023940001,0.0064755755329923784,0.0,0.0,0.0
2024-05-24,0.0,0.0,0.0,921836.8012700004,0.0,921836.8012700004,-0.0,4951062.023940001,0.0064755755329923784,0.0,0.0,0.0
2024-05-27,0.0,0.0,0.0,921836.8012700004,0.0,921836.8012700004,-0.0,4951062.023940001,0.0064755755329923784,0.0,0.0,0.0
2024-05-28,0.0,0.0,0.0,921836.8012700004,0.0,921836.8012700004,-0.0,4951062.023940001,0.0064755755329923784,0.0,0.0,0.0
2024-05-29,-4523821.973197501,-4523821.973197501,4439364.0,837378.8280724993,-84457.97319750115,921836.8012700004,4523821.973197501,4951062.023940001,0.005701116863457545,-0.017058556889232912,-0.014380968532091365,-0.014380968532091327
2024-05-30,0.0,-4523821.973197501,4381334.0,779348.8280724993,-142487.97319750115,921836.8012700004,4523821.973197501,4951062.023940001,0.005306031866684976,-0.011720717639853023,-0.010025152106343915,-0.010025152106343867
2024-05-31,0.0,-4523821.973197501,4221749.0,619763.8280724993,-302072.97319750115,921836.8012700004,4523821.973197501,4951062.023940001,0.004219531104838509,-0.032232478451765384,-0.02784878852865391,-0.02784878852865398
2024-06-03,4423901.527972501,0.0,0.0,821916.3560450004,0.0,821916.3560450004,-0.0,4951062.023940001,0.005595843888942978,0.040830134422680964,0.036287712691552176,0.036287712691552204
2024-06-04,-4641448.051844999,-4641448.051844999,4497145.0,677613.3042000012,-144303.0518449992,821916.3560450004,4641448.051844999,4951062.023940001,0.00447206826109019,-0.029145878429162664,-0.024996291748692556,-0.024996291748692487
2024-06-05,4570388.442322499,0.0,0.0,750856.7465225003,0.0,750856.7465225003,-0.0,4951062.023940001,0.004955455573165102,0.014793481068979403,0.013012554118430941,0.013012554118430997
2024-06-06,0.0,0.0,0.0,750856.7465225003,0.0,750856.7465225003,-0.0,4951062.023940001,0.004955455573165102,0.0,0.0,0.0
2024-06-07,0.0,0.0,0.0,750856.7465225003,0.0,750856.7465225003,-0.0,4951062.023940001,0.004955455573165102,0.0,0.0,0.0
2024-06-11,-4759326.189165,-4759326.189165,4570388.0,561918.5573575004,-188938.18916499987,750856.7465225003,4759326.189165,4951062.023940001,0.0035955755115570916,-0.03816114365997075,-0.033135896313316704,-0.03313589631331673
2024-06-12,4585037.1337575,0.0,0.0,576567.691115,0.0,576567.691115,-0.0,4951062.023940001,0.0036893116338373158,0.0029587861526812337,0.002657207574283005,0.0026572075742831475
2024-06-13,0.0,0.0,0.0,576567.691115,0.0,576567.691115,-0.0,4951062.023940001,0.0036893116338373158,0.0,0.0,0.0
2024-06-14,0.0,0.0,0.0,576567.691115,0.0,576567.691115,-0.0,4951062.023940001,0.0036893116338373158,0.0,0.0,0.0
2024-06-17,0.0,0.0,0.0,576567.691115,0.0,576567.691115,-0.0,4951062.023940001,0.0036893116338373158,0.0,0.0,0.0
2024-06-18,0.0,0.0,0.0,576567.691115,0.0,576567.691115,-0.0,4951062.023940001,0.0036893116338373158,0.0,0.0,0.0
2024-06-19,-4921408.62798,-4921408.62798,4731524.0,386683.0631349997,-189884.62798000034,576567.691115,4921408.62798,4951062.023940001,0.0023987490010123243,-0.038352302407412026,-0.03435190809956612,-0.034351908099566134
2024-06-20,4731523.749435,0.0,0.0,386682.81257000036,0.0,386682.81257000036,-0.0,4951062.023940001,0.0023987474466578692,-5.0608333745927325e-08,-4.6942106646241655e-08,-4.6942106688696e-08
2024-06-21,0.0,0.0,0.0,386682.81257000036,0.0,386682.81257000036,-0.0,4951062.023940001,0.0023987474466578692,0.0,0.0,0.0
2024-06-24,0.0,0.0,0.0,386682.81257000036,0.0,386682.81257000036,-0.0,4951062.023940001,0.0023987474466578692,0.0,0.0,0.0
2024-06-25,0.0,0.0,0.0,386682.81257000036,0.0,386682.81257000036,-0.0,4951062.023940001,0.0023987474466578692,0.0,0.0,0.0
2024-06-26,0.0,0.0,0.0,386682.81257000036,0.0,386682.81257000036,-0.0,4951062.023940001,0.0023987474466578692,0.0,0.0,0.0
2024-06-27,0.0,0.0,0.0,386682.81257000036,0.0,386682.81257000036,-0.0,4951062.023940001,0.0023987474466578692,0.0,0.0,0.0
2024-06-28,0.0,0.0,0.0,386682.81257000036,0.0,386682.81257000036,-0.0,4951062.023940001,0.0023987474466578692,0.0,0.0,0.0
2024-07-01,0.0,0.0,0.0,386682.81257000036,0.0,386682.81257000036,-0.0,4951062.023940001,0.0023987474466578692,0.0,0.0,0.0
2024-07-02,0.0,0.0,0.0,386682.81257000036,0.0,386682.81257000036,-0.0,4951062.023940001,0.0023987474466578692,0.0,0.0,0.0
2024-07-03,0.0,0.0,0.0,386682.81257000036,0.0,386682.81257000036,-0.0,4951062.023940001,0.0023987474466578692,0.0,0.0,0.0
2024-07-04,0.0,0.0,0.0,386682.81257000036,0.0,386682.81257000036,-0.0,4951062.023940001,0.0023987474466578692,0.0,0.0,0.0
2024-07-05,0.0,0.0,0.0,386682.81257000036,0.0,386682.81257000036,-0.0,4951062.023940001,0.0023987474466578692,0.0,0.0,0.0
2024-07-08,0.0,0.0,0.0,386682.81257000036,0.0,386682.81257000036,-0.0,4951062.023940001,0.0023987474466578692,0.0,0.0,0.0
2024-07-09,0.0,0.0,0.0,386682.81257000036,0.0,386682.81257000036,-0.0,4951062.023940001,0.0023987474466578692,0.0,0.0,0.0
2024-07-10,-4774060.9563299995,-4774060.9563299995,4702226.0,314847.85624000087,-71834.95632999949,386682.81257000036,4774060.9563299995,4951062.023940001,0.00189694774302248,-0.01450899947983969,-0.013457922499151898,-0.013457922499151839
2024-07-11,4775469.82374,0.0,0.0,388091.6799800008,0.0,388091.6799800008,-0.0,4951062.023940001,0.0023382393172869044,0.014793558106491522,0.013909053783027536,0.013909053783027571
2024-07-12,0.0,0.0,0.0,388091.6799800008,0.0,388091.6799800008,-0.0,4951062.023940001,0.0023382393172869044,0.0,0.0,0.0
2024-07-15,0.0,0.0,0.0,388091.6799800008,0.0,388091.6799800008,-0.0,4951062.023940001,0.0023382393172869044,0.0,0.0,0.0
2024-07-16,0.0,0.0,0.0,388091.6799800008,0.0,388091.6799800008,-0.0,4951062.023940001,0.0023382393172869044,0.0,0.0,0.0
2024-07-17,0.0,0.0,0.0,388091.6799800008,0.0,388091.6799800008,-0.0,4951062.023940001,0.0023382393172869044,0.0,0.0,0.0
2024-07-18,0.0,0.0,0.0,388091.6799800008,0.0,388091.6799800008,-0.0,4951062.023940001,0.0023382393172869044,0.0,0.0,0.0
2024-07-19,0.0,0.0,0.0,388091.6799800008,0.0,388091.6799800008,-0.0,4951062.023940001,0.0023382393172869044,0.0,0.0,0.0
2024-07-22,0.0,0.0,0.0,388091.6799800008,0.0,388091.6799800008,-0.0,4951062.023940001,0.0023382393172869044,0.0,0.0,0.0
2024-07-23,0.0,0.0,0.0,388091.6799800008,0.0,388091.6799800008,-0.0,4951062.023940001,0.0023382393172869044,0.0,0.0,0.0
2024-07-26,0.0,0.0,0.0,388091.6799800008,0.0,388091.6799800008,-0.0,4951062.023940001,0.0023382393172869044,0.0,0.0,0.0
2024-07-29,0.0,0.0,0.0,388091.6799800008,0.0,388091.6799800008,-0.0,4951062.023940001,0.0023382393172869044,0.0,0.0,0.0
2024-07-30,0.0,0.0,0.0,388091.6799800008,0.0,388091.6799800008,-0.0,4951062.023940001,0.0023382393172869044,0.0,0.0,0.0
2024-07-31,0.0,0.0,0.0,388091.6799800008,0.0,388091.6799800008,-0.0,4951062.023940001,0.0023382393172869044,0.0,0.0,0.0
2024-08-01,0.0,0.0,0.0,388091.6799800008,0.0,388091.6799800008,-0.0,4951062.023940001,0.0023382393172869044,0.0,0.0,0.0
2024-08-02,0.0,0.0,0.0,388091.6799800008,0.0,388091.6799800008,-0.0,4951062.023940001,0.0023382393172869044,0.0,0.0,0.0
2024-08-05,0.0,0.0,0.0,388091.6799800008,0.0,388091.6799800008,-0.0,4951062.023940001,0.0023382393172869044,0.0,0.0,0.0
2024-08-06,0.0,0.0,0.0,388091.6799800008,0.0,388091.6799800008,-0.0,4951062.023940001,0.0023382393172869044,0.0,0.0,0.0
2024-08-07,0.0,0.0,0.0,388091.6799800008,0.0,388091.6799800008,-0.0,4951062.023940001,0.0023382393172869044,0.0,0.0,0.0
2024-08-08,0.0,0.0,0.0,388091.6799800008,0.0,388091.6799800008,-0.0,4951062.023940001,0.0023382393172869044,0.0,0.0,0.0
2024-08-09,0.0,0.0,0.0,388091.6799800008,0.0,388091.6799800008,-0.0,4951062.023940001,0.0023382393172869044,0.0,0.0,0.0
2024-08-12,0.0,0.0,0.0,388091.6799800008,0.0,388091.6799800008,-0.0,4951062.023940001,0.0023382393172869044,0.0,0.0,0.0
2024-08-13,0.0,0.0,0.0,388091.6799800008,0.0,388091.6799800008,-0.0,4951062.023940001,0.0023382393172869044,0.0,0.0,0.0
2024-08-14,0.0,0.0,0.0,388091.6799800008,0.0,388091.6799800008,-0.0,4951062.023940001,0.0023382393172869044,0.0,0.0,0.0
2024-08-15,0.0,0.0,0.0,388091.6799800008,0.0,388091.6799800008,-0.0,4951062.023940001,0.0023382393172869044,0.0,0.0,0.0
2024-08-16,0.0,0.0,0.0,388091.6799800008,0.0,388091.6799800008,-0.0,4951062.023940001,0.0023382393172869044,0.0,0.0,0.0
2024-08-19,-4557951.0379099995,-4557951.0379099995,4609451.0,439591.6420700013,51499.96209000051,388091.6799800008,4557951.0379099995,4951062.023940001,0.002577736345535663,0.010401801036016387,0.009645716333693377,0.009645716333693351
2024-08-20,0.0,-4557951.0379099995,4609451.0,439591.6420700013,51499.96209000051,388091.6799800008,4557951.0379099995,4951062.023940001,0.002577736345535663,0.0,0.0,0.0
2024-08-21,0.0,-4557951.0379099995,4550857.0,380997.6420700013,-7094.03790999949,388091.6799800008,4557951.0379099995,4951062.023940001,0.0022341450008069915,-0.011834632593306013,-0.010869553792605235,-0.010869553792605175
2024-08-22,0.0,-4557951.0379099995,4589920.0,420060.6420700013,31968.96209000051,388091.6799800008,4557951.0379099995,4951062.023940001,0.0024632078519374163,0.007889822387826623,0.007326062056096649,0.007326062056096791
2024-08-23,0.0,-4557951.0379099995,4492262.0,322402.6420700013,-65689.03790999949,388091.6799800008,4557951.0379099995,4951062.023940001,0.0018905477921443894,-0.019724656958000478,-0.018182046114494255,-0.018182046114494407
2024-08-26,4531324.96649,0.0,0.0,361465.6085600008,0.0,361465.6085600008,-0.0,4951062.023940001,0.002119610446774385,0.007889815619581686,0.0074074577083600435,0.007407457708359927
2024-08-27,0.0,0.0,0.0,361465.6085600008,0.0,361465.6085600008,-0.0,4951062.023940001,0.002119610446774385,0.0,0.0,0.0
2024-08-28,0.0,0.0,0.0,361465.6085600008,0.0,361465.6085600008,-0.0,4951062.023940001,0.002119610446774385,0.0,0.0,0.0
2024-08-29,0.0,0.0,0.0,361465.6085600008,0.0,361465.6085600008,-0.0,4951062.023940001,0.002119610446774385,0.0,0.0,0.0
2024-08-30,0.0,0.0,0.0,361465.6085600008,0.0,361465.6085600008,-0.0,4951062.023940001,0.002119610446774385,0.0,0.0,0.0
2024-09-02,0.0,0.0,0.0,361465.6085600008,0.0,361465.6085600008,-0.0,4951062.023940001,0.002119610446774385,0.0,0.0,0.0
2024-09-03,0.0,0.0,0.0,361465.6085600008,0.0,361465.6085600008,-0.0,4951062.023940001,0.002119610446774385,0.0,0.0,0.0
2024-09-04,0.0,0.0,0.0,361465.6085600008,0.0,361465.6085600008,-0.0,4951062.023940001,0.002119610446774385,0.0,0.0,0.0
2024-09-05,0.0,0.0,0.0,361465.6085600008,0.0,361465.6085600008,-0.0,4951062.023940001,0.002119610446774385,0.0,0.0,0.0
2024-09-06,0.0,0.0,0.0,361465.6085600008,0.0,361465.6085600008,-0.0,4951062.023940001,0.002119610446774385,0.0,0.0,0.0
2024-09-09,0.0,0.0,0.0,361465.6085600008,0.0,361465.6085600008,-0.0,4951062.023940001,0.002119610446774385,0.0,0.0,0.0
2024-09-10,0.0,0.0,0.0,361465.6085600008,0.0,361465.6085600008,-0.0,4951062.023940001,0.002119610446774385,0.0,0.0,0.0
2024-09-11,0.0,0.0,0.0,361465.6085600008,0.0,361465.6085600008,-0.0,4951062.023940001,0.002119610446774385,0.0,0.0,0.0
2024-09-12,0.0,0.0,0.0,361465.6085600008,0.0,361465.6085600008,-0.0,4951062.023940001,0.002119610446774385,0.0,0.0,0.0
2024-09-13,0.0,0.0,0.0,361465.6085600008,0.0,361465.6085600008,-0.0,4951062.023940001,0.002119610446774385,0.0,0.0,0.0
2024-09-16,0.0,0.0,0.0,361465.6085600008,0.0,361465.6085600008,-0.0,4951062.023940001,0.002119610446774385,0.0,0.0,0.0
2024-09-18,0.0,0.0,0.0,361465.6085600008,0.0,361465.6085600008,-0.0,4951062.023940001,0.002119610446774385,0.0,0.0,0.0
2024-09-19,0.0,0.0,0.0,361465.6085600008,0.0,361465.6085600008,-0.0,4951062.023940001,0.002119610446774385,0.0,0.0,0.0
2024-09-20,0.0,0.0,0.0,361465.6085600008,0.0,361465.6085600008,-0.0,4951062.023940001,0.002119610446774385,0.0,0.0,0.0
2024-09-23,0.0,0.0,0.0,361465.6085600008,0.0,361465.6085600008,-0.0,4951062.023940001,0.002119610446774385,0.0,0.0,0.0
2024-09-24,0.0,0.0,0.0,361465.6085600008,0.0,361465.6085600008,-0.0,4951062.023940001,0.002119610446774385,0.0,0.0,0.0
2024-09-25,0.0,0.0,0.0,361465.6085600008,0.0,361465.6085600008,-0.0,4951062.023940001,0.002119610446774385,0.0,0.0,0.0
2024-09-26,0.0,0.0,0.0,361465.6085600008,0.0,361465.6085600008,-0.0,4951062.023940001,0.002119610446774385,0.0,0.0,0.0
2024-09-27,-4479366.0136,-4479366.0136,4375073.0,257172.5949600006,-104293.01360000018,361465.6085600008,4479366.0136,4951062.023940001,0.0014694456092793475,-0.021064776222901156,-0.019631523977772125,-0.019631523977772018
2024-09-30,0.0,-4479366.0136,4296946.0,179045.5949600006,-182420.01360000018,361465.6085600008,4479366.0136,4951062.023940001,0.0010230396571442703,-0.015779846752521066,-0.0150006683102345,-0.015000668310234595
2024-10-01,0.0,-4479366.0136,4140694.0,22793.5949600006,-338672.0136000002,361465.6085600008,4479366.0136,4951062.023940001,0.0001302391805739419,-0.031559289551306484,-0.030457840577134743,-0.030457840577134635
2024-10-04,4160225.1817000005,0.0,0.0,42324.77666000096,0.0,42324.77666000096,-0.0,4951062.023940001,0.00024183742142680782,0.003944846904676355,0.003926768928672608,0.003926768928672644
2024-10-07,0.0,0.0,0.0,42324.77666000096,0.0,42324.77666000096,-0.0,4951062.023940001,0.00024183742142680782,0.0,0.0,0.0
2024-10-08,0.0,0.0,0.0,42324.77666000096,0.0,42324.77666000096,-0.0,4951062.023940001,0.00024183742142680782,0.0,0.0,0.0
2024-10-09,0.0,0.0,0.0,42324.77666000096,0.0,42324.77666000096,-0.0,4951062.023940001,0.00024183742142680782,0.0,0.0,0.0
2024-10-11,-4656182.81901,-4656182.81901,4668046.0,54187.95765000122,11863.180990000255,42324.77666000096,4656182.81901,4951062.023940001,0.0003015979257700913,0.00239608813879485,0.0023757784973867935,0.0023757784973867406
2024-10-14,0.0,-4656182.81901,4746172.0,132313.95765000122,89989.18099000026,42324.77666000096,4656182.81901,4951062.023940001,0.0007364295852488394,0.015779644775653245,0.015608810806124973,0.015608810806125204
2024-10-15,0.0,-4656182.81901,4746172.0,132313.95765000122,89989.18099000026,42324.77666000096,4656182.81901,4951062.023940001,0.0007364295852488394,0.0,0.0,0.0
2024-10-16,0.0,-4656182.81901,4726641.0,112782.95765000122,70458.18099000026,42324.77666000096,4656182.81901,4951062.023940001,0.0006277244532661521,-0.003944810205479401,-0.0038421316996289923,-0.003842131699629073
2024-10-17,4726640.85229,0.0,0.0,112782.80994000062,0.0,112782.80994000062,-0.0,4951062.023940001,0.0006277236311456713,-2.9834003267836806e-08,-2.9169534454531743e-08,-2.916953444238032e-08
2024-10-18,0.0,0.0,0.0,112782.80994000062,0.0,112782.80994000062,-0.0,4951062.023940001,0.0006277236311456713,0.0,0.0,0.0
2024-10-21,0.0,0.0,0.0,112782.80994000062,0.0,112782.80994000062,-0.0,4951062.023940001,0.0006277236311456713,0.0,0.0,0.0
2024-10-22,0.0,0.0,0.0,112782.80994000062,0.0,112782.80994000062,-0.0,4951062.023940001,0.0006277236311456713,0.0,0.0,0.0
2024-10-23,-4970524.518530001,-4970524.518530001,5136804.0,279062.2914099997,166279.48146999907,112782.80994000065,4970524.518530001,4951062.023940001,0.0015113854453045904,0.03358460885078465,0.03283660675333011,0.03283660675332996
2024-10-24,0.0,-4970524.518530001,5000083.0,142341.29140999969,29558.481469999067,112782.80994000062,4970524.518530001,4951062.023940001,0.0007709123114267668,-0.027614479345827093,-0.026141061236104046,-0.026141061236103838
2024-10-25,0.0,-4970524.518530001,5019615.0,161873.29140999969,49090.48146999907,112782.80994000062,4970524.518530001,4951062.023940001,0.0008766965088134275,0.003945012182347225,0.0038347640645572945,0.003834764064557065
2024-10-28,0.0,-4970524.518530001,4921957.0,64215.291409999685,-48567.51853000093,112782.80994000062,4970524.518530001,4951062.023940001,0.00034778635376599165,-0.019724656958000467,-0.019100182962771384,-0.019100182962771342
2024-10-29,4863361.97235,0.0,0.0,5620.263760000351,0.0,5620.263760000351,-0.0,4951062.023940001,3.043902779812479e-05,-0.011834840154834105,-0.011683307615046545,-0.01168330761504664
2024-10-30,0.0,0.0,0.0,5620.263760000351,0.0,5620.263760000351,-0.0,4951062.023940001,3.043902779812479e-05,0.0,0.0,0.0
2024-11-01,0.0,0.0,0.0,5620.263760000351,0.0,5620.263760000351,-0.0,4951062.023940001,3.043902779812479e-05,0.0,0.0,0.0
2024-11-04,0.0,0.0,0.0,5620.263760000351,0.0,5620.263760000351,-0.0,4951062.023940001,3.043902779812479e-05,0.0,0.0,0.0
2024-11-05,0.0,0.0,0.0,5620.263760000351,0.0,5620.263760000351,-0.0,4951062.023940001,3.043902779812479e-05,0.0,0.0,0.0
2024-11-06,0.0,0.0,0.0,5620.263760000351,0.0,5620.263760000351,-0.0,4951062.023940001,3.043902779812479e-05,0.0,0.0,0.0
2024-11-07,0.0,0.0,0.0,5620.263760000351,0.0,5620.263760000351,-0.0,4951062.023940001,3.043902779812479e-05,0.0,0.0,0.0
2024-11-08,0.0,0.0,0.0,5620.263760000351,0.0,5620.263760000351,-0.0,4951062.023940001,3.043902779812479e-05,0.0,0.0,0.0
2024-11-11,0.0,0.0,0.0,5620.263760000351,0.0,5620.263760000351,-0.0,4951062.023940001,3.043902779812479e-05,0.0,0.0,0.0
2024-11-12,0.0,0.0,0.0,5620.263760000351,0.0,5620.263760000351,-0.0,4951062.023940001,3.043902779812479e-05,0.0,0.0,0.0
2024-11-13,0.0,0.0,0.0,5620.263760000351,0.0,5620.263760000351,-0.0,4951062.023940001,3.043902779812479e-05,0.0,0.0,0.0
2024-11-14,0.0,0.0,0.0,5620.263760000351,0.0,5620.263760000351,-0.0,4951062.023940001,3.043902779812479e-05,0.0,0.0,0.0
2024-11-15,0.0,0.0,0.0,5620.263760000351,0.0,5620.263760000351,-0.0,4951062.023940001,3.043902779812479e-05,0.0,0.0,0.0
2024-11-18,0.0,0.0,0.0,5620.263760000351,0.0,5620.263760000351,-0.0,4951062.023940001,3.043902779812479e-05,0.0,0.0,0.0
2024-11-19,0.0,0.0,0.0,5620.263760000351,0.0,5620.263760000351,-0.0,4951062.023940001,3.043902779812479e-05,0.0,0.0,0.0
2024-11-20,0.0,0.0,0.0,5620.263760000351,0.0,5620.263760000351,-0.0,4951062.023940001,3.043902779812479e-05,0.0,0.0,0.0
2024-11-21,0.0,0.0,0.0,5620.263760000351,0.0,5620.263760000351,-0.0,4951062.023940001,3.043902779812479e-05,0.0,0.0,0.0
2024-11-22,0.0,0.0,0.0,5620.263760000351,0.0,5620.263760000351,-0.0,4951062.023940001,3.043902779812479e-05,0.0,0.0,0.0
2024-11-25,0.0,0.0,0.0,5620.263760000351,0.0,5620.263760000351,-0.0,4951062.023940001,3.043902779812479e-05,0.0,0.0,0.0
2024-11-26,0.0,0.0,0.0,5620.263760000351,0.0,5620.263760000351,-0.0,4951062.023940001,3.043902779812479e-05,0.0,0.0,0.0
2024-11-27,0.0,0.0,0.0,5620.263760000351,0.0,5620.263760000351,-0.0,4951062.023940001,3.043902779812479e-05,0.0,0.0,0.0
2024-11-28,0.0,0.0,0.0,5620.263760000351,0.0,5620.263760000351,-0.0,4951062.023940001,3.043902779812479e-05,0.0,0.0,0.0
2024-11-29,0.0,0.0,0.0,5620.263760000351,0.0,5620.263760000351,-0.0,4951062.023940001,3.043902779812479e-05,0.0,0.0,0.0
2024-12-02,0.0,0.0,0.0,5620.263760000351,0.0,5620.263760000351,-0.0,4951062.023940001,3.043902779812479e-05,0.0,0.0,0.0
2024-12-03,0.0,0.0,0.0,5620.263760000351,0.0,5620.263760000351,-0.0,4951062.023940001,3.043902779812479e-05,0.0,0.0,0.0
2024-12-04,0.0,0.0,0.0,5620.263760000351,0.0,5620.263760000351,-0.0,4951062.023940001,3.043902779812479e-05,0.0,0.0,0.0
2024-12-05,0.0,0.0,0.0,5620.263760000351,0.0,5620.263760000351,-0.0,4951062.023940001,3.043902779812479e-05,0.0,0.0,0.0
2024-12-06,0.0,0.0,0.0,5620.263760000351,0.0,5620.263760000351,-0.0,4951062.023940001,3.043902779812479e-05,0.0,0.0,0.0
2024-12-09,0.0,0.0,0.0,5620.263760000351,0.0,5620.263760000351,-0.0,4951062.023940001,3.043902779812479e-05,0.0,0.0,0.0
2024-12-10,0.0,0.0,0.0,5620.263760000351,0.0,5620.263760000351,-0.0,4951062.023940001,3.043902779812479e-05,0.0,0.0,0.0
2024-12-11,-4891939.09365,-4891939.09365,4882894.0,-3424.829889999819,-9045.09365000017,5620.263760000351,4891939.09365,4951062.023940001,-1.8069930147727777e-05,-0.0018268996846058866,-0.0018248282066507526,-0.0018248282066505564
2024-12-12,4961019.91525,0.0,0.0,74701.08536,0.0,74701.08536,-0.0,4951062.023940001,0.0003941344352185391,0.015779627658113658,0.01579055055693135,0.01579055055693121
2024-12-13,-3904710.29445,-3904710.29445,3881900.0,51890.79091000007,-22810.29444999993,74701.08536,3904710.29445,4951062.023940001,0.00026825721175308267,-0.004607151827164497,-0.004538672825185497,-0.004538672825185546
2024-12-16,0.0,-3904710.29445,3999090.0,169080.79091000007,94379.70555000007,74701.08536,3904710.29445,4951062.023940001,0.0008740884603048444,0.023669669140347686,0.023424166554629533,0.02342416655462972
2024-12-17,0.0,-3904710.29445,4350658.0,520648.7909100001,445947.7055500001,74701.08536000003,3904710.29445,4951062.023940001,0.0026915718666607265,0.07100860346730742,0.06866370972706926,0.06866370972706931
2024-12-18,0.0,-3904710.29445,4189522.0,359512.7909100001,284811.7055500001,74701.08536000003,3904710.29445,4951062.023940001,0.0018585551923144795,-0.03254574457376111,-0.029448924742638494,-0.02944892474263871
2024-12-19,0.0,-3904710.29445,4072333.0,242323.79091000007,167622.70555000007,74701.08536,3904710.29445,4951062.023940001,0.0012527291134124194,-0.023669467163479868,-0.022067102731008426,-0.02206710273100824
2024-12-20,4072333.2322049993,0.0,0.0,242324.02311499944,0.0,242324.02311499944,-0.0,4951062.023940001,0.001252730313830925,4.690003846397062e-08,4.471167902586615e-08,4.4711678978918214e-08
2024-12-23,0.0,0.0,0.0,242324.02311499944,0.0,242324.02311499944,-0.0,4951062.023940001,0.001252730313830925,0.0,0.0,0.0
2024-12-24,0.0,0.0,0.0,242324.02311499944,0.0,242324.02311499944,-0.0,4951062.023940001,0.001252730313830925,0.0,0.0,0.0
2024-12-25,0.0,0.0,0.0,242324.02311499944,0.0,242324.02311499944,-0.0,4951062.023940001,0.001252730313830925,0.0,0.0,0.0
2024-12-26,0.0,0.0,0.0,242324.02311499944,0.0,242324.02311499944,-0.0,4951062.023940001,0.001252730313830925,0.0,0.0,0.0
2024-12-27,0.0,0.0,0.0,242324.02311499944,0.0,242324.02311499944,-0.0,4951062.023940001,0.001252730313830925,0.0,0.0,0.0
2024-12-30,0.0,0.0,0.0,242324.02311499944,0.0,242324.02311499944,-0.0,4951062.023940001,0.001252730313830925,0.0,0.0,0.0
2024-12-31,0.0,0.0,0.0,242324.02311499944,0.0,242324.02311499944,-0.0,4951062.023940001,0.001252730313830925,0.0,0.0,0.0
2025-01-02,0.0,0.0,0.0,242324.02311499944,0.0,242324.02311499944,-0.0,4951062.023940001,0.001252730313830925,0.0,0.0,0.0
2025-01-03,0.0,0.0,0.0,242324.02311499944,0.0,242324.02311499944,-0.0,4951062.023940001,0.001252730313830925,0.0,0.0,0.0
2025-01-06,0.0,0.0,0.0,242324.02311499944,0.0,242324.02311499944,-0.0,4951062.023940001,0.001252730313830925,0.0,0.0,0.0
2025-01-07,0.0,0.0,0.0,242324.02311499944,0.0,242324.02311499944,-0.0,4951062.023940001,0.001252730313830925,0.0,0.0,0.0
2025-01-08,0.0,0.0,0.0,242324.02311499944,0.0,242324.02311499944,-0.0,4951062.023940001,0.001252730313830925,0.0,0.0,0.0
2025-01-09,0.0,0.0,0.0,242324.02311499944,0.0,242324.02311499944,-0.0,4951062.023940001,0.001252730313830925,0.0,0.0,0.0
2025-01-10,0.0,0.0,0.0,242324.02311499944,0.0,242324.02311499944,-0.0,4951062.023940001,0.001252730313830925,0.0,0.0,0.0
2025-01-13,0.0,0.0,0.0,242324.02311499944,0.0,242324.02311499944,-0.0,4951062.023940001,0.001252730313830925,0.0,0.0,0.0
2025-01-14,0.0,0.0,0.0,242324.02311499944,0.0,242324.02311499944,-0.0,4951062.023940001,0.001252730313830925,0.0,0.0,0.0
2025-01-15,0.0,0.0,0.0,242324.02311499944,0.0,242324.02311499944,-0.0,4951062.023940001,0.001252730313830925,0.0,0.0,0.0
2025-01-16,0.0,0.0,0.0,242324.02311499944,0.0,242324.02311499944,-0.0,4951062.023940001,0.001252730313830925,0.0,0.0,0.0
2025-01-17,0.0,0.0,0.0,242324.02311499944,0.0,242324.02311499944,-0.0,4951062.023940001,0.001252730313830925,0.0,0.0,0.0
2025-01-20,0.0,0.0,0.0,242324.02311499944,0.0,242324.02311499944,-0.0,4951062.023940001,0.001252730313830925,0.0,0.0,0.0
2025-01-21,0.0,0.0,0.0,242324.02311499944,0.0,242324.02311499944,-0.0,4951062.023940001,0.001252730313830925,0.0,0.0,0.0
2025-01-22,0.0,0.0,0.0,242324.02311499944,0.0,242324.02311499944,-0.0,4951062.023940001,0.001252730313830925,0.0,0.0,0.0
2025-02-03,0.0,0.0,0.0,242324.02311499944,0.0,242324.02311499944,-0.0,4951062.023940001,0.001252730313830925,0.0,0.0,0.0
2025-02-04,0.0,0.0,0.0,242324.02311499944,0.0,242324.02311499944,-0.0,4951062.023940001,0.001252730313830925,0.0,0.0,0.0
2025-02-05,-3948914.595945,-3948914.595945,3955144.0,248553.42716999925,6229.404054999817,242324.02311499944,3948914.595945,4951062.023940001,0.0012592276414578355,0.0012581955194418126,0.0011994879638368428,0.0011994879638366782
2025-02-06,3999089.77503,0.0,0.0,292499.2021999992,0.0,292499.2021999992,-0.0,4951062.023940001,0.0014818668352647067,0.008876029994677459,0.008451735602989174,0.008451735602989353
2025-02-07,0.0,0.0,0.0,292499.2021999992,0.0,292499.2021999992,-0.0,4951062.023940001,0.0014818668352647067,0.0,0.0,0.0
2025-02-10,0.0,0.0,0.0,292499.2021999992,0.0,292499.2021999992,-0.0,4951062.023940001,0.0014818668352647067,0.0,0.0,0.0
2025-02-11,0.0,0.0,0.0,292499.2021999992,0.0,292499.2021999992,-0.0,4951062.023940001,0.0014818668352647067,0.0,0.0,0.0
2025-02-12,0.0,0.0,0.0,292499.2021999992,0.0,292499.2021999992,-0.0,4951062.023940001,0.0014818668352647067,0.0,0.0,0.0
2025-02-13,0.0,0.0,0.0,292499.2021999992,0.0,292499.2021999992,-0.0,4951062.023940001,0.0014818668352647067,0.0,0.0,0.0
2025-02-14,0.0,0.0,0.0,292499.2021999992,0.0,292499.2021999992,-0.0,4951062.023940001,0.0014818668352647067,0.0,0.0,0.0
2025-02-17,0.0,0.0,0.0,292499.2021999992,0.0,292499.2021999992,-0.0,4951062.023940001,0.0014818668352647067,0.0,0.0,0.0
2025-02-18,-4214140.1044875,-4214140.1044875,4248117.0,326476.09771249903,33976.89551249985,292499.2021999992,4214140.1044875,4951062.023940001,0.0016194270248630308,0.006862546934013447,0.006479736584960705,0.006479736584960529
2025-02-19,0.0,-4214140.1044875,4160225.0,238584.09771249903,-53915.10448750015,292499.2021999992,4214140.1044875,4951062.023940001,0.0011834542811719933,-0.01775215086682686,-0.016653977285242094,-0.0166539772852421
2025-02-20,0.0,-4214140.1044875,4145577.0,223936.09771249903,-68563.10448750015,292499.2021999992,4214140.1044875,4951062.023940001,0.0011107954641057492,-0.0029585571598925928,-0.002822543128496835,-0.002822543128496736
2025-02-21,0.0,-4214140.1044875,4116279.0,194638.09771249903,-97861.10448750015,292499.2021999992,4214140.1044875,4951062.023940001,0.0009654679093264744,-0.0059175182735208345,-0.005661451330275069,-0.005661451330274967
2025-02-24,4086981.9236399997,0.0,0.0,165341.02135249894,0.0,165341.02135249894,-0.0,4951062.023940001,0.0008201449361002982,-0.005917331719606657,-0.005693506358196321,-0.005693506358196322
2025-02-25,0.0,0.0,0.0,165341.02135249894,0.0,165341.02135249894,-0.0,4951062.023940001,0.0008201449361002982,0.0,0.0,0.0
2025-02-26,0.0,0.0,0.0,165341.02135249894,0.0,165341.02135249894,-0.0,4951062.023940001,0.0008201449361002982,0.0,0.0,0.0
2025-02-27,0.0,0.0,0.0,165341.02135249894,0.0,165341.02135249894,-0.0,4951062.023940001,0.0008201449361002982,0.0,0.0,0.0
2025-03-03,0.0,0.0,0.0,165341.02135249894,0.0,165341.02135249894,-0.0,4951062.023940001,0.0008201449361002982,0.0,0.0,0.0
2025-03-04,0.0,0.0,0.0,165341.02135249894,0.0,165341.02135249894,-0.0,4951062.023940001,0.0008201449361002982,0.0,0.0,0.0
2025-03-05,0.0,0.0,0.0,165341.02135249894,0.0,165341.02135249894,-0.0,4951062.023940001,0.0008201449361002982,0.0,0.0,0.0
2025-03-06,0.0,0.0,0.0,165341.02135249894,0.0,165341.02135249894,-0.0,4951062.023940001,0.0008201449361002982,0.0,0.0,0.0
2025-03-07,0.0,0.0,0.0,165341.02135249894,0.0,165341.02135249894,-0.0,4951062.023940001,0.0008201449361002982,0.0,0.0,0.0
2025-03-10,0.0,0.0,0.0,165341.02135249894,0.0,165341.02135249894,-0.0,4951062.023940001,0.0008201449361002982,0.0,0.0,0.0
2025-03-11,0.0,0.0,0.0,165341.02135249894,0.0,165341.02135249894,-0.0,4951062.023940001,0.0008201449361002982,0.0,0.0,0.0
2025-03-12,0.0,0.0,0.0,165341.02135249894,0.0,165341.02135249894,-0.0,4951062.023940001,0.0008201449361002982,0.0,0.0,0.0
2025-03-13,0.0,0.0,0.0,165341.02135249894,0.0,165341.02135249894,-0.0,4951062.023940001,0.0008201449361002982,0.0,0.0,0.0
2025-03-14,0.0,0.0,0.0,165341.02135249894,0.0,165341.02135249894,-0.0,4951062.023940001,0.0008201449361002982,0.0,0.0,0.0
2025-03-17,0.0,0.0,0.0,165341.02135249894,0.0,165341.02135249894,-0.0,4951062.023940001,0.0008201449361002982,0.0,0.0,0.0
2025-03-18,0.0,0.0,0.0,165341.02135249894,0.0,165341.02135249894,-0.0,4951062.023940001,0.0008201449361002982,0.0,0.0,0.0
2025-03-19,0.0,0.0,0.0,165341.02135249894,0.0,165341.02135249894,-0.0,4951062.023940001,0.0008201449361002982,0.0,0.0,0.0
2025-03-20,0.0,0.0,0.0,165341.02135249894,0.0,165341.02135249894,-0.0,4951062.023940001,0.0008201449361002982,0.0,0.0,0.0
2025-03-21,0.0,0.0,0.0,165341.02135249894,0.0,165341.02135249894,-0.0,4951062.023940001,0.0008201449361002982,0.0,0.0,0.0
2025-03-24,0.0,0.0,0.0,165341.02135249894,0.0,165341.02135249894,-0.0,4951062.023940001,0.0008201449361002982,0.0,0.0,0.0
2025-03-25,0.0,0.0,0.0,165341.02135249894,0.0,165341.02135249894,-0.0,4951062.023940001,0.0008201449361002982,0.0,0.0,0.0
2025-03-26,0.0,0.0,0.0,165341.02135249894,0.0,165341.02135249894,-0.0,4951062.023940001,0.0008201449361002982,0.0,0.0,0.0
2025-03-27,0.0,0.0,0.0,165341.02135249894,0.0,165341.02135249894,-0.0,4951062.023940001,0.0008201449361002982,0.0,0.0,0.0
2025-03-28,0.0,0.0,0.0,165341.02135249894,0.0,165341.02135249894,-0.0,4951062.023940001,0.0008201449361002982,0.0,0.0,0.0
2025-03-31,0.0,0.0,0.0,165341.02135249894,0.0,165341.02135249894,-0.0,4951062.023940001,0.0008201449361002982,0.0,0.0,0.0
2025-04-01,0.0,0.0,0.0,165341.02135249894,0.0,165341.02135249894,-0.0,4951062.023940001,0.0008201449361002982,0.0,0.0,0.0
2025-04-02,0.0,0.0,0.0,165341.02135249894,0.0,165341.02135249894,-0.0,4951062.023940001,0.0008201449361002982,0.0,0.0,0.0
2025-04-07,0.0,0.0,0.0,165341.02135249894,0.0,165341.02135249894,-0.0,4951062.023940001,0.0008201449361002982,0.0,0.0,0.0
2025-04-08,0.0,0.0,0.0,165341.02135249894,0.0,165341.02135249894,-0.0,4951062.023940001,0.0008201449361002982,0.0,0.0,0.0
2025-04-09,0.0,0.0,0.0,165341.02135249894,0.0,165341.02135249894,-0.0,4951062.023940001,0.0008201449361002982,0.0,0.0,0.0
2025-04-10,0.0,0.0,0.0,165341.02135249894,0.0,165341.02135249894,-0.0,4951062.023940001,0.0008201449361002982,0.0,0.0,0.0
2025-04-11,0.0,0.0,0.0,165341.02135249894,0.0,165341.02135249894,-0.0,4951062.023940001,0.0008201449361002982,0.0,0.0,0.0
2025-04-14,0.0,0.0,0.0,165341.02135249894,0.0,165341.02135249894,-0.0,4951062.023940001,0.0008201449361002982,0.0,0.0,0.0
2025-04-15,0.0,0.0,0.0,165341.02135249894,0.0,165341.02135249894,-0.0,4951062.023940001,0.0008201449361002982,0.0,0.0,0.0
2025-04-16,0.0,0.0,0.0,165341.02135249894,0.0,165341.02135249894,-0.0,4951062.023940001,0.0008201449361002982,0.0,0.0,0.0
2025-04-17,0.0,0.0,0.0,165341.02135249894,0.0,165341.02135249894,-0.0,4951062.023940001,0.0008201449361002982,0.0,0.0,0.0
2025-04-18,0.0,0.0,0.0,165341.02135249894,0.0,165341.02135249894,-0.0,4951062.023940001,0.0008201449361002982,0.0,0.0,0.0
2025-04-21,0.0,0.0,0.0,165341.02135249894,0.0,165341.02135249894,-0.0,4951062.023940001,0.0008201449361002982,0.0,0.0,0.0
2025-04-22,0.0,0.0,0.0,165341.02135249894,0.0,165341.02135249894,-0.0,4951062.023940001,0.0008201449361002982,0.0,0.0,0.0
2025-04-23,0.0,0.0,0.0,165341.02135249894,0.0,165341.02135249894,-0.0,4951062.023940001,0.0008201449361002982,0.0,0.0,0.0
2025-04-24,0.0,0.0,0.0,165341.02135249894,0.0,165341.02135249894,-0.0,4951062.023940001,0.0008201449361002982,0.0,0.0,0.0
2025-04-25,0.0,0.0,0.0,165341.02135249894,0.0,165341.02135249894,-0.0,4951062.023940001,0.0008201449361002982,0.0,0.0,0.0
2025-04-28,0.0,0.0,0.0,165341.02135249894,0.0,165341.02135249894,-0.0,4951062.023940001,0.0008201449361002982,0.0,0.0,0.0
2025-04-29,-5058932.72095,-5058932.72095,5102624.0,209032.30040249895,43691.27905000001,165341.02135249894,5058932.72095,4951062.023940001,0.001011485647169876,0.008824627693763167,0.00853945216262808,0.008539452162628096
2025-04-30,5102623.534225,0.0,0.0,209031.8346274989,0.0,209031.8346274989,-0.0,4951062.023940001,0.0010114833933329021,-9.407577562098313e-08,-9.026482283847059e-08,-9.026482284453572e-08
2025-05-02,0.0,0.0,0.0,209031.8346274989,0.0,209031.8346274989,-0.0,4951062.023940001,0.0010114833933329021,0.0,0.0,0.0
2025-05-05,-4282902.4514,-4282902.4514,4355541.0,281670.3832274992,72638.54860000033,209031.83462749887,4282902.4514,4951062.023940001,0.0013353003446873151,0.014671306529542391,0.014076982045471143,0.014076982045471084
2025-05-06,0.0,-4282902.4514,4199288.0,125417.38322749923,-83614.45139999967,209031.8346274989,4282902.4514,4951062.023940001,0.0005945597585891696,-0.031559491528174305,-0.029860689949666286,-0.02986068994966635
2025-05-07,4238351.5360199995,0.0,0.0,164480.91924749862,0.0,164480.91924749862,-0.0,4951062.023940001,0.0007797462610340531,0.007889930651467189,0.007695005315070169,0.0076950053150704086
2025-05-08,0.0,0.0,0.0,164480.91924749862,0.0,164480.91924749862,-0.0,4951062.023940001,0.0007797462610340531,0.0,0.0,0.0
2025-05-09,-4381134.2325,-4381134.2325,4296946.0,80292.6867474987,-84188.23249999993,164480.91924749862,4381134.2325,4951062.023940001,0.00037289461912596585,-0.017004075508026833,-0.01645734058632331,-0.016457340586323407
2025-05-12,4414135.83324,0.0,0.0,197482.51998749858,0.0,197482.51998749858,-0.0,4951062.023940001,0.0009171466550416348,0.023669635458685185,0.02329190446284124,0.023291904462841323
2025-05-13,0.0,0.0,0.0,197482.51998749858,0.0,197482.51998749858,-0.0,4951062.023940001,0.0009171466550416348,0.0,0.0,0.0
2025-05-14,-4597243.75035,-4597243.75035,4492262.0,92500.76963749825,-104981.75035000034,197482.51998749858,4597243.75035,4951062.023940001,0.0004206110467712941,-0.021203885114421776,-0.02039056852947352,-0.020390568529473456
2025-05-15,0.0,-4597243.75035,4472731.0,72969.76963749825,-124512.75035000034,197482.51998749858,4597243.75035,4951062.023940001,0.0003318014683571493,-0.003944810205479397,-0.0038724609565425894,-0.003872460956542642
2025-05-16,4511793.776140001,0.0,0.0,112032.54577749851,0.0,112032.54577749851,-0.0,4951062.023940001,0.0005094241543783227,0.007889777173285043,0.007775184900290055,0.0077751849002899226
2025-05-19,0.0,0.0,0.0,112032.54577749851,0.0,112032.54577749851,-0.0,4951062.023940001,0.0005094241543783227,0.0,0.0,0.0
2025-05-20,0.0,0.0,0.0,112032.54577749851,0.0,112032.54577749851,-0.0,4951062.023940001,0.0005094241543783227,0.0,0.0,0.0
2025-05-21,0.0,0.0,0.0,112032.54577749851,0.0,112032.54577749851,-0.0,4951062.023940001,0.0005094241543783227,0.0,0.0,0.0
2025-05-22,0.0,0.0,0.0,112032.54577749851,0.0,112032.54577749851,-0.0,4951062.023940001,0.0005094241543783227,0.0,0.0,0.0
2025-05-23,0.0,0.0,0.0,112032.54577749851,0.0,112032.54577749851,-0.0,4951062.023940001,0.0005094241543783227,0.0,0.0,0.0
2025-05-26,0.0,0.0,0.0,112032.54577749851,0.0,112032.54577749851,-0.0,4951062.023940001,0.0005094241543783227,0.0,0.0,0.0
2025-05-27,0.0,0.0,0.0,112032.54577749851,0.0,112032.54577749851,-0.0,4951062.023940001,0.0005094241543783227,0.0,0.0,0.0
2025-05-28,0.0,0.0,0.0,112032.54577749851,0.0,112032.54577749851,-0.0,4951062.023940001,0.0005094241543783227,0.0,0.0,0.0
2025-05-29,0.0,0.0,0.0,112032.54577749851,0.0,112032.54577749851,-0.0,4951062.023940001,0.0005094241543783227,0.0,0.0,0.0
2025-06-02,0.0,0.0,0.0,112032.54577749851,0.0,112032.54577749851,-0.0,4951062.023940001,0.0005094241543783227,0.0,0.0,0.0
2025-06-03,0.0,0.0,0.0,112032.54577749851,0.0,112032.54577749851,-0.0,4951062.023940001,0.0005094241543783227,0.0,0.0,0.0
2025-06-04,0.0,0.0,0.0,112032.54577749851,0.0,112032.54577749851,-0.0,4951062.023940001,0.0005094241543783227,0.0,0.0,0.0
2025-06-05,-4725227.8682,-4725227.8682,4677804.0,64608.677577498136,-47423.868200000376,112032.54577749851,4725227.8682,4951062.023940001,0.0002876031965494016,-0.009578524359155773,-0.009366577603279191,-0.009366577603279181
2025-06-06,4598518.71262,0.0,0.0,-14676.609802501654,0.0,-14676.609802501654,-0.0,4951062.023940001,-6.53323988661526e-05,-0.016013794009574017,-0.015807514507683362,-0.01580751450768327
2025-06-09,0.0,0.0,0.0,-14676.609802501654,0.0,-14676.609802501654,-0.0,4951062.023940001,-6.53323988661526e-05,0.0,0.0,0.0
2025-06-10,0.0,0.0,0.0,-14676.609802501654,0.0,-14676.609802501654,-0.0,4951062.023940001,-6.53323988661526e-05,0.0,0.0,0.0
2025-06-11,0.0,0.0,0.0,-14676.609802501654,0.0,-14676.609802501654,-0.0,4951062.023940001,-6.53323988661526e-05,0.0,0.0,0.0
2025-06-12,0.0,0.0,0.0,-14676.609802501654,0.0,-14676.609802501654,-0.0,4951062.023940001,-6.53323988661526e-05,0.0,0.0,0.0
2025-06-13,0.0,0.0,0.0,-14676.609802501654,0.0,-14676.609802501654,-0.0,4951062.023940001,-6.53323988661526e-05,0.0,0.0,0.0
2025-06-16,0.0,0.0,0.0,-14676.609802501654,0.0,-14676.609802501654,-0.0,4951062.023940001,-6.53323988661526e-05,0.0,0.0,0.0
2025-06-17,0.0,0.0,0.0,-14676.609802501654,0.0,-14676.609802501654,-0.0,4951062.023940001,-6.53323988661526e-05,0.0,0.0,0.0
2025-06-18,0.0,0.0,0.0,-14676.609802501654,0.0,-14676.609802501654,-0.0,4951062.023940001,-6.53323988661526e-05,0.0,0.0,0.0
2025-06-19,0.0,0.0,0.0,-14676.609802501654,0.0,-14676.609802501654,-0.0,4951062.023940001,-6.53323988661526e-05,0.0,0.0,0.0
2025-06-20,0.0,0.0,0.0,-14676.609802501654,0.0,-14676.609802501654,-0.0,4951062.023940001,-6.53323988661526e-05,0.0,0.0,0.0
2025-06-23,0.0,0.0,0.0,-14676.609802501654,0.0,-14676.609802501654,-0.0,4951062.023940001,-6.53323988661526e-05,0.0,0.0,0.0
2025-06-24,0.0,0.0,0.0,-14676.609802501654,0.0,-14676.609802501654,-0.0,4951062.023940001,-6.53323988661526e-05,0.0,0.0,0.0
2025-06-25,0.0,0.0,0.0,-14676.609802501654,0.0,-14676.609802501654,-0.0,4951062.023940001,-6.53323988661526e-05,0.0,0.0,0.0
2025-06-26,-4884729.23422,-4884729.23422,4816552.0,-82853.84402250164,-68177.23421999998,-14676.609802501654,4884729.23422,4951062.023940001,-0.00036097185381909347,-0.013770224224689733,-0.01381116515431402,-0.013811165154314055
2025-06-27,0.0,-4884729.23422,5173333.0,273927.1559774984,288603.76578,-14676.609802501625,4884729.23422,4951062.023940001,0.0011934267440595213,0.0720615088792763,0.0732879504766879,0.07328795047668776
2025-06-30,0.0,-4884729.23422,5173333.0,273927.1559774984,288603.76578,-14676.609802501625,4884729.23422,4951062.023940001,0.0011934267440595213,0.0,0.0,0.0
2025-07-01,0.0,-4884729.23422,5193155.0,293749.1559774984,308425.76578,-14676.609802501625,4884729.23422,4951062.023940001,0.0012797858523280387,0.004003585474016309,0.003793692066614618,0.003793692066614573
2025-07-02,0.0,-4884729.23422,5252618.0,353212.1559774984,367888.76578,-14676.609802501625,4884729.23422,4951062.023940001,0.0015388501069426514,0.012010150491445479,0.011337491085986917,0.011337491085987075
2025-07-03,5252618.257529999,0.0,0.0,353212.4135074981,0.0,353212.4135074981,-0.0,4951062.023940001,0.0015388512289314076,5.201510271113374e-08,4.855141177984024e-08,4.85514117438696e-08
2025-07-04,0.0,0.0,0.0,353212.4135074981,0.0,353212.4135074981,-0.0,4951062.023940001,0.0015388512289314076,0.0,0.0,0.0
2025-07-07,0.0,0.0,0.0,353212.4135074981,0.0,353212.4135074981,-0.0,4951062.023940001,0.0015388512289314076,0.0,0.0,0.0
2025-07-08,0.0,0.0,0.0,353212.4135074981,0.0,353212.4135074981,-0.0,4951062.023940001,0.0015388512289314076,0.0,0.0,0.0
2025-07-09,0.0,0.0,0.0,353212.4135074981,0.0,353212.4135074981,-0.0,4951062.023940001,0.0015388512289314076,0.0,0.0,0.0
2025-07-10,0.0,0.0,0.0,353212.4135074981,0.0,353212.4135074981,-0.0,4951062.023940001,0.0015388512289314076,0.0,0.0,0.0
2025-07-11,0.0,0.0,0.0,353212.4135074981,0.0,353212.4135074981,-0.0,4951062.023940001,0.0015388512289314076,0.0,0.0,0.0
2025-07-14,0.0,0.0,0.0,353212.4135074981,0.0,353212.4135074981,-0.0,4951062.023940001,0.0015388512289314076,0.0,0.0,0.0
2025-07-15,0.0,0.0,0.0,353212.4135074981,0.0,353212.4135074981,-0.0,4951062.023940001,0.0015388512289314076,0.0,0.0,0.0
2025-07-16,0.0,0.0,0.0,353212.4135074981,0.0,353212.4135074981,-0.0,4951062.023940001,0.0015388512289314076,0.0,0.0,0.0
2025-07-17,0.0,0.0,0.0,353212.4135074981,0.0,353212.4135074981,-0.0,4951062.023940001,0.0015388512289314076,0.0,0.0,0.0
2025-07-18,0.0,0.0,0.0,353212.4135074981,0.0,353212.4135074981,-0.0,4951062.023940001,0.0015388512289314076,0.0,0.0,0.0
2025-07-21,0.0,0.0,0.0,353212.4135074981,0.0,353212.4135074981,-0.0,4951062.023940001,0.0015388512289314076,0.0,0.0,0.0
2025-07-22,0.0,0.0,0.0,353212.4135074981,0.0,353212.4135074981,-0.0,4951062.023940001,0.0015388512289314076,0.0,0.0,0.0
2025-07-23,0.0,0.0,0.0,353212.4135074981,0.0,353212.4135074981,-0.0,4951062.023940001,0.0015388512289314076,0.0,0.0,0.0
2025-07-24,0.0,0.0,0.0,353212.4135074981,0.0,353212.4135074981,-0.0,4951062.023940001,0.0015388512289314076,0.0,0.0,0.0
2025-07-25,0.0,0.0,0.0,353212.4135074981,0.0,353212.4135074981,-0.0,4951062.023940001,0.0015388512289314076,0.0,0.0,0.0
2025-07-28,0.0,0.0,0.0,353212.4135074981,0.0,353212.4135074981,-0.0,4951062.023940001,0.0015388512289314076,0.0,0.0,0.0
2025-07-29,0.0,0.0,0.0,353212.4135074981,0.0,353212.4135074981,-0.0,4951062.023940001,0.0015388512289314076,0.0,0.0,0.0
2025-07-30,0.0,0.0,0.0,353212.4135074981,0.0,353212.4135074981,-0.0,4951062.023940001,0.0015388512289314076,0.0,0.0,0.0
2025-07-31,0.0,0.0,0.0,353212.4135074981,0.0,353212.4135074981,-0.0,4951062.023940001,0.0015388512289314076,0.0,0.0,0.0
2025-08-01,0.0,0.0,0.0,353212.4135074981,0.0,353212.4135074981,-0.0,4951062.023940001,0.0015388512289314076,0.0,0.0,0.0
2025-08-04,0.0,0.0,0.0,353212.4135074981,0.0,353212.4135074981,-0.0,4951062.023940001,0.0015388512289314076,0.0,0.0,0.0
2025-08-05,0.0,0.0,0.0,353212.4135074981,0.0,353212.4135074981,-0.0,4951062.023940001,0.0015388512289314076,0.0,0.0,0.0
2025-08-06,-5143919.25443,-5143919.25443,5014764.0,224057.15907749836,-129155.25442999974,353212.4135074981,5143919.25443,4951062.023940001,0.0009547598108039901,-0.02608637375284171,-0.024349278294912402,-0.024349278294912527
2025-08-07,0.0,-5143919.25443,5074228.0,283521.15907749836,-69691.25442999974,353212.4135074981,5143919.25443,4951062.023940001,0.0012081497833601055,0.0120103524683133,0.011490363390110003,0.011490363390109953
2025-08-08,0.0,-5143919.25443,4876016.0,85309.15907749836,-267903.25442999974,353212.4135074981,5143919.25443,4951062.023940001,0.00036352222315068925,-0.04003423892522055,-0.0378658611526238,-0.03786586115262377
2025-08-11,4876015.7306,0.0,0.0,85308.88967749866,0.0,85308.88967749866,-0.0,4951062.023940001,0.0003635210751744594,-5.4412568131767536e-08,-5.3490894380558984e-08,-5.349089451696866e-08
2025-08-12,0.0,0.0,0.0,85308.88967749866,0.0,85308.88967749866,-0.0,4951062.023940001,0.0003635210751744594,0.0,0.0,0.0
2025-08-13,0.0,0.0,0.0,85308.88967749866,0.0,85308.88967749866,-0.0,4951062.023940001,0.0003635210751744594,0.0,0.0,0.0
2025-08-14,0.0,0.0,0.0,85308.88967749866,0.0,85308.88967749866,-0.0,4951062.023940001,0.0003635210751744594,0.0,0.0,0.0
2025-08-15,0.0,0.0,0.0,85308.88967749866,0.0,85308.88967749866,-0.0,4951062.023940001,0.0003635210751744594,0.0,0.0,0.0
2025-08-18,0.0,0.0,0.0,85308.88967749866,0.0,85308.88967749866,-0.0,4951062.023940001,0.0003635210751744594,0.0,0.0,0.0
2025-08-19,0.0,0.0,0.0,85308.88967749866,0.0,85308.88967749866,-0.0,4951062.023940001,0.0003635210751744594,0.0,0.0,0.0
2025-08-20,0.0,0.0,0.0,85308.88967749866,0.0,85308.88967749866,-0.0,4951062.023940001,0.0003635210751744594,0.0,0.0,0.0
2025-08-21,0.0,0.0,0.0,85308.88967749866,0.0,85308.88967749866,-0.0,4951062.023940001,0.0003635210751744594,0.0,0.0,0.0
2025-08-22,0.0,0.0,0.0,85308.88967749866,0.0,85308.88967749866,-0.0,4951062.023940001,0.0003635210751744594,0.0,0.0,0.0
2025-08-25,0.0,0.0,0.0,85308.88967749866,0.0,85308.88967749866,-0.0,4951062.023940001,0.0003635210751744594,0.0,0.0,0.0
2025-08-26,-3992518.6432950003,-3992518.6432950003,4147586.0,240376.24638249836,155067.3567049997,85308.88967749866,3992518.6432950003,4951062.023940001,0.0010071643079965465,0.03132001900909308,0.030789502871149343,0.030789502871149475
2025-08-27,0.0,-3992518.6432950003,3998927.0,91717.24638249836,6408.356704999693,85308.88967749866,3992518.6432950003,4951062.023940001,0.00038429062095090373,-0.030025679193915408,-0.028635417057701895,-0.02863541705770203
2025-08-28,0.0,-3992518.6432950003,4013793.0,106583.24638249836,21274.356704999693,85308.88967749866,3992518.6432950003,4951062.023940001,0.00044657840865040745,0.003002588117078323,0.0029479775344298798,0.002947977534429993
2025-08-29,0.0,-3992518.6432950003,3954330.0,47120.24638249836,-38188.64329500031,85308.88967749866,3992518.6432950003,4951062.023940001,0.00019743144780178708,-0.01201015049144547,-0.011757052308298599,-0.011757052308298476
2025-09-01,0.0,-3992518.6432950003,3969196.0,61986.24638249836,-23322.643295000307,85308.88967749866,3992518.6432950003,4951062.023940001,0.00025971923550129083,0.003002588117078323,0.0029742812878732483,0.0029742812878732405
2025-09-02,4028659.2485475005,0.0,0.0,121449.49492999875,0.0,121449.49492999875,-0.0,4951062.023940001,0.00050886723775136,0.012010200692291103,0.011861694789480737,0.011861694789480855
2025-09-03,0.0,0.0,0.0,121449.49492999875,0.0,121449.49492999875,-0.0,4951062.023940001,0.00050886723775136,0.0,0.0,0.0
2025-09-04,0.0,0.0,0.0,121449.49492999875,0.0,121449.49492999875,-0.0,4951062.023940001,0.00050886723775136,0.0,0.0,0.0
2025-09-05,0.0,0.0,0.0,121449.49492999875,0.0,121449.49492999875,-0.0,4951062.023940001,0.00050886723775136,0.0,0.0,0.0
2025-09-08,0.0,0.0,0.0,121449.49492999875,0.0,121449.49492999875,-0.0,4951062.023940001,0.00050886723775136,0.0,0.0,0.0
2025-09-09,0.0,0.0,0.0,121449.49492999875,0.0,121449.49492999875,-0.0,4951062.023940001,0.00050886723775136,0.0,0.0,0.0
2025-09-10,0.0,0.0,0.0,121449.49492999875,0.0,121449.49492999875,-0.0,4951062.023940001,0.00050886723775136,0.0,0.0,0.0
2025-09-11,0.0,0.0,0.0,121449.49492999875,0.0,121449.49492999875,-0.0,4951062.023940001,0.00050886723775136,0.0,0.0,0.0
2025-09-12,0.0,0.0,0.0,121449.49492999875,0.0,121449.49492999875,-0.0,4951062.023940001,0.00050886723775136,0.0,0.0,0.0
2025-09-15,0.0,0.0,0.0,121449.49492999875,0.0,121449.49492999875,-0.0,4951062.023940001,0.00050886723775136,0.0,0.0,0.0
2025-09-16,0.0,0.0,0.0,121449.49492999875,0.0,121449.49492999875,-0.0,4951062.023940001,0.00050886723775136,0.0,0.0,0.0
2025-09-17,0.0,0.0,0.0,121449.49492999875,0.0,121449.49492999875,-0.0,4951062.023940001,0.00050886723775136,0.0,0.0,0.0
2025-09-18,0.0,0.0,0.0,121449.49492999875,0.0,121449.49492999875,-0.0,4951062.023940001,0.00050886723775136,0.0,0.0,0.0
2025-09-19,0.0,0.0,0.0,121449.49492999875,0.0,121449.49492999875,-0.0,4951062.023940001,0.00050886723775136,0.0,0.0,0.0
2025-09-22,0.0,0.0,0.0,121449.49492999875,0.0,121449.49492999875,-0.0,4951062.023940001,0.00050886723775136,0.0,0.0,0.0
2025-09-23,0.0,0.0,0.0,121449.49492999875,0.0,121449.49492999875,-0.0,4951062.023940001,0.00050886723775136,0.0,0.0,0.0
2025-09-24,0.0,0.0,0.0,121449.49492999875,0.0,121449.49492999875,-0.0,4951062.023940001,0.00050886723775136,0.0,0.0,0.0
2025-09-25,0.0,0.0,0.0,121449.49492999875,0.0,121449.49492999875,-0.0,4951062.023940001,0.00050886723775136,0.0,0.0,0.0
2025-09-26,0.0,0.0,0.0,121449.49492999875,0.0,121449.49492999875,-0.0,4951062.023940001,0.00050886723775136,0.0,0.0,0.0
2025-09-30,0.0,0.0,0.0,121449.49492999875,0.0,121449.49492999875,-0.0,4951062.023940001,0.00050886723775136,0.0,0.0,0.0
2025-10-01,0.0,0.0,0.0,121449.49492999875,0.0,121449.49492999875,-0.0,4951062.023940001,0.00050886723775136,0.0,0.0,0.0
2025-10-02,0.0,0.0,0.0,121449.49492999875,0.0,121449.49492999875,-0.0,4951062.023940001,0.00050886723775136,0.0,0.0,0.0
2025-10-03,-4142051.023725,-4142051.023725,4088123.0,67521.47120499854,-53928.02372500021,121449.49492999875,4142051.023725,4951062.023940001,0.00027808538002431244,-0.010892213319938351,-0.010631424595959005,-0.010631424595959069
2025-10-07,4177318.1093175006,0.0,0.0,156716.58052249884,0.0,156716.58052249884,-0.0,4951062.023940001,0.0006454330611132126,0.018015348805208425,0.01777296510136539,0.017772965101365366
2025-10-08,-4216817.5143675,-4216817.5143675,4415173.0,355072.0661549985,198355.48563249968,156716.5805224988,4216817.5143675,4951062.023940001,0.0014373918735538502,0.04006321970385064,0.03883400221364397,0.0388340022136439
2025-10-09,0.0,-4216817.5143675,4504368.0,444267.0661549985,287550.4856324997,156716.5805224988,4216817.5143675,4951062.023940001,0.0017984683433251145,0.018015326725602118,0.016809790044036266,0.0168097900440362
2025-10-13,0.0,-4216817.5143675,4459770.0,399669.0661549985,242952.48563249968,156716.5805224988,4216817.5143675,4951062.023940001,0.0016179280843547817,-0.009007764351234973,-0.008266038874602644,-0.008266038874602685
2025-10-14,0.0,-4216817.5143675,4296245.0,236144.06615499852,79427.48563249968,156716.58052249884,4216817.5143675,4951062.023940001,0.0009559511829662959,-0.03302826731099373,-0.030561244294767476,-0.03056124429476733
2025-10-15,0.0,-4216817.5143675,4385441.0,325340.0661549985,168623.48563249968,156716.5805224988,4216817.5143675,4951062.023940001,0.0013170317009069616,0.018015528702469932,0.017195383883112036,0.017195383883112002
2025-10-16,4444904.476845,0.0,0.0,384803.54299999855,0.0,384803.54299999855,-0.0,4951062.023940001,0.0015577499283806757,0.012010246803105029,0.01126970155603324,0.011269701556033126
2025-10-17,0.0,0.0,0.0,384803.54299999855,0.0,384803.54299999855,-0.0,4951062.023940001,0.0015577499283806757,0.0,0.0,0.0
2025-10-20,0.0,0.0,0.0,384803.54299999855,0.0,384803.54299999855,-0.0,4951062.023940001,0.0015577499283806757,0.0,0.0,0.0
2025-10-21,0.0,0.0,0.0,384803.54299999855,0.0,384803.54299999855,-0.0,4951062.023940001,0.0015577499283806757,0.0,0.0,0.0
2025-10-22,-4964480.0173725,-4964480.0173725,4950345.0,370668.5256274984,-14135.017372500151,384803.54299999855,4964480.0173725,4951062.023940001,0.0014709668796598016,-0.0028549465355418163,-0.0026490580010257725,-0.00264905800102574
2025-10-23,0.0,-4964480.0173725,4801686.0,222009.5256274984,-162794.01737250015,384803.54299999855,4964480.0173725,4951062.023940001,0.0008810261368002358,-0.030025679193915418,-0.027934334257506133,-0.02793433425750607
2025-10-27,0.0,-4964480.0173725,4757088.0,177411.5256274984,-207392.01737250015,384803.54299999855,4964480.0173725,4951062.023940001,0.0007040427234175887,-0.009007764351234966,-0.008621183676403743,-0.008621183676403755
2025-10-28,0.0,-4964480.0173725,4400307.0,-179369.4743725016,-564173.0173725002,384803.54299999855,4964480.0173725,4951062.023940001,-0.000711812678395815,-0.07206150887927629,-0.06956865362600695,-0.069568653626007
2025-10-29,4444904.476845,0.0,0.0,-134771.99752750155,0.0,-134771.99752750155,-0.0,4951062.023940001,-0.0005348313411098006,0.009007658686026696,0.009346259504720678,0.009346259504720672
2025-10-30,0.0,0.0,0.0,-134771.99752750155,0.0,-134771.99752750155,-0.0,4951062.023940001,-0.0005348313411098006,0.0,0.0,0.0
2025-10-31,0.0,0.0,0.0,-134771.99752750155,0.0,-134771.99752750155,-0.0,4951062.023940001,-0.0005348313411098006,0.0,0.0,0.0
2025-11-03,0.0,0.0,0.0,-134771.99752750155,0.0,-134771.99752750155,-0.0,4951062.023940001,-0.0005348313411098006,0.0,0.0,0.0
2025-11-04,0.0,0.0,0.0,-134771.99752750155,0.0,-134771.99752750155,-0.0,4951062.023940001,-0.0005348313411098006,0.0,0.0,0.0
2025-11-05,-4695321.612427501,-4695321.612427501,4771954.0,-58139.609955002554,76632.38757249899,-134771.99752750155,4695321.612427501,4951062.023940001,-0.00022650174934924568,0.015477969615802912,0.015911082420752676,0.015911082420752808
2025-11-06,5009808.565912501,0.0,0.0,179714.95595749834,0.0,179714.95595749834,-0.0,4951062.023940001,0.0007001380287913943,0.04804112022075192,0.048611963523611745,0.04861196352361171
2025-11-07,-3399372.81323,-3399372.81323,3409247.0,189589.14272749837,9874.18677000003,179714.95595749834,3399372.81323,4951062.023940001,0.000728952353299981,0.0019943573161182587,0.001924501261443723,0.001924501261443894
2025-11-10,0.0,-3399372.81323,3746207.0,526549.1427274984,346834.18677000003,179714.9559574984,3399372.81323,4951062.023940001,0.002024531738460286,0.06805812538212781,0.06554811619681256,0.06554811619681233
2025-11-11,0.0,-3399372.81323,3785850.0,566192.1427274984,386477.18677000003,179714.9559574984,3399372.81323,4951062.023940001,0.0021769553304768754,0.008006968971164805,0.0072372789513130975,0.007237278951313049
2025-11-12,0.0,-3399372.81323,3736296.0,516638.1427274984,336923.18677000003,179714.95595749834,3399372.81323,4951062.023940001,0.001986424879229743,-0.01000876170817297,-0.008981641683172947,-0.00898164168317288
2025-11-13,0.0,-3399372.81323,3716475.0,496817.1427274984,317102.18677000003,179714.95595749834,3399372.81323,4951062.023940001,0.0019102150056742393,-0.004003383497148488,-0.003625107338700473,-0.003625107338700446
2025-11-14,3607458.645245,0.0,0.0,387800.7879724982,0.0,387800.7879724982,-0.0,4951062.023940001,0.0014910574146666993,-0.02201878187505439,-0.020010787945152986,-0.020010787945153
2025-11-17,-3798126.2282799995,-3798126.2282799995,3845313.0,434987.55969249876,47186.77172000054,387800.7879724982,3798126.2282799995,4951062.023940001,0.0016484135930583926,0.009530636354753208,0.008838356290915339,0.008838356290915292
2025-11-18,3775938.8069199994,0.0,0.0,365613.36661249824,0.0,365613.36661249824,-0.0,4951062.023940001,0.0013855155852133595,-0.014011982226147371,-0.012880348018113219,-0.012880348018113243
2025-11-19,0.0,0.0,0.0,365613.36661249824,0.0,365613.36661249824,-0.0,4951062.023940001,0.0013855155852133595,0.0,0.0,0.0
2025-11-20,0.0,0.0,0.0,365613.36661249824,0.0,365613.36661249824,-0.0,4951062.023940001,0.0013855155852133595,0.0,0.0,0.0
2025-11-21,0.0,0.0,0.0,365613.36661249824,0.0,365613.36661249824,-0.0,4951062.023940001,0.0013855155852133595,0.0,0.0,0.0
2025-11-24,0.0,0.0,0.0,365613.36661249824,0.0,365613.36661249824,-0.0,4951062.023940001,0.0013855155852133595,0.0,0.0,0.0
2025-11-25,0.0,0.0,0.0,365613.36661249824,0.0,365613.36661249824,-0.0,4951062.023940001,0.0013855155852133595,0.0,0.0,0.0
2025-11-26,-4346412.224044999,-4346412.224044999,4301201.0,320402.14256749913,-45211.22404499911,365613.36661249824,4346412.224044999,4951062.023940001,0.0011945099304679142,-0.009131621423118533,-0.008503664550470469,-0.008503664550470297
2025-11-27,0.0,-4346412.224044999,4231827.0,251028.14256749913,-114585.22404499911,365613.36661249824,4346412.224044999,4951062.023940001,0.0009358726715150553,-0.014011943228453623,-0.01316029053953749,-0.013160290539537578
2025-11-28,0.0,-4346412.224044999,4479592.0,498793.14256749913,133179.7759550009,365613.36661249824,4346412.224044999,4951062.023940001,0.0018595798307455317,0.05004279865652569,0.04762797107885208,0.047627971078852076
2025-12-01,0.0,-4346412.224044999,4330932.0,350133.14256749913,-15480.224044999108,365613.36661249824,4346412.224044999,4951062.023940001,0.0013053518070488732,-0.03002588117078324,-0.02727778912614065,-0.0272777891261407
2025-12-02,0.0,-4346412.224044999,4301201.0,320402.14256749913,-45211.22404499911,365613.36661249824,4346412.224044999,4951062.023940001,0.0011945099304679142,-0.006004974257288825,-0.005608357939326347,-0.005608357939326197
2025-12-03,4321021.893754999,0.0,0.0,340223.0363224982,0.0,340223.0363224982,-0.0,4951062.023940001,0.001268405361476488,0.004003362038115979,0.00376003575646644,0.0037600357564663137
2025-12-04,0.0,0.0,0.0,340223.0363224982,0.0,340223.0363224982,-0.0,4951062.023940001,0.001268405361476488,0.0,0.0,0.0
2025-12-05,0.0,0.0,0.0,340223.0363224982,0.0,340223.0363224982,-0.0,4951062.023940001,0.001268405361476488,0.0,0.0,0.0
2025-12-08,0.0,0.0,0.0,340223.0363224982,0.0,340223.0363224982,-0.0,4951062.023940001,0.001268405361476488,0.0,0.0,0.0
2025-12-09,0.0,0.0,0.0,340223.0363224982,0.0,340223.0363224982,-0.0,4951062.023940001,0.001268405361476488,0.0,0.0,0.0
2025-12-10,0.0,0.0,0.0,340223.0363224982,0.0,340223.0363224982,-0.0,4951062.023940001,0.001268405361476488,0.0,0.0,0.0
2025-12-11,0.0,0.0,0.0,340223.0363224982,0.0,340223.0363224982,-0.0,4951062.023940001,0.001268405361476488,0.0,0.0,0.0
2025-12-12,0.0,0.0,0.0,340223.0363224982,0.0,340223.0363224982,-0.0,4951062.023940001,0.001268405361476488,0.0,0.0,0.0
2025-12-15,0.0,0.0,0.0,340223.0363224982,0.0,340223.0363224982,-0.0,4951062.023940001,0.001268405361476488,0.0,0.0,0.0
2025-12-16,0.0,0.0,0.0,340223.0363224982,0.0,340223.0363224982,-0.0,4951062.023940001,0.001268405361476488,0.0,0.0,0.0
2025-12-17,0.0,0.0,0.0,340223.0363224982,0.0,340223.0363224982,-0.0,4951062.023940001,0.001268405361476488,0.0,0.0,0.0
2025-12-18,0.0,0.0,0.0,340223.0363224982,0.0,340223.0363224982,-0.0,4951062.023940001,0.001268405361476488,0.0,0.0,0.0
2025-12-19,0.0,0.0,0.0,340223.0363224982,0.0,340223.0363224982,-0.0,4951062.023940001,0.001268405361476488,0.0,0.0,0.0
2025-12-22,0.0,0.0,0.0,340223.0363224982,0.0,340223.0363224982,-0.0,4951062.023940001,0.001268405361476488,0.0,0.0,0.0
2025-12-23,0.0,0.0,0.0,340223.0363224982,0.0,340223.0363224982,-0.0,4951062.023940001,0.001268405361476488,0.0,0.0,0.0
2025-12-24,0.0,0.0,0.0,340223.0363224982,0.0,340223.0363224982,-0.0,4951062.023940001,0.001268405361476488,0.0,0.0,0.0
2025-12-26,0.0,0.0,0.0,340223.0363224982,0.0,340223.0363224982,-0.0,4951062.023940001,0.001268405361476488,0.0,0.0,0.0
2025-12-29,0.0,0.0,0.0,340223.0363224982,0.0,340223.0363224982,-0.0,4951062.023940001,0.001268405361476488,0.0,0.0,0.0
2025-12-30,0.0,0.0,0.0,340223.0363224982,0.0,340223.0363224982,-0.0,4951062.023940001,0.001268405361476488,0.0,0.0,0.0
2025-12-31,0.0,0.0,0.0,340223.0363224982,0.0,340223.0363224982,-0.0,4951062.023940001,0.001268405361476488,0.0,0.0,0.0
2026-01-02,0.0,0.0,0.0,340223.0363224982,0.0,340223.0363224982,-0.0,4951062.023940001,0.001268405361476488,0.0,0.0,0.0
2026-01-05,-4565726.702465,-4565726.702465,4598519.0,373015.3338574986,32792.29753500037,340223.0363224982,4565726.702465,4951062.023940001,0.0013673849522293188,0.00662328554488692,0.006197416537103706,0.0061974165371036635
2026-01-06,0.0,-4565726.702465,4925568.0,700064.3338574986,359841.29753500037,340223.0363224982,4565726.702465,4951062.023940001,0.002566268324172653,0.06605633264511965,0.061428296025979545,0.06142829602597958
2026-01-07,0.0,-4565726.702465,4935479.0,709975.3338574986,369752.29753500037,340223.0363224982,4565726.702465,4951062.023940001,0.002602599678493658,0.002001792737008151,0.0017538096606748432,0.0017538096606749326
2026-01-08,0.0,-4565726.702465,4856194.0,630690.3338574986,290467.29753500037,340223.0363224982,4565726.702465,4951062.023940001,0.0023119598412077247,-0.016013735965461767,-0.01400538364064896,-0.014005383640649011
2026-01-09,0.0,-4565726.702465,4687714.0,462210.3338574986,121987.29753500037,340223.0363224982,4565726.702465,4951062.023940001,0.001694352478075555,-0.03402906269106391,-0.030184069303010208,-0.030184069303010142
2026-01-12,4707535.369809999,0.0,0.0,482031.7036674985,0.0,482031.7036674985,-0.0,4951062.023940001,0.0017670128765918277,0.004003458190213957,0.003661624337347069,0.003661624337347145
2026-01-13,0.0,0.0,0.0,482031.7036674985,0.0,482031.7036674985,-0.0,4951062.023940001,0.0017670128765918277,0.0,0.0,0.0
2026-01-14,0.0,0.0,0.0,482031.7036674985,0.0,482031.7036674985,-0.0,4951062.023940001,0.0017670128765918277,0.0,0.0,0.0
2026-01-15,0.0,0.0,0.0,482031.7036674985,0.0,482031.7036674985,-0.0,4951062.023940001,0.0017670128765918277,0.0,0.0,0.0
2026-01-16,0.0,0.0,0.0,482031.7036674985,0.0,482031.7036674985,-0.0,4951062.023940001,0.0017670128765918277,0.0,0.0,0.0
2026-01-19,-5034261.814935001,-5034261.814935001,5341814.0,789583.8887324978,307552.1850649994,482031.7036674984,5034261.814935001,4951062.023940001,0.0028419785834375897,0.06211842703199519,0.0566071929704095,0.05660719297040953
2026-01-20,0.0,-5034261.814935001,5351724.0,799493.8887324978,317462.1850649994,482031.7036674984,5034261.814935001,4951062.023940001,0.0028776480140880524,0.002001590760140337,0.001726286580073344,0.0017262865800734438
2026-01-21,0.0,-5034261.814935001,5203065.0,650834.8887324978,168803.1850649994,482031.7036674984,5034261.814935001,4951062.023940001,0.002342574160297221,-0.03002567919391541,-0.025851239820553595,-0.025851239820553734
2026-01-22,0.0,-5034261.814935001,5103959.0,551728.8887324978,69697.18506499939,482031.7036674984,5034261.814935001,4951062.023940001,0.00198585825777,-0.020017119462610283,-0.01769150727779445,-0.01769150727779449
2026-01-23,5351724.363825001,0.0,0.0,799494.2525574985,0.0,799494.2525574985,-0.0,4951062.023940001,0.002877649323616875,0.05004287214075978,0.04502540033902003,0.04502540033902004
2026-01-26,-5383171.103175,-5383171.103175,5193155.0,609478.1493824982,-190016.1031750003,799494.2525574985,5383171.103175,4951062.023940001,0.0021520201008552826,-0.03837885735549473,-0.033043082101743115,-0.033043082101742983
2026-01-27,5212976.05395,0.0,0.0,629299.2033324979,0.0,629299.2033324979,-0.0,4951062.023940001,0.0022220067058939586,0.00400339439380043,0.003564591448344201,0.0035645914483441762
2026-01-28,0.0,0.0,0.0,629299.2033324979,0.0,629299.2033324979,-0.0,4951062.023940001,0.0022220067058939586,0.0,0.0,0.0
2026-01-29,0.0,0.0,0.0,629299.2033324979,0.0,629299.2033324979,-0.0,4951062.023940001,0.0022220067058939586,0.0,0.0,0.0
2026-01-30,0.0,0.0,0.0,629299.2033324979,0.0,629299.2033324979,-0.0,4951062.023940001,0.0022220067058939586,0.0,0.0,0.0
2026-02-02,0.0,0.0,0.0,629299.2033324979,0.0,629299.2033324979,-0.0,4951062.023940001,0.0022220067058939586,0.0,0.0,0.0
2026-02-03,0.0,0.0,0.0,629299.2033324979,0.0,629299.2033324979,-0.0,4951062.023940001,0.0022220067058939586,0.0,0.0,0.0
2026-02-04,0.0,0.0,0.0,629299.2033324979,0.0,629299.2033324979,-0.0,4951062.023940001,0.0022220067058939586,0.0,0.0,0.0
2026-02-05,0.0,0.0,0.0,629299.2033324979,0.0,629299.2033324979,-0.0,4951062.023940001,0.0022220067058939586,0.0,0.0,0.0
2026-02-06,0.0,0.0,0.0,629299.2033324979,0.0,629299.2033324979,-0.0,4951062.023940001,0.0022220067058939586,0.0,0.0,0.0
2026-02-09,0.0,0.0,0.0,629299.2033324979,0.0,629299.2033324979,-0.0,4951062.023940001,0.0022220067058939586,0.0,0.0,0.0
2026-02-10,0.0,0.0,0.0,629299.2033324979,0.0,629299.2033324979,-0.0,4951062.023940001,0.0022220067058939586,0.0,0.0,0.0
2026-02-11,0.0,0.0,0.0,629299.2033324979,0.0,629299.2033324979,-0.0,4951062.023940001,0.0022220067058939586,0.0,0.0,0.0
2026-02-23,0.0,0.0,0.0,629299.2033324979,0.0,629299.2033324979,-0.0,4951062.023940001,0.0022220067058939586,0.0,0.0,0.0
2026-02-24,0.0,0.0,0.0,629299.2033324979,0.0,629299.2033324979,-0.0,4951062.023940001,0.0022220067058939586,0.0,0.0,0.0
2026-02-25,0.0,0.0,0.0,629299.2033324979,0.0,629299.2033324979,-0.0,4951062.023940001,0.0022220067058939586,0.0,0.0,0.0
2026-02-26,0.0,0.0,0.0,629299.2033324979,0.0,629299.2033324979,-0.0,4951062.023940001,0.0022220067058939586,0.0,0.0,0.0
2026-03-02,0.0,0.0,0.0,629299.2033324979,0.0,629299.2033324979,-0.0,4951062.023940001,0.0022220067058939586,0.0,0.0,0.0
2026-03-03,-5313389.20547,-5313389.20547,4935479.0,251388.99786249746,-377910.2054700004,629299.2033324979,5313389.20547,4951062.023940001,0.0008712886737296902,-0.07632911961972627,-0.06772145925304385,-0.06772145925304388
2026-03-04,0.0,-5313389.20547,4519234.0,-164856.00213750254,-794155.2054700004,629299.2033324979,5313389.20547,4951062.023940001,-0.0005713741201089832,-0.0840718613475896,-0.08000940292481284,-0.08000940292481278
2026-03-05,4766998.874295,0.0,0.0,82908.87215749756,0.0,82908.87215749756,-0.0,4951062.023940001,0.00028735371029261337,0.05004277326702354,0.05176644573308442,0.051766445733084254
2026-03-06,0.0,0.0,0.0,82908.87215749756,0.0,82908.87215749756,-0.0,4951062.023940001,0.00028735371029261337,0.0,0.0,0.0
2026-03-09,0.0,0.0,0.0,82908.87215749756,0.0,82908.87215749756,-0.0,4951062.023940001,0.00028735371029261337,0.0,0.0,0.0
2026-03-10,0.0,0.0,0.0,82908.87215749756,0.0,82908.87215749756,-0.0,4951062.023940001,0.00028735371029261337,0.0,0.0,0.0
2026-03-11,0.0,0.0,0.0,82908.87215749756,0.0,82908.87215749756,-0.0,4951062.023940001,0.00028735371029261337,0.0,0.0,0.0
2026-03-12,0.0,0.0,0.0,82908.87215749756,0.0,82908.87215749756,-0.0,4951062.023940001,0.00028735371029261337,0.0,0.0,0.0
2026-03-13,0.0,0.0,0.0,82908.87215749756,0.0,82908.87215749756,-0.0,4951062.023940001,0.00028735371029261337,0.0,0.0,0.0
2026-03-16,0.0,0.0,0.0,82908.87215749756,0.0,82908.87215749756,-0.0,4951062.023940001,0.00028735371029261337,0.0,0.0,0.0
2026-03-17,0.0,0.0,0.0,82908.87215749756,0.0,82908.87215749756,-0.0,4951062.023940001,0.00028735371029261337,0.0,0.0,0.0
2026-03-18,0.0,0.0,0.0,82908.87215749756,0.0,82908.87215749756,-0.0,4951062.023940001,0.00028735371029261337,0.0,0.0,0.0
2026-03-19,-4984417.688125,-4984417.688125,5173334.0,271825.1840324972,188916.31187499966,82908.87215749756,4984417.688125,4951062.023940001,0.0009261192558411436,0.03815672495346001,0.03752828845741907,0.03752828845741915
2026-03-20,0.0,-4984417.688125,5242708.0,341199.1840324972,258290.31187499966,82908.87215749756,4984417.688125,4951062.023940001,0.001162479243909955,0.01401194322845363,0.013282691591367968,0.01328269159136804
2026-03-23,0.0,-4984417.688125,5133691.0,232182.18403249723,149273.31187499966,82908.87215749756,4984417.688125,4951062.023940001,0.0007910539719161589,-0.022018912199618434,-0.020599323373489464,-0.02059932337348957
2026-03-24,0.0,-4984417.688125,4965211.0,63702.18403249723,-19206.688125000335,82908.87215749756,4984417.688125,4951062.023940001,0.00021703588459478005,-0.0340290626910639,-0.03250473897040318,-0.03250473897040314
2026-03-25,0.0,-4984417.688125,4905747.0,4238.184032497229,-78670.68812500034,82908.87215749756,4984417.688125,4951062.023940001,1.4439662227267735e-05,-0.012010352468313293,-0.011857785836762558,-0.01185778583676254
2026-03-26,4935479.235085,0.0,0.0,33970.41911749751,0.0,33970.41911749751,-0.0,4951062.023940001,0.00011573857435500668,0.006005223715888677,0.006000087550127597,0.006000087550127558
2026-03-27,0.0,0.0,0.0,33970.41911749751,0.0,33970.41911749751,-0.0,4951062.023940001,0.00011573857435500668,0.0,0.0,0.0
2026-03-30,0.0,0.0,0.0,33970.41911749751,0.0,33970.41911749751,-0.0,4951062.023940001,0.00011573857435500668,0.0,0.0,0.0
2026-03-31,0.0,0.0,0.0,33970.41911749751,0.0,33970.41911749751,-0.0,4951062.023940001,0.00011573857435500668,0.0,0.0,0.0
2026-04-01,0.0,0.0,0.0,33970.41911749751,0.0,33970.41911749751,-0.0,4951062.023940001,0.00011573857435500668,0.0,0.0,0.0
2026-04-02,0.0,0.0,0.0,33970.41911749751,0.0,33970.41911749751,-0.0,4951062.023940001,0.00011573857435500668,0.0,0.0,0.0
2026-04-07,0.0,0.0,0.0,33970.41911749751,0.0,33970.41911749751,-0.0,4951062.023940001,0.00011573857435500668,0.0,0.0,0.0
2026-04-08,0.0,0.0,0.0,33970.41911749751,0.0,33970.41911749751,-0.0,4951062.023940001,0.00011573857435500668,0.0,0.0,0.0
2026-04-09,0.0,0.0,0.0,33970.41911749751,0.0,33970.41911749751,-0.0,4951062.023940001,0.00011573857435500668,0.0,0.0,0.0
2026-04-10,-2686601.158935,-2686601.158935,2641175.0,-11455.739817502676,-45426.15893500019,33970.41911749751,2686601.158935,4951062.023940001,-3.86761463884987e-05,-0.009175033298987143,-0.009112510190031786,-0.009112510190031724
2026-04-13,0.0,-2686601.158935,2750192.0,97561.26018249732,63590.84106499981,33970.41911749751,2686601.158935,4951062.023940001,0.00032938017454792765,0.02201891219961843,0.022069977591213208,0.022069977591213315
2026-04-14,0.0,-2686601.158935,3022733.0,370102.2601824973,336131.8410649998,33970.41911749751,2686601.158935,4951062.023940001,0.0012495159126835816,0.05504697753374434,0.053983231598428105,0.05398323159842781
2026-04-15,0.0,-2686601.158935,3042554.0,389923.2601824973,355952.8410649998,33970.41911749751,2686601.158935,4951062.023940001,0.0013164343229983113,0.004003383497148488,0.003724936675821633,0.0037249366758216225
2026-04-16,0.0,-2686601.158935,3315096.0,662465.2601824973,628494.8410649998,33970.41911749751,2686601.158935,4951062.023940001,0.0022365734372709065,0.05504717951061218,0.05102841245606937,0.051028412456069434
2026-04-17,3310140.6250325004,0.0,0.0,657509.8852149972,0.0,657509.8852149972,-0.0,4951062.023940001,0.0022198434127848306,-0.001000871114831381,-0.0008827560135880042,-0.0008827560135881164
2026-04-20,-3484107.989035,-3484107.989035,3547995.0,721396.8961799971,63887.01096499991,657509.8852149972,3484107.989035,4951062.023940001,0.002407219012931444,0.012903698369377187,0.0113909586967611,0.011390958696761239
2026-04-21,0.0,-3484107.989035,3701609.0,875010.8961799971,217501.0109649999,657509.8852149972,3484107.989035,4951062.023940001,0.0029198113783970503,0.03102647457398558,0.027080672097093084,0.027080672097093014
2026-04-22,0.0,-3484107.989035,3642146.0,815547.8961799971,158038.0109649999,657509.8852149972,3484107.989035,4951062.023940001,0.0027213901418712038,-0.012010150491445465,-0.01020636041039713,-0.010206360410397207
2026-04-23,0.0,-3484107.989035,3875045.0,1048446.8961799971,390937.0109649999,657509.8852149972,3484107.989035,4951062.023940001,0.003498547492923674,0.04704021053944735,0.040387507257496846,0.040387507257496895
2026-04-24,0.0,-3484107.989035,3998927.0,1172328.8961799971,514819.0109649999,657509.8852149972,3484107.989035,4951062.023940001,0.003911927571683489,0.02502129833982894,0.020648690026036753,0.020648690026036698
2026-04-27,4083167.477585,0.0,0.0,1256569.3737649976,0.0,1256569.3737649976,-0.0,4951062.023940001,0.004193028419739315,0.01701462780665447,0.013757161462320866,0.013757161462320883
2026-04-28,-4002487.4286,-4002487.4286,4152542.0,1406623.9451649974,150054.57139999978,1256569.3737649976,4002487.4286,4951062.023940001,0.00463188070620409,0.030307552334112753,0.024172596887030995,0.02417259688703101
2026-04-29,0.0,-4002487.4286,4083167.0,1337248.9451649974,80679.57139999978,1256569.3737649976,4002487.4286,4951062.023940001,0.0044034353387713485,-0.014012145205321458,-0.010911989100613972,-0.010911989100613953
2026-04-30,0.0,-4002487.4286,4221916.0,1475997.9451649974,219428.57139999978,1256569.3737649976,4002487.4286,4951062.023940001,0.004860322780730632,0.028024088433775074,0.022064589471113116,0.022064589471113234
2026-05-04,0.0,-4002487.4286,4643116.0,1897197.9451649974,640628.5713999998,1256569.3737649976,4002487.4286,4951062.023940001,0.006247294871003357,0.08507265672765973,0.06553540841764605,0.0655354084176461
2026-05-05,0.0,-4002487.4286,4791775.0,2045856.9451649974,789287.5713999998,1256569.3737649976,4002487.4286,4951062.023940001,0.006736815013377176,0.03002567919391541,0.021707557930139343,0.021707557930139197
2026-05-06,4880970.806932501,0.0,0.0,2135052.7520974977,0.0,2135052.7520974977,-0.0,4951062.023940001,0.00703052843879202,0.018015489707301102,0.0127478690729943,0.012747869072994238
2026-05-07,-4939557.9539675,-4939557.9539675,5401277.0,2596771.798129998,461719.04603250045,2135052.7520974977,4939557.9539675,4951062.023940001,0.008414066932757359,0.09325656673253907,0.06515827934284335,0.06515827934284325
2026-05-08,0.0,-4939557.9539675,5163423.0,2358917.798129998,223865.04603250045,2135052.7520974977,4939557.9539675,4951062.023940001,0.0076433717651399075,-0.0480410059195176,-0.031512882451718904,-0.03151288245171889
2026-05-11,0.0,-4939557.9539675,5678774.0,2874268.798129998,739216.0460325005,2135052.7520974977,4939557.9539675,4951062.023940001,0.009313213455112837,0.10408898081019985,0.07049964740587544,0.07049964740587558
2026-05-12,0.0,-4939557.9539675,5520205.0,2715699.798129998,580647.0460325005,2135052.7520974977,4939557.9539675,4951062.023940001,0.008799417756768763,-0.03202726995405569,-0.02026355225171861,-0.020263552251718664
2026-05-13,0.0,-4939557.9539675,5282350.0,2477844.798129998,342792.04603250045,2135052.7520974977,4939557.9539675,4951062.023940001,0.008028719348948634,-0.04804120789638533,-0.031024180158472636,-0.03102418015847269
2026-05-14,5455785.64601,0.0,0.0,2651280.4441399984,0.0,2651280.4441399984,-0.0,4951062.023940001,0.008590685993497466,0.035029988550210445,0.023346052139831874,0.023346052139832058
2026-05-15,0.0,0.0,0.0,2651280.4441399984,0.0,2651280.4441399984,-0.0,4951062.023940001,0.008590685993497466,0.0,0.0,0.0
2026-05-18,0.0,0.0,0.0,2651280.4441399984,0.0,2651280.4441399984,-0.0,4951062.023940001,0.008590685993497466,0.0,0.0,0.0
2026-05-19,0.0,0.0,0.0,2651280.4441399984,0.0,2651280.4441399984,-0.0,4951062.023940001,0.008590685993497466,0.0,0.0,0.0
2026-05-20,0.0,0.0,0.0,2651280.4441399984,0.0,2651280.4441399984,-0.0,4951062.023940001,0.008590685993497466,0.0,0.0,0.0
2026-05-21,0.0,0.0,0.0,2651280.4441399984,0.0,2651280.4441399984,-0.0,4951062.023940001,0.008590685993497466,0.0,0.0,0.0
2026-05-22,0.0,0.0,0.0,2651280.4441399984,0.0,2651280.4441399984,-0.0,4951062.023940001,0.008590685993497466,0.0,0.0,0.0
2026-05-25,0.0,0.0,0.0,2651280.4441399984,0.0,2651280.4441399984,-0.0,4951062.023940001,0.008590685993497466,0.0,0.0,0.0
2026-05-26,0.0,0.0,0.0,2651280.4441399984,0.0,2651280.4441399984,-0.0,4951062.023940001,0.008590685993497466,0.0,0.0,0.0
2026-05-27,0.0,0.0,0.0,2651280.4441399984,0.0,2651280.4441399984,-0.0,4951062.023940001,0.008590685993497466,0.0,0.0,0.0
2026-05-28,0.0,0.0,0.0,2651280.4441399984,0.0,2651280.4441399984,-0.0,4951062.023940001,0.008590685993497466,0.0,0.0,0.0
2026-05-29,0.0,0.0,0.0,2651280.4441399984,0.0,2651280.4441399984,-0.0,4951062.023940001,0.008590685993497466,0.0,0.0,0.0
2026-06-01,0.0,0.0,0.0,2651280.4441399984,0.0,2651280.4441399984,-0.0,4951062.023940001,0.008590685993497466,0.0,0.0,0.0
2026-06-02,0.0,0.0,0.0,2651280.4441399984,0.0,2651280.4441399984,-0.0,4951062.023940001,0.008590685993497466,0.0,0.0,0.0
2026-06-03,0.0,0.0,0.0,2651280.4441399984,0.0,2651280.4441399984,-0.0,4951062.023940001,0.008590685993497466,0.0,0.0,0.0
2026-06-04,0.0,0.0,0.0,2651280.4441399984,0.0,2651280.4441399984,-0.0,4951062.023940001,0.008590685993497466,0.0,0.0,0.0
2026-06-05,0.0,0.0,0.0,2651280.4441399984,0.0,2651280.4441399984,-0.0,4951062.023940001,0.008590685993497466,0.0,0.0,0.0
2026-06-08,0.0,0.0,0.0,2651280.4441399984,0.0,2651280.4441399984,-0.0,4951062.023940001,0.008590685993497466,0.0,0.0,0.0
2026-06-09,0.0,0.0,0.0,2651280.4441399984,0.0,2651280.4441399984,-0.0,4951062.023940001,0.008590685993497466,0.0,0.0,0.0
2026-06-10,0.0,0.0,0.0,2651280.4441399984,0.0,2651280.4441399984,-0.0,4951062.023940001,0.008590685993497466,0.0,0.0,0.0
2026-06-11,0.0,0.0,0.0,2651280.4441399984,0.0,2651280.4441399984,-0.0,4951062.023940001,0.008590685993497466,0.0,0.0,0.0
2026-06-12,0.0,0.0,0.0,2651280.4441399984,0.0,2651280.4441399984,-0.0,4951062.023940001,0.008590685993497466,0.0,0.0,0.0
2026-06-15,0.0,0.0,0.0,2651280.4441399984,0.0,2651280.4441399984,-0.0,4951062.023940001,0.008590685993497466,0.0,0.0,0.0
2026-06-16,-5062203.375,-5062203.375,4898229.0,2487306.0691399984,-163974.375,2651280.4441399984,5062203.375,4951062.023940001,0.007929314685633198,-0.03311903066597233,-0.021568927694125883,-0.021568927694125883
2026-06-17,0.0,-5062203.375,5052543.0,2641620.0691399984,-9660.375,2651280.4441399984,5062203.375,4951062.023940001,0.00842125425092436,0.031167858381462743,0.02074567943788108,0.020745679437881023
2026-06-18,0.0,-5062203.375,4838494.0,2427571.0691399984,-223709.375,2651280.4441399984,5062203.375,4951062.023940001,0.007738884718600604,-0.043232946580956444,-0.028191487194635156,-0.028191487194635097
2026-06-22,0.0,-5062203.375,4733959.0,2323036.0691399984,-328244.375,2651280.4441399984,5062203.375,4951062.023940001,0.007405636261184481,-0.02111365187802927,-0.014167258173880204,-0.014167258173880124
2026-06-23,0.0,-5062203.375,4704092.0,2293169.0691399984,-358111.375,2651280.4441399984,5062203.375,4951062.023940001,0.00731042287162455,-0.006032443111312902,-0.004105938580676094,-0.004105938580676153
2026-06-24,4704091.875,0.0,0.0,2293168.9441399984,0.0,2293168.9441399984,-0.0,4951062.023940001,0.007310422473135458,-2.5247108514925287e-08,-1.7255109452385398e-08,-1.7255109395861953e-08
2026-06-25,0.0,0.0,0.0,2293168.9441399984,0.0,2293168.9441399984,-0.0,4951062.023940001,0.007310422473135458,0.0,0.0,0.0
2026-06-26,0.0,0.0,0.0,2293168.9441399984,0.0,2293168.9441399984,-0.0,4951062.023940001,0.007310422473135458,0.0,0.0,0.0
2026-06-29,0.0,0.0,0.0,2293168.9441399984,0.0,2293168.9441399984,-0.0,4951062.023940001,0.007310422473135458,0.0,0.0,0.0
2026-06-30,0.0,0.0,0.0,2293168.9441399984,0.0,2293168.9441399984,-0.0,4951062.023940001,0.007310422473135458,0.0,0.0,0.0
2026-07-01,0.0,0.0,0.0,2293168.9441399984,0.0,2293168.9441399984,-0.0,4951062.023940001,0.007310422473135458,0.0,0.0,0.0
2026-07-02,0.0,0.0,0.0,2293168.9441399984,0.0,2293168.9441399984,-0.0,4951062.023940001,0.007310422473135458,0.0,0.0,0.0
2026-07-03,-5232445.625,-5232445.625,5017698.0,2078421.3191399984,-214747.625,2293168.9441399984,5232445.625,4951062.023940001,0.006517116501928592,-0.04337405267024025,-0.02964395060652192,-0.029643950606521925
2026-07-06,0.0,-5232445.625,4584623.0,1645346.3191399984,-647822.625,2293168.9441399984,5232445.625,4951062.023940001,0.005159162653456442,-0.08747113203307516,-0.06160836847651552,-0.061608368476515414
2026-07-07,4748892.75,0.0,0.0,1809616.0691399984,0.0,1809616.0691399984,-0.0,4951062.023940001,0.005674248352700356,0.033178689583306,0.024902907985120182,0.024902907985120137
2026-07-08,0.0,0.0,0.0,1809616.0691399984,0.0,1809616.0691399984,-0.0,4951062.023940001,0.005674248352700356,0.0,0.0,0.0
2026-07-09,0.0,0.0,0.0,1809616.0691399984,0.0,1809616.0691399984,-0.0,4951062.023940001,0.005674248352700356,0.0,0.0,0.0
2026-07-13,0.0,0.0,0.0,1809616.0691399984,0.0,1809616.0691399984,-0.0,4951062.023940001,0.005674248352700356,0.0,0.0,0.0
2026-07-14,0.0,0.0,0.0,1809616.0691399984,0.0,1809616.0691399984,-0.0,4951062.023940001,0.005674248352700356,0.0,0.0,0.0
2026-07-15,0.0,0.0,0.0,1809616.0691399984,0.0,1809616.0691399984,-0.0,4951062.023940001,0.005674248352700356,0.0,0.0,0.0
2026-07-16,0.0,0.0,0.0,1809616.0691399984,0.0,1809616.0691399984,-0.0,4951062.023940001,0.005674248352700356,0.0,0.0,0.0
2026-07-17,0.0,0.0,0.0,1809616.0691399984,0.0,1809616.0691399984,-0.0,4951062.023940001,0.005674248352700356,0.0,0.0,0.0
2026-07-20,0.0,0.0,0.0,1809616.0691399984,0.0,1809616.0691399984,-0.0,4951062.023940001,0.005674248352700356,0.0,0.0,0.0
2026-07-21,0.0,0.0,0.0,1809616.0691399984,0.0,1809616.0691399984,-0.0,4951062.023940001,0.005674248352700356,0.0,0.0,0.0
2026-07-22,0.0,0.0,0.0,1809616.0691399984,0.0,1809616.0691399984,-0.0,4951062.023940001,0.005674248352700356,0.0,0.0,0.0
2026-07-23,0.0,0.0,0.0,1809616.0691399984,0.0,1809616.0691399984,-0.0,4951062.023940001,0.005674248352700356,0.0,0.0,0.0
2026-07-24,0.0,0.0,0.0,1809616.0691399984,0.0,1809616.0691399984,-0.0,4951062.023940001,0.005674248352700356,0.0,0.0,0.0
2026-07-27,0.0,0.0,0.0,1809616.0691399984,0.0,1809616.0691399984,-0.0,4951062.023940001,0.005674248352700356,0.0,0.0,0.0
2026-07-28,0.0,0.0,0.0,1809616.0691399984,0.0,1809616.0691399984,-0.0,4951062.023940001,0.005674248352700356,0.0,0.0,0.0
2026-07-29,0.0,0.0,0.0,1809616.0691399984,0.0,1809616.0691399984,-0.0,4951062.023940001,0.005674248352700356,0.0,0.0,0.0
2026-07-30,0.0,0.0,0.0,1809616.0691399984,0.0,1809616.0691399984,-0.0,4951062.023940001,0.005674248352700356,0.0,0.0,0.0
2026-07-31,0.0,0.0,0.0,1809616.0691399984,0.0,1809616.0691399984,-0.0,4951062.023940001,0.005674248352700356,0.0,0.0,0.0
2026-08-03,0.0,0.0,0.0,1809616.0691399984,0.0,1809616.0691399984,-0.0,4951062.023940001,0.005674248352700356,0.0,0.0,0.0
2026-08-04,0.0,0.0,0.0,1809616.0691399984,0.0,1809616.0691399984,-0.0,4951062.023940001,0.005674248352700356,0.0,0.0,0.0
2026-08-05,0.0,0.0,0.0,1809616.0691399984,0.0,1809616.0691399984,-0.0,4951062.023940001,0.005674248352700356,0.0,0.0,0.0
2026-08-06,0.0,0.0,0.0,1809616.0691399984,0.0,1809616.0691399984,-0.0,4951062.023940001,0.005674248352700356,0.0,0.0,0.0
2026-08-07,0.0,0.0,0.0,1809616.0691399984,0.0,1809616.0691399984,-0.0,4951062.023940001,0.005674248352700356,0.0,0.0,0.0
2026-08-10,-4646612.0,-4646612.0,4509955.0,1672959.0691399984,-136657.0,1809616.0691399984,4646612.0,4951062.023940001,0.00517041274211399,-0.02760155282628629,-0.020213504935233884,-0.02021350493523386
2026-08-11,0.0,-4646612.0,4933074.0,2096078.0691399984,286462.0,1809616.0691399984,4646612.0,4951062.023940001,0.006478095583485082,0.08546025033701488,0.06387645722354751,0.06387645722354736
2026-08-12,0.0,-4646612.0,5107300.0,2270304.0691399984,460688.0,1809616.0691399984,4646612.0,4951062.023940001,0.007016554860238713,0.0351896217735832,0.024722936921756755,0.024722936921756776
2026-08-13,0.0,-4646612.0,5515486.0,2678490.0691399984,868874.0,1809616.0691399984,4646612.0,4951062.023940001,0.008278086080268776,0.08244412976979226,0.05652476203791279,0.056524762037912936
2026-08-14,0.0,-4646612.0,5440817.0,2603821.0691399984,794205.0,1809616.0691399984,4646612.0,4951062.023940001,0.00804731561124626,-0.015081410743584045,-0.00978681305128315,-0.009786813051283148
2026-08-17,5450773.125,0.0,0.0,2613777.1941399984,0.0,2613777.1941399984,-0.0,4951062.023940001,0.008078085805515592,0.0020109069431687443,0.0013178397173505552,0.0013178397173504183
2026-08-18,-5853329.125,-5853329.125,5510508.0,2270956.0691399984,-342821.125,2613777.1941399984,5853329.125,4951062.023940001,0.006893858784851705,-0.06924193705155546,-0.04531770142327096,-0.04531770142327097
2026-08-19,0.0,-5853329.125,5271570.0,2032018.0691399984,-581759.125,2613777.1941399984,5853329.125,4951062.023940001,0.00616852338417234,-0.04825994884423923,-0.03308465818286266,-0.03308465818286247
2026-08-20,5321348.375,0.0,0.0,2081796.4441399984,0.0,2081796.4441399984,-0.0,4951062.023940001,0.006319633787606673,0.010054080267891119,0.007128426759608564,0.007128426759608374
2026-08-21,0.0,0.0,0.0,2081796.4441399984,0.0,2081796.4441399984,-0.0,4951062.023940001,0.006319633787606673,0.0,0.0,0.0
2026-08-24,0.0,0.0,0.0,2081796.4441399984,0.0,2081796.4441399984,-0.0,4951062.023940001,0.006319633787606673,0.0,0.0,0.0
2026-08-25,0.0,0.0,0.0,2081796.4441399984,0.0,2081796.4441399984,-0.0,4951062.023940001,0.006319633787606673,0.0,0.0,0.0
2026-08-26,0.0,0.0,0.0,2081796.4441399984,0.0,2081796.4441399984,-0.0,4951062.023940001,0.006319633787606673,0.0,0.0,0.0
2026-08-27,0.0,0.0,0.0,2081796.4441399984,0.0,2081796.4441399984,-0.0,4951062.023940001,0.006319633787606673,0.0,0.0,0.0
2026-08-28,0.0,0.0,0.0,2081796.4441399984,0.0,2081796.4441399984,-0.0,4951062.023940001,0.006319633787606673,0.0,0.0,0.0
2026-08-31,0.0,0.0,0.0,2081796.4441399984,0.0,2081796.4441399984,-0.0,4951062.023940001,0.006319633787606673,0.0,0.0,0.0
2026-09-01,0.0,0.0,0.0,2081796.4441399984,0.0,2081796.4441399984,-0.0,4951062.023940001,0.006319633787606673,0.0,0.0,0.0
2026-09-02,0.0,0.0,0.0,2081796.4441399984,0.0,2081796.4441399984,-0.0,4951062.023940001,0.006319633787606673,0.0,0.0,0.0
2026-09-03,0.0,0.0,0.0,2081796.4441399984,0.0,2081796.4441399984,-0.0,4951062.023940001,0.006319633787606673,0.0,0.0,0.0
2026-09-04,0.0,0.0,0.0,2081796.4441399984,0.0,2081796.4441399984,-0.0,4951062.023940001,0.006319633787606673,0.0,0.0,0.0
2026-09-07,0.0,0.0,0.0,2081796.4441399984,0.0,2081796.4441399984,-0.0,4951062.023940001,0.006319633787606673,0.0,0.0,0.0
2026-09-08,0.0,0.0,0.0,2081796.4441399984,0.0,2081796.4441399984,-0.0,4951062.023940001,0.006319633787606673,0.0,0.0,0.0
2026-09-09,0.0,0.0,0.0,2081796.4441399984,0.0,2081796.4441399984,-0.0,4951062.023940001,0.006319633787606673,0.0,0.0,0.0
2026-09-10,0.0,0.0,0.0,2081796.4441399984,0.0,2081796.4441399984,-0.0,4951062.023940001,0.006319633787606673,0.0,0.0,0.0
2026-09-11,0.0,0.0,0.0,2081796.4441399984,0.0,2081796.4441399984,-0.0,4951062.023940001,0.006319633787606673,0.0,0.0,0.0
2026-09-14,0.0,0.0,0.0,2081796.4441399984,0.0,2081796.4441399984,-0.0,4951062.023940001,0.006319633787606673,0.0,0.0,0.0
2026-09-15,0.0,0.0,0.0,2081796.4441399984,0.0,2081796.4441399984,-0.0,4951062.023940001,0.006319633787606673,0.0,0.0,0.0
2026-09-16,0.0,0.0,0.0,2081796.4441399984,0.0,2081796.4441399984,-0.0,4951062.023940001,0.006319633787606673,0.0,0.0,0.0
2026-09-17,0.0,0.0,0.0,2081796.4441399984,0.0,2081796.4441399984,-0.0,4951062.023940001,0.006319633787606673,0.0,0.0,0.0
2026-09-18,0.0,0.0,0.0,2081796.4441399984,0.0,2081796.4441399984,-0.0,4951062.023940001,0.006319633787606673,0.0,0.0,0.0
2026-09-21,0.0,0.0,0.0,2081796.4441399984,0.0,2081796.4441399984,-0.0,4951062.023940001,0.006319633787606673,0.0,0.0,0.0
2026-09-22,0.0,0.0,0.0,2081796.4441399984,0.0,2081796.4441399984,-0.0,4951062.023940001,0.006319633787606673,0.0,0.0,0.0
2026-09-23,0.0,0.0,0.0,2081796.4441399984,0.0,2081796.4441399984,-0.0,4951062.023940001,0.006319633787606673,0.0,0.0,0.0
2026-09-24,0.0,0.0,0.0,2081796.4441399984,0.0,2081796.4441399984,-0.0,4951062.023940001,0.006319633787606673,0.0,0.0,0.0
2026-09-29,0.0,0.0,0.0,2081796.4441399984,0.0,2081796.4441399984,-0.0,4951062.023940001,0.006319633787606673,0.0,0.0,0.0
2026-09-30,0.0,0.0,0.0,2081796.4441399984,0.0,2081796.4441399984,-0.0,4951062.023940001,0.006319633787606673,0.0,0.0,0.0
2026-10-01,0.0,0.0,0.0,2081796.4441399984,0.0,2081796.4441399984,-0.0,4951062.023940001,0.006319633787606673,0.0,0.0,0.0
