,cashflow,entry_cost,market_value,profit_loss,unrealized,realized,position,invest,PNL/COST,return,return_pct,value_pct
2022-11-13,0.0,0.0,0.0,0.0,0.0,0.0,0.0,0.0,,,,
2022-11-14,-4938283.0398,-4938283.0398,4870159.0,-68124.03980000038,-68124.03980000038,0.0,4938283.0398,4938283.0398,-0.013795086116157367,-0.013795086116157367,-0.013795086116157318,-0.013795086116157367
2022-11-15,4870158.56376,0.0,0.0,-68124.47603999996,0.0,-68124.47603999996,-0.0,4938283.0398,-0.013795174454552729,-8.833839536259713e-08,-8.95740774886633e-08,-8.957407747631995e-08
2022-11-16,0.0,0.0,0.0,-68124.47603999996,0.0,-68124.47603999996,-0.0,4938283.0398,-0.013795174454552729,0.0,0.0,0.0
2022-11-17,0.0,0.0,0.0,-68124.47603999996,0.0,-68124.47603999996,-0.0,4938283.0398,-0.013795174454552729,0.0,0.0,0.0
2022-11-18,-4789310.856515,-4789310.856515,4817791.0,-39644.33255499961,28480.143485000357,-68124.47603999996,4789310.856515,4938283.0398,-0.004075451029058444,0.005767215701381466,0.005847888341239615,0.005847888341239612
2022-11-21,4836611.1707725,0.0,0.0,-20824.161782499446,0.0,-20824.161782499446,-0.0,4938283.0398,-0.0021407309972497966,0.0038110757566586087,0.003841918520070875,0.003841918520070782
2022-11-22,0.0,0.0,0.0,-20824.161782499446,0.0,-20824.161782499446,-0.0,4938283.0398,-0.0021407309972497966,0.0,0.0,0.0
2022-11-23,0.0,0.0,0.0,-20824.161782499446,0.0,-20824.161782499446,-0.0,4938283.0398,-0.0021407309972497966,0.0,0.0,0.0
2022-11-24,-4834579.272215,-4834579.272215,4815337.0,-40066.4339974998,-19242.272215000354,-20824.161782499446,4834579.272215,4938283.0398,-0.0027514048579017386,-0.0038965511008416534,-0.003913051983214122,-0.0039130519832141384
2022-11-25,0.0,-4834579.272215,4770334.0,-85069.4339974998,-64245.272215000354,-20824.161782499446,4834579.272215,4938283.0398,-0.005841808980911003,-0.009113086398106214,-0.009187629625584282,-0.009187629625584294
2022-11-28,4734332.26651,0.0,0.0,-121071.16748749932,0.0,-121071.16748749932,-0.0,4938283.0398,-0.00831408650936411,-0.007290334150522403,-0.007418122591380749,-0.007418122591380659
2022-11-29,0.0,0.0,0.0,-121071.16748749932,0.0,-121071.16748749932,-0.0,4938283.0398,-0.00831408650936411,0.0,0.0,0.0
2022-11-30,0.0,0.0,0.0,-121071.16748749932,0.0,-121071.16748749932,-0.0,4938283.0398,-0.00831408650936411,0.0,0.0,0.0
2022-12-01,0.0,0.0,0.0,-121071.16748749932,0.0,-121071.16748749932,-0.0,4938283.0398,-0.00831408650936411,0.0,0.0,0.0
2022-12-02,0.0,0.0,0.0,-121071.16748749932,0.0,-121071.16748749932,-0.0,4938283.0398,-0.00831408650936411,0.0,0.0,0.0
2022-12-05,0.0,0.0,0.0,-121071.16748749932,0.0,-121071.16748749932,-0.0,4938283.0398,-0.00831408650936411,0.0,0.0,0.0
2022-12-06,-4865443.4911425,-4865443.4911425,4768289.0,-218225.6586299995,-97154.49114250019,-121071.1674874993,4865443.4911425,4986514.6586299995,-0.011232755023573654,-0.01924630932112252,-0.019730027538443773,-0.01996827037851105
2022-12-07,4725331.3724925,0.0,0.0,-261183.28613749973,0.0,-261183.28613749973,-0.0,4986514.6586299995,-0.01344391804269328,-0.008614760097647535,-0.009009023468900534,-0.00900902346890053
2022-12-08,0.0,0.0,0.0,-261183.28613749973,0.0,-261183.28613749973,-0.0,4986514.6586299995,-0.01344391804269328,0.0,0.0,0.0
2022-12-09,0.0,0.0,0.0,-261183.28613749973,0.0,-261183.28613749973,-0.0,4986514.6586299995,-0.01344391804269328,0.0,0.0,0.0
2022-12-12,0.0,0.0,0.0,-261183.28613749973,0.0,-261183.28613749973,-0.0,4986514.6586299995,-0.01344391804269328,0.0,0.0,0.0
2022-12-13,0.0,0.0,0.0,-261183.28613749973,0.0,-261183.28613749973,-0.0,4986514.6586299995,-0.01344391804269328,0.0,0.0,0.0
2022-12-14,0.0,0.0,0.0,-261183.28613749973,0.0,-261183.28613749973,-0.0,4986514.6586299995,-0.01344391804269328,0.0,0.0,0.0
2022-12-15,0.0,0.0,0.0,-261183.28613749973,0.0,-261183.28613749973,-0.0,4986514.6586299995,-0.01344391804269328,0.0,0.0,0.0
2022-12-16,0.0,0.0,0.0,-261183.28613749973,0.0,-261183.28613749973,-0.0,4986514.6586299995,-0.01344391804269328,0.0,0.0,0.0
2022-12-19,0.0,0.0,0.0,-261183.28613749973,0.0,-261183.28613749973,-0.0,4986514.6586299995,-0.01344391804269328,0.0,0.0,0.0
2022-12-20,0.0,0.0,0.0,-261183.28613749973,0.0,-261183.28613749973,-0.0,4986514.6586299995,-0.01344391804269328,0.0,0.0,0.0
2022-12-21,0.0,0.0,0.0,-261183.28613749973,0.0,-261183.28613749973,-0.0,4986514.6586299995,-0.01344391804269328,0.0,0.0,0.0
2022-12-22,0.0,0.0,0.0,-261183.28613749973,0.0,-261183.28613749973,-0.0,4986514.6586299995,-0.01344391804269328,0.0,0.0,0.0
2022-12-23,0.0,0.0,0.0,-261183.28613749973,0.0,-261183.28613749973,-0.0,4986514.6586299995,-0.01344391804269328,0.0,0.0,0.0
2022-12-26,0.0,0.0,0.0,-261183.28613749973,0.0,-261183.28613749973,-0.0,4986514.6586299995,-0.01344391804269328,0.0,0.0,0.0
2022-12-27,0.0,0.0,0.0,-261183.28613749973,0.0,-261183.28613749973,-0.0,4986514.6586299995,-0.01344391804269328,0.0,0.0,0.0
2022-12-28,0.0,0.0,0.0,-261183.28613749973,0.0,-261183.28613749973,-0.0,4986514.6586299995,-0.01344391804269328,0.0,0.0,0.0
2022-12-29,0.0,0.0,0.0,-261183.28613749973,0.0,-261183.28613749973,-0.0,4986514.6586299995,-0.01344391804269328,0.0,0.0,0.0
2022-12-30,0.0,0.0,0.0,-261183.28613749973,0.0,-261183.28613749973,-0.0,4986514.6586299995,-0.01344391804269328,0.0,0.0,0.0
2023-01-03,0.0,0.0,0.0,-261183.28613749973,0.0,-261183.28613749973,-0.0,4986514.6586299995,-0.01344391804269328,0.0,0.0,0.0
2023-01-04,0.0,0.0,0.0,-261183.28613749973,0.0,-261183.28613749973,-0.0,4986514.6586299995,-0.01344391804269328,0.0,0.0,0.0
2023-01-05,0.0,0.0,0.0,-261183.28613749973,0.0,-261183.28613749973,-0.0,4986514.6586299995,-0.01344391804269328,0.0,0.0,0.0
2023-01-06,0.0,0.0,0.0,-261183.28613749973,0.0,-261183.28613749973,-0.0,4986514.6586299995,-0.01344391804269328,0.0,0.0,0.0
2023-01-09,0.0,0.0,0.0,-261183.28613749973,0.0,-261183.28613749973,-0.0,4986514.6586299995,-0.01344391804269328,0.0,0.0,0.0
2023-01-10,0.0,0.0,0.0,-261183.28613749973,0.0,-261183.28613749973,-0.0,4986514.6586299995,-0.01344391804269328,0.0,0.0,0.0
2023-01-11,0.0,0.0,0.0,-261183.28613749973,0.0,-261183.28613749973,-0.0,4986514.6586299995,-0.01344391804269328,0.0,0.0,0.0
2023-01-12,0.0,0.0,0.0,-261183.28613749973,0.0,-261183.28613749973,-0.0,4986514.6586299995,-0.01344391804269328,0.0,0.0,0.0
2023-01-13,0.0,0.0,0.0,-261183.28613749973,0.0,-261183.28613749973,-0.0,4986514.6586299995,-0.01344391804269328,0.0,0.0,0.0
2023-01-16,0.0,0.0,0.0,-261183.28613749973,0.0,-261183.28613749973,-0.0,4986514.6586299995,-0.01344391804269328,0.0,0.0,0.0
2023-01-17,0.0,0.0,0.0,-261183.28613749973,0.0,-261183.28613749973,-0.0,4986514.6586299995,-0.01344391804269328,0.0,0.0,0.0
2023-01-30,0.0,0.0,0.0,-261183.28613749973,0.0,-261183.28613749973,-0.0,4986514.6586299995,-0.01344391804269328,0.0,0.0,0.0
2023-01-31,0.0,0.0,0.0,-261183.28613749973,0.0,-261183.28613749973,-0.0,4986514.6586299995,-0.01344391804269328,0.0,0.0,0.0
2023-02-01,0.0,0.0,0.0,-261183.28613749973,0.0,-261183.28613749973,-0.0,4986514.6586299995,-0.01344391804269328,0.0,0.0,0.0
2023-02-02,0.0,0.0,0.0,-261183.28613749973,0.0,-261183.28613749973,-0.0,4986514.6586299995,-0.01344391804269328,0.0,0.0,0.0
2023-02-03,0.0,0.0,0.0,-261183.28613749973,0.0,-261183.28613749973,-0.0,4986514.6586299995,-0.01344391804269328,0.0,0.0,0.0
2023-02-06,0.0,0.0,0.0,-261183.28613749973,0.0,-261183.28613749973,-0.0,4986514.6586299995,-0.01344391804269328,0.0,0.0,0.0
2023-02-07,0.0,0.0,0.0,-261183.28613749973,0.0,-261183.28613749973,-0.0,4986514.6586299995,-0.01344391804269328,0.0,0.0,0.0
2023-02-08,0.0,0.0,0.0,-261183.28613749973,0.0,-261183.28613749973,-0.0,4986514.6586299995,-0.01344391804269328,0.0,0.0,0.0
2023-02-09,0.0,0.0,0.0,-261183.28613749973,0.0,-261183.28613749973,-0.0,4986514.6586299995,-0.01344391804269328,0.0,0.0,0.0
2023-02-10,0.0,0.0,0.0,-261183.28613749973,0.0,-261183.28613749973,-0.0,4986514.6586299995,-0.01344391804269328,0.0,0.0,0.0
2023-02-13,0.0,0.0,0.0,-261183.28613749973,0.0,-261183.28613749973,-0.0,4986514.6586299995,-0.01344391804269328,0.0,0.0,0.0
2023-02-14,0.0,0.0,0.0,-261183.28613749973,0.0,-261183.28613749973,-0.0,4986514.6586299995,-0.01344391804269328,0.0,0.0,0.0
2023-02-15,0.0,0.0,0.0,-261183.28613749973,0.0,-261183.28613749973,-0.0,4986514.6586299995,-0.01344391804269328,0.0,0.0,0.0
2023-02-16,0.0,0.0,0.0,-261183.28613749973,0.0,-261183.28613749973,-0.0,4986514.6586299995,-0.01344391804269328,0.0,0.0,0.0
2023-02-17,0.0,0.0,0.0,-261183.28613749973,0.0,-261183.28613749973,-0.0,4986514.6586299995,-0.01344391804269328,0.0,0.0,0.0
2023-02-20,0.0,0.0,0.0,-261183.28613749973,0.0,-261183.28613749973,-0.0,4986514.6586299995,-0.01344391804269328,0.0,0.0,0.0
2023-02-21,0.0,0.0,0.0,-261183.28613749973,0.0,-261183.28613749973,-0.0,4986514.6586299995,-0.01344391804269328,0.0,0.0,0.0
2023-02-22,0.0,0.0,0.0,-261183.28613749973,0.0,-261183.28613749973,-0.0,4986514.6586299995,-0.01344391804269328,0.0,0.0,0.0
2023-02-23,0.0,0.0,0.0,-261183.28613749973,0.0,-261183.28613749973,-0.0,4986514.6586299995,-0.01344391804269328,0.0,0.0,0.0
2023-02-24,0.0,0.0,0.0,-261183.28613749973,0.0,-261183.28613749973,-0.0,4986514.6586299995,-0.01344391804269328,0.0,0.0,0.0
2023-03-01,0.0,0.0,0.0,-261183.28613749973,0.0,-261183.28613749973,-0.0,4986514.6586299995,-0.01344391804269328,0.0,0.0,0.0
2023-03-02,0.0,0.0,0.0,-261183.28613749973,0.0,-261183.28613749973,-0.0,4986514.6586299995,-0.01344391804269328,0.0,0.0,0.0
2023-03-03,0.0,0.0,0.0,-261183.28613749973,0.0,-261183.28613749973,-0.0,4986514.6586299995,-0.01344391804269328,0.0,0.0,0.0
2023-03-06,0.0,0.0,0.0,-261183.28613749973,0.0,-261183.28613749973,-0.0,4986514.6586299995,-0.01344391804269328,0.0,0.0,0.0
2023-03-07,0.0,0.0,0.0,-261183.28613749973,0.0,-261183.28613749973,-0.0,4986514.6586299995,-0.01344391804269328,0.0,0.0,0.0
2023-03-08,0.0,0.0,0.0,-261183.28613749973,0.0,-261183.28613749973,-0.0,4986514.6586299995,-0.01344391804269328,0.0,0.0,0.0
2023-03-09,0.0,0.0,0.0,-261183.28613749973,0.0,-261183.28613749973,-0.0,4986514.6586299995,-0.01344391804269328,0.0,0.0,0.0
2023-03-10,0.0,0.0,0.0,-261183.28613749973,0.0,-261183.28613749973,-0.0,4986514.6586299995,-0.01344391804269328,0.0,0.0,0.0
2023-03-13,0.0,0.0,0.0,-261183.28613749973,0.0,-261183.28613749973,-0.0,4986514.6586299995,-0.01344391804269328,0.0,0.0,0.0
2023-03-14,0.0,0.0,0.0,-261183.28613749973,0.0,-261183.28613749973,-0.0,4986514.6586299995,-0.01344391804269328,0.0,0.0,0.0
2023-03-15,0.0,0.0,0.0,-261183.28613749973,0.0,-261183.28613749973,-0.0,4986514.6586299995,-0.01344391804269328,0.0,0.0,0.0
2023-03-16,0.0,0.0,0.0,-261183.28613749973,0.0,-261183.28613749973,-0.0,4986514.6586299995,-0.01344391804269328,0.0,0.0,0.0
2023-03-17,0.0,0.0,0.0,-261183.28613749973,0.0,-261183.28613749973,-0.0,4986514.6586299995,-0.01344391804269328,0.0,0.0,0.0
2023-03-20,0.0,0.0,0.0,-261183.28613749973,0.0,-261183.28613749973,-0.0,4986514.6586299995,-0.01344391804269328,0.0,0.0,0.0
2023-03-21,0.0,0.0,0.0,-261183.28613749973,0.0,-261183.28613749973,-0.0,4986514.6586299995,-0.01344391804269328,0.0,0.0,0.0
2023-03-22,0.0,0.0,0.0,-261183.28613749973,0.0,-261183.28613749973,-0.0,4986514.6586299995,-0.01344391804269328,0.0,0.0,0.0
2023-03-23,0.0,0.0,0.0,-261183.28613749973,0.0,-261183.28613749973,-0.0,4986514.6586299995,-0.01344391804269328,0.0,0.0,0.0
2023-03-24,0.0,0.0,0.0,-261183.28613749973,0.0,-261183.28613749973,-0.0,4986514.6586299995,-0.01344391804269328,0.0,0.0,0.0
2023-03-27,0.0,0.0,0.0,-261183.28613749973,0.0,-261183.28613749973,-0.0,4986514.6586299995,-0.01344391804269328,0.0,0.0,0.0
2023-03-28,0.0,0.0,0.0,-261183.28613749973,0.0,-261183.28613749973,-0.0,4986514.6586299995,-0.01344391804269328,0.0,0.0,0.0
2023-03-29,0.0,0.0,0.0,-261183.28613749973,0.0,-261183.28613749973,-0.0,4986514.6586299995,-0.01344391804269328,0.0,0.0,0.0
2023-03-30,0.0,0.0,0.0,-261183.28613749973,0.0,-261183.28613749973,-0.0,4986514.6586299995,-0.01344391804269328,0.0,0.0,0.0
2023-03-31,0.0,0.0,0.0,-261183.28613749973,0.0,-261183.28613749973,-0.0,4986514.6586299995,-0.01344391804269328,0.0,0.0,0.0
2023-04-06,0.0,0.0,0.0,-261183.28613749973,0.0,-261183.28613749973,-0.0,4986514.6586299995,-0.01344391804269328,0.0,0.0,0.0
2023-04-07,0.0,0.0,0.0,-261183.28613749973,0.0,-261183.28613749973,-0.0,4986514.6586299995,-0.01344391804269328,0.0,0.0,0.0
2023-04-10,0.0,0.0,0.0,-261183.28613749973,0.0,-261183.28613749973,-0.0,4986514.6586299995,-0.01344391804269328,0.0,0.0,0.0
2023-04-11,0.0,0.0,0.0,-261183.28613749973,0.0,-261183.28613749973,-0.0,4986514.6586299995,-0.01344391804269328,0.0,0.0,0.0
2023-04-12,0.0,0.0,0.0,-261183.28613749973,0.0,-261183.28613749973,-0.0,4986514.6586299995,-0.01344391804269328,0.0,0.0,0.0
2023-04-13,0.0,0.0,0.0,-261183.28613749973,0.0,-261183.28613749973,-0.0,4986514.6586299995,-0.01344391804269328,0.0,0.0,0.0
2023-04-14,0.0,0.0,0.0,-261183.28613749973,0.0,-261183.28613749973,-0.0,4986514.6586299995,-0.01344391804269328,0.0,0.0,0.0
2023-04-17,0.0,0.0,0.0,-261183.28613749973,0.0,-261183.28613749973,-0.0,4986514.6586299995,-0.01344391804269328,0.0,0.0,0.0
2023-04-18,0.0,0.0,0.0,-261183.28613749973,0.0,-261183.28613749973,-0.0,4986514.6586299995,-0.01344391804269328,0.0,0.0,0.0
2023-04-19,0.0,0.0,0.0,-261183.28613749973,0.0,-261183.28613749973,-0.0,4986514.6586299995,-0.01344391804269328,0.0,0.0,0.0
2023-04-20,0.0,0.0,0.0,-261183.28613749973,0.0,-261183.28613749973,-0.0,4986514.6586299995,-0.01344391804269328,0.0,0.0,0.0
2023-04-21,0.0,0.0,0.0,-261183.28613749973,0.0,-261183.28613749973,-0.0,4986514.6586299995,-0.01344391804269328,0.0,0.0,0.0
2023-04-24,0.0,0.0,0.0,-261183.28613749973,0.0,-261183.28613749973,-0.0,4986514.6586299995,-0.01344391804269328,0.0,0.0,0.0
2023-04-25,0.0,0.0,0.0,-261183.28613749973,0.0,-261183.28613749973,-0.0,4986514.6586299995,-0.01344391804269328,0.0,0.0,0.0
2023-04-26,0.0,0.0,0.0,-261183.28613749973,0.0,-261183.28613749973,-0.0,4986514.6586299995,-0.01344391804269328,0.0,0.0,0.0
2023-04-27,0.0,0.0,0.0,-261183.28613749973,0.0,-261183.28613749973,-0.0,4986514.6586299995,-0.01344391804269328,0.0,0.0,0.0
2023-04-28,0.0,0.0,0.0,-261183.28613749973,0.0,-261183.28613749973,-0.0,4986514.6586299995,-0.01344391804269328,0.0,0.0,0.0
2023-05-02,0.0,0.0,0.0,-261183.28613749973,0.0,-261183.28613749973,-0.0,4986514.6586299995,-0.01344391804269328,0.0,0.0,0.0
2023-05-03,0.0,0.0,0.0,-261183.28613749973,0.0,-261183.28613749973,-0.0,4986514.6586299995,-0.01344391804269328,0.0,0.0,0.0
2023-05-04,0.0,0.0,0.0,-261183.28613749973,0.0,-261183.28613749973,-0.0,4986514.6586299995,-0.01344391804269328,0.0,0.0,0.0
2023-05-05,-4798363.9388,-4798363.9388,4729421.0,-330126.2249374994,-68942.93879999965,-261183.28613749973,4798363.9388,5059547.2249374995,-0.013626949943083605,-0.012870251366908773,-0.013581628893783004,-0.014368009529773448
2023-05-08,4729421.2941499995,0.0,0.0,-330125.93078749964,0.0,-330125.93078749964,-0.0,5059547.2249374995,-0.013626937801160246,5.813761323747446e-08,6.219577386445962e-08,6.219577401538205e-08
2023-05-09,0.0,0.0,0.0,-330125.93078749964,0.0,-330125.93078749964,-0.0,5059547.2249374995,-0.013626937801160246,0.0,0.0,0.0
2023-05-10,0.0,0.0,0.0,-330125.93078749964,0.0,-330125.93078749964,-0.0,5059547.2249374995,-0.013626937801160246,0.0,0.0,0.0
2023-05-11,0.0,0.0,0.0,-330125.93078749964,0.0,-330125.93078749964,-0.0,5059547.2249374995,-0.013626937801160246,0.0,0.0,0.0
2023-05-12,0.0,0.0,0.0,-330125.93078749964,0.0,-330125.93078749964,-0.0,5059547.2249374995,-0.013626937801160246,0.0,0.0,0.0
2023-05-15,0.0,0.0,0.0,-330125.93078749964,0.0,-330125.93078749964,-0.0,5059547.2249374995,-0.013626937801160246,0.0,0.0,0.0
2023-05-16,-4738282.04393,-4738282.04393,4718375.0,-350032.97471749934,-19907.043929999694,-330125.93078749964,4738282.04393,5068407.9747175,-0.012084995190074867,-0.0038136031640425283,-0.004079802602806937,-0.004201321015810301
2023-05-17,4702829.9836875005,0.0,0.0,-365577.9910299996,0.0,-365577.9910299996,-0.0,5068407.9747175,-0.012621691618512268,-0.0030670412464905705,-0.003294569912840828,-0.0032945699128408166
2023-05-18,0.0,0.0,0.0,-365577.9910299996,0.0,-365577.9910299996,-0.0,5068407.9747175,-0.012621691618512268,0.0,0.0,0.0
2023-05-19,-4785195.20005,-4785195.20005,4788336.0,-362437.1910799997,3140.7999499998987,-365577.9910299996,4785195.20005,5150773.191079999,-0.010739052247058622,0.001763172377592645,0.0019002338954181575,0.0006563577489936211
2023-05-22,0.0,-4785195.20005,4765016.0,-385757.1910799997,-20179.2000500001,-365577.9910299996,4785195.20005,5150773.191079999,-0.011430026309778718,-0.004527475610920914,-0.004870167841187434,-0.004870167841187419
2023-05-23,4780561.19429,0.0,0.0,-370211.99678999966,0.0,-370211.99678999966,-0.0,5150773.191079999,-0.01096942056130811,0.003018031218482084,0.0032623593058238587,0.003262359305823962
2023-05-24,0.0,0.0,0.0,-370211.99678999966,0.0,-370211.99678999966,-0.0,5150773.191079999,-0.01096942056130811,0.0,0.0,0.0
2023-05-25,0.0,0.0,0.0,-370211.99678999966,0.0,-370211.99678999966,-0.0,5150773.191079999,-0.01096942056130811,0.0,0.0,0.0
2023-05-26,0.0,0.0,0.0,-370211.99678999966,0.0,-370211.99678999966,-0.0,5150773.191079999,-0.01096942056130811,0.0,0.0,0.0
2023-05-29,0.0,0.0,0.0,-370211.99678999966,0.0,-370211.99678999966,-0.0,5150773.191079999,-0.01096942056130811,0.0,0.0,0.0
2023-05-30,0.0,0.0,0.0,-370211.99678999966,0.0,-370211.99678999966,-0.0,5150773.191079999,-0.01096942056130811,0.0,0.0,0.0
2023-05-31,0.0,0.0,0.0,-370211.99678999966,0.0,-370211.99678999966,-0.0,5150773.191079999,-0.01096942056130811,0.0,0.0,0.0
2023-06-01,0.0,0.0,0.0,-370211.99678999966,0.0,-370211.99678999966,-0.0,5150773.191079999,-0.01096942056130811,0.0,0.0,0.0
2023-06-02,0.0,0.0,0.0,-370211.99678999966,0.0,-370211.99678999966,-0.0,5150773.191079999,-0.01096942056130811,0.0,0.0,0.0
2023-06-05,0.0,0.0,0.0,-370211.99678999966,0.0,-370211.99678999966,-0.0,5150773.191079999,-0.01096942056130811,0.0,0.0,0.0
2023-06-06,0.0,0.0,0.0,-370211.99678999966,0.0,-370211.99678999966,-0.0,5150773.191079999,-0.01096942056130811,0.0,0.0,0.0
2023-06-07,0.0,0.0,0.0,-370211.99678999966,0.0,-370211.99678999966,-0.0,5150773.191079999,-0.01096942056130811,0.0,0.0,0.0
2023-06-08,0.0,0.0,0.0,-370211.99678999966,0.0,-370211.99678999966,-0.0,5150773.191079999,-0.01096942056130811,0.0,0.0,0.0
2023-06-09,0.0,0.0,0.0,-370211.99678999966,0.0,-370211.99678999966,-0.0,5150773.191079999,-0.01096942056130811,0.0,0.0,0.0
2023-06-12,0.0,0.0,0.0,-370211.99678999966,0.0,-370211.99678999966,-0.0,5150773.191079999,-0.01096942056130811,0.0,0.0,0.0
2023-06-13,0.0,0.0,0.0,-370211.99678999966,0.0,-370211.99678999966,-0.0,5150773.191079999,-0.01096942056130811,0.0,0.0,0.0
2023-06-14,0.0,0.0,0.0,-370211.99678999966,0.0,-370211.99678999966,-0.0,5150773.191079999,-0.01096942056130811,0.0,0.0,0.0
2023-06-15,0.0,0.0,0.0,-370211.99678999966,0.0,-370211.99678999966,-0.0,5150773.191079999,-0.01096942056130811,0.0,0.0,0.0
2023-06-16,0.0,0.0,0.0,-370211.99678999966,0.0,-370211.99678999966,-0.0,5150773.191079999,-0.01096942056130811,0.0,0.0,0.0
2023-06-19,0.0,0.0,0.0,-370211.99678999966,0.0,-370211.99678999966,-0.0,5150773.191079999,-0.01096942056130811,0.0,0.0,0.0
2023-06-20,0.0,0.0,0.0,-370211.99678999966,0.0,-370211.99678999966,-0.0,5150773.191079999,-0.01096942056130811,0.0,0.0,0.0
2023-06-21,0.0,0.0,0.0,-370211.99678999966,0.0,-370211.99678999966,-0.0,5150773.191079999,-0.01096942056130811,0.0,0.0,0.0
2023-06-26,0.0,0.0,0.0,-370211.99678999966,0.0,-370211.99678999966,-0.0,5150773.191079999,-0.01096942056130811,0.0,0.0,0.0
2023-06-27,0.0,0.0,0.0,-370211.99678999966,0.0,-370211.99678999966,-0.0,5150773.191079999,-0.01096942056130811,0.0,0.0,0.0
2023-06-28,0.0,0.0,0.0,-370211.99678999966,0.0,-370211.99678999966,-0.0,5150773.191079999,-0.01096942056130811,0.0,0.0,0.0
2023-06-29,0.0,0.0,0.0,-370211.99678999966,0.0,-370211.99678999966,-0.0,5150773.191079999,-0.01096942056130811,0.0,0.0,0.0
2023-06-30,0.0,0.0,0.0,-370211.99678999966,0.0,-370211.99678999966,-0.0,5150773.191079999,-0.01096942056130811,0.0,0.0,0.0
2023-07-03,0.0,0.0,0.0,-370211.99678999966,0.0,-370211.99678999966,-0.0,5150773.191079999,-0.01096942056130811,0.0,0.0,0.0
2023-07-04,0.0,0.0,0.0,-370211.99678999966,0.0,-370211.99678999966,-0.0,5150773.191079999,-0.01096942056130811,0.0,0.0,0.0
2023-07-05,0.0,0.0,0.0,-370211.99678999966,0.0,-370211.99678999966,-0.0,5150773.191079999,-0.01096942056130811,0.0,0.0,0.0
2023-07-06,0.0,0.0,0.0,-370211.99678999966,0.0,-370211.99678999966,-0.0,5150773.191079999,-0.01096942056130811,0.0,0.0,0.0
2023-07-07,0.0,0.0,0.0,-370211.99678999966,0.0,-370211.99678999966,-0.0,5150773.191079999,-0.01096942056130811,0.0,0.0,0.0
2023-07-10,0.0,0.0,0.0,-370211.99678999966,0.0,-370211.99678999966,-0.0,5150773.191079999,-0.01096942056130811,0.0,0.0,0.0
2023-07-11,0.0,0.0,0.0,-370211.99678999966,0.0,-370211.99678999966,-0.0,5150773.191079999,-0.01096942056130811,0.0,0.0,0.0
2023-07-12,0.0,0.0,0.0,-370211.99678999966,0.0,-370211.99678999966,-0.0,5150773.191079999,-0.01096942056130811,0.0,0.0,0.0
2023-07-13,0.0,0.0,0.0,-370211.99678999966,0.0,-370211.99678999966,-0.0,5150773.191079999,-0.01096942056130811,0.0,0.0,0.0
2023-07-14,0.0,0.0,0.0,-370211.99678999966,0.0,-370211.99678999966,-0.0,5150773.191079999,-0.01096942056130811,0.0,0.0,0.0
2023-07-17,0.0,0.0,0.0,-370211.99678999966,0.0,-370211.99678999966,-0.0,5150773.191079999,-0.01096942056130811,0.0,0.0,0.0
2023-07-18,0.0,0.0,0.0,-370211.99678999966,0.0,-370211.99678999966,-0.0,5150773.191079999,-0.01096942056130811,0.0,0.0,0.0
2023-07-19,0.0,0.0,0.0,-370211.99678999966,0.0,-370211.99678999966,-0.0,5150773.191079999,-0.01096942056130811,0.0,0.0,0.0
2023-07-20,0.0,0.0,0.0,-370211.99678999966,0.0,-370211.99678999966,-0.0,5150773.191079999,-0.01096942056130811,0.0,0.0,0.0
2023-07-21,0.0,0.0,0.0,-370211.99678999966,0.0,-370211.99678999966,-0.0,5150773.191079999,-0.01096942056130811,0.0,0.0,0.0
2023-07-24,-4668542.7067875005,-4668542.7067875005,4718625.0,-320129.7035775002,50082.29321249947,-370211.99678999966,4668542.7067875005,5150773.191079999,-0.008332804909177741,0.009723257335273655,0.010476237240163222,0.010476237240163097
2023-07-25,0.0,-4668542.7067875005,4737963.0,-300791.7035775002,69420.29321249947,-370211.99678999966,4668542.7067875005,5150773.191079999,-0.007829447115343191,0.003754387794339141,0.0040031933737254555,0.004003193373725449
2023-07-26,0.0,-4668542.7067875005,4731517.0,-307237.7035775002,62974.29321249947,-370211.99678999966,4668542.7067875005,5150773.191079999,-0.007997233046621375,-0.001251462598113047,-0.0013290772380493143,-0.001329077238049288
2023-07-27,0.0,-4668542.7067875005,4589700.0,-449054.7035775002,-78842.70678750053,-370211.99678999966,4668542.7067875005,5150773.191079999,-0.011688653682066326,-0.02753314788653395,-0.02927964507866665,-0.029279645078666684
2023-07-28,0.0,-4668542.7067875005,5002258.0,-36496.703577500186,333715.29321249947,-370211.99678999966,4668542.7067875005,5150773.191079999,-0.0009499896677528207,0.08009632431776637,0.08774621472906308,0.08774621472906308
2023-07-31,5144075.2949250005,0.0,0.0,105320.59134750062,0.0,105320.59134750062,-0.0,5150773.191079999,0.002741438644432112,0.027533205144927953,0.02772968870016168,0.027729688700161716
2023-08-01,0.0,0.0,0.0,105320.59134750062,0.0,105320.59134750062,-0.0,5150773.191079999,0.002741438644432112,0.0,0.0,0.0
2023-08-02,0.0,0.0,0.0,105320.59134750062,0.0,105320.59134750062,-0.0,5150773.191079999,0.002741438644432112,0.0,0.0,0.0
2023-08-04,0.0,0.0,0.0,105320.59134750062,0.0,105320.59134750062,-0.0,5150773.191079999,0.002741438644432112,0.0,0.0,0.0
2023-08-07,0.0,0.0,0.0,105320.59134750062,0.0,105320.59134750062,-0.0,5150773.191079999,0.002741438644432112,0.0,0.0,0.0
2023-08-08,0.0,0.0,0.0,105320.59134750062,0.0,105320.59134750062,-0.0,5150773.191079999,0.002741438644432112,0.0,0.0,0.0
2023-08-09,0.0,0.0,0.0,105320.59134750062,0.0,105320.59134750062,-0.0,5150773.191079999,0.002741438644432112,0.0,0.0,0.0
2023-08-10,0.0,0.0,0.0,105320.59134750062,0.0,105320.59134750062,-0.0,5150773.191079999,0.002741438644432112,0.0,0.0,0.0
2023-08-11,0.0,0.0,0.0,105320.59134750062,0.0,105320.59134750062,-0.0,5150773.191079999,0.002741438644432112,0.0,0.0,0.0
2023-08-14,0.0,0.0,0.0,105320.59134750062,0.0,105320.59134750062,-0.0,5150773.191079999,0.002741438644432112,0.0,0.0,0.0
2023-08-15,0.0,0.0,0.0,105320.59134750062,0.0,105320.59134750062,-0.0,5150773.191079999,0.002741438644432112,0.0,0.0,0.0
2023-08-16,0.0,0.0,0.0,105320.59134750062,0.0,105320.59134750062,-0.0,5150773.191079999,0.002741438644432112,0.0,0.0,0.0
2023-08-17,0.0,0.0,0.0,105320.59134750062,0.0,105320.59134750062,-0.0,5150773.191079999,0.002741438644432112,0.0,0.0,0.0
2023-08-18,-4829348.42887,-4829348.42887,4620642.0,-103385.83752249932,-208706.42886999995,105320.59134750062,4829348.42887,5150773.191079999,-0.002390570519705819,-0.04051943681609459,-0.03970751617251589,-0.03970751617251585
2023-08-21,4602593.601094999,0.0,0.0,-121434.23642749968,0.0,-121434.23642749968,-0.0,5150773.191079999,-0.0028079001209753837,-0.0035040174038834006,-0.0035757903328500484,-0.0035757903328500207
2023-08-22,0.0,0.0,0.0,-121434.23642749968,0.0,-121434.23642749968,-0.0,5150773.191079999,-0.0028079001209753837,0.0,0.0,0.0
2023-08-23,0.0,0.0,0.0,-121434.23642749968,0.0,-121434.23642749968,-0.0,5150773.191079999,-0.0028079001209753837,0.0,0.0,0.0
2023-08-24,-4855283.6339475,-4855283.6339475,4782228.0,-194489.8703749997,-73055.63394750003,-121434.23642749968,4855283.6339475,5150773.191079999,-0.0040432271543958806,-0.014183430571941363,-0.014525891892794074,-0.014525891892794046
2023-08-25,0.0,-4855283.6339475,4614627.0,-362090.8703749997,-240656.63394750003,-121434.23642749968,4855283.6339475,5150773.191079999,-0.007527464729326215,-0.032538998278986125,-0.03381586345151866,-0.03381586345151871
2023-08-28,0.0,-4855283.6339475,4525238.0,-451479.8703749997,-330045.6339475,-121434.23642749968,4855283.6339475,5150773.191079999,-0.00938576218927841,-0.01735448187755617,-0.01866672166025829,-0.0186667216602583
2023-08-29,4581105.508525,0.0,0.0,-395612.3618499999,0.0,-395612.3618499999,-0.0,5150773.191079999,-0.008224339092634923,0.010846431487558011,0.011888491462928918,0.011888491462928813
2023-08-30,0.0,0.0,0.0,-395612.3618499999,0.0,-395612.3618499999,-0.0,5150773.191079999,-0.008224339092634923,0.0,0.0,0.0
2023-08-31,0.0,0.0,0.0,-395612.3618499999,0.0,-395612.3618499999,-0.0,5150773.191079999,-0.008224339092634923,0.0,0.0,0.0
2023-09-01,0.0,0.0,0.0,-395612.3618499999,0.0,-395612.3618499999,-0.0,5150773.191079999,-0.008224339092634923,0.0,0.0,0.0
2023-09-04,0.0,0.0,0.0,-395612.3618499999,0.0,-395612.3618499999,-0.0,5150773.191079999,-0.008224339092634923,0.0,0.0,0.0
2023-09-05,0.0,0.0,0.0,-395612.3618499999,0.0,-395612.3618499999,-0.0,5150773.191079999,-0.008224339092634923,0.0,0.0,0.0
2023-09-06,0.0,0.0,0.0,-395612.3618499999,0.0,-395612.3618499999,-0.0,5150773.191079999,-0.008224339092634923,0.0,0.0,0.0
2023-09-07,0.0,0.0,0.0,-395612.3618499999,0.0,-395612.3618499999,-0.0,5150773.191079999,-0.008224339092634923,0.0,0.0,0.0
2023-09-08,0.0,0.0,0.0,-395612.3618499999,0.0,-395612.3618499999,-0.0,5150773.191079999,-0.008224339092634923,0.0,0.0,0.0
2023-09-11,0.0,0.0,0.0,-395612.3618499999,0.0,-395612.3618499999,-0.0,5150773.191079999,-0.008224339092634923,0.0,0.0,0.0
2023-09-12,0.0,0.0,0.0,-395612.3618499999,0.0,-395612.3618499999,-0.0,5150773.191079999,-0.008224339092634923,0.0,0.0,0.0
2023-09-13,0.0,0.0,0.0,-395612.3618499999,0.0,-395612.3618499999,-0.0,5150773.191079999,-0.008224339092634923,0.0,0.0,0.0
2023-09-14,0.0,0.0,0.0,-395612.3618499999,0.0,-395612.3618499999,-0.0,5150773.191079999,-0.008224339092634923,0.0,0.0,0.0
2023-09-15,0.0,0.0,0.0,-395612.3618499999,0.0,-395612.3618499999,-0.0,5150773.191079999,-0.008224339092634923,0.0,0.0,0.0
2023-09-18,0.0,0.0,0.0,-395612.3618499999,0.0,-395612.3618499999,-0.0,5150773.191079999,-0.008224339092634923,0.0,0.0,0.0
2023-09-19,0.0,0.0,0.0,-395612.3618499999,0.0,-395612.3618499999,-0.0,5150773.191079999,-0.008224339092634923,0.0,0.0,0.0
2023-09-20,0.0,0.0,0.0,-395612.3618499999,0.0,-395612.3618499999,-0.0,5150773.191079999,-0.008224339092634923,0.0,0.0,0.0
2023-09-21,0.0,0.0,0.0,-395612.3618499999,0.0,-395612.3618499999,-0.0,5150773.191079999,-0.008224339092634923,0.0,0.0,0.0
2023-09-22,0.0,0.0,0.0,-395612.3618499999,0.0,-395612.3618499999,-0.0,5150773.191079999,-0.008224339092634923,0.0,0.0,0.0
2023-09-25,0.0,0.0,0.0,-395612.3618499999,0.0,-395612.3618499999,-0.0,5150773.191079999,-0.008224339092634923,0.0,0.0,0.0
2023-09-26,0.0,0.0,0.0,-395612.3618499999,0.0,-395612.3618499999,-0.0,5150773.191079999,-0.008224339092634923,0.0,0.0,0.0
2023-09-27,0.0,0.0,0.0,-395612.3618499999,0.0,-395612.3618499999,-0.0,5150773.191079999,-0.008224339092634923,0.0,0.0,0.0
2023-09-28,0.0,0.0,0.0,-395612.3618499999,0.0,-395612.3618499999,-0.0,5150773.191079999,-0.008224339092634923,0.0,0.0,0.0
2023-10-02,0.0,0.0,0.0,-395612.3618499999,0.0,-395612.3618499999,-0.0,5150773.191079999,-0.008224339092634923,0.0,0.0,0.0
2023-10-03,0.0,0.0,0.0,-395612.3618499999,0.0,-395612.3618499999,-0.0,5150773.191079999,-0.008224339092634923,0.0,0.0,0.0
2023-10-04,0.0,0.0,0.0,-395612.3618499999,0.0,-395612.3618499999,-0.0,5150773.191079999,-0.008224339092634923,0.0,0.0,0.0
2023-10-05,0.0,0.0,0.0,-395612.3618499999,0.0,-395612.3618499999,-0.0,5150773.191079999,-0.008224339092634923,0.0,0.0,0.0
2023-10-06,0.0,0.0,0.0,-395612.3618499999,0.0,-395612.3618499999,-0.0,5150773.191079999,-0.008224339092634923,0.0,0.0,0.0
2023-10-11,0.0,0.0,0.0,-395612.3618499999,0.0,-395612.3618499999,-0.0,5150773.191079999,-0.008224339092634923,0.0,0.0,0.0
2023-10-12,0.0,0.0,0.0,-395612.3618499999,0.0,-395612.3618499999,-0.0,5150773.191079999,-0.008224339092634923,0.0,0.0,0.0
2023-10-13,0.0,0.0,0.0,-395612.3618499999,0.0,-395612.3618499999,-0.0,5150773.191079999,-0.008224339092634923,0.0,0.0,0.0
2023-10-16,0.0,0.0,0.0,-395612.3618499999,0.0,-395612.3618499999,-0.0,5150773.191079999,-0.008224339092634923,0.0,0.0,0.0
2023-10-17,0.0,0.0,0.0,-395612.3618499999,0.0,-395612.3618499999,-0.0,5150773.191079999,-0.008224339092634923,0.0,0.0,0.0
2023-10-18,0.0,0.0,0.0,-395612.3618499999,0.0,-395612.3618499999,-0.0,5150773.191079999,-0.008224339092634923,0.0,0.0,0.0
2023-10-19,0.0,0.0,0.0,-395612.3618499999,0.0,-395612.3618499999,-0.0,5150773.191079999,-0.008224339092634923,0.0,0.0,0.0
2023-10-20,0.0,0.0,0.0,-395612.3618499999,0.0,-395612.3618499999,-0.0,5150773.191079999,-0.008224339092634923,0.0,0.0,0.0
2023-10-23,0.0,0.0,0.0,-395612.3618499999,0.0,-395612.3618499999,-0.0,5150773.191079999,-0.008224339092634923,0.0,0.0,0.0
2023-10-24,0.0,0.0,0.0,-395612.3618499999,0.0,-395612.3618499999,-0.0,5150773.191079999,-0.008224339092634923,0.0,0.0,0.0
2023-10-25,0.0,0.0,0.0,-395612.3618499999,0.0,-395612.3618499999,-0.0,5150773.191079999,-0.008224339092634923,0.0,0.0,0.0
2023-10-26,0.0,0.0,0.0,-395612.3618499999,0.0,-395612.3618499999,-0.0,5150773.191079999,-0.008224339092634923,0.0,0.0,0.0
2023-10-27,0.0,0.0,0.0,-395612.3618499999,0.0,-395612.3618499999,-0.0,5150773.191079999,-0.008224339092634923,0.0,0.0,0.0
2023-10-30,0.0,0.0,0.0,-395612.3618499999,0.0,-395612.3618499999,-0.0,5150773.191079999,-0.008224339092634923,0.0,0.0,0.0
2023-10-31,0.0,0.0,0.0,-395612.3618499999,0.0,-395612.3618499999,-0.0,5150773.191079999,-0.008224339092634923,0.0,0.0,0.0
2023-11-01,0.0,0.0,0.0,-395612.3618499999,0.0,-395612.3618499999,-0.0,5150773.191079999,-0.008224339092634923,0.0,0.0,0.0
2023-11-02,0.0,0.0,0.0,-395612.3618499999,0.0,-395612.3618499999,-0.0,5150773.191079999,-0.008224339092634923,0.0,0.0,0.0
2023-11-03,0.0,0.0,0.0,-395612.3618499999,0.0,-395612.3618499999,-0.0,5150773.191079999,-0.008224339092634923,0.0,0.0,0.0
2023-11-06,0.0,0.0,0.0,-395612.3618499999,0.0,-395612.3618499999,-0.0,5150773.191079999,-0.008224339092634923,0.0,0.0,0.0
2023-11-07,0.0,0.0,0.0,-395612.3618499999,0.0,-395612.3618499999,-0.0,5150773.191079999,-0.008224339092634923,0.0,0.0,0.0
2023-11-08,0.0,0.0,0.0,-395612.3618499999,0.0,-395612.3618499999,-0.0,5150773.191079999,-0.008224339092634923,0.0,0.0,0.0
2023-11-09,0.0,0.0,0.0,-395612.3618499999,0.0,-395612.3618499999,-0.0,5150773.191079999,-0.008224339092634923,0.0,0.0,0.0
2023-11-10,0.0,0.0,0.0,-395612.3618499999,0.0,-395612.3618499999,-0.0,5150773.191079999,-0.008224339092634923,0.0,0.0,0.0
2023-11-13,0.0,0.0,0.0,-395612.3618499999,0.0,-395612.3618499999,-0.0,5150773.191079999,-0.008224339092634923,0.0,0.0,0.0
2023-11-14,0.0,0.0,0.0,-395612.3618499999,0.0,-395612.3618499999,-0.0,5150773.191079999,-0.008224339092634923,0.0,0.0,0.0
2023-11-15,-4529350.540195,-4529350.540195,4374397.0,-550565.9020450003,-154953.54019500036,-395612.36185,4529350.540195,5150773.191079999,-0.010460671802016978,-0.030083549487938177,-0.03258639313364553,-0.03258639313364548
2023-11-16,0.0,-4529350.540195,4251489.0,-673473.9020450003,-277861.54019500036,-395612.36185,4529350.540195,5150773.191079999,-0.012795905867669696,-0.02386204855862213,-0.026717926449306262,-0.026717926449306338
2023-11-17,0.0,-4529350.540195,4385571.0,-539391.9020450003,-143779.54019500036,-395612.36185,4529350.540195,5150773.191079999,-0.010248367432491776,0.026031431597920165,0.02994707106767902,0.029947071067679052
2023-11-20,0.0,-4529350.540195,4368810.0,-556152.9020450003,-160540.54019500036,-395612.36185,4529350.540195,5150773.191079999,-0.01056682398677958,-0.003254074558947051,-0.0036347026952323613,-0.00363470269523245
2023-11-21,0.0,-4529350.540195,4346464.0,-578498.9020450003,-182886.54019500036,-395612.36185,4529350.540195,5150773.191079999,-0.010991394726121815,-0.004338377787377307,-0.004863513978147105,-0.004863513978147103
2023-11-22,4357636.852432501,0.0,0.0,-567326.0496124998,0.0,-567326.0496124998,-0.0,5150773.191079999,-0.010779112160211653,0.002169160244106544,0.00244360940009547,0.0024436094000954297
2023-11-23,0.0,0.0,0.0,-567326.0496124998,0.0,-567326.0496124998,-0.0,5150773.191079999,-0.010779112160211653,0.0,0.0,0.0
2023-11-24,0.0,0.0,0.0,-567326.0496124998,0.0,-567326.0496124998,-0.0,5150773.191079999,-0.010779112160211653,0.0,0.0,0.0
2023-11-27,0.0,0.0,0.0,-567326.0496124998,0.0,-567326.0496124998,-0.0,5150773.191079999,-0.010779112160211653,0.0,0.0,0.0
2023-11-28,0.0,0.0,0.0,-567326.0496124998,0.0,-567326.0496124998,-0.0,5150773.191079999,-0.010779112160211653,0.0,0.0,0.0
2023-11-29,0.0,0.0,0.0,-567326.0496124998,0.0,-567326.0496124998,-0.0,5150773.191079999,-0.010779112160211653,0.0,0.0,0.0
2023-11-30,0.0,0.0,0.0,-567326.0496124998,0.0,-567326.0496124998,-0.0,5150773.191079999,-0.010779112160211653,0.0,0.0,0.0
2023-12-01,0.0,0.0,0.0,-567326.0496124998,0.0,-567326.0496124998,-0.0,5150773.191079999,-0.010779112160211653,0.0,0.0,0.0
2023-12-04,0.0,0.0,0.0,-567326.0496124998,0.0,-567326.0496124998,-0.0,5150773.191079999,-0.010779112160211653,0.0,0.0,0.0
2023-12-05,0.0,0.0,0.0,-567326.0496124998,0.0,-567326.0496124998,-0.0,5150773.191079999,-0.010779112160211653,0.0,0.0,0.0
2023-12-06,0.0,0.0,0.0,-567326.0496124998,0.0,-567326.0496124998,-0.0,5150773.191079999,-0.010779112160211653,0.0,0.0,0.0
2023-12-07,0.0,0.0,0.0,-567326.0496124998,0.0,-567326.0496124998,-0.0,5150773.191079999,-0.010779112160211653,0.0,0.0,0.0
2023-12-08,0.0,0.0,0.0,-567326.0496124998,0.0,-567326.0496124998,-0.0,5150773.191079999,-0.010779112160211653,0.0,0.0,0.0
2023-12-11,0.0,0.0,0.0,-567326.0496124998,0.0,-567326.0496124998,-0.0,5150773.191079999,-0.010779112160211653,0.0,0.0,0.0
2023-12-12,0.0,0.0,0.0,-567326.0496124998,0.0,-567326.0496124998,-0.0,5150773.191079999,-0.010779112160211653,0.0,0.0,0.0
2023-12-13,0.0,0.0,0.0,-567326.0496124998,0.0,-567326.0496124998,-0.0,5150773.191079999,-0.010779112160211653,0.0,0.0,0.0
2023-12-14,0.0,0.0,0.0,-567326.0496124998,0.0,-567326.0496124998,-0.0,5150773.191079999,-0.010779112160211653,0.0,0.0,0.0
2023-12-15,0.0,0.0,0.0,-567326.0496124998,0.0,-567326.0496124998,-0.0,5150773.191079999,-0.010779112160211653,0.0,0.0,0.0
2023-12-18,0.0,0.0,0.0,-567326.0496124998,0.0,-567326.0496124998,-0.0,5150773.191079999,-0.010779112160211653,0.0,0.0,0.0
2023-12-19,-4429928.465340001,-4429928.465340001,4378265.0,-618989.5149525004,-51663.46534000058,-567326.0496124998,4429928.465340001,5150773.191079999,-0.010847682760800857,-0.010030234961514187,-0.01127174891417193,-0.011271748914171898
2023-12-20,0.0,-4429928.465340001,4641270.0,-355984.51495250035,211341.53465999942,-567326.0496124998,4429928.465340001,5150773.191079999,-0.0062385662320283775,0.05106126599700926,0.05803564750573953,0.05803564750573953
2023-12-21,0.0,-4429928.465340001,4677369.0,-319885.51495250035,247440.53465999942,-567326.0496124998,4429928.465340001,5150773.191079999,-0.005605937584009679,0.007008462353286192,0.0075287989603654015,0.007528798960365294
2023-12-22,0.0,-4429928.465340001,4677369.0,-319885.51495250035,247440.53465999942,-567326.0496124998,4429928.465340001,5150773.191079999,-0.005605937584009679,0.0,0.0,0.0
2023-12-25,0.0,-4429928.465340001,4863020.0,-134234.51495250035,433091.5346599994,-567326.0496124998,4429928.465340001,5150773.191079999,-0.0023524363475953916,0.03604332652843393,0.038429997227511725,0.038429997227511656
2023-12-26,4883647.80855,0.0,0.0,-113606.70640249999,0.0,-113606.70640249999,-0.0,5150773.191079999,-0.001990937618140967,0.0040047984612724095,0.004111960433627937,0.0041119604336279005
2023-12-27,-4545776.91447,-4545776.91447,4646857.0,-12526.620872500178,101080.08552999981,-113606.70640249999,4545776.91447,5150773.191079999,-0.00020332885668938782,0.01962425480218158,0.02006685422002108,0.020066854220021156
2023-12-28,0.0,-4545776.91447,4651584.0,-7799.620872500178,105807.08552999981,-113606.70640249999,4545776.91447,5150773.191079999,-0.00012660142034773826,0.0009177262955756078,0.0009199636365073705,0.0009199636365074455
2023-12-29,0.0,-4545776.91447,4627948.0,-31435.620872500178,82171.08552999981,-113606.70640249999,4545776.91447,5150773.191079999,-0.0005102548337962741,-0.004588825623487426,-0.004595784846517681,-0.004595784846517572
2024-01-02,0.0,-4545776.91447,4585403.0,-73980.62087250018,39626.08552999981,-113606.70640249999,4545776.91447,5150773.191079999,-0.0012008342243516965,-0.008259924951399246,-0.008310645550626439,-0.008310645550626494
2024-01-03,4519221.96033,0.0,0.0,-140161.66054249997,0.0,-140161.66054249997,-0.0,5150773.191079999,-0.0022750676722687884,-0.012848758276642957,-0.013035994430494302,-0.013035994430494299
2024-01-04,0.0,0.0,0.0,-140161.66054249997,0.0,-140161.66054249997,-0.0,5150773.191079999,-0.0022750676722687884,0.0,0.0,0.0
2024-01-05,0.0,0.0,0.0,-140161.66054249997,0.0,-140161.66054249997,-0.0,5150773.191079999,-0.0022750676722687884,0.0,0.0,0.0
2024-01-08,0.0,0.0,0.0,-140161.66054249997,0.0,-140161.66054249997,-0.0,5150773.191079999,-0.0022750676722687884,0.0,0.0,0.0
2024-01-09,0.0,0.0,0.0,-140161.66054249997,0.0,-140161.66054249997,-0.0,5150773.191079999,-0.0022750676722687884,0.0,0.0,0.0
2024-01-10,0.0,0.0,0.0,-140161.66054249997,0.0,-140161.66054249997,-0.0,5150773.191079999,-0.0022750676722687884,0.0,0.0,0.0
2024-01-11,0.0,0.0,0.0,-140161.66054249997,0.0,-140161.66054249997,-0.0,5150773.191079999,-0.0022750676722687884,0.0,0.0,0.0
2024-01-12,0.0,0.0,0.0,-140161.66054249997,0.0,-140161.66054249997,-0.0,5150773.191079999,-0.0022750676722687884,0.0,0.0,0.0
2024-01-15,0.0,0.0,0.0,-140161.66054249997,0.0,-140161.66054249997,-0.0,5150773.191079999,-0.0022750676722687884,0.0,0.0,0.0
2024-01-16,0.0,0.0,0.0,-140161.66054249997,0.0,-140161.66054249997,-0.0,5150773.191079999,-0.0022750676722687884,0.0,0.0,0.0
2024-01-17,0.0,0.0,0.0,-140161.66054249997,0.0,-140161.66054249997,-0.0,5150773.191079999,-0.0022750676722687884,0.0,0.0,0.0
2024-01-18,0.0,0.0,0.0,-140161.66054249997,0.0,-140161.66054249997,-0.0,5150773.191079999,-0.0022750676722687884,0.0,0.0,0.0
2024-01-19,0.0,0.0,0.0,-140161.66054249997,0.0,-140161.66054249997,-0.0,5150773.191079999,-0.0022750676722687884,0.0,0.0,0.0
2024-01-22,0.0,0.0,0.0,-140161.66054249997,0.0,-140161.66054249997,-0.0,5150773.191079999,-0.0022750676722687884,0.0,0.0,0.0
2024-01-23,0.0,0.0,0.0,-140161.66054249997,0.0,-140161.66054249997,-0.0,5150773.191079999,-0.0022750676722687884,0.0,0.0,0.0
2024-01-24,0.0,0.0,0.0,-140161.66054249997,0.0,-140161.66054249997,-0.0,5150773.191079999,-0.0022750676722687884,0.0,0.0,0.0
2024-01-25,0.0,0.0,0.0,-140161.66054249997,0.0,-140161.66054249997,-0.0,5150773.191079999,-0.0022750676722687884,0.0,0.0,0.0
2024-01-26,0.0,0.0,0.0,-140161.66054249997,0.0,-140161.66054249997,-0.0,5150773.191079999,-0.0022750676722687884,0.0,0.0,0.0
2024-01-29,0.0,0.0,0.0,-140161.66054249997,0.0,-140161.66054249997,-0.0,5150773.191079999,-0.0022750676722687884,0.0,0.0,0.0
2024-01-30,0.0,0.0,0.0,-140161.66054249997,0.0,-140161.66054249997,-0.0,5150773.191079999,-0.0022750676722687884,0.0,0.0,0.0
2024-01-31,0.0,0.0,0.0,-140161.66054249997,0.0,-140161.66054249997,-0.0,5150773.191079999,-0.0022750676722687884,0.0,0.0,0.0
2024-02-01,0.0,0.0,0.0,-140161.66054249997,0.0,-140161.66054249997,-0.0,5150773.191079999,-0.0022750676722687884,0.0,0.0,0.0
2024-02-02,0.0,0.0,0.0,-140161.66054249997,0.0,-140161.66054249997,-0.0,5150773.191079999,-0.0022750676722687884,0.0,0.0,0.0
2024-02-05,0.0,0.0,0.0,-140161.66054249997,0.0,-140161.66054249997,-0.0,5150773.191079999,-0.0022750676722687884,0.0,0.0,0.0
2024-02-15,0.0,0.0,0.0,-140161.66054249997,0.0,-140161.66054249997,-0.0,5150773.191079999,-0.0022750676722687884,0.0,0.0,0.0
2024-02-16,0.0,0.0,0.0,-140161.66054249997,0.0,-140161.66054249997,-0.0,5150773.191079999,-0.0022750676722687884,0.0,0.0,0.0
2024-02-19,-4588571.7102775,-4588571.7102775,4514495.0,-214238.3708199996,-74076.71027749963,-140161.66054249997,4588571.7102775,5150773.191079999,-0.0032364119972289602,-0.01438166805826048,-0.014783965954262124,-0.014783965954262126
2024-02-20,0.0,-4588571.7102775,4471949.0,-256784.3708199996,-116622.71027749963,-140161.66054249997,4588571.7102775,5150773.191079999,-0.003879137127685605,-0.008260119097008634,-0.00861859615076288,-0.008618596150762929
2024-02-21,4500313.402585,0.0,0.0,-228419.96823500036,0.0,-228419.96823500036,-0.0,5150773.191079999,-0.00345064762569321,0.005506824224782429,0.0057957636657397504,0.005795763665739709
2024-02-22,0.0,0.0,0.0,-228419.96823500036,0.0,-228419.96823500036,-0.0,5150773.191079999,-0.00345064762569321,0.0,0.0,0.0
2024-02-23,0.0,0.0,0.0,-228419.96823500036,0.0,-228419.96823500036,-0.0,5150773.191079999,-0.00345064762569321,0.0,0.0,0.0
2024-02-26,0.0,0.0,0.0,-228419.96823500036,0.0,-228419.96823500036,-0.0,5150773.191079999,-0.00345064762569321,0.0,0.0,0.0
2024-02-27,0.0,0.0,0.0,-228419.96823500036,0.0,-228419.96823500036,-0.0,5150773.191079999,-0.00345064762569321,0.0,0.0,0.0
2024-02-29,0.0,0.0,0.0,-228419.96823500036,0.0,-228419.96823500036,-0.0,5150773.191079999,-0.00345064762569321,0.0,0.0,0.0
2024-03-01,0.0,0.0,0.0,-228419.96823500036,0.0,-228419.96823500036,-0.0,5150773.191079999,-0.00345064762569321,0.0,0.0,0.0
2024-03-04,0.0,0.0,0.0,-228419.96823500036,0.0,-228419.96823500036,-0.0,5150773.191079999,-0.00345064762569321,0.0,0.0,0.0
2024-03-05,0.0,0.0,0.0,-228419.96823500036,0.0,-228419.96823500036,-0.0,5150773.191079999,-0.00345064762569321,0.0,0.0,0.0
2024-03-06,0.0,0.0,0.0,-228419.96823500036,0.0,-228419.96823500036,-0.0,5150773.191079999,-0.00345064762569321,0.0,0.0,0.0
2024-03-07,0.0,0.0,0.0,-228419.96823500036,0.0,-228419.96823500036,-0.0,5150773.191079999,-0.00345064762569321,0.0,0.0,0.0
2024-03-08,0.0,0.0,0.0,-228419.96823500036,0.0,-228419.96823500036,-0.0,5150773.191079999,-0.00345064762569321,0.0,0.0,0.0
2024-03-11,0.0,0.0,0.0,-228419.96823500036,0.0,-228419.96823500036,-0.0,5150773.191079999,-0.00345064762569321,0.0,0.0,0.0
2024-03-12,0.0,0.0,0.0,-228419.96823500036,0.0,-228419.96823500036,-0.0,5150773.191079999,-0.00345064762569321,0.0,0.0,0.0
2024-03-13,0.0,0.0,0.0,-228419.96823500036,0.0,-228419.96823500036,-0.0,5150773.191079999,-0.00345064762569321,0.0,0.0,0.0
2024-03-14,0.0,0.0,0.0,-228419.96823500036,0.0,-228419.96823500036,-0.0,5150773.191079999,-0.00345064762569321,0.0,0.0,0.0
2024-03-15,0.0,0.0,0.0,-228419.96823500036,0.0,-228419.96823500036,-0.0,5150773.191079999,-0.00345064762569321,0.0,0.0,0.0
2024-03-18,0.0,0.0,0.0,-228419.96823500036,0.0,-228419.96823500036,-0.0,5150773.191079999,-0.00345064762569321,0.0,0.0,0.0
2024-03-19,0.0,0.0,0.0,-228419.96823500036,0.0,-228419.96823500036,-0.0,5150773.191079999,-0.00345064762569321,0.0,0.0,0.0
2024-03-20,0.0,0.0,0.0,-228419.96823500036,0.0,-228419.96823500036,-0.0,5150773.191079999,-0.00345064762569321,0.0,0.0,0.0
2024-03-21,0.0,0.0,0.0,-228419.96823500036,0.0,-228419.96823500036,-0.0,5150773.191079999,-0.00345064762569321,0.0,0.0,0.0
2024-03-22,0.0,0.0,0.0,-228419.96823500036,0.0,-228419.96823500036,-0.0,5150773.191079999,-0.00345064762569321,0.0,0.0,0.0
2024-03-25,0.0,0.0,0.0,-228419.96823500036,0.0,-228419.96823500036,-0.0,5150773.191079999,-0.00345064762569321,0.0,0.0,0.0
2024-03-26,0.0,0.0,0.0,-228419.96823500036,0.0,-228419.96823500036,-0.0,5150773.191079999,-0.00345064762569321,0.0,0.0,0.0
2024-03-27,0.0,0.0,0.0,-228419.96823500036,0.0,-228419.96823500036,-0.0,5150773.191079999,-0.00345064762569321,0.0,0.0,0.0
2024-03-28,0.0,0.0,0.0,-228419.96823500036,0.0,-228419.96823500036,-0.0,5150773.191079999,-0.00345064762569321,0.0,0.0,0.0
2024-03-29,0.0,0.0,0.0,-228419.96823500036,0.0,-228419.96823500036,-0.0,5150773.191079999,-0.00345064762569321,0.0,0.0,0.0
2024-04-01,0.0,0.0,0.0,-228419.96823500036,0.0,-228419.96823500036,-0.0,5150773.191079999,-0.00345064762569321,0.0,0.0,0.0
2024-04-02,0.0,0.0,0.0,-228419.96823500036,0.0,-228419.96823500036,-0.0,5150773.191079999,-0.00345064762569321,0.0,0.0,0.0
2024-04-03,0.0,0.0,0.0,-228419.96823500036,0.0,-228419.96823500036,-0.0,5150773.191079999,-0.00345064762569321,0.0,0.0,0.0
2024-04-08,0.0,0.0,0.0,-228419.96823500036,0.0,-228419.96823500036,-0.0,5150773.191079999,-0.00345064762569321,0.0,0.0,0.0
2024-04-09,0.0,0.0,0.0,-228419.96823500036,0.0,-228419.96823500036,-0.0,5150773.191079999,-0.00345064762569321,0.0,0.0,0.0
2024-04-10,0.0,0.0,0.0,-228419.96823500036,0.0,-228419.96823500036,-0.0,5150773.191079999,-0.00345064762569321,0.0,0.0,0.0
2024-04-11,0.0,0.0,0.0,-228419.96823500036,0.0,-228419.96823500036,-0.0,5150773.191079999,-0.00345064762569321,0.0,0.0,0.0
2024-04-12,-4647793.6815,-4647793.6815,4574230.0,-301983.64973500033,-73563.68149999995,-228419.9682350004,4647793.6815,5150773.191079999,-0.004262653433972652,-0.014282065773619387,-0.014944819717241375,-0.014944819717241254
2024-04-15,4538131.51365,0.0,0.0,-338082.1360850003,0.0,-338082.1360850003,-0.0,5150773.191079999,-0.004772202003691816,-0.007008362630393936,-0.007444844954022534,-0.007444844954022618
2024-04-16,0.0,0.0,0.0,-338082.1360850003,0.0,-338082.1360850003,-0.0,5150773.191079999,-0.004772202003691816,0.0,0.0,0.0
2024-04-17,0.0,0.0,0.0,-338082.1360850003,0.0,-338082.1360850003,-0.0,5150773.191079999,-0.004772202003691816,0.0,0.0,0.0
2024-04-18,0.0,0.0,0.0,-338082.1360850003,0.0,-338082.1360850003,-0.0,5150773.191079999,-0.004772202003691816,0.0,0.0,0.0
2024-04-19,0.0,0.0,0.0,-338082.1360850003,0.0,-338082.1360850003,-0.0,5150773.191079999,-0.004772202003691816,0.0,0.0,0.0
2024-04-22,0.0,0.0,0.0,-338082.1360850003,0.0,-338082.1360850003,-0.0,5150773.191079999,-0.004772202003691816,0.0,0.0,0.0
2024-04-23,0.0,0.0,0.0,-338082.1360850003,0.0,-338082.1360850003,-0.0,5150773.191079999,-0.004772202003691816,0.0,0.0,0.0
2024-04-24,0.0,0.0,0.0,-338082.1360850003,0.0,-338082.1360850003,-0.0,5150773.191079999,-0.004772202003691816,0.0,0.0,0.0
2024-04-25,0.0,0.0,0.0,-338082.1360850003,0.0,-338082.1360850003,-0.0,5150773.191079999,-0.004772202003691816,0.0,0.0,0.0
2024-04-26,0.0,0.0,0.0,-338082.1360850003,0.0,-338082.1360850003,-0.0,5150773.191079999,-0.004772202003691816,0.0,0.0,0.0
2024-04-29,0.0,0.0,0.0,-338082.1360850003,0.0,-338082.1360850003,-0.0,5150773.191079999,-0.004772202003691816,0.0,0.0,0.0
2024-04-30,0.0,0.0,0.0,-338082.1360850003,0.0,-338082.1360850003,-0.0,5150773.191079999,-0.004772202003691816,0.0,0.0,0.0
2024-05-02,0.0,0.0,0.0,-338082.1360850003,0.0,-338082.1360850003,-0.0,5150773.191079999,-0.004772202003691816,0.0,0.0,0.0
2024-05-03,0.0,0.0,0.0,-338082.1360850003,0.0,-338082.1360850003,-0.0,5150773.191079999,-0.004772202003691816,0.0,0.0,0.0
2024-05-06,0.0,0.0,0.0,-338082.1360850003,0.0,-338082.1360850003,-0.0,5150773.191079999,-0.004772202003691816,0.0,0.0,0.0
2024-05-07,-4694478.91329,-4694478.91329,4744409.0,-288152.0493749999,49930.08671000041,-338082.1360850003,4694478.91329,5150773.191079999,-0.003814636564312015,0.009693707111093207,0.010374671080990883,0.010374671080990943
2024-05-08,0.0,-4694478.91329,4728939.0,-303622.0493749999,34460.08671000041,-338082.1360850003,4694478.91329,5150773.191079999,-0.004019432705022812,-0.003003432577227551,-0.003181411742592788,-0.0031814117425927393
2024-05-09,0.0,-4694478.91329,4899119.0,-133442.0493749999,204640.0867100004,-338082.1360850003,4694478.91329,5150773.191079999,-0.0017665427744369448,0.033039699805596984,0.035109282756992544,0.03510928275699253
2024-05-10,0.0,-4694478.91329,4852705.0,-179856.0493749999,158226.0867100004,-338082.1360850003,4694478.91329,5150773.191079999,-0.0023809841496761765,-0.00901107431412022,-0.009250734840720032,-0.00925073484072002
2024-05-13,0.0,-4694478.91329,4806293.0,-226268.0493749999,111814.08671000041,-338082.1360850003,4694478.91329,5150773.191079999,-0.002995399048361987,-0.009010686022901435,-0.009336707628983087,-0.009336707628983112
2024-05-14,5260106.574449999,0.0,0.0,227545.52507499972,0.0,227545.52507499972,-0.0,5150773.191079999,0.0030123106251694716,0.08810591296000073,0.09215414775521524,0.09215414775521522
2024-05-15,-4878626.5502700005,-4878626.5502700005,4708311.0,57229.97480499925,-170315.55027000047,227545.52507499972,4878626.5502700005,5150773.191079999,0.0007116637200438867,-0.03306601629536889,-0.03166706163367006,-0.031667061633669856
2024-05-16,0.0,-4878626.5502700005,4878491.0,227409.97480499925,-135.55027000047266,227545.52507499972,4878626.5502700005,5150773.191079999,0.0028278787330634127,0.033039699805596984,0.032676631441924675,0.03267663144192448
2024-05-17,0.0,-4878626.5502700005,4878491.0,227409.97480499925,-135.55027000047266,227545.52507499972,4878626.5502700005,5150773.191079999,0.0028278787330634127,0.0,0.0,0.0
2024-05-20,0.0,-4878626.5502700005,4783946.0,132864.97480499925,-94680.55027000047,227545.52507499972,4878626.5502700005,5150773.191079999,0.0016521968174098042,-0.018355496639559096,-0.017579356649606193,-0.017579356649606092
2024-05-21,0.0,-4878626.5502700005,4623221.0,-27860.02519500075,-255405.55027000047,227545.52507499972,4878626.5502700005,5150773.191079999,-0.00034644378646587635,-0.03120405306883638,-0.03041938053929527,-0.030419380539295292
2024-05-22,4722492.7890525,0.0,0.0,71411.76385749981,0.0,71411.76385749981,-0.0,5150773.191079999,0.0008880164930159026,0.019273181980603876,0.019377995651689073,0.019377995651689142
2024-05-23,0.0,0.0,0.0,71411.76385749981,0.0,71411.76385749981,-0.0,5150773.191079999,0.0008880164930159026,0.0,0.0,0.0
2024-05-24,0.0,0.0,0.0,71411.76385749981,0.0,71411.76385749981,-0.0,5150773.191079999,0.0008880164930159026,0.0,0.0,0.0
2024-05-27,0.0,0.0,0.0,71411.76385749981,0.0,71411.76385749981,-0.0,5150773.191079999,0.0008880164930159026,0.0,0.0,0.0
2024-05-28,-4625314.694525,-4625314.694525,4529536.0,-24366.930667499895,-95778.69452499971,71411.76385749981,4625314.694525,5150773.191079999,-0.00028652659662777686,-0.018595013014913418,-0.01834073196401098,-0.018340731964011033
2024-05-29,4495156.5232,0.0,0.0,-58746.40746749994,0.0,-58746.40746749994,-0.0,5150773.191079999,-0.0006907890216235601,-0.00667462447376594,-0.006706350424368068,-0.006706350424367982
2024-05-30,0.0,0.0,0.0,-58746.40746749994,0.0,-58746.40746749994,-0.0,5150773.191079999,-0.0006907890216235601,0.0,0.0,0.0
2024-05-31,0.0,0.0,0.0,-58746.40746749994,0.0,-58746.40746749994,-0.0,5150773.191079999,-0.0006907890216235601,0.0,0.0,0.0
2024-06-03,0.0,0.0,0.0,-58746.40746749994,0.0,-58746.40746749994,-0.0,5150773.191079999,-0.0006907890216235601,0.0,0.0,0.0
2024-06-04,0.0,0.0,0.0,-58746.40746749994,0.0,-58746.40746749994,-0.0,5150773.191079999,-0.0006907890216235601,0.0,0.0,0.0
2024-06-05,0.0,0.0,0.0,-58746.40746749994,0.0,-58746.40746749994,-0.0,5150773.191079999,-0.0006907890216235601,0.0,0.0,0.0
2024-06-06,0.0,0.0,0.0,-58746.40746749994,0.0,-58746.40746749994,-0.0,5150773.191079999,-0.0006907890216235601,0.0,0.0,0.0
2024-06-07,0.0,0.0,0.0,-58746.40746749994,0.0,-58746.40746749994,-0.0,5150773.191079999,-0.0006907890216235601,0.0,0.0,0.0
2024-06-11,0.0,0.0,0.0,-58746.40746749994,0.0,-58746.40746749994,-0.0,5150773.191079999,-0.0006907890216235601,0.0,0.0,0.0
2024-06-12,0.0,0.0,0.0,-58746.40746749994,0.0,-58746.40746749994,-0.0,5150773.191079999,-0.0006907890216235601,0.0,0.0,0.0
2024-06-13,0.0,0.0,0.0,-58746.40746749994,0.0,-58746.40746749994,-0.0,5150773.191079999,-0.0006907890216235601,0.0,0.0,0.0
2024-06-14,0.0,0.0,0.0,-58746.40746749994,0.0,-58746.40746749994,-0.0,5150773.191079999,-0.0006907890216235601,0.0,0.0,0.0
2024-06-17,0.0,0.0,0.0,-58746.40746749994,0.0,-58746.40746749994,-0.0,5150773.191079999,-0.0006907890216235601,0.0,0.0,0.0
2024-06-18,0.0,0.0,0.0,-58746.40746749994,0.0,-58746.40746749994,-0.0,5150773.191079999,-0.0006907890216235601,0.0,0.0,0.0
2024-06-19,0.0,0.0,0.0,-58746.40746749994,0.0,-58746.40746749994,-0.0,5150773.191079999,-0.0006907890216235601,0.0,0.0,0.0
2024-06-20,0.0,0.0,0.0,-58746.40746749994,0.0,-58746.40746749994,-0.0,5150773.191079999,-0.0006907890216235601,0.0,0.0,0.0
2024-06-21,-4821566.4553375,-4821566.4553375,4840673.0,-39639.86280500014,19106.5446624998,-58746.40746749994,4821566.4553375,5150773.191079999,-0.00044110928651781806,0.003709451756794129,0.0037522474791353844,0.003752247479135373
2024-06-24,4859581.4754025005,0.0,0.0,-20731.3874024998,0.0,-20731.3874024998,-0.0,5150773.191079999,-0.00023069725419149658,0.0036709974796105644,0.003699468236897152,0.0036994682368972614
2024-06-25,0.0,0.0,0.0,-20731.3874024998,0.0,-20731.3874024998,-0.0,5150773.191079999,-0.00023069725419149658,0.0,0.0,0.0
2024-06-26,0.0,0.0,0.0,-20731.3874024998,0.0,-20731.3874024998,-0.0,5150773.191079999,-0.00023069725419149658,0.0,0.0,0.0
2024-06-27,0.0,0.0,0.0,-20731.3874024998,0.0,-20731.3874024998,-0.0,5150773.191079999,-0.00023069725419149658,0.0,0.0,0.0
2024-06-28,0.0,0.0,0.0,-20731.3874024998,0.0,-20731.3874024998,-0.0,5150773.191079999,-0.00023069725419149658,0.0,0.0,0.0
2024-07-01,0.0,0.0,0.0,-20731.3874024998,0.0,-20731.3874024998,-0.0,5150773.191079999,-0.00023069725419149658,0.0,0.0,0.0
2024-07-02,0.0,0.0,0.0,-20731.3874024998,0.0,-20731.3874024998,-0.0,5150773.191079999,-0.00023069725419149658,0.0,0.0,0.0
2024-07-03,0.0,0.0,0.0,-20731.3874024998,0.0,-20731.3874024998,-0.0,5150773.191079999,-0.00023069725419149658,0.0,0.0,0.0
2024-07-04,0.0,0.0,0.0,-20731.3874024998,0.0,-20731.3874024998,-0.0,5150773.191079999,-0.00023069725419149658,0.0,0.0,0.0
2024-07-05,0.0,0.0,0.0,-20731.3874024998,0.0,-20731.3874024998,-0.0,5150773.191079999,-0.00023069725419149658,0.0,0.0,0.0
2024-07-08,0.0,0.0,0.0,-20731.3874024998,0.0,-20731.3874024998,-0.0,5150773.191079999,-0.00023069725419149658,0.0,0.0,0.0
2024-07-09,0.0,0.0,0.0,-20731.3874024998,0.0,-20731.3874024998,-0.0,5150773.191079999,-0.00023069725419149658,0.0,0.0,0.0
2024-07-10,0.0,0.0,0.0,-20731.3874024998,0.0,-20731.3874024998,-0.0,5150773.191079999,-0.00023069725419149658,0.0,0.0,0.0
2024-07-11,-4567650.640175,-4567650.640175,4567679.0,-20703.027577499633,28.359825000166893,-20731.3874024998,4567650.640175,5150773.191079999,-0.00021923813202284566,5.505935506785152e-06,5.528185945902209e-06,5.528185945743559e-06
2024-07-12,0.0,-4567650.640175,4532063.0,-56319.02757749963,-35587.64017499983,-20731.3874024998,4567650.640175,5150773.191079999,-0.0005963996501097918,-0.006914690023951945,-0.006942595103939797,-0.00694259510393978
2024-07-15,0.0,-4567650.640175,4438573.0,-149809.02757749963,-129077.64017499983,-20731.387402499793,4567650.640175,5150773.191079999,-0.0015864274557574947,-0.01815067302165508,-0.01835132813045559,-0.018351328130455587
2024-07-16,4416313.952225,0.0,0.0,-172068.07535249987,0.0,-172068.07535249987,-0.0,5150773.191079999,-0.0018221433208178313,-0.0043214963946671126,-0.004450951266047665,-0.004450951266047624
2024-07-17,0.0,0.0,0.0,-172068.07535249987,0.0,-172068.07535249987,-0.0,5150773.191079999,-0.0018221433208178313,0.0,0.0,0.0
2024-07-18,0.0,0.0,0.0,-172068.07535249987,0.0,-172068.07535249987,-0.0,5150773.191079999,-0.0018221433208178313,0.0,0.0,0.0
2024-07-19,0.0,0.0,0.0,-172068.07535249987,0.0,-172068.07535249987,-0.0,5150773.191079999,-0.0018221433208178313,0.0,0.0,0.0
2024-07-22,0.0,0.0,0.0,-172068.07535249987,0.0,-172068.07535249987,-0.0,5150773.191079999,-0.0018221433208178313,0.0,0.0,0.0
2024-07-23,0.0,0.0,0.0,-172068.07535249987,0.0,-172068.07535249987,-0.0,5150773.191079999,-0.0018221433208178313,0.0,0.0,0.0
2024-07-26,0.0,0.0,0.0,-172068.07535249987,0.0,-172068.07535249987,-0.0,5150773.191079999,-0.0018221433208178313,0.0,0.0,0.0
2024-07-29,0.0,0.0,0.0,-172068.07535249987,0.0,-172068.07535249987,-0.0,5150773.191079999,-0.0018221433208178313,0.0,0.0,0.0
2024-07-30,0.0,0.0,0.0,-172068.07535249987,0.0,-172068.07535249987,-0.0,5150773.191079999,-0.0018221433208178313,0.0,0.0,0.0
2024-07-31,0.0,0.0,0.0,-172068.07535249987,0.0,-172068.07535249987,-0.0,5150773.191079999,-0.0018221433208178313,0.0,0.0,0.0
2024-08-01,0.0,0.0,0.0,-172068.07535249987,0.0,-172068.07535249987,-0.0,5150773.191079999,-0.0018221433208178313,0.0,0.0,0.0
2024-08-02,0.0,0.0,0.0,-172068.07535249987,0.0,-172068.07535249987,-0.0,5150773.191079999,-0.0018221433208178313,0.0,0.0,0.0
2024-08-05,0.0,0.0,0.0,-172068.07535249987,0.0,-172068.07535249987,-0.0,5150773.191079999,-0.0018221433208178313,0.0,0.0,0.0
2024-08-06,0.0,0.0,0.0,-172068.07535249987,0.0,-172068.07535249987,-0.0,5150773.191079999,-0.0018221433208178313,0.0,0.0,0.0
2024-08-07,0.0,0.0,0.0,-172068.07535249987,0.0,-172068.07535249987,-0.0,5150773.191079999,-0.0018221433208178313,0.0,0.0,0.0
2024-08-08,0.0,0.0,0.0,-172068.07535249987,0.0,-172068.07535249987,-0.0,5150773.191079999,-0.0018221433208178313,0.0,0.0,0.0
2024-08-09,0.0,0.0,0.0,-172068.07535249987,0.0,-172068.07535249987,-0.0,5150773.191079999,-0.0018221433208178313,0.0,0.0,0.0
2024-08-12,-4540781.4059999995,-4540781.4059999995,4443025.0,-269824.48135249934,-97756.4059999995,-172068.07535249984,4540781.4059999995,5150773.191079999,-0.0027262578604876947,-0.01897897701442027,-0.019634905809382208,-0.019634905809382344
2024-08-13,0.0,-4540781.4059999995,4451929.0,-260920.48135249937,-88852.4059999995,-172068.07535249987,4540781.4059999995,5150773.191079999,-0.0026362934515204075,0.0017286725059879812,0.0018242355184463488,0.0018242355184463874
2024-08-14,0.0,-4540781.4059999995,4540968.0,-171881.48135249937,186.59400000050664,-172068.07535249987,4540781.4059999995,5150773.191079999,-0.0017366594656670505,0.017286530914270473,0.018208932924068,0.01820893292406796
2024-08-15,0.0,-4540781.4059999995,4567679.0,-145170.48135249937,26897.594000000507,-172068.07535249987,4540781.4059999995,5150773.191079999,-0.0014667763425847042,0.005185823372354573,0.005364848556117963,0.005364848556118109
2024-08-16,4647814.011399999,0.0,0.0,-65035.46995250016,0.0,-65035.46995250016,-0.0,5150773.191079999,-0.0006571066505150998,0.015557860621542281,0.016009063452892658,0.016009063452892703
2024-08-19,0.0,0.0,0.0,-65035.46995250016,0.0,-65035.46995250016,-0.0,5150773.191079999,-0.0006571066505150998,0.0,0.0,0.0
2024-08-20,-4684080.3163749995,-4684080.3163749995,4621103.0,-128012.78632749963,-62977.31637499947,-65035.46995250016,4684080.3163749995,5150773.191079999,-0.0012349705131640663,-0.012226769465225584,-0.012383123123588358,-0.012383123123588354
2024-08-21,4665621.861425,0.0,0.0,-83493.92490249997,0.0,-83493.92490249997,-0.0,5150773.191079999,-0.0008054862193150453,0.008643141480602658,0.008863425255737134,0.008863425255737111
2024-08-22,0.0,0.0,0.0,-83493.92490249997,0.0,-83493.92490249997,-0.0,5150773.191079999,-0.0008054862193150453,0.0,0.0,0.0
2024-08-23,0.0,0.0,0.0,-83493.92490249997,0.0,-83493.92490249997,-0.0,5150773.191079999,-0.0008054862193150453,0.0,0.0,0.0
2024-08-26,0.0,0.0,0.0,-83493.92490249997,0.0,-83493.92490249997,-0.0,5150773.191079999,-0.0008054862193150453,0.0,0.0,0.0
2024-08-27,0.0,0.0,0.0,-83493.92490249997,0.0,-83493.92490249997,-0.0,5150773.191079999,-0.0008054862193150453,0.0,0.0,0.0
2024-08-28,-4473610.323412499,-4473610.323412499,4423437.0,-133667.24831499936,-50173.32341249939,-83493.92490249997,4473610.323412499,5150773.191079999,-0.001236169856130295,-0.009740930448925319,-0.009901432460490356,-0.009901432460490306
2024-08-29,0.0,-4473610.323412499,4391383.0,-165721.24831499936,-82227.32341249939,-83493.92490249997,4473610.323412499,5150773.191079999,-0.001532608879659996,-0.006223143363312995,-0.00638894222399744,-0.006388942223997481
2024-08-30,0.0,-4473610.323412499,4303234.0,-253870.24831499936,-170376.3234124994,-83493.92490249997,4473610.323412499,5150773.191079999,-0.0023478208184233205,-0.017113741321915434,-0.01768266429559162,-0.01768266429559156
2024-09-02,4383369.579014999,0.0,0.0,-173734.6692999999,0.0,-173734.6692999999,-0.0,5150773.191079999,-0.0016067179048027541,0.015557970821502405,0.016364543049274927,0.01636454304927504
2024-09-03,0.0,0.0,0.0,-173734.6692999999,0.0,-173734.6692999999,-0.0,5150773.191079999,-0.0016067179048027541,0.0,0.0,0.0
2024-09-04,0.0,0.0,0.0,-173734.6692999999,0.0,-173734.6692999999,-0.0,5150773.191079999,-0.0016067179048027541,0.0,0.0,0.0
2024-09-05,0.0,0.0,0.0,-173734.6692999999,0.0,-173734.6692999999,-0.0,5150773.191079999,-0.0016067179048027541,0.0,0.0,0.0
2024-09-06,0.0,0.0,0.0,-173734.6692999999,0.0,-173734.6692999999,-0.0,5150773.191079999,-0.0016067179048027541,0.0,0.0,0.0
2024-09-09,0.0,0.0,0.0,-173734.6692999999,0.0,-173734.6692999999,-0.0,5150773.191079999,-0.0016067179048027541,0.0,0.0,0.0
2024-09-10,0.0,0.0,0.0,-173734.6692999999,0.0,-173734.6692999999,-0.0,5150773.191079999,-0.0016067179048027541,0.0,0.0,0.0
2024-09-11,0.0,0.0,0.0,-173734.6692999999,0.0,-173734.6692999999,-0.0,5150773.191079999,-0.0016067179048027541,0.0,0.0,0.0
2024-09-12,0.0,0.0,0.0,-173734.6692999999,0.0,-173734.6692999999,-0.0,5150773.191079999,-0.0016067179048027541,0.0,0.0,0.0
2024-09-13,0.0,0.0,0.0,-173734.6692999999,0.0,-173734.6692999999,-0.0,5150773.191079999,-0.0016067179048027541,0.0,0.0,0.0
2024-09-16,0.0,0.0,0.0,-173734.6692999999,0.0,-173734.6692999999,-0.0,5150773.191079999,-0.0016067179048027541,0.0,0.0,0.0
2024-09-18,0.0,0.0,0.0,-173734.6692999999,0.0,-173734.6692999999,-0.0,5150773.191079999,-0.0016067179048027541,0.0,0.0,0.0
2024-09-19,0.0,0.0,0.0,-173734.6692999999,0.0,-173734.6692999999,-0.0,5150773.191079999,-0.0016067179048027541,0.0,0.0,0.0
2024-09-20,-4610639.512147499,-4610639.512147499,4735962.0,-48412.18144749914,125322.48785250075,-173734.6692999999,4610639.512147499,5150773.191079999,-0.0004294113601544349,0.024330810774105063,0.025180132181834125,0.025180132181834135
2024-09-23,0.0,-4610639.512147499,4719935.0,-64439.18144749914,109295.48785250075,-173734.6692999999,4610639.512147499,5150773.191079999,-0.0005715692977524037,-0.0031115716816564973,-0.0031410948715200337,-0.00314109487151995
2024-09-24,0.0,-4610639.512147499,4760002.0,-24372.18144749914,149362.48785250075,-173734.6692999999,4610639.512147499,5150773.191079999,-0.0002161788887090508,0.007778832131336551,0.007877382791637633,0.007877382791637575
2024-09-25,0.0,-4610639.512147499,4695895.0,-88479.18144749914,85255.48785250075,-173734.6692999999,4610639.512147499,5150773.191079999,-0.0007848017691977878,-0.012446092581016605,-0.01250526439104993,-0.012505264391049986
2024-09-26,0.0,-4610639.512147499,4607747.0,-176627.18144749914,-2892.5121474992484,-173734.6692999999,4610639.512147499,5150773.191079999,-0.0015666659910350475,-0.017113547176306042,-0.017412659128899444,-0.01741265912889938
2024-09-27,4631786.84682,0.0,0.0,-152587.33462750024,0.0,-152587.33462750024,-0.0,5150773.191079999,-0.0013534348782814358,0.004667230710455394,0.004832959622304012,0.004832959622304093
2024-09-30,0.0,0.0,0.0,-152587.33462750024,0.0,-152587.33462750024,-0.0,5150773.191079999,-0.0013534348782814358,0.0,0.0,0.0
2024-10-01,0.0,0.0,0.0,-152587.33462750024,0.0,-152587.33462750024,-0.0,5150773.191079999,-0.0013534348782814358,0.0,0.0,0.0
2024-10-04,0.0,0.0,0.0,-152587.33462750024,0.0,-152587.33462750024,-0.0,5150773.191079999,-0.0013534348782814358,0.0,0.0,0.0
2024-10-07,0.0,0.0,0.0,-152587.33462750024,0.0,-152587.33462750024,-0.0,5150773.191079999,-0.0013534348782814358,0.0,0.0,0.0
2024-10-08,0.0,0.0,0.0,-152587.33462750024,0.0,-152587.33462750024,-0.0,5150773.191079999,-0.0013534348782814358,0.0,0.0,0.0
2024-10-09,0.0,0.0,0.0,-152587.33462750024,0.0,-152587.33462750024,-0.0,5150773.191079999,-0.0013534348782814358,0.0,0.0,0.0
2024-10-11,0.0,0.0,0.0,-152587.33462750024,0.0,-152587.33462750024,-0.0,5150773.191079999,-0.0013534348782814358,0.0,0.0,0.0
2024-10-14,0.0,0.0,0.0,-152587.33462750024,0.0,-152587.33462750024,-0.0,5150773.191079999,-0.0013534348782814358,0.0,0.0,0.0
2024-10-15,0.0,0.0,0.0,-152587.33462750024,0.0,-152587.33462750024,-0.0,5150773.191079999,-0.0013534348782814358,0.0,0.0,0.0
2024-10-16,0.0,0.0,0.0,-152587.33462750024,0.0,-152587.33462750024,-0.0,5150773.191079999,-0.0013534348782814358,0.0,0.0,0.0
2024-10-17,0.0,0.0,0.0,-152587.33462750024,0.0,-152587.33462750024,-0.0,5150773.191079999,-0.0013534348782814358,0.0,0.0,0.0
2024-10-18,0.0,0.0,0.0,-152587.33462750024,0.0,-152587.33462750024,-0.0,5150773.191079999,-0.0013534348782814358,0.0,0.0,0.0
2024-10-21,0.0,0.0,0.0,-152587.33462750024,0.0,-152587.33462750024,-0.0,5150773.191079999,-0.0013534348782814358,0.0,0.0,0.0
2024-10-22,0.0,0.0,0.0,-152587.33462750024,0.0,-152587.33462750024,-0.0,5150773.191079999,-0.0013534348782814358,0.0,0.0,0.0
2024-10-23,0.0,0.0,0.0,-152587.33462750024,0.0,-152587.33462750024,-0.0,5150773.191079999,-0.0013534348782814358,0.0,0.0,0.0
2024-10-24,0.0,0.0,0.0,-152587.33462750024,0.0,-152587.33462750024,-0.0,5150773.191079999,-0.0013534348782814358,0.0,0.0,0.0
2024-10-25,0.0,0.0,0.0,-152587.33462750024,0.0,-152587.33462750024,-0.0,5150773.191079999,-0.0013534348782814358,0.0,0.0,0.0
2024-10-28,0.0,0.0,0.0,-152587.33462750024,0.0,-152587.33462750024,-0.0,5150773.191079999,-0.0013534348782814358,0.0,0.0,0.0
2024-10-29,0.0,0.0,0.0,-152587.33462750024,0.0,-152587.33462750024,-0.0,5150773.191079999,-0.0013534348782814358,0.0,0.0,0.0
2024-10-30,0.0,0.0,0.0,-152587.33462750024,0.0,-152587.33462750024,-0.0,5150773.191079999,-0.0013534348782814358,0.0,0.0,0.0
2024-11-01,0.0,0.0,0.0,-152587.33462750024,0.0,-152587.33462750024,-0.0,5150773.191079999,-0.0013534348782814358,0.0,0.0,0.0
2024-11-04,0.0,0.0,0.0,-152587.33462750024,0.0,-152587.33462750024,-0.0,5150773.191079999,-0.0013534348782814358,0.0,0.0,0.0
2024-11-05,0.0,0.0,0.0,-152587.33462750024,0.0,-152587.33462750024,-0.0,5150773.191079999,-0.0013534348782814358,0.0,0.0,0.0
2024-11-06,0.0,0.0,0.0,-152587.33462750024,0.0,-152587.33462750024,-0.0,5150773.191079999,-0.0013534348782814358,0.0,0.0,0.0
2024-11-07,0.0,0.0,0.0,-152587.33462750024,0.0,-152587.33462750024,-0.0,5150773.191079999,-0.0013534348782814358,0.0,0.0,0.0
2024-11-08,0.0,0.0,0.0,-152587.33462750024,0.0,-152587.33462750024,-0.0,5150773.191079999,-0.0013534348782814358,0.0,0.0,0.0
2024-11-11,-4478088.1953,-4478088.1953,4373575.0,-257100.52992750003,-104513.19529999979,-152587.33462750024,4478088.1953,5150773.191079999,-0.0021933369944573066,-0.020290777990573054,-0.020910225890275025,-0.02091022589027508
2024-11-12,4309467.4494199995,0.0,0.0,-321208.0805075002,0.0,-321208.0805075002,-0.0,5150773.191079999,-0.0027402415938014148,-0.01244619947370626,-0.01310008965023468,-0.013100089650234664
2024-11-13,0.0,0.0,0.0,-321208.0805075002,0.0,-321208.0805075002,-0.0,5150773.191079999,-0.0027402415938014148,0.0,0.0,0.0
2024-11-14,0.0,0.0,0.0,-321208.0805075002,0.0,-321208.0805075002,-0.0,5150773.191079999,-0.0027402415938014148,0.0,0.0,0.0
2024-11-15,0.0,0.0,0.0,-321208.0805075002,0.0,-321208.0805075002,-0.0,5150773.191079999,-0.0027402415938014148,0.0,0.0,0.0
2024-11-18,0.0,0.0,0.0,-321208.0805075002,0.0,-321208.0805075002,-0.0,5150773.191079999,-0.0027402415938014148,0.0,0.0,0.0
2024-11-19,0.0,0.0,0.0,-321208.0805075002,0.0,-321208.0805075002,-0.0,5150773.191079999,-0.0027402415938014148,0.0,0.0,0.0
2024-11-20,0.0,0.0,0.0,-321208.0805075002,0.0,-321208.0805075002,-0.0,5150773.191079999,-0.0027402415938014148,0.0,0.0,0.0
2024-11-21,0.0,0.0,0.0,-321208.0805075002,0.0,-321208.0805075002,-0.0,5150773.191079999,-0.0027402415938014148,0.0,0.0,0.0
2024-11-22,0.0,0.0,0.0,-321208.0805075002,0.0,-321208.0805075002,-0.0,5150773.191079999,-0.0027402415938014148,0.0,0.0,0.0
2024-11-25,0.0,0.0,0.0,-321208.0805075002,0.0,-321208.0805075002,-0.0,5150773.191079999,-0.0027402415938014148,0.0,0.0,0.0
2024-11-26,0.0,0.0,0.0,-321208.0805075002,0.0,-321208.0805075002,-0.0,5150773.191079999,-0.0027402415938014148,0.0,0.0,0.0
2024-11-27,0.0,0.0,0.0,-321208.0805075002,0.0,-321208.0805075002,-0.0,5150773.191079999,-0.0027402415938014148,0.0,0.0,0.0
2024-11-28,0.0,0.0,0.0,-321208.0805075002,0.0,-321208.0805075002,-0.0,5150773.191079999,-0.0027402415938014148,0.0,0.0,0.0
2024-11-29,0.0,0.0,0.0,-321208.0805075002,0.0,-321208.0805075002,-0.0,5150773.191079999,-0.0027402415938014148,0.0,0.0,0.0
2024-12-02,0.0,0.0,0.0,-321208.0805075002,0.0,-321208.0805075002,-0.0,5150773.191079999,-0.0027402415938014148,0.0,0.0,0.0
2024-12-03,0.0,0.0,0.0,-321208.0805075002,0.0,-321208.0805075002,-0.0,5150773.191079999,-0.0027402415938014148,0.0,0.0,0.0
2024-12-04,0.0,0.0,0.0,-321208.0805075002,0.0,-321208.0805075002,-0.0,5150773.191079999,-0.0027402415938014148,0.0,0.0,0.0
2024-12-05,0.0,0.0,0.0,-321208.0805075002,0.0,-321208.0805075002,-0.0,5150773.191079999,-0.0027402415938014148,0.0,0.0,0.0
2024-12-06,0.0,0.0,0.0,-321208.0805075002,0.0,-321208.0805075002,-0.0,5150773.191079999,-0.0027402415938014148,0.0,0.0,0.0
2024-12-09,0.0,0.0,0.0,-321208.0805075002,0.0,-321208.0805075002,-0.0,5150773.191079999,-0.0027402415938014148,0.0,0.0,0.0
2024-12-10,0.0,0.0,0.0,-321208.0805075002,0.0,-321208.0805075002,-0.0,5150773.191079999,-0.0027402415938014148,0.0,0.0,0.0
2024-12-11,0.0,0.0,0.0,-321208.0805075002,0.0,-321208.0805075002,-0.0,5150773.191079999,-0.0027402415938014148,0.0,0.0,0.0
2024-12-12,0.0,0.0,0.0,-321208.0805075002,0.0,-321208.0805075002,-0.0,5150773.191079999,-0.0027402415938014148,0.0,0.0,0.0
2024-12-13,0.0,0.0,0.0,-321208.0805075002,0.0,-321208.0805075002,-0.0,5150773.191079999,-0.0027402415938014148,0.0,0.0,0.0
2024-12-16,0.0,0.0,0.0,-321208.0805075002,0.0,-321208.0805075002,-0.0,5150773.191079999,-0.0027402415938014148,0.0,0.0,0.0
2024-12-17,0.0,0.0,0.0,-321208.0805075002,0.0,-321208.0805075002,-0.0,5150773.191079999,-0.0027402415938014148,0.0,0.0,0.0
2024-12-18,0.0,0.0,0.0,-321208.0805075002,0.0,-321208.0805075002,-0.0,5150773.191079999,-0.0027402415938014148,0.0,0.0,0.0
2024-12-19,0.0,0.0,0.0,-321208.0805075002,0.0,-321208.0805075002,-0.0,5150773.191079999,-0.0027402415938014148,0.0,0.0,0.0
2024-12-20,0.0,0.0,0.0,-321208.0805075002,0.0,-321208.0805075002,-0.0,5150773.191079999,-0.0027402415938014148,0.0,0.0,0.0
2024-12-23,0.0,0.0,0.0,-321208.0805075002,0.0,-321208.0805075002,-0.0,5150773.191079999,-0.0027402415938014148,0.0,0.0,0.0
2024-12-24,0.0,0.0,0.0,-321208.0805075002,0.0,-321208.0805075002,-0.0,5150773.191079999,-0.0027402415938014148,0.0,0.0,0.0
2024-12-25,0.0,0.0,0.0,-321208.0805075002,0.0,-321208.0805075002,-0.0,5150773.191079999,-0.0027402415938014148,0.0,0.0,0.0
2024-12-26,0.0,0.0,0.0,-321208.0805075002,0.0,-321208.0805075002,-0.0,5150773.191079999,-0.0027402415938014148,0.0,0.0,0.0
2024-12-27,0.0,0.0,0.0,-321208.0805075002,0.0,-321208.0805075002,-0.0,5150773.191079999,-0.0027402415938014148,0.0,0.0,0.0
2024-12-30,0.0,0.0,0.0,-321208.0805075002,0.0,-321208.0805075002,-0.0,5150773.191079999,-0.0027402415938014148,0.0,0.0,0.0
2024-12-31,0.0,0.0,0.0,-321208.0805075002,0.0,-321208.0805075002,-0.0,5150773.191079999,-0.0027402415938014148,0.0,0.0,0.0
2025-01-02,0.0,0.0,0.0,-321208.0805075002,0.0,-321208.0805075002,-0.0,5150773.191079999,-0.0027402415938014148,0.0,0.0,0.0
2025-01-03,0.0,0.0,0.0,-321208.0805075002,0.0,-321208.0805075002,-0.0,5150773.191079999,-0.0027402415938014148,0.0,0.0,0.0
2025-01-06,0.0,0.0,0.0,-321208.0805075002,0.0,-321208.0805075002,-0.0,5150773.191079999,-0.0027402415938014148,0.0,0.0,0.0
2025-01-07,0.0,0.0,0.0,-321208.0805075002,0.0,-321208.0805075002,-0.0,5150773.191079999,-0.0027402415938014148,0.0,0.0,0.0
2025-01-08,-4635717.297139999,-4635717.297139999,4601513.0,-355412.37764749967,-34204.29713999946,-321208.0805075002,4635717.297139999,5150773.191079999,-0.002916692136772052,-0.0066406141119227935,-0.0070822727009358655,-0.00708227270093577
2025-01-09,4594390.66044,0.0,0.0,-362534.7172074998,0.0,-362534.7172074998,-0.0,5150773.191079999,-0.002975141625581573,-0.0013827709541422706,-0.0014852562376639344,-0.001485256237663995
2025-01-10,0.0,0.0,0.0,-362534.7172074998,0.0,-362534.7172074998,-0.0,5150773.191079999,-0.002975141625581573,0.0,0.0,0.0
2025-01-13,0.0,0.0,0.0,-362534.7172074998,0.0,-362534.7172074998,-0.0,5150773.191079999,-0.002975141625581573,0.0,0.0,0.0
2025-01-14,0.0,0.0,0.0,-362534.7172074998,0.0,-362534.7172074998,-0.0,5150773.191079999,-0.002975141625581573,0.0,0.0,0.0
2025-01-15,0.0,0.0,0.0,-362534.7172074998,0.0,-362534.7172074998,-0.0,5150773.191079999,-0.002975141625581573,0.0,0.0,0.0
2025-01-16,0.0,0.0,0.0,-362534.7172074998,0.0,-362534.7172074998,-0.0,5150773.191079999,-0.002975141625581573,0.0,0.0,0.0
2025-01-17,0.0,0.0,0.0,-362534.7172074998,0.0,-362534.7172074998,-0.0,5150773.191079999,-0.002975141625581573,0.0,0.0,0.0
2025-01-20,0.0,0.0,0.0,-362534.7172074998,0.0,-362534.7172074998,-0.0,5150773.191079999,-0.002975141625581573,0.0,0.0,0.0
2025-01-21,0.0,0.0,0.0,-362534.7172074998,0.0,-362534.7172074998,-0.0,5150773.191079999,-0.002975141625581573,0.0,0.0,0.0
2025-01-22,0.0,0.0,0.0,-362534.7172074998,0.0,-362534.7172074998,-0.0,5150773.191079999,-0.002975141625581573,0.0,0.0,0.0
2025-02-03,0.0,0.0,0.0,-362534.7172074998,0.0,-362534.7172074998,-0.0,5150773.191079999,-0.002975141625581573,0.0,0.0,0.0
2025-02-04,0.0,0.0,0.0,-362534.7172074998,0.0,-362534.7172074998,-0.0,5150773.191079999,-0.002975141625581573,0.0,0.0,0.0
2025-02-05,-4621387.3059600005,-4621387.3059600005,4679868.0,-304054.0231675003,58480.69403999951,-362534.7172074998,4621387.3059600005,5150773.191079999,-0.002404045304283133,0.011353769981810723,0.012213404649560555,0.012213404649560635
2025-02-06,0.0,-4621387.3059600005,4644252.0,-339670.0231675003,22864.694039999507,-362534.7172074998,4621387.3059600005,5150773.191079999,-0.0026856481479665384,-0.006914690023951946,-0.007348476106433854,-0.0073484761064338605
2025-02-07,0.0,-4621387.3059600005,4736853.0,-247069.02316750027,115465.69403999951,-362534.7172074998,4621387.3059600005,5150773.191079999,-0.0019534854983729003,0.01797807757490942,0.01924735279376244,0.019247352793762447
2025-02-10,0.0,-4621387.3059600005,4765344.0,-218578.02316750027,143956.6940399995,-362534.7172074998,4621387.3059600005,5150773.191079999,-0.001728217455375823,0.005531402557064663,0.005810097637298561,0.005810097637298659
2025-02-11,4715482.84592,0.0,0.0,-268439.17724749976,0.0,-268439.17724749976,-0.0,5150773.191079999,-0.002122451585493306,-0.009680324143634976,-0.010109323005785043,-0.01010932300578501
2025-02-12,0.0,0.0,0.0,-268439.17724749976,0.0,-268439.17724749976,-0.0,5150773.191079999,-0.002122451585493306,0.0,0.0,0.0
2025-02-13,0.0,0.0,0.0,-268439.17724749976,0.0,-268439.17724749976,-0.0,5150773.191079999,-0.002122451585493306,0.0,0.0,0.0
2025-02-14,0.0,0.0,0.0,-268439.17724749976,0.0,-268439.17724749976,-0.0,5150773.191079999,-0.002122451585493306,0.0,0.0,0.0
2025-02-17,0.0,0.0,0.0,-268439.17724749976,0.0,-268439.17724749976,-0.0,5150773.191079999,-0.002122451585493306,0.0,0.0,0.0
2025-02-18,0.0,0.0,0.0,-268439.17724749976,0.0,-268439.17724749976,-0.0,5150773.191079999,-0.002122451585493306,0.0,0.0,0.0
2025-02-19,0.0,0.0,0.0,-268439.17724749976,0.0,-268439.17724749976,-0.0,5150773.191079999,-0.002122451585493306,0.0,0.0,0.0
2025-02-20,0.0,0.0,0.0,-268439.17724749976,0.0,-268439.17724749976,-0.0,5150773.191079999,-0.002122451585493306,0.0,0.0,0.0
2025-02-21,0.0,0.0,0.0,-268439.17724749976,0.0,-268439.17724749976,-0.0,5150773.191079999,-0.002122451585493306,0.0,0.0,0.0
2025-02-24,0.0,0.0,0.0,-268439.17724749976,0.0,-268439.17724749976,-0.0,5150773.191079999,-0.002122451585493306,0.0,0.0,0.0
2025-02-25,0.0,0.0,0.0,-268439.17724749976,0.0,-268439.17724749976,-0.0,5150773.191079999,-0.002122451585493306,0.0,0.0,0.0
2025-02-26,0.0,0.0,0.0,-268439.17724749976,0.0,-268439.17724749976,-0.0,5150773.191079999,-0.002122451585493306,0.0,0.0,0.0
2025-02-27,0.0,0.0,0.0,-268439.17724749976,0.0,-268439.17724749976,-0.0,5150773.191079999,-0.002122451585493306,0.0,0.0,0.0
2025-03-03,0.0,0.0,0.0,-268439.17724749976,0.0,-268439.17724749976,-0.0,5150773.191079999,-0.002122451585493306,0.0,0.0,0.0
2025-03-04,0.0,0.0,0.0,-268439.17724749976,0.0,-268439.17724749976,-0.0,5150773.191079999,-0.002122451585493306,0.0,0.0,0.0
2025-03-05,0.0,0.0,0.0,-268439.17724749976,0.0,-268439.17724749976,-0.0,5150773.191079999,-0.002122451585493306,0.0,0.0,0.0
2025-03-06,0.0,0.0,0.0,-268439.17724749976,0.0,-268439.17724749976,-0.0,5150773.191079999,-0.002122451585493306,0.0,0.0,0.0
2025-03-07,0.0,0.0,0.0,-268439.17724749976,0.0,-268439.17724749976,-0.0,5150773.191079999,-0.002122451585493306,0.0,0.0,0.0
2025-03-10,0.0,0.0,0.0,-268439.17724749976,0.0,-268439.17724749976,-0.0,5150773.191079999,-0.002122451585493306,0.0,0.0,0.0
2025-03-11,0.0,0.0,0.0,-268439.17724749976,0.0,-268439.17724749976,-0.0,5150773.191079999,-0.002122451585493306,0.0,0.0,0.0
2025-03-12,0.0,0.0,0.0,-268439.17724749976,0.0,-268439.17724749976,-0.0,5150773.191079999,-0.002122451585493306,0.0,0.0,0.0
2025-03-13,0.0,0.0,0.0,-268439.17724749976,0.0,-268439.17724749976,-0.0,5150773.191079999,-0.002122451585493306,0.0,0.0,0.0
2025-03-14,0.0,0.0,0.0,-268439.17724749976,0.0,-268439.17724749976,-0.0,5150773.191079999,-0.002122451585493306,0.0,0.0,0.0
2025-03-17,0.0,0.0,0.0,-268439.17724749976,0.0,-268439.17724749976,-0.0,5150773.191079999,-0.002122451585493306,0.0,0.0,0.0
2025-03-18,0.0,0.0,0.0,-268439.17724749976,0.0,-268439.17724749976,-0.0,5150773.191079999,-0.002122451585493306,0.0,0.0,0.0
2025-03-19,0.0,0.0,0.0,-268439.17724749976,0.0,-268439.17724749976,-0.0,5150773.191079999,-0.002122451585493306,0.0,0.0,0.0
2025-03-20,0.0,0.0,0.0,-268439.17724749976,0.0,-268439.17724749976,-0.0,5150773.191079999,-0.002122451585493306,0.0,0.0,0.0
2025-03-21,0.0,0.0,0.0,-268439.17724749976,0.0,-268439.17724749976,-0.0,5150773.191079999,-0.002122451585493306,0.0,0.0,0.0
2025-03-24,0.0,0.0,0.0,-268439.17724749976,0.0,-268439.17724749976,-0.0,5150773.191079999,-0.002122451585493306,0.0,0.0,0.0
2025-03-25,0.0,0.0,0.0,-268439.17724749976,0.0,-268439.17724749976,-0.0,5150773.191079999,-0.002122451585493306,0.0,0.0,0.0
2025-03-26,0.0,0.0,0.0,-268439.17724749976,0.0,-268439.17724749976,-0.0,5150773.191079999,-0.002122451585493306,0.0,0.0,0.0
2025-03-27,0.0,0.0,0.0,-268439.17724749976,0.0,-268439.17724749976,-0.0,5150773.191079999,-0.002122451585493306,0.0,0.0,0.0
2025-03-28,0.0,0.0,0.0,-268439.17724749976,0.0,-268439.17724749976,-0.0,5150773.191079999,-0.002122451585493306,0.0,0.0,0.0
2025-03-31,0.0,0.0,0.0,-268439.17724749976,0.0,-268439.17724749976,-0.0,5150773.191079999,-0.002122451585493306,0.0,0.0,0.0
2025-04-01,0.0,0.0,0.0,-268439.17724749976,0.0,-268439.17724749976,-0.0,5150773.191079999,-0.002122451585493306,0.0,0.0,0.0
2025-04-02,0.0,0.0,0.0,-268439.17724749976,0.0,-268439.17724749976,-0.0,5150773.191079999,-0.002122451585493306,0.0,0.0,0.0
2025-04-07,0.0,0.0,0.0,-268439.17724749976,0.0,-268439.17724749976,-0.0,5150773.191079999,-0.002122451585493306,0.0,0.0,0.0
2025-04-08,0.0,0.0,0.0,-268439.17724749976,0.0,-268439.17724749976,-0.0,5150773.191079999,-0.002122451585493306,0.0,0.0,0.0
2025-04-09,0.0,0.0,0.0,-268439.17724749976,0.0,-268439.17724749976,-0.0,5150773.191079999,-0.002122451585493306,0.0,0.0,0.0
2025-04-10,0.0,0.0,0.0,-268439.17724749976,0.0,-268439.17724749976,-0.0,5150773.191079999,-0.002122451585493306,0.0,0.0,0.0
2025-04-11,0.0,0.0,0.0,-268439.17724749976,0.0,-268439.17724749976,-0.0,5150773.191079999,-0.002122451585493306,0.0,0.0,0.0
2025-04-14,0.0,0.0,0.0,-268439.17724749976,0.0,-268439.17724749976,-0.0,5150773.191079999,-0.002122451585493306,0.0,0.0,0.0
2025-04-15,0.0,0.0,0.0,-268439.17724749976,0.0,-268439.17724749976,-0.0,5150773.191079999,-0.002122451585493306,0.0,0.0,0.0
2025-04-16,0.0,0.0,0.0,-268439.17724749976,0.0,-268439.17724749976,-0.0,5150773.191079999,-0.002122451585493306,0.0,0.0,0.0
2025-04-17,0.0,0.0,0.0,-268439.17724749976,0.0,-268439.17724749976,-0.0,5150773.191079999,-0.002122451585493306,0.0,0.0,0.0
2025-04-18,0.0,0.0,0.0,-268439.17724749976,0.0,-268439.17724749976,-0.0,5150773.191079999,-0.002122451585493306,0.0,0.0,0.0
2025-04-21,0.0,0.0,0.0,-268439.17724749976,0.0,-268439.17724749976,-0.0,5150773.191079999,-0.002122451585493306,0.0,0.0,0.0
2025-04-22,0.0,0.0,0.0,-268439.17724749976,0.0,-268439.17724749976,-0.0,5150773.191079999,-0.002122451585493306,0.0,0.0,0.0
2025-04-23,0.0,0.0,0.0,-268439.17724749976,0.0,-268439.17724749976,-0.0,5150773.191079999,-0.002122451585493306,0.0,0.0,0.0
2025-04-24,0.0,0.0,0.0,-268439.17724749976,0.0,-268439.17724749976,-0.0,5150773.191079999,-0.002122451585493306,0.0,0.0,0.0
2025-04-25,0.0,0.0,0.0,-268439.17724749976,0.0,-268439.17724749976,-0.0,5150773.191079999,-0.002122451585493306,0.0,0.0,0.0
2025-04-28,-4723488.19269,-4723488.19269,4671854.0,-320073.3699374997,-51634.19268999994,-268439.17724749976,4723488.19269,5150773.191079999,-0.0024395932121563826,-0.010024551805041415,-0.01057571901957377,-0.010575719019573694
2025-04-29,0.0,-4723488.19269,4695895.0,-296032.3699374997,-27593.192689999938,-268439.17724749976,4723488.19269,5150773.191079999,-0.0022563531618363447,0.004667454595289437,0.004976711633950082,0.004976711633949987
2025-04-30,0.0,-4723488.19269,4647814.0,-344113.3699374997,-75674.19268999994,-268439.17724749976,4723488.19269,5150773.191079999,-0.0026228256404952086,-0.009334715044969494,-0.009903927268497315,-0.009903927268497264
2025-05-02,0.0,-4723488.19269,4727948.0,-263979.3699374997,4459.807310000062,-268439.17724749976,4723488.19269,5150773.191079999,-0.002012045798044981,0.015557664262673104,0.016671452314458435,0.016671452314458334
2025-05-05,0.0,-4723488.19269,4607747.0,-384180.3699374997,-115741.19268999994,-268439.17724749976,4723488.19269,5150773.191079999,-0.0029282155617203227,-0.023336496394009656,-0.024597108942872925,-0.02459710894287286
2025-05-06,4591719.632272501,0.0,0.0,-400207.73766499944,0.0,-400207.73766499944,-0.0,5150773.191079999,-0.0030503758574187047,-0.0031116430743360207,-0.0033624369290384815,-0.0033624369290385842
2025-05-07,0.0,0.0,0.0,-400207.73766499944,0.0,-400207.73766499944,-0.0,5150773.191079999,-0.0030503758574187047,0.0,0.0,0.0
2025-05-08,0.0,0.0,0.0,-400207.73766499944,0.0,-400207.73766499944,-0.0,5150773.191079999,-0.0030503758574187047,0.0,0.0,0.0
2025-05-09,0.0,0.0,0.0,-400207.73766499944,0.0,-400207.73766499944,-0.0,5150773.191079999,-0.0030503758574187047,0.0,0.0,0.0
2025-05-12,0.0,0.0,0.0,-400207.73766499944,0.0,-400207.73766499944,-0.0,5150773.191079999,-0.0030503758574187047,0.0,0.0,0.0
2025-05-13,0.0,0.0,0.0,-400207.73766499944,0.0,-400207.73766499944,-0.0,5150773.191079999,-0.0030503758574187047,0.0,0.0,0.0
2025-05-14,0.0,0.0,0.0,-400207.73766499944,0.0,-400207.73766499944,-0.0,5150773.191079999,-0.0030503758574187047,0.0,0.0,0.0
2025-05-15,0.0,0.0,0.0,-400207.73766499944,0.0,-400207.73766499944,-0.0,5150773.191079999,-0.0030503758574187047,0.0,0.0,0.0
2025-05-16,-4499583.58264,-4499583.58264,4516037.0,-383754.3203049991,16453.417360000312,-400207.73766499944,4499583.58264,5150773.191079999,-0.0028279805301156804,0.003194358739867245,0.0034634650382876497,0.003463465038287722
2025-05-19,0.0,-4499583.58264,4423437.0,-476354.3203049991,-76146.58263999969,-400207.73766499944,4499583.58264,5150773.191079999,-0.003510372840072173,-0.01797788342930004,-0.01942513812305191,-0.019425138123052053
2025-05-20,4480421.21674,0.0,0.0,-419370.10356499907,0.0,-419370.10356499907,-0.0,5150773.191079999,-0.0030904420485789756,0.011063235484467485,0.012190652638399913,0.012190652638400011
2025-05-21,0.0,0.0,0.0,-419370.10356499907,0.0,-419370.10356499907,-0.0,5150773.191079999,-0.0030904420485789756,0.0,0.0,0.0
2025-05-22,0.0,0.0,0.0,-419370.10356499907,0.0,-419370.10356499907,-0.0,5150773.191079999,-0.0030904420485789756,0.0,0.0,0.0
2025-05-23,0.0,0.0,0.0,-419370.10356499907,0.0,-419370.10356499907,-0.0,5150773.191079999,-0.0030904420485789756,0.0,0.0,0.0
2025-05-26,0.0,0.0,0.0,-419370.10356499907,0.0,-419370.10356499907,-0.0,5150773.191079999,-0.0030904420485789756,0.0,0.0,0.0
2025-05-27,0.0,0.0,0.0,-419370.10356499907,0.0,-419370.10356499907,-0.0,5150773.191079999,-0.0030904420485789756,0.0,0.0,0.0
2025-05-28,0.0,0.0,0.0,-419370.10356499907,0.0,-419370.10356499907,-0.0,5150773.191079999,-0.0030904420485789756,0.0,0.0,0.0
2025-05-29,0.0,0.0,0.0,-419370.10356499907,0.0,-419370.10356499907,-0.0,5150773.191079999,-0.0030904420485789756,0.0,0.0,0.0
2025-06-02,0.0,0.0,0.0,-419370.10356499907,0.0,-419370.10356499907,-0.0,5150773.191079999,-0.0030904420485789756,0.0,0.0,0.0
2025-06-03,0.0,0.0,0.0,-419370.10356499907,0.0,-419370.10356499907,-0.0,5150773.191079999,-0.0030904420485789756,0.0,0.0,0.0
2025-06-04,0.0,0.0,0.0,-419370.10356499907,0.0,-419370.10356499907,-0.0,5150773.191079999,-0.0030904420485789756,0.0,0.0,0.0
2025-06-05,0.0,0.0,0.0,-419370.10356499907,0.0,-419370.10356499907,-0.0,5150773.191079999,-0.0030904420485789756,0.0,0.0,0.0
2025-06-06,0.0,0.0,0.0,-419370.10356499907,0.0,-419370.10356499907,-0.0,5150773.191079999,-0.0030904420485789756,0.0,0.0,0.0
2025-06-09,0.0,0.0,0.0,-419370.10356499907,0.0,-419370.10356499907,-0.0,5150773.191079999,-0.0030904420485789756,0.0,0.0,0.0
2025-06-10,0.0,0.0,0.0,-419370.10356499907,0.0,-419370.10356499907,-0.0,5150773.191079999,-0.0030904420485789756,0.0,0.0,0.0
2025-06-11,0.0,0.0,0.0,-419370.10356499907,0.0,-419370.10356499907,-0.0,5150773.191079999,-0.0030904420485789756,0.0,0.0,0.0
2025-06-12,-4231793.6249575,-4231793.6249575,4250702.0,-400461.7285224991,18908.375042499974,-419370.10356499907,4231793.6249575,5150773.191079999,-0.002861854246085213,0.003670977995157143,0.0039963568296250696,0.003996356829625125
2025-06-13,0.0,-4231793.6249575,4263167.0,-387996.7285224991,31373.375042499974,-419370.10356499907,4231793.6249575,5150773.191079999,-0.002772774539744566,0.002420025021017541,0.002624038465319778,0.002624038465319708
2025-06-16,0.0,-4231793.6249575,4256934.0,-394229.7285224991,25140.375042499974,-419370.10356499907,4231793.6249575,5150773.191079999,-0.002817317966108084,-0.0012101095833134679,-0.0013086904348756923,-0.0013086904348756743
2025-06-17,0.0,-4231793.6249575,4362891.0,-288272.7285224991,131097.37504249997,-419370.10356499907,4231793.6249575,5150773.191079999,-0.002060108303473832,0.02057108633389141,0.022276050000188397,0.022276050000188372
2025-06-18,0.0,-4231793.6249575,4394054.0,-257109.7285224991,162260.37504249997,-419370.10356499907,4231793.6249575,5150773.191079999,-0.0018374054644290196,0.006050159625348564,0.00640884257800356,0.006408842578003455
2025-06-19,4406519.3858175,0.0,0.0,-244644.34270499885,0.0,-244644.34270499885,-0.0,5150773.191079999,-0.00174832300088744,0.0024200999257912442,0.002547250319290706,0.00254725031929058
2025-06-20,0.0,0.0,0.0,-244644.34270499885,0.0,-244644.34270499885,-0.0,5150773.191079999,-0.00174832300088744,0.0,0.0,0.0
2025-06-23,0.0,0.0,0.0,-244644.34270499885,0.0,-244644.34270499885,-0.0,5150773.191079999,-0.00174832300088744,0.0,0.0,0.0
2025-06-24,0.0,0.0,0.0,-244644.34270499885,0.0,-244644.34270499885,-0.0,5150773.191079999,-0.00174832300088744,0.0,0.0,0.0
2025-06-25,-4451219.8624075,-4451219.8624075,4362891.0,-332973.2051124988,-88328.86240749992,-244644.34270499885,4451219.8624075,5150773.191079999,-0.002306194808079296,-0.01714866081862545,-0.018003779586171387,-0.018003779586171297
2025-06-26,4356337.527500001,0.0,0.0,-339526.6776124987,0.0,-339526.6776124987,-0.0,5150773.191079999,-0.0023515845992767106,-0.0012723279121179404,-0.0013602624681571251,-0.0013602624681572084
2025-06-27,0.0,0.0,0.0,-339526.6776124987,0.0,-339526.6776124987,-0.0,5150773.191079999,-0.0023515845992767106,0.0,0.0,0.0
2025-06-30,0.0,0.0,0.0,-339526.6776124987,0.0,-339526.6776124987,-0.0,5150773.191079999,-0.0023515845992767106,0.0,0.0,0.0
2025-07-01,0.0,0.0,0.0,-339526.6776124987,0.0,-339526.6776124987,-0.0,5150773.191079999,-0.0023515845992767106,0.0,0.0,0.0
2025-07-02,0.0,0.0,0.0,-339526.6776124987,0.0,-339526.6776124987,-0.0,5150773.191079999,-0.0023515845992767106,0.0,0.0,0.0
2025-07-03,0.0,0.0,0.0,-339526.6776124987,0.0,-339526.6776124987,-0.0,5150773.191079999,-0.0023515845992767106,0.0,0.0,0.0
2025-07-04,0.0,0.0,0.0,-339526.6776124987,0.0,-339526.6776124987,-0.0,5150773.191079999,-0.0023515845992767106,0.0,0.0,0.0
2025-07-07,0.0,0.0,0.0,-339526.6776124987,0.0,-339526.6776124987,-0.0,5150773.191079999,-0.0023515845992767106,0.0,0.0,0.0
2025-07-08,0.0,0.0,0.0,-339526.6776124987,0.0,-339526.6776124987,-0.0,5150773.191079999,-0.0023515845992767106,0.0,0.0,0.0
2025-07-09,0.0,0.0,0.0,-339526.6776124987,0.0,-339526.6776124987,-0.0,5150773.191079999,-0.0023515845992767106,0.0,0.0,0.0
2025-07-10,0.0,0.0,0.0,-339526.6776124987,0.0,-339526.6776124987,-0.0,5150773.191079999,-0.0023515845992767106,0.0,0.0,0.0
2025-07-11,0.0,0.0,0.0,-339526.6776124987,0.0,-339526.6776124987,-0.0,5150773.191079999,-0.0023515845992767106,0.0,0.0,0.0
2025-07-14,0.0,0.0,0.0,-339526.6776124987,0.0,-339526.6776124987,-0.0,5150773.191079999,-0.0023515845992767106,0.0,0.0,0.0
2025-07-15,0.0,0.0,0.0,-339526.6776124987,0.0,-339526.6776124987,-0.0,5150773.191079999,-0.0023515845992767106,0.0,0.0,0.0
2025-07-16,0.0,0.0,0.0,-339526.6776124987,0.0,-339526.6776124987,-0.0,5150773.191079999,-0.0023515845992767106,0.0,0.0,0.0
2025-07-17,0.0,0.0,0.0,-339526.6776124987,0.0,-339526.6776124987,-0.0,5150773.191079999,-0.0023515845992767106,0.0,0.0,0.0
2025-07-18,0.0,0.0,0.0,-339526.6776124987,0.0,-339526.6776124987,-0.0,5150773.191079999,-0.0023515845992767106,0.0,0.0,0.0
2025-07-21,0.0,0.0,0.0,-339526.6776124987,0.0,-339526.6776124987,-0.0,5150773.191079999,-0.0023515845992767106,0.0,0.0,0.0
2025-07-22,0.0,0.0,0.0,-339526.6776124987,0.0,-339526.6776124987,-0.0,5150773.191079999,-0.0023515845992767106,0.0,0.0,0.0
2025-07-23,0.0,0.0,0.0,-339526.6776124987,0.0,-339526.6776124987,-0.0,5150773.191079999,-0.0023515845992767106,0.0,0.0,0.0
2025-07-24,0.0,0.0,0.0,-339526.6776124987,0.0,-339526.6776124987,-0.0,5150773.191079999,-0.0023515845992767106,0.0,0.0,0.0
2025-07-25,0.0,0.0,0.0,-339526.6776124987,0.0,-339526.6776124987,-0.0,5150773.191079999,-0.0023515845992767106,0.0,0.0,0.0
2025-07-28,0.0,0.0,0.0,-339526.6776124987,0.0,-339526.6776124987,-0.0,5150773.191079999,-0.0023515845992767106,0.0,0.0,0.0
2025-07-29,0.0,0.0,0.0,-339526.6776124987,0.0,-339526.6776124987,-0.0,5150773.191079999,-0.0023515845992767106,0.0,0.0,0.0
2025-07-30,0.0,0.0,0.0,-339526.6776124987,0.0,-339526.6776124987,-0.0,5150773.191079999,-0.0023515845992767106,0.0,0.0,0.0
2025-07-31,0.0,0.0,0.0,-339526.6776124987,0.0,-339526.6776124987,-0.0,5150773.191079999,-0.0023515845992767106,0.0,0.0,0.0
2025-08-01,0.0,0.0,0.0,-339526.6776124987,0.0,-339526.6776124987,-0.0,5150773.191079999,-0.0023515845992767106,0.0,0.0,0.0
2025-08-04,0.0,0.0,0.0,-339526.6776124987,0.0,-339526.6776124987,-0.0,5150773.191079999,-0.0023515845992767106,0.0,0.0,0.0
2025-08-05,0.0,0.0,0.0,-339526.6776124987,0.0,-339526.6776124987,-0.0,5150773.191079999,-0.0023515845992767106,0.0,0.0,0.0
2025-08-06,0.0,0.0,0.0,-339526.6776124987,0.0,-339526.6776124987,-0.0,5150773.191079999,-0.0023515845992767106,0.0,0.0,0.0
2025-08-07,0.0,0.0,0.0,-339526.6776124987,0.0,-339526.6776124987,-0.0,5150773.191079999,-0.0023515845992767106,0.0,0.0,0.0
2025-08-08,0.0,0.0,0.0,-339526.6776124987,0.0,-339526.6776124987,-0.0,5150773.191079999,-0.0023515845992767106,0.0,0.0,0.0
2025-08-11,0.0,0.0,0.0,-339526.6776124987,0.0,-339526.6776124987,-0.0,5150773.191079999,-0.0023515845992767106,0.0,0.0,0.0
2025-08-12,0.0,0.0,0.0,-339526.6776124987,0.0,-339526.6776124987,-0.0,5150773.191079999,-0.0023515845992767106,0.0,0.0,0.0
2025-08-13,0.0,0.0,0.0,-339526.6776124987,0.0,-339526.6776124987,-0.0,5150773.191079999,-0.0023515845992767106,0.0,0.0,0.0
2025-08-14,0.0,0.0,0.0,-339526.6776124987,0.0,-339526.6776124987,-0.0,5150773.191079999,-0.0023515845992767106,0.0,0.0,0.0
2025-08-15,0.0,0.0,0.0,-339526.6776124987,0.0,-339526.6776124987,-0.0,5150773.191079999,-0.0023515845992767106,0.0,0.0,0.0
2025-08-18,0.0,0.0,0.0,-339526.6776124987,0.0,-339526.6776124987,-0.0,5150773.191079999,-0.0023515845992767106,0.0,0.0,0.0
2025-08-19,0.0,0.0,0.0,-339526.6776124987,0.0,-339526.6776124987,-0.0,5150773.191079999,-0.0023515845992767106,0.0,0.0,0.0
2025-08-20,0.0,0.0,0.0,-339526.6776124987,0.0,-339526.6776124987,-0.0,5150773.191079999,-0.0023515845992767106,0.0,0.0,0.0
2025-08-21,0.0,0.0,0.0,-339526.6776124987,0.0,-339526.6776124987,-0.0,5150773.191079999,-0.0023515845992767106,0.0,0.0,0.0
2025-08-22,0.0,0.0,0.0,-339526.6776124987,0.0,-339526.6776124987,-0.0,5150773.191079999,-0.0023515845992767106,0.0,0.0,0.0
2025-08-25,0.0,0.0,0.0,-339526.6776124987,0.0,-339526.6776124987,-0.0,5150773.191079999,-0.0023515845992767106,0.0,0.0,0.0
2025-08-26,0.0,0.0,0.0,-339526.6776124987,0.0,-339526.6776124987,-0.0,5150773.191079999,-0.0023515845992767106,0.0,0.0,0.0
2025-08-27,0.0,0.0,0.0,-339526.6776124987,0.0,-339526.6776124987,-0.0,5150773.191079999,-0.0023515845992767106,0.0,0.0,0.0
2025-08-28,0.0,0.0,0.0,-339526.6776124987,0.0,-339526.6776124987,-0.0,5150773.191079999,-0.0023515845992767106,0.0,0.0,0.0
2025-08-29,0.0,0.0,0.0,-339526.6776124987,0.0,-339526.6776124987,-0.0,5150773.191079999,-0.0023515845992767106,0.0,0.0,0.0
2025-09-01,0.0,0.0,0.0,-339526.6776124987,0.0,-339526.6776124987,-0.0,5150773.191079999,-0.0023515845992767106,0.0,0.0,0.0
2025-09-02,0.0,0.0,0.0,-339526.6776124987,0.0,-339526.6776124987,-0.0,5150773.191079999,-0.0023515845992767106,0.0,0.0,0.0
2025-09-03,0.0,0.0,0.0,-339526.6776124987,0.0,-339526.6776124987,-0.0,5150773.191079999,-0.0023515845992767106,0.0,0.0,0.0
2025-09-04,0.0,0.0,0.0,-339526.6776124987,0.0,-339526.6776124987,-0.0,5150773.191079999,-0.0023515845992767106,0.0,0.0,0.0
2025-09-05,0.0,0.0,0.0,-339526.6776124987,0.0,-339526.6776124987,-0.0,5150773.191079999,-0.0023515845992767106,0.0,0.0,0.0
2025-09-08,0.0,0.0,0.0,-339526.6776124987,0.0,-339526.6776124987,-0.0,5150773.191079999,-0.0023515845992767106,0.0,0.0,0.0
2025-09-09,0.0,0.0,0.0,-339526.6776124987,0.0,-339526.6776124987,-0.0,5150773.191079999,-0.0023515845992767106,0.0,0.0,0.0
2025-09-10,-4395114.1255,-4395114.1255,4375990.0,-358650.8031124988,-19124.125500000082,-339526.6776124987,4395114.1255,5150773.191079999,-0.00241065711247351,-0.003712864999204174,-0.003974879575691759,-0.003974879575691744
2025-09-11,0.0,-4395114.1255,4526660.0,-207980.80311249878,131545.87449999992,-339526.6776124987,4395114.1255,5150773.191079999,-0.0013979346984030927,0.029251918966443163,0.03144118363469084,0.03144118363469097
2025-09-12,0.0,-4395114.1255,4631475.0,-103165.80311249878,236360.87449999992,-339526.6776124987,4395114.1255,5150773.191079999,-0.0006934248435495,0.020349372047970667,0.02120562462934039,0.021205624629340423
2025-09-15,0.0,-4395114.1255,4533211.0,-201429.80311249878,138096.87449999992,-339526.6776124987,4395114.1255,5150773.191079999,-0.0013539024123834782,-0.01907752416087191,-0.019467441194860435,-0.019467441194860356
2025-09-16,0.0,-4395114.1255,4487355.0,-247285.80311249878,92240.87449999992,-339526.6776124987,4395114.1255,5150773.191079999,-0.0016621216930605412,-0.008902741064081884,-0.009265067384793269,-0.009265067384793288
2025-09-17,4487355.1975,0.0,0.0,-247285.605612499,0.0,-247285.605612499,-0.0,5150773.191079999,-0.0016621203655721457,3.834375780775723e-08,4.0277456481163654e-08,4.0277456461113993e-08
2025-09-18,0.0,0.0,0.0,-247285.605612499,0.0,-247285.605612499,-0.0,5150773.191079999,-0.0016621203655721457,0.0,0.0,0.0
2025-09-19,0.0,0.0,0.0,-247285.605612499,0.0,-247285.605612499,-0.0,5150773.191079999,-0.0016621203655721457,0.0,0.0,0.0
2025-09-22,0.0,0.0,0.0,-247285.605612499,0.0,-247285.605612499,-0.0,5150773.191079999,-0.0016621203655721457,0.0,0.0,0.0
2025-09-23,0.0,0.0,0.0,-247285.605612499,0.0,-247285.605612499,-0.0,5150773.191079999,-0.0016621203655721457,0.0,0.0,0.0
2025-09-24,0.0,0.0,0.0,-247285.605612499,0.0,-247285.605612499,-0.0,5150773.191079999,-0.0016621203655721457,0.0,0.0,0.0
2025-09-25,0.0,0.0,0.0,-247285.605612499,0.0,-247285.605612499,-0.0,5150773.191079999,-0.0016621203655721457,0.0,0.0,0.0
2025-09-26,0.0,0.0,0.0,-247285.605612499,0.0,-247285.605612499,-0.0,5150773.191079999,-0.0016621203655721457,0.0,0.0,0.0
2025-09-30,0.0,0.0,0.0,-247285.605612499,0.0,-247285.605612499,-0.0,5150773.191079999,-0.0016621203655721457,0.0,0.0,0.0
2025-10-01,0.0,0.0,0.0,-247285.605612499,0.0,-247285.605612499,-0.0,5150773.191079999,-0.0016621203655721457,0.0,0.0,0.0
2025-10-02,0.0,0.0,0.0,-247285.605612499,0.0,-247285.605612499,-0.0,5150773.191079999,-0.0016621203655721457,0.0,0.0,0.0
2025-10-03,0.0,0.0,0.0,-247285.605612499,0.0,-247285.605612499,-0.0,5150773.191079999,-0.0016621203655721457,0.0,0.0,0.0
2025-10-07,0.0,0.0,0.0,-247285.605612499,0.0,-247285.605612499,-0.0,5150773.191079999,-0.0016621203655721457,0.0,0.0,0.0
2025-10-08,0.0,0.0,0.0,-247285.605612499,0.0,-247285.605612499,-0.0,5150773.191079999,-0.0016621203655721457,0.0,0.0,0.0
2025-10-09,0.0,0.0,0.0,-247285.605612499,0.0,-247285.605612499,-0.0,5150773.191079999,-0.0016621203655721457,0.0,0.0,0.0
2025-10-13,0.0,0.0,0.0,-247285.605612499,0.0,-247285.605612499,-0.0,5150773.191079999,-0.0016621203655721457,0.0,0.0,0.0
2025-10-14,0.0,0.0,0.0,-247285.605612499,0.0,-247285.605612499,-0.0,5150773.191079999,-0.0016621203655721457,0.0,0.0,0.0
2025-10-15,0.0,0.0,0.0,-247285.605612499,0.0,-247285.605612499,-0.0,5150773.191079999,-0.0016621203655721457,0.0,0.0,0.0
2025-10-16,0.0,0.0,0.0,-247285.605612499,0.0,-247285.605612499,-0.0,5150773.191079999,-0.0016621203655721457,0.0,0.0,0.0
2025-10-17,0.0,0.0,0.0,-247285.605612499,0.0,-247285.605612499,-0.0,5150773.191079999,-0.0016621203655721457,0.0,0.0,0.0
2025-10-20,0.0,0.0,0.0,-247285.605612499,0.0,-247285.605612499,-0.0,5150773.191079999,-0.0016621203655721457,0.0,0.0,0.0
2025-10-21,0.0,0.0,0.0,-247285.605612499,0.0,-247285.605612499,-0.0,5150773.191079999,-0.0016621203655721457,0.0,0.0,0.0
2025-10-22,0.0,0.0,0.0,-247285.605612499,0.0,-247285.605612499,-0.0,5150773.191079999,-0.0016621203655721457,0.0,0.0,0.0
2025-10-23,0.0,0.0,0.0,-247285.605612499,0.0,-247285.605612499,-0.0,5150773.191079999,-0.0016621203655721457,0.0,0.0,0.0
2025-10-27,0.0,0.0,0.0,-247285.605612499,0.0,-247285.605612499,-0.0,5150773.191079999,-0.0016621203655721457,0.0,0.0,0.0
2025-10-28,0.0,0.0,0.0,-247285.605612499,0.0,-247285.605612499,-0.0,5150773.191079999,-0.0016621203655721457,0.0,0.0,0.0
2025-10-29,0.0,0.0,0.0,-247285.605612499,0.0,-247285.605612499,-0.0,5150773.191079999,-0.0016621203655721457,0.0,0.0,0.0
2025-10-30,0.0,0.0,0.0,-247285.605612499,0.0,-247285.605612499,-0.0,5150773.191079999,-0.0016621203655721457,0.0,0.0,0.0
2025-10-31,0.0,0.0,0.0,-247285.605612499,0.0,-247285.605612499,-0.0,5150773.191079999,-0.0016621203655721457,0.0,0.0,0.0
2025-11-03,0.0,0.0,0.0,-247285.605612499,0.0,-247285.605612499,-0.0,5150773.191079999,-0.0016621203655721457,0.0,0.0,0.0
2025-11-04,0.0,0.0,0.0,-247285.605612499,0.0,-247285.605612499,-0.0,5150773.191079999,-0.0016621203655721457,0.0,0.0,0.0
2025-11-05,0.0,0.0,0.0,-247285.605612499,0.0,-247285.605612499,-0.0,5150773.191079999,-0.0016621203655721457,0.0,0.0,0.0
2025-11-06,0.0,0.0,0.0,-247285.605612499,0.0,-247285.605612499,-0.0,5150773.191079999,-0.0016621203655721457,0.0,0.0,0.0
2025-11-07,0.0,0.0,0.0,-247285.605612499,0.0,-247285.605612499,-0.0,5150773.191079999,-0.0016621203655721457,0.0,0.0,0.0
2025-11-10,0.0,0.0,0.0,-247285.605612499,0.0,-247285.605612499,-0.0,5150773.191079999,-0.0016621203655721457,0.0,0.0,0.0
2025-11-11,0.0,0.0,0.0,-247285.605612499,0.0,-247285.605612499,-0.0,5150773.191079999,-0.0016621203655721457,0.0,0.0,0.0
2025-11-12,0.0,0.0,0.0,-247285.605612499,0.0,-247285.605612499,-0.0,5150773.191079999,-0.0016621203655721457,0.0,0.0,0.0
2025-11-13,0.0,0.0,0.0,-247285.605612499,0.0,-247285.605612499,-0.0,5150773.191079999,-0.0016621203655721457,0.0,0.0,0.0
2025-11-14,0.0,0.0,0.0,-247285.605612499,0.0,-247285.605612499,-0.0,5150773.191079999,-0.0016621203655721457,0.0,0.0,0.0
2025-11-17,0.0,0.0,0.0,-247285.605612499,0.0,-247285.605612499,-0.0,5150773.191079999,-0.0016621203655721457,0.0,0.0,0.0
2025-11-18,0.0,0.0,0.0,-247285.605612499,0.0,-247285.605612499,-0.0,5150773.191079999,-0.0016621203655721457,0.0,0.0,0.0
2025-11-19,0.0,0.0,0.0,-247285.605612499,0.0,-247285.605612499,-0.0,5150773.191079999,-0.0016621203655721457,0.0,0.0,0.0
2025-11-20,0.0,0.0,0.0,-247285.605612499,0.0,-247285.605612499,-0.0,5150773.191079999,-0.0016621203655721457,0.0,0.0,0.0
2025-11-21,0.0,0.0,0.0,-247285.605612499,0.0,-247285.605612499,-0.0,5150773.191079999,-0.0016621203655721457,0.0,0.0,0.0
2025-11-24,0.0,0.0,0.0,-247285.605612499,0.0,-247285.605612499,-0.0,5150773.191079999,-0.0016621203655721457,0.0,0.0,0.0
2025-11-25,0.0,0.0,0.0,-247285.605612499,0.0,-247285.605612499,-0.0,5150773.191079999,-0.0016621203655721457,0.0,0.0,0.0
2025-11-26,0.0,0.0,0.0,-247285.605612499,0.0,-247285.605612499,-0.0,5150773.191079999,-0.0016621203655721457,0.0,0.0,0.0
2025-11-27,0.0,0.0,0.0,-247285.605612499,0.0,-247285.605612499,-0.0,5150773.191079999,-0.0016621203655721457,0.0,0.0,0.0
2025-11-28,0.0,0.0,0.0,-247285.605612499,0.0,-247285.605612499,-0.0,5150773.191079999,-0.0016621203655721457,0.0,0.0,0.0
2025-12-01,0.0,0.0,0.0,-247285.605612499,0.0,-247285.605612499,-0.0,5150773.191079999,-0.0016621203655721457,0.0,0.0,0.0
2025-12-02,0.0,0.0,0.0,-247285.605612499,0.0,-247285.605612499,-0.0,5150773.191079999,-0.0016621203655721457,0.0,0.0,0.0
2025-12-03,0.0,0.0,0.0,-247285.605612499,0.0,-247285.605612499,-0.0,5150773.191079999,-0.0016621203655721457,0.0,0.0,0.0
2025-12-04,0.0,0.0,0.0,-247285.605612499,0.0,-247285.605612499,-0.0,5150773.191079999,-0.0016621203655721457,0.0,0.0,0.0
2025-12-05,0.0,0.0,0.0,-247285.605612499,0.0,-247285.605612499,-0.0,5150773.191079999,-0.0016621203655721457,0.0,0.0,0.0
2025-12-08,0.0,0.0,0.0,-247285.605612499,0.0,-247285.605612499,-0.0,5150773.191079999,-0.0016621203655721457,0.0,0.0,0.0
2025-12-09,0.0,0.0,0.0,-247285.605612499,0.0,-247285.605612499,-0.0,5150773.191079999,-0.0016621203655721457,0.0,0.0,0.0
2025-12-10,0.0,0.0,0.0,-247285.605612499,0.0,-247285.605612499,-0.0,5150773.191079999,-0.0016621203655721457,0.0,0.0,0.0
2025-12-11,0.0,0.0,0.0,-247285.605612499,0.0,-247285.605612499,-0.0,5150773.191079999,-0.0016621203655721457,0.0,0.0,0.0
2025-12-12,0.0,0.0,0.0,-247285.605612499,0.0,-247285.605612499,-0.0,5150773.191079999,-0.0016621203655721457,0.0,0.0,0.0
2025-12-15,0.0,0.0,0.0,-247285.605612499,0.0,-247285.605612499,-0.0,5150773.191079999,-0.0016621203655721457,0.0,0.0,0.0
2025-12-16,0.0,0.0,0.0,-247285.605612499,0.0,-247285.605612499,-0.0,5150773.191079999,-0.0016621203655721457,0.0,0.0,0.0
2025-12-17,0.0,0.0,0.0,-247285.605612499,0.0,-247285.605612499,-0.0,5150773.191079999,-0.0016621203655721457,0.0,0.0,0.0
2025-12-18,0.0,0.0,0.0,-247285.605612499,0.0,-247285.605612499,-0.0,5150773.191079999,-0.0016621203655721457,0.0,0.0,0.0
2025-12-19,0.0,0.0,0.0,-247285.605612499,0.0,-247285.605612499,-0.0,5150773.191079999,-0.0016621203655721457,0.0,0.0,0.0
2025-12-22,0.0,0.0,0.0,-247285.605612499,0.0,-247285.605612499,-0.0,5150773.191079999,-0.0016621203655721457,0.0,0.0,0.0
2025-12-23,0.0,0.0,0.0,-247285.605612499,0.0,-247285.605612499,-0.0,5150773.191079999,-0.0016621203655721457,0.0,0.0,0.0
2025-12-24,0.0,0.0,0.0,-247285.605612499,0.0,-247285.605612499,-0.0,5150773.191079999,-0.0016621203655721457,0.0,0.0,0.0
2025-12-26,0.0,0.0,0.0,-247285.605612499,0.0,-247285.605612499,-0.0,5150773.191079999,-0.0016621203655721457,0.0,0.0,0.0
2025-12-29,0.0,0.0,0.0,-247285.605612499,0.0,-247285.605612499,-0.0,5150773.191079999,-0.0016621203655721457,0.0,0.0,0.0
2025-12-30,0.0,0.0,0.0,-247285.605612499,0.0,-247285.605612499,-0.0,5150773.191079999,-0.0016621203655721457,0.0,0.0,0.0
2025-12-31,0.0,0.0,0.0,-247285.605612499,0.0,-247285.605612499,-0.0,5150773.191079999,-0.0016621203655721457,0.0,0.0,0.0
2026-01-02,0.0,0.0,0.0,-247285.605612499,0.0,-247285.605612499,-0.0,5150773.191079999,-0.0016621203655721457,0.0,0.0,0.0
2026-01-05,0.0,0.0,0.0,-247285.605612499,0.0,-247285.605612499,-0.0,5150773.191079999,-0.0016621203655721457,0.0,0.0,0.0
2026-01-06,0.0,0.0,0.0,-247285.605612499,0.0,-247285.605612499,-0.0,5150773.191079999,-0.0016621203655721457,0.0,0.0,0.0
2026-01-07,0.0,0.0,0.0,-247285.605612499,0.0,-247285.605612499,-0.0,5150773.191079999,-0.0016621203655721457,0.0,0.0,0.0
2026-01-08,0.0,0.0,0.0,-247285.605612499,0.0,-247285.605612499,-0.0,5150773.191079999,-0.0016621203655721457,0.0,0.0,0.0
2026-01-09,0.0,0.0,0.0,-247285.605612499,0.0,-247285.605612499,-0.0,5150773.191079999,-0.0016621203655721457,0.0,0.0,0.0
2026-01-12,0.0,0.0,0.0,-247285.605612499,0.0,-247285.605612499,-0.0,5150773.191079999,-0.0016621203655721457,0.0,0.0,0.0
2026-01-13,0.0,0.0,0.0,-247285.605612499,0.0,-247285.605612499,-0.0,5150773.191079999,-0.0016621203655721457,0.0,0.0,0.0
2026-01-14,0.0,0.0,0.0,-247285.605612499,0.0,-247285.605612499,-0.0,5150773.191079999,-0.0016621203655721457,0.0,0.0,0.0
2026-01-15,0.0,0.0,0.0,-247285.605612499,0.0,-247285.605612499,-0.0,5150773.191079999,-0.0016621203655721457,0.0,0.0,0.0
2026-01-16,0.0,0.0,0.0,-247285.605612499,0.0,-247285.605612499,-0.0,5150773.191079999,-0.0016621203655721457,0.0,0.0,0.0
2026-01-19,0.0,0.0,0.0,-247285.605612499,0.0,-247285.605612499,-0.0,5150773.191079999,-0.0016621203655721457,0.0,0.0,0.0
2026-01-20,0.0,0.0,0.0,-247285.605612499,0.0,-247285.605612499,-0.0,5150773.191079999,-0.0016621203655721457,0.0,0.0,0.0
2026-01-21,0.0,0.0,0.0,-247285.605612499,0.0,-247285.605612499,-0.0,5150773.191079999,-0.0016621203655721457,0.0,0.0,0.0
2026-01-22,0.0,0.0,0.0,-247285.605612499,0.0,-247285.605612499,-0.0,5150773.191079999,-0.0016621203655721457,0.0,0.0,0.0
2026-01-23,0.0,0.0,0.0,-247285.605612499,0.0,-247285.605612499,-0.0,5150773.191079999,-0.0016621203655721457,0.0,0.0,0.0
2026-01-26,0.0,0.0,0.0,-247285.605612499,0.0,-247285.605612499,-0.0,5150773.191079999,-0.0016621203655721457,0.0,0.0,0.0
2026-01-27,0.0,0.0,0.0,-247285.605612499,0.0,-247285.605612499,-0.0,5150773.191079999,-0.0016621203655721457,0.0,0.0,0.0
2026-01-28,0.0,0.0,0.0,-247285.605612499,0.0,-247285.605612499,-0.0,5150773.191079999,-0.0016621203655721457,0.0,0.0,0.0
2026-01-29,0.0,0.0,0.0,-247285.605612499,0.0,-247285.605612499,-0.0,5150773.191079999,-0.0016621203655721457,0.0,0.0,0.0
2026-01-30,0.0,0.0,0.0,-247285.605612499,0.0,-247285.605612499,-0.0,5150773.191079999,-0.0016621203655721457,0.0,0.0,0.0
2026-02-02,0.0,0.0,0.0,-247285.605612499,0.0,-247285.605612499,-0.0,5150773.191079999,-0.0016621203655721457,0.0,0.0,0.0
2026-02-03,0.0,0.0,0.0,-247285.605612499,0.0,-247285.605612499,-0.0,5150773.191079999,-0.0016621203655721457,0.0,0.0,0.0
2026-02-04,0.0,0.0,0.0,-247285.605612499,0.0,-247285.605612499,-0.0,5150773.191079999,-0.0016621203655721457,0.0,0.0,0.0
2026-02-05,0.0,0.0,0.0,-247285.605612499,0.0,-247285.605612499,-0.0,5150773.191079999,-0.0016621203655721457,0.0,0.0,0.0
2026-02-06,0.0,0.0,0.0,-247285.605612499,0.0,-247285.605612499,-0.0,5150773.191079999,-0.0016621203655721457,0.0,0.0,0.0
2026-02-09,0.0,0.0,0.0,-247285.605612499,0.0,-247285.605612499,-0.0,5150773.191079999,-0.0016621203655721457,0.0,0.0,0.0
2026-02-10,0.0,0.0,0.0,-247285.605612499,0.0,-247285.605612499,-0.0,5150773.191079999,-0.0016621203655721457,0.0,0.0,0.0
2026-02-11,0.0,0.0,0.0,-247285.605612499,0.0,-247285.605612499,-0.0,5150773.191079999,-0.0016621203655721457,0.0,0.0,0.0
2026-02-23,0.0,0.0,0.0,-247285.605612499,0.0,-247285.605612499,-0.0,5150773.191079999,-0.0016621203655721457,0.0,0.0,0.0
2026-02-24,0.0,0.0,0.0,-247285.605612499,0.0,-247285.605612499,-0.0,5150773.191079999,-0.0016621203655721457,0.0,0.0,0.0
2026-02-25,0.0,0.0,0.0,-247285.605612499,0.0,-247285.605612499,-0.0,5150773.191079999,-0.0016621203655721457,0.0,0.0,0.0
2026-02-26,0.0,0.0,0.0,-247285.605612499,0.0,-247285.605612499,-0.0,5150773.191079999,-0.0016621203655721457,0.0,0.0,0.0
2026-03-02,0.0,0.0,0.0,-247285.605612499,0.0,-247285.605612499,-0.0,5150773.191079999,-0.0016621203655721457,0.0,0.0,0.0
2026-03-03,0.0,0.0,0.0,-247285.605612499,0.0,-247285.605612499,-0.0,5150773.191079999,-0.0016621203655721457,0.0,0.0,0.0
2026-03-04,0.0,0.0,0.0,-247285.605612499,0.0,-247285.605612499,-0.0,5150773.191079999,-0.0016621203655721457,0.0,0.0,0.0
2026-03-05,0.0,0.0,0.0,-247285.605612499,0.0,-247285.605612499,-0.0,5150773.191079999,-0.0016621203655721457,0.0,0.0,0.0
2026-03-06,0.0,0.0,0.0,-247285.605612499,0.0,-247285.605612499,-0.0,5150773.191079999,-0.0016621203655721457,0.0,0.0,0.0
2026-03-09,0.0,0.0,0.0,-247285.605612499,0.0,-247285.605612499,-0.0,5150773.191079999,-0.0016621203655721457,0.0,0.0,0.0
2026-03-10,0.0,0.0,0.0,-247285.605612499,0.0,-247285.605612499,-0.0,5150773.191079999,-0.0016621203655721457,0.0,0.0,0.0
2026-03-11,0.0,0.0,0.0,-247285.605612499,0.0,-247285.605612499,-0.0,5150773.191079999,-0.0016621203655721457,0.0,0.0,0.0
2026-03-12,-4450653.156,-4450653.156,4349787.0,-348151.7616124994,-100866.15600000042,-247285.605612499,4450653.156,5150773.191079999,-0.002272118064565836,-0.01958272132321382,-0.020570288848887452,-0.0205702888488875
2026-03-13,0.0,-4450653.156,4409680.0,-288258.7616124994,-40973.156000000425,-247285.605612499,4450653.156,5150773.191079999,-0.001881242641127634,0.011627962983056878,0.012470897587828489,0.01247089758782856
2026-03-16,0.0,-4450653.156,4409680.0,-288258.7616124994,-40973.156000000425,-247285.605612499,4450653.156,5150773.191079999,-0.001881242641127634,0.0,0.0,0.0
2026-03-17,0.0,-4450653.156,4439627.0,-258311.76161249942,-11026.156000000425,-247285.605612499,4450653.156,5150773.191079999,-0.0016858016662941171,0.005814078564333136,0.006158747790755648,0.00615874779075556
2026-03-18,0.0,-4450653.156,4447114.0,-250824.76161249942,-3539.1560000004247,-247285.605612499,4450653.156,5150773.191079999,-0.0016369397910285298,0.0014535681774856327,0.0015303135462458872,0.0015303135462459623
2026-03-19,4409680.436,0.0,0.0,-288258.325612499,0.0,-288258.325612499,-0.0,5150773.191079999,-0.0018812397956918603,-0.007267562094332984,-0.007639583260689031,-0.007639583260689056
2026-03-20,0.0,0.0,0.0,-288258.325612499,0.0,-288258.325612499,-0.0,5150773.191079999,-0.0018812397956918603,0.0,0.0,0.0
2026-03-23,0.0,0.0,0.0,-288258.325612499,0.0,-288258.325612499,-0.0,5150773.191079999,-0.0018812397956918603,0.0,0.0,0.0
2026-03-24,0.0,0.0,0.0,-288258.325612499,0.0,-288258.325612499,-0.0,5150773.191079999,-0.0018812397956918603,0.0,0.0,0.0
2026-03-25,0.0,0.0,0.0,-288258.325612499,0.0,-288258.325612499,-0.0,5150773.191079999,-0.0018812397956918603,0.0,0.0,0.0
2026-03-26,0.0,0.0,0.0,-288258.325612499,0.0,-288258.325612499,-0.0,5150773.191079999,-0.0018812397956918603,0.0,0.0,0.0
2026-03-27,0.0,0.0,0.0,-288258.325612499,0.0,-288258.325612499,-0.0,5150773.191079999,-0.0018812397956918603,0.0,0.0,0.0
2026-03-30,0.0,0.0,0.0,-288258.325612499,0.0,-288258.325612499,-0.0,5150773.191079999,-0.0018812397956918603,0.0,0.0,0.0
2026-03-31,0.0,0.0,0.0,-288258.325612499,0.0,-288258.325612499,-0.0,5150773.191079999,-0.0018812397956918603,0.0,0.0,0.0
2026-04-01,0.0,0.0,0.0,-288258.325612499,0.0,-288258.325612499,-0.0,5150773.191079999,-0.0018812397956918603,0.0,0.0,0.0
2026-04-02,0.0,0.0,0.0,-288258.325612499,0.0,-288258.325612499,-0.0,5150773.191079999,-0.0018812397956918603,0.0,0.0,0.0
2026-04-07,0.0,0.0,0.0,-288258.325612499,0.0,-288258.325612499,-0.0,5150773.191079999,-0.0018812397956918603,0.0,0.0,0.0
2026-04-08,0.0,0.0,0.0,-288258.325612499,0.0,-288258.325612499,-0.0,5150773.191079999,-0.0018812397956918603,0.0,0.0,0.0
2026-04-09,0.0,0.0,0.0,-288258.325612499,0.0,-288258.325612499,-0.0,5150773.191079999,-0.0018812397956918603,0.0,0.0,0.0
2026-04-10,0.0,0.0,0.0,-288258.325612499,0.0,-288258.325612499,-0.0,5150773.191079999,-0.0018812397956918603,0.0,0.0,0.0
2026-04-13,0.0,0.0,0.0,-288258.325612499,0.0,-288258.325612499,-0.0,5150773.191079999,-0.0018812397956918603,0.0,0.0,0.0
2026-04-14,0.0,0.0,0.0,-288258.325612499,0.0,-288258.325612499,-0.0,5150773.191079999,-0.0018812397956918603,0.0,0.0,0.0
2026-04-15,0.0,0.0,0.0,-288258.325612499,0.0,-288258.325612499,-0.0,5150773.191079999,-0.0018812397956918603,0.0,0.0,0.0
2026-04-16,0.0,0.0,0.0,-288258.325612499,0.0,-288258.325612499,-0.0,5150773.191079999,-0.0018812397956918603,0.0,0.0,0.0
2026-04-17,0.0,0.0,0.0,-288258.325612499,0.0,-288258.325612499,-0.0,5150773.191079999,-0.0018812397956918603,0.0,0.0,0.0
2026-04-20,0.0,0.0,0.0,-288258.325612499,0.0,-288258.325612499,-0.0,5150773.191079999,-0.0018812397956918603,0.0,0.0,0.0
2026-04-21,0.0,0.0,0.0,-288258.325612499,0.0,-288258.325612499,-0.0,5150773.191079999,-0.0018812397956918603,0.0,0.0,0.0
2026-04-22,0.0,0.0,0.0,-288258.325612499,0.0,-288258.325612499,-0.0,5150773.191079999,-0.0018812397956918603,0.0,0.0,0.0
2026-04-23,0.0,0.0,0.0,-288258.325612499,0.0,-288258.325612499,-0.0,5150773.191079999,-0.0018812397956918603,0.0,0.0,0.0
2026-04-24,0.0,0.0,0.0,-288258.325612499,0.0,-288258.325612499,-0.0,5150773.191079999,-0.0018812397956918603,0.0,0.0,0.0
2026-04-27,0.0,0.0,0.0,-288258.325612499,0.0,-288258.325612499,-0.0,5150773.191079999,-0.0018812397956918603,0.0,0.0,0.0
2026-04-28,0.0,0.0,0.0,-288258.325612499,0.0,-288258.325612499,-0.0,5150773.191079999,-0.0018812397956918603,0.0,0.0,0.0
2026-04-29,0.0,0.0,0.0,-288258.325612499,0.0,-288258.325612499,-0.0,5150773.191079999,-0.0018812397956918603,0.0,0.0,0.0
2026-04-30,0.0,0.0,0.0,-288258.325612499,0.0,-288258.325612499,-0.0,5150773.191079999,-0.0018812397956918603,0.0,0.0,0.0
2026-05-04,0.0,0.0,0.0,-288258.325612499,0.0,-288258.325612499,-0.0,5150773.191079999,-0.0018812397956918603,0.0,0.0,0.0
2026-05-05,0.0,0.0,0.0,-288258.325612499,0.0,-288258.325612499,-0.0,5150773.191079999,-0.0018812397956918603,0.0,0.0,0.0
2026-05-06,0.0,0.0,0.0,-288258.325612499,0.0,-288258.325612499,-0.0,5150773.191079999,-0.0018812397956918603,0.0,0.0,0.0
2026-05-07,-4766943.228,-4766943.228,4784017.0,-271184.5536124991,17073.77199999988,-288258.325612499,4766943.228,5150773.191079999,-0.0017164145182946696,0.0033147978694864424,0.00351130484376605,0.003511304843765932
2026-05-08,0.0,-4766943.228,4866371.0,-188830.5536124991,99427.77199999988,-288258.325612499,4766943.228,5150773.191079999,-0.001195169486611847,0.015988667515513776,0.016877242349416788,0.016877242349416902
2026-05-11,0.0,-4766943.228,5135893.0,80691.44638750091,368949.7719999999,-288258.325612499,4766943.228,5150773.191079999,0.0005107221935641949,0.052326512933388816,0.0543178387361527,0.05431783873615273
2026-05-12,0.0,-4766943.228,5038565.0,-16636.55361249909,271621.7719999999,-288258.325612499,4766943.228,5150773.191079999,-0.00010529811441872972,-0.018895803870485034,-0.018604350166670502,-0.01860435016667063
2026-05-13,0.0,-4766943.228,4963698.0,-91503.55361249909,196754.77199999988,-288258.325612499,4766943.228,5150773.191079999,-0.0005791555079515015,-0.014535099338028143,-0.014582198583037664,-0.014582198583037598
2026-05-14,5053538.700000001,0.0,0.0,-1662.853612498846,0.0,-1662.853612498846,-0.0,5150773.191079999,-1.0524736915400068e-05,0.017442177449316636,0.01775764219694209,0.017757642196941984
2026-05-15,-4487365.396499999,-4487365.3965,4199116.0,-289912.25011249864,-288249.3964999998,-1662.853612498846,4487365.3965,5150773.191079999,-0.00178427130705421,-0.05596235473912617,-0.05598042722109742,-0.05598042722109742
2026-05-18,4172912.789499999,0.0,0.0,-316115.460612499,0.0,-316115.460612499,-0.0,5150773.191079999,-0.00194553954125166,-0.005087238270436466,-0.005390652153645981,-0.005390652153646033
2026-05-19,0.0,0.0,0.0,-316115.460612499,0.0,-316115.460612499,-0.0,5150773.191079999,-0.00194553954125166,0.0,0.0,0.0
2026-05-20,0.0,0.0,0.0,-316115.460612499,0.0,-316115.460612499,-0.0,5150773.191079999,-0.00194553954125166,0.0,0.0,0.0
2026-05-21,0.0,0.0,0.0,-316115.460612499,0.0,-316115.460612499,-0.0,5150773.191079999,-0.00194553954125166,0.0,0.0,0.0
2026-05-22,0.0,0.0,0.0,-316115.460612499,0.0,-316115.460612499,-0.0,5150773.191079999,-0.00194553954125166,0.0,0.0,0.0
2026-05-25,-4559848.538,-4559848.538,4644576.0,-231387.9986124987,84727.46200000029,-316115.460612499,4559848.538,5150773.191079999,-0.001385208458671225,0.016449464741862353,0.017525017637971985,0.017525017637971933
2026-05-26,0.0,-4559848.538,4579068.0,-296895.9986124987,19219.46200000029,-316115.460612499,4559848.538,5150773.191079999,-0.0017773732911377483,-0.012718090579768755,-0.013316298162686091,-0.013316298162686063
2026-05-27,0.0,-4559848.538,4592169.0,-283794.9986124987,32320.46200000029,-316115.460612499,4559848.538,5150773.191079999,-0.0016989439165553473,0.0025435016285881157,0.002699079412295413,0.0026990794122955593
2026-05-28,0.0,-4559848.538,4533211.0,-342752.9986124987,-26637.53799999971,-316115.460612499,4559848.538,5150773.191079999,-0.0020518970549897562,-0.011446436838279388,-0.012113882098598205,-0.012113882098598224
2026-05-29,4638025.517999999,0.0,0.0,-237938.48061249923,0.0,-237938.48061249923,-0.0,5150773.191079999,-0.0014244230382051018,0.020349278469786833,0.02179993298784555,0.021799932987845484
2026-06-01,-4727406.9690000005,-4727406.9690000005,4699791.0,-265554.44961249974,-27615.969000000507,-237938.48061249923,4727406.9690000005,5150773.191079999,-0.0015459938192526634,-0.005361519130336639,-0.0056211883011574315,-0.005621188301157521
2026-06-02,0.0,-4727406.9690000005,5165840.0,200494.55038750026,438433.0309999995,-237938.48061249923,4727406.9690000005,5150773.191079999,0.001167230811403158,0.09048136710952326,0.0953998223342607,0.09539982233426068
2026-06-03,0.0,-4727406.9690000005,5227605.0,262259.55038750026,500198.0309999995,-237938.48061249923,4727406.9690000005,5150773.191079999,0.0015268117123651958,0.011991403563830633,0.011542124779400753,0.011542124779400767
2026-06-04,0.0,-4727406.9690000005,5008618.0,43272.55038750026,281211.0309999995,-237938.48061249923,4727406.9690000005,5150773.191079999,0.000251922329074112,-0.04251536456298194,-0.040455509962541325,-0.04045550996254118
2026-06-05,0.0,-4727406.9690000005,5053539.0,88193.55038750026,326132.0309999995,-237938.48061249923,4727406.9690000005,5150773.191079999,0.0005134415333502507,0.008721214919304396,0.008648556873761537,0.008648556873761426
2026-06-08,4604335.260000001,0.0,0.0,-361010.1896124993,0.0,-361010.1896124993,-0.0,5150773.191079999,-0.00210171406520422,-0.08721093384152911,-0.08574281192595867,-0.08574281192595853
2026-06-09,0.0,0.0,0.0,-361010.1896124993,0.0,-361010.1896124993,-0.0,5150773.191079999,-0.00210171406520422,0.0,0.0,0.0
2026-06-10,0.0,0.0,0.0,-361010.1896124993,0.0,-361010.1896124993,-0.0,5150773.191079999,-0.00210171406520422,0.0,0.0,0.0
2026-06-11,0.0,0.0,0.0,-361010.1896124993,0.0,-361010.1896124993,-0.0,5150773.191079999,-0.00210171406520422,0.0,0.0,0.0
2026-06-12,0.0,0.0,0.0,-361010.1896124993,0.0,-361010.1896124993,-0.0,5150773.191079999,-0.00210171406520422,0.0,0.0,0.0
2026-06-15,0.0,0.0,0.0,-361010.1896124993,0.0,-361010.1896124993,-0.0,5150773.191079999,-0.00210171406520422,0.0,0.0,0.0
2026-06-16,0.0,0.0,0.0,-361010.1896124993,0.0,-361010.1896124993,-0.0,5150773.191079999,-0.00210171406520422,0.0,0.0,0.0
2026-06-17,0.0,0.0,0.0,-361010.1896124993,0.0,-361010.1896124993,-0.0,5150773.191079999,-0.00210171406520422,0.0,0.0,0.0
2026-06-18,0.0,0.0,0.0,-361010.1896124993,0.0,-361010.1896124993,-0.0,5150773.191079999,-0.00210171406520422,0.0,0.0,0.0
2026-06-22,0.0,0.0,0.0,-361010.1896124993,0.0,-361010.1896124993,-0.0,5150773.191079999,-0.00210171406520422,0.0,0.0,0.0
2026-06-23,0.0,0.0,0.0,-361010.1896124993,0.0,-361010.1896124993,-0.0,5150773.191079999,-0.00210171406520422,0.0,0.0,0.0
2026-06-24,0.0,0.0,0.0,-361010.1896124993,0.0,-361010.1896124993,-0.0,5150773.191079999,-0.00210171406520422,0.0,0.0,0.0
2026-06-25,0.0,0.0,0.0,-361010.1896124993,0.0,-361010.1896124993,-0.0,5150773.191079999,-0.00210171406520422,0.0,0.0,0.0
2026-06-26,0.0,0.0,0.0,-361010.1896124993,0.0,-361010.1896124993,-0.0,5150773.191079999,-0.00210171406520422,0.0,0.0,0.0
2026-06-29,0.0,0.0,0.0,-361010.1896124993,0.0,-361010.1896124993,-0.0,5150773.191079999,-0.00210171406520422,0.0,0.0,0.0
2026-06-30,0.0,0.0,0.0,-361010.1896124993,0.0,-361010.1896124993,-0.0,5150773.191079999,-0.00210171406520422,0.0,0.0,0.0
2026-07-01,0.0,0.0,0.0,-361010.1896124993,0.0,-361010.1896124993,-0.0,5150773.191079999,-0.00210171406520422,0.0,0.0,0.0
2026-07-02,0.0,0.0,0.0,-361010.1896124993,0.0,-361010.1896124993,-0.0,5150773.191079999,-0.00210171406520422,0.0,0.0,0.0
2026-07-03,0.0,0.0,0.0,-361010.1896124993,0.0,-361010.1896124993,-0.0,5150773.191079999,-0.00210171406520422,0.0,0.0,0.0
2026-07-06,0.0,0.0,0.0,-361010.1896124993,0.0,-361010.1896124993,-0.0,5150773.191079999,-0.00210171406520422,0.0,0.0,0.0
2026-07-07,0.0,0.0,0.0,-361010.1896124993,0.0,-361010.1896124993,-0.0,5150773.191079999,-0.00210171406520422,0.0,0.0,0.0
2026-07-08,0.0,0.0,0.0,-361010.1896124993,0.0,-361010.1896124993,-0.0,5150773.191079999,-0.00210171406520422,0.0,0.0,0.0
2026-07-09,0.0,0.0,0.0,-361010.1896124993,0.0,-361010.1896124993,-0.0,5150773.191079999,-0.00210171406520422,0.0,0.0,0.0
2026-07-13,0.0,0.0,0.0,-361010.1896124993,0.0,-361010.1896124993,-0.0,5150773.191079999,-0.00210171406520422,0.0,0.0,0.0
2026-07-14,0.0,0.0,0.0,-361010.1896124993,0.0,-361010.1896124993,-0.0,5150773.191079999,-0.00210171406520422,0.0,0.0,0.0
2026-07-15,0.0,0.0,0.0,-361010.1896124993,0.0,-361010.1896124993,-0.0,5150773.191079999,-0.00210171406520422,0.0,0.0,0.0
2026-07-16,-4266070.5,-4266070.5,4271017.0,-356063.6896124993,4946.5,-361010.1896124993,4266070.5,5150773.191079999,-0.0020226813602127816,0.0009603412568362085,0.0010327233306710593,0.0010327233306709493
2026-07-17,4211282.25,0.0,0.0,-415798.4396124993,0.0,-415798.4396124993,-0.0,5150773.191079999,-0.0023620149370609644,-0.011597239440371276,-0.012458471150695871,-0.012458471150695823
2026-07-20,0.0,0.0,0.0,-415798.4396124993,0.0,-415798.4396124993,-0.0,5150773.191079999,-0.0023620149370609644,0.0,0.0,0.0
2026-07-21,0.0,0.0,0.0,-415798.4396124993,0.0,-415798.4396124993,-0.0,5150773.191079999,-0.0023620149370609644,0.0,0.0,0.0
2026-07-22,0.0,0.0,0.0,-415798.4396124993,0.0,-415798.4396124993,-0.0,5150773.191079999,-0.0023620149370609644,0.0,0.0,0.0
2026-07-23,-4560489.449999999,-4560489.449999999,4593583.0,-382704.8896124986,33093.550000000745,-415798.4396124993,4560489.449999999,5150773.191079999,-0.002119121955137336,0.006424967431552117,0.006989171376202918,0.006989171376203038
2026-07-24,0.0,-4560489.449999999,4605530.0,-370757.8896124986,45040.550000000745,-415798.4396124993,4560489.449999999,5150773.191079999,-0.0020529687632519114,0.002319457595354721,0.002505626858642751,0.002505626858642732
2026-07-27,0.0,-4560489.449999999,4539822.0,-436465.8896124986,-20667.449999999255,-415798.4396124993,4560489.449999999,5150773.191079999,-0.002416808550010718,-0.012756919701646302,-0.01374639951044232,-0.013746399510442393
2026-07-28,0.0,-4560489.449999999,4390486.0,-585801.8896124986,-170003.44999999925,-415798.4396124993,4560489.449999999,5150773.191079999,-0.00324371514274544,-0.02899292872351998,-0.031677188280346935,-0.03167718828034687
2026-07-29,4480087.499999999,0.0,0.0,-496200.38961249933,0.0,-496200.38961249933,-0.0,5150773.191079999,-0.0027475717408268164,0.017395737819550908,0.019628053296018688,0.019628053296018546
2026-07-30,0.0,0.0,0.0,-496200.38961249933,0.0,-496200.38961249933,-0.0,5150773.191079999,-0.0027475717408268164,0.0,0.0,0.0
2026-07-31,0.0,0.0,0.0,-496200.38961249933,0.0,-496200.38961249933,-0.0,5150773.191079999,-0.0027475717408268164,0.0,0.0,0.0
2026-08-03,-4746754.5,-4746754.5,4772787.0,-470167.88961249933,26032.5,-496200.38961249933,4746754.5,5242954.8896125,-0.002536748531148701,0.006658999814435365,0.007368881997674714,0.005484273517832026
2026-08-04,0.0,-4746754.5,4814601.0,-428353.88961249933,67846.5,-496200.38961249933,4746754.5,5242954.8896125,-0.002311144857599507,0.007975273653954798,0.008760918934785922,0.008760918934785903
2026-08-05,0.0,-4746754.5,5005751.0,-237203.88961249933,258996.5,-496200.38961249933,4746754.5,5242954.8896125,-0.0012798122369717642,0.03645844834154727,0.03970214769614344,0.03970214769614346
2026-08-06,0.0,-4746754.5,4886282.0,-356672.88961249933,139527.5,-496200.38961249933,4746754.5,5242954.8896125,-0.0019243964737166023,-0.022786577896501764,-0.023866348925465908,-0.02386634892546593
2026-08-07,0.0,-4746754.5,4880309.0,-362645.88961249933,133554.5,-496200.38961249933,4746754.5,5242954.8896125,-0.001956623257619346,-0.0011392430653626023,-0.0012224018179876062,-0.0012224018179875823
2026-08-10,4898229.0,0.0,0.0,-344725.88961249933,0.0,-344725.88961249933,-0.0,5242954.8896125,-0.001859937510501119,0.0034179199282266676,0.003671898644122873,0.003671898644122739
2026-08-11,0.0,0.0,0.0,-344725.88961249933,0.0,-344725.88961249933,-0.0,5242954.8896125,-0.001859937510501119,0.0,0.0,0.0
2026-08-12,0.0,0.0,0.0,-344725.88961249933,0.0,-344725.88961249933,-0.0,5242954.8896125,-0.001859937510501119,0.0,0.0,0.0
2026-08-13,0.0,0.0,0.0,-344725.88961249933,0.0,-344725.88961249933,-0.0,5242954.8896125,-0.001859937510501119,0.0,0.0,0.0
2026-08-14,-3877517.6,-3877517.6,3966371.0,-255872.48961249943,88853.3999999999,-344725.88961249933,3877517.6,5242954.8896125,-0.0013522469047320082,0.016947199026266457,0.018139903218081344,0.018139903218081455
2026-08-17,0.0,-3877517.6,3735397.0,-486846.4896124994,-142120.6000000001,-344725.88961249933,3877517.6,5242954.8896125,-0.002572909106622403,-0.044054165039186716,-0.04631445431902226,-0.04631445431902228
2026-08-18,0.0,-3877517.6,3623893.0,-598350.4896124995,-253624.6000000001,-344725.8896124994,3877517.6,5242954.8896125,-0.0031621906628130857,-0.021267396410546105,-0.023444377340095968,-0.02344437734009596
2026-08-19,0.0,-3877517.6,3683628.0,-538615.4896124995,-193889.6000000001,-344725.8896124994,3877517.6,5242954.8896125,-0.0028465003399632295,0.011393384314320298,0.012861159930003918,0.01286115993000394
2026-08-20,0.0,-3877517.6,3635840.0,-586403.4896124995,-241677.6000000001,-344725.8896124994,3877517.6,5242954.8896125,-0.0030990525982431145,-0.009114707451456233,-0.010158280671670905,-0.010158280671670924
2026-08-21,3635839.9,0.0,0.0,-586403.5896124993,0.0,-586403.5896124993,-0.0,5242954.8896125,-0.0030990531267277924,-1.907321386940275e-08,-2.1475119904579287e-08,-2.1475119948273654e-08
2026-08-24,0.0,0.0,0.0,-586403.5896124993,0.0,-586403.5896124993,-0.0,5242954.8896125,-0.0030990531267277924,0.0,0.0,0.0
2026-08-25,0.0,0.0,0.0,-586403.5896124993,0.0,-586403.5896124993,-0.0,5242954.8896125,-0.0030990531267277924,0.0,0.0,0.0
2026-08-26,0.0,0.0,0.0,-586403.5896124993,0.0,-586403.5896124993,-0.0,5242954.8896125,-0.0030990531267277924,0.0,0.0,0.0
2026-08-27,0.0,0.0,0.0,-586403.5896124993,0.0,-586403.5896124993,-0.0,5242954.8896125,-0.0030990531267277924,0.0,0.0,0.0
2026-08-28,-3905557.4999999995,-3905557.5,3842920.0,-649041.0896124993,-62637.5,-586403.5896124993,3905557.5,5242954.8896125,-0.0033607166090673943,-0.011946984347338041,-0.01345147856526363,-0.013451478565263523
2026-08-31,3830972.5999999996,0.0,0.0,-660988.4896124994,0.0,-660988.4896124994,-0.0,5242954.8896125,-0.0034225799121121118,-0.0022787531557195984,-0.00260070182422667,-0.0026007018242266587
2026-09-01,-4005700.0,-4005700.0,4022123.0,-644565.4896124994,16423.0,-660988.4896124994,4005700.0,5242954.8896125,-0.0032697234275573784,0.003132393916365314,0.0035842689723784016,0.003584268972378322
2026-09-02,0.0,-4005700.0,4022123.0,-644565.4896124994,16423.0,-660988.4896124994,4005700.0,5242954.8896125,-0.0032697234275573784,0.0,0.0,0.0
2026-09-03,4061946.0,0.0,0.0,-604742.4896124994,0.0,-604742.4896124994,-0.0,5242954.8896125,-0.0030677110670540297,0.007595525965500588,0.008660206114775804,0.008660206114775752
2026-09-04,0.0,0.0,0.0,-604742.4896124994,0.0,-604742.4896124994,-0.0,5242954.8896125,-0.0030677110670540297,0.0,0.0,0.0
2026-09-07,-4105842.5,-4105842.5,3978318.0,-732266.9896124994,-127524.5,-604742.4896124994,4105842.5,5242954.8896125,-0.003638822566990067,-0.024323020641023527,-0.027494320872411993,-0.027494320872411965
2026-09-08,3950441.5999999996,0.0,0.0,-760143.3896124994,0.0,-760143.3896124994,-0.0,5242954.8896125,-0.0037773475515180746,-0.005316925395492056,-0.006180077322574307,-0.00618007732257424
2026-09-09,0.0,0.0,0.0,-760143.3896124994,0.0,-760143.3896124994,-0.0,5242954.8896125,-0.0037773475515180746,0.0,0.0,0.0
2026-09-10,0.0,0.0,0.0,-760143.3896124994,0.0,-760143.3896124994,-0.0,5242954.8896125,-0.0037773475515180746,0.0,0.0,0.0
2026-09-11,0.0,0.0,0.0,-760143.3896124994,0.0,-760143.3896124994,-0.0,5242954.8896125,-0.0037773475515180746,0.0,0.0,0.0
2026-09-14,0.0,0.0,0.0,-760143.3896124994,0.0,-760143.3896124994,-0.0,5242954.8896125,-0.0037773475515180746,0.0,0.0,0.0
2026-09-15,0.0,0.0,0.0,-760143.3896124994,0.0,-760143.3896124994,-0.0,5242954.8896125,-0.0037773475515180746,0.0,0.0,0.0
2026-09-16,0.0,0.0,0.0,-760143.3896124994,0.0,-760143.3896124994,-0.0,5242954.8896125,-0.0037773475515180746,0.0,0.0,0.0
2026-09-17,0.0,0.0,0.0,-760143.3896124994,0.0,-760143.3896124994,-0.0,5242954.8896125,-0.0037773475515180746,0.0,0.0,0.0
2026-09-18,0.0,0.0,0.0,-760143.3896124994,0.0,-760143.3896124994,-0.0,5242954.8896125,-0.0037773475515180746,0.0,0.0,0.0
2026-09-21,0.0,0.0,0.0,-760143.3896124994,0.0,-760143.3896124994,-0.0,5242954.8896125,-0.0037773475515180746,0.0,0.0,0.0
2026-09-22,0.0,0.0,0.0,-760143.3896124994,0.0,-760143.3896124994,-0.0,5242954.8896125,-0.0037773475515180746,0.0,0.0,0.0
2026-09-23,0.0,0.0,0.0,-760143.3896124994,0.0,-760143.3896124994,-0.0,5242954.8896125,-0.0037773475515180746,0.0,0.0,0.0
2026-09-24,0.0,0.0,0.0,-760143.3896124994,0.0,-760143.3896124994,-0.0,5242954.8896125,-0.0037773475515180746,0.0,0.0,0.0
2026-09-29,0.0,0.0,0.0,-760143.3896124994,0.0,-760143.3896124994,-0.0,5242954.8896125,-0.0037773475515180746,0.0,0.0,0.0
2026-09-30,0.0,0.0,0.0,-760143.3896124994,0.0,-760143.3896124994,-0.0,5242954.8896125,-0.0037773475515180746,0.0,0.0,0.0
2026-10-01,0.0,0.0,0.0,-760143.3896124994,0.0,-760143.3896124994,-0.0,5242954.8896125,-0.0037773475515180746,0.0,0.0,0.0
