,cashflow,entry_cost,market_value,profit_loss,unrealized,realized,position,invest,PNL/COST,return,return_pct,value_pct
2022-11-13,0.0,0.0,0.0,0.0,0.0,0.0,0.0,0.0,,,,
2022-11-14,-4938283.0398,-4938283.0398,4870159.0,-68124.03980000038,-68124.03980000038,0.0,4938283.0398,4938283.0398,-0.013795086116157367,-0.013795086116157367,-0.013795086116157318,-0.013795086116157367
2022-11-15,0.0,-4938283.0398,4948709.0,10425.960199999623,10425.960199999623,0.0,4938283.0398,4938283.0398,0.002111252051770178,0.015906338167927546,0.016128836861383666,0.016128836861383788
2022-11-16,0.0,-4938283.0398,4948709.0,10425.960199999623,10425.960199999623,0.0,4938283.0398,4938283.0398,0.002111252051770178,0.0,0.0,0.0
2022-11-17,0.0,-4938283.0398,4987986.0,49702.96019999962,49702.96019999962,0.0,4938283.0398,4938283.0398,0.01006482613479615,0.007953574083025973,0.007936817460877377,0.00793681746087717
2022-11-18,0.0,-4938283.0398,5027260.0,88976.96019999962,88976.96019999962,0.0,4938283.0398,4938283.0398,0.018017792719228824,0.007952966584432673,0.007873718971945776,0.007873718971945791
2022-11-21,0.0,-4938283.0398,5066537.0,128253.96019999962,128253.96019999962,0.0,4938283.0398,4938283.0398,0.025971366802254793,0.00795357408302597,0.007812804589378608,0.007812804589378707
2022-11-22,0.0,-4938283.0398,5125449.0,187165.96019999962,187165.96019999962,0.0,4938283.0398,4938283.0398,0.0379010191784349,0.011929652376180107,0.011627665997504755,0.011627665997504805
2022-11-23,0.0,-4938283.0398,5204000.0,265716.9601999996,265716.9601999996,0.0,4938283.0398,4938283.0398,0.05380755984589355,0.015906540667458648,0.015325681711007233,0.015325681711007172
2022-11-24,0.0,-4938283.0398,5253095.0,314811.9601999996,314811.9601999996,0.0,4938283.0398,4938283.0398,0.06374927432526213,0.009941714479368584,0.009434089162182913,0.009434089162182937
2022-11-25,0.0,-4938283.0398,5204000.0,265716.9601999996,265716.9601999996,0.0,4938283.0398,4938283.0398,0.05380755984589355,-0.009941714479368584,-0.009345918929697605,-0.009345918929697635
2022-11-28,0.0,-4938283.0398,5213818.0,275534.9601999996,275534.9601999996,0.0,4938283.0398,4938283.0398,0.055795700242236165,0.001988140396342618,0.0018866256725595942,0.0018866256725595695
2022-11-29,0.0,-4938283.0398,5243277.0,304993.9601999996,304993.9601999996,0.0,4938283.0398,4938283.0398,0.06176113392891952,0.005965433686683355,0.005650178046107346,0.005650178046107479
2022-11-30,0.0,-4938283.0398,5223639.0,285355.9601999996,285355.9601999996,0.0,4938283.0398,4938283.0398,0.05778444813717208,-0.003976685791747439,-0.0037453676393598423,-0.0037453676393598887
2022-12-01,0.0,-4938283.0398,5331646.0,393362.9601999996,393362.9601999996,0.0,4938283.0398,4938283.0398,0.07965581499272079,0.021871366855548705,0.02067658197666411,0.020676581976664162
2022-12-02,0.0,-4938283.0398,5439653.0,501369.9601999996,501369.9601999996,0.0,4938283.0398,4938283.0398,0.10152718184826948,0.02187136685554869,0.020257721536651285,0.020257721536651157
2022-12-05,0.0,-4938283.0398,5557480.0,619196.9601999996,619196.9601999996,0.0,4938283.0398,4938283.0398,0.125387094099223,0.02385991225095352,0.021660756669589,0.021660756669589033
2022-12-06,0.0,-4938283.0398,5449473.0,511189.9601999996,511189.9601999996,0.0,4938283.0398,4938283.0398,0.10351572724367429,-0.021871366855548705,-0.019434527879542585,-0.019434527879542526
2022-12-07,0.0,-4938283.0398,5341464.0,403180.9601999996,403180.9601999996,0.0,4938283.0398,4938283.0398,0.0816439553890634,-0.021871771854610894,-0.019820081684962854,-0.01982008168496293
2022-12-08,0.0,-4938283.0398,5262913.0,324629.9601999996,324629.9601999996,0.0,4938283.0398,4938283.0398,0.06573741472160476,-0.01590654066745864,-0.01470589336556416,-0.014705893365564198
2022-12-09,0.0,-4938283.0398,5272733.0,334449.9601999996,334449.9601999996,0.0,4938283.0398,4938283.0398,0.06772596011700957,0.0019885453954048143,0.001865886819713669,0.0018658868197137214
2022-12-12,0.0,-4938283.0398,5361102.0,422818.9601999996,422818.9601999996,0.0,4938283.0398,4938283.0398,0.08562064118081084,0.017894681063801265,0.016759619726620212,0.01675961972661995
2022-12-13,0.0,-4938283.0398,5253095.0,314811.9601999996,314811.9601999996,0.0,4938283.0398,4938283.0398,0.06374927432526213,-0.021871366855548705,-0.02014641765816072,-0.02014641765816058
2022-12-14,0.0,-4938283.0398,5361102.0,422818.9601999996,422818.9601999996,0.0,4938283.0398,4938283.0398,0.08562064118081084,0.021871366855548705,0.020560640917402173,0.020560640917402027
2022-12-15,0.0,-4938283.0398,5243277.0,304993.9601999996,304993.9601999996,0.0,4938283.0398,4938283.0398,0.06176113392891952,-0.023859507251891315,-0.021977757558054423,-0.021977757558054294
2022-12-16,0.0,-4938283.0398,5213818.0,275534.9601999996,275534.9601999996,0.0,4938283.0398,4938283.0398,0.055795700242236165,-0.005965433686683355,-0.0056184328998829525,-0.005618432899883031
2022-12-19,0.0,-4938283.0398,5184362.0,246078.96019999962,246078.96019999962,0.0,4938283.0398,4938283.0398,0.04983087405414611,-0.005964826188090057,-0.005649602652029628,-0.005649602652029664
2022-12-20,0.0,-4938283.0398,5282551.0,344267.9601999996,344267.9601999996,0.0,4938283.0398,4938283.0398,0.0697141005133522,0.019883226459206087,0.018939456774044627,0.018939456774044714
2022-12-21,0.0,-4938283.0398,5223639.0,285355.9601999996,285355.9601999996,0.0,4938283.0398,4938283.0398,0.05778444813717208,-0.011929652376180114,-0.011152187645703693,-0.011152187645703752
2022-12-22,0.0,-4938283.0398,5410197.0,471913.9601999996,471913.9601999996,0.0,4938283.0398,4938283.0398,0.09556235566017943,0.037777907523007345,0.03571418315852237,0.03571418315852225
2022-12-23,0.0,-4938283.0398,5321828.0,383544.9601999996,383544.9601999996,0.0,4938283.0398,4938283.0398,0.07766767459637816,-0.017894681063801265,-0.016333785997071804,-0.016333785997071824
2022-12-26,0.0,-4938283.0398,5341464.0,403180.9601999996,403180.9601999996,0.0,4938283.0398,4938283.0398,0.0816439553890634,0.003976280792685236,0.0036897096260908313,0.0036897096260908846
2022-12-27,0.0,-4938283.0398,5302190.0,363906.9601999996,363906.9601999996,0.0,4938283.0398,4938283.0398,0.07369098880463072,-0.007952966584432675,-0.007352665860895113,-0.007352665860895066
2022-12-28,0.0,-4938283.0398,5282551.0,344267.9601999996,344267.9601999996,0.0,4938283.0398,4938283.0398,0.0697141005133522,-0.003976888291278527,-0.0037039412016544038,-0.0037039412016544107
2022-12-29,0.0,-4938283.0398,5282551.0,344267.9601999996,344267.9601999996,0.0,4938283.0398,4938283.0398,0.0697141005133522,0.0,0.0,0.0
2022-12-30,0.0,-4938283.0398,5272733.0,334449.9601999996,334449.9601999996,0.0,4938283.0398,4938283.0398,0.06772596011700957,-0.0019881403963426247,-0.0018585717392979317,-0.0018585717392979263
2023-01-03,0.0,-4938283.0398,5302190.0,363906.9601999996,363906.9601999996,0.0,4938283.0398,4938283.0398,0.07369098880463072,0.005965028687621152,0.005586666345517521,0.00558666634551759
2023-01-04,0.0,-4938283.0398,5272733.0,334449.9601999996,334449.9601999996,0.0,4938283.0398,4938283.0398,0.06772596011700957,-0.005965028687621152,-0.005555628900510978,-0.005555628900510921
2023-01-05,0.0,-4938283.0398,5321828.0,383544.9601999996,383544.9601999996,0.0,4938283.0398,4938283.0398,0.07766767459637816,0.00994171447936859,0.009311110575862758,0.00931111057586265
2023-01-06,0.0,-4938283.0398,5331646.0,393362.9601999996,393362.9601999996,0.0,4938283.0398,4938283.0398,0.07965581499272079,0.0019881403963426247,0.0018448548130451936,0.0018448548130454423
2023-01-09,0.0,-4938283.0398,5400379.0,462095.9601999996,462095.9601999996,0.0,4938283.0398,4938283.0398,0.0935742152638368,0.013918400271116016,0.01289151605339156,0.012891516053391392
2023-01-10,0.0,-4938283.0398,5292369.0,354085.9601999996,354085.9601999996,0.0,4938283.0398,4938283.0398,0.0717022409096948,-0.021871974354141996,-0.02000044811669699,-0.020000448116696996
2023-01-11,0.0,-4938283.0398,5282551.0,344267.9601999996,344267.9601999996,0.0,4938283.0398,4938283.0398,0.0697141005133522,-0.001988140396342611,-0.0018551238585216012,-0.0018551238585215808
2023-01-12,0.0,-4938283.0398,5204000.0,265716.9601999996,265716.9601999996,0.0,4938283.0398,4938283.0398,0.05380755984589355,-0.015906540667458648,-0.014869899031736633,-0.01486989903173675
2023-01-13,0.0,-4938283.0398,5262913.0,324629.9601999996,324629.9601999996,0.0,4938283.0398,4938283.0398,0.06573741472160476,0.011929854875711209,0.011320714834742507,0.011320714834742505
2023-01-16,0.0,-4938283.0398,5282551.0,344267.9601999996,344267.9601999996,0.0,4938283.0398,4938283.0398,0.0697141005133522,0.003976685791747439,0.003731393621745127,0.00373139362174522
2023-01-17,0.0,-4938283.0398,5262913.0,324629.9601999996,324629.9601999996,0.0,4938283.0398,4938283.0398,0.06573741472160476,-0.003976685791747439,-0.0037175220835539147,-0.00371752208355395
2023-01-30,0.0,-4938283.0398,5498566.0,560282.9601999996,560282.9601999996,0.0,4938283.0398,4938283.0398,0.11345703672398069,0.047719622002375936,0.04477615343441932,0.044776153434419305
2023-01-31,0.0,-4938283.0398,5341464.0,403180.9601999996,403180.9601999996,0.0,4938283.0398,4938283.0398,0.0816439553890634,-0.031813081334917295,-0.02857144935606848,-0.028571449356068472
2023-02-01,0.0,-4938283.0398,5400379.0,462095.9601999996,462095.9601999996,0.0,4938283.0398,4938283.0398,0.0935742152638368,0.011930259874773405,0.0110297476497081,0.01102974764970802
2023-02-02,0.0,-4938283.0398,5469109.0,530825.9601999996,530825.9601999996,0.0,4938283.0398,4938283.0398,0.10749200803635953,0.013917792772522725,0.012726884539029593,0.012726884539029575
2023-02-03,0.0,-4938283.0398,5459291.0,521007.9601999996,521007.9601999996,0.0,4938283.0398,4938283.0398,0.10550386764001692,-0.001988140396342611,-0.0017951735831193139,-0.0017951735831192978
2023-02-06,0.0,-4938283.0398,5420015.0,481731.9601999996,481731.9601999996,0.0,4938283.0398,4938283.0398,0.09755049605652204,-0.007953371583494878,-0.007194340803595045,-0.007194340803595192
2023-02-07,0.0,-4938283.0398,5459291.0,521007.9601999996,521007.9601999996,0.0,4938283.0398,4938283.0398,0.10550386764001692,0.007953371583494878,0.007246474410126158,0.007246474410126171
2023-02-08,0.0,-4938283.0398,5449473.0,511189.9601999996,511189.9601999996,0.0,4938283.0398,4938283.0398,0.10351572724367429,-0.0019881403963426247,-0.001798402026929935,-0.0017984020269298706
2023-02-09,0.0,-4938283.0398,5420015.0,481731.9601999996,481731.9601999996,0.0,4938283.0398,4938283.0398,0.09755049605652204,-0.005965231187152253,-0.0054056603271543935,-0.00540566032715457
2023-02-10,0.0,-4938283.0398,5302190.0,363906.9601999996,363906.9601999996,0.0,4938283.0398,4938283.0398,0.07369098880463072,-0.023859507251891315,-0.0217388697263754,-0.021738869726375298
2023-02-13,0.0,-4938283.0398,5390558.0,452274.9601999996,452274.9601999996,0.0,4938283.0398,4938283.0398,0.09158546736890089,0.017894478564270164,0.016666320897591458,0.01666632089759137
2023-02-14,0.0,-4938283.0398,5429835.0,491551.9601999996,491551.9601999996,0.0,4938283.0398,4938283.0398,0.09953904145192687,0.00795357408302598,0.007286258676745483,0.0072862586767455245
2023-02-15,0.0,-4938283.0398,5420015.0,481731.9601999996,481731.9601999996,0.0,4938283.0398,4938283.0398,0.09755049605652204,-0.0019885453954048282,-0.001808526410102651,-0.0018085264101027011
2023-02-16,0.0,-4938283.0398,5459291.0,521007.9601999996,521007.9601999996,0.0,4938283.0398,4938283.0398,0.10550386764001692,0.007953371583494878,0.007246474410126158,0.007246474410126171
2023-02-17,0.0,-4938283.0398,5488748.0,550464.9601999996,550464.9601999996,0.0,4938283.0398,4938283.0398,0.11146889632763807,0.005965028687621152,0.00539575560269645,0.005395755602696394
2023-02-20,0.0,-4938283.0398,5459291.0,521007.9601999996,521007.9601999996,0.0,4938283.0398,4938283.0398,0.10550386764001692,-0.005965028687621152,-0.005366797674077994,-0.00536679767407795
2023-02-21,0.0,-4938283.0398,5488748.0,550464.9601999996,550464.9601999996,0.0,4938283.0398,4938283.0398,0.11146889632763807,0.005965028687621152,0.00539575560269645,0.005395755602696394
2023-02-22,0.0,-4938283.0398,5488748.0,550464.9601999996,550464.9601999996,0.0,4938283.0398,4938283.0398,0.11146889632763807,0.0,0.0,0.0
2023-02-23,0.0,-4938283.0398,5508386.0,570102.9601999996,570102.9601999996,0.0,4938283.0398,4938283.0398,0.1154455821193855,0.003976685791747439,0.0035778651160520702,0.0035778651160519666
2023-02-24,0.0,-4938283.0398,5459291.0,521007.9601999996,521007.9601999996,0.0,4938283.0398,4938283.0398,0.10550386764001692,-0.00994171447936859,-0.008912774086638264,-0.008912774086638082
2023-03-01,0.0,-4938283.0398,5420015.0,481731.9601999996,481731.9601999996,0.0,4938283.0398,4938283.0398,0.09755049605652204,-0.007953371583494878,-0.007194340803595045,-0.007194340803595192
2023-03-02,0.0,-4938283.0398,5518204.0,579920.9601999996,579920.9601999996,0.0,4938283.0398,4938283.0398,0.11743372251572812,0.01988322645920608,0.018116001523980962,0.01811600152398102
2023-03-03,0.0,-4938283.0398,5577116.0,638832.9601999996,638832.9601999996,0.0,4938283.0398,4938283.0398,0.12936337489190822,0.0119296523761801,0.010675937315836936,0.01067593731583682
2023-03-06,0.0,-4938283.0398,5626211.0,687927.9601999996,687927.9601999996,0.0,4938283.0398,4938283.0398,0.1393050893712768,0.00994171447936859,0.00880293685840483,0.008802936858404954
2023-03-07,0.0,-4938283.0398,5685126.0,746842.9601999996,746842.9601999996,0.0,4938283.0398,4938283.0398,0.15123534924605023,0.011930259874773419,0.010471523375145342,0.010471523375145368
2023-03-08,0.0,-4938283.0398,5645849.0,707565.9601999996,707565.9601999996,0.0,4938283.0398,4938283.0398,0.14328177516302426,-0.007953574083025966,-0.006908729903259969,-0.00690872990325984
2023-03-09,0.0,-4938283.0398,5606575.0,668291.9601999996,668291.9601999996,0.0,4938283.0398,4938283.0398,0.1353288085785916,-0.007952966584432675,-0.006956261139821507,-0.006956261139821487
2023-03-10,0.0,-4938283.0398,5753856.0,815572.9601999996,815572.9601999996,0.0,4938283.0398,4938283.0398,0.16515314201857295,0.029824333439981365,0.026269335556913243,0.02626933555691309
2023-03-13,0.0,-4938283.0398,5223639.0,285355.9601999996,285355.9601999996,0.0,4938283.0398,4938283.0398,0.05778444813717208,-0.10736869388140087,-0.09214985567939138,-0.09214985567939135
2023-03-14,0.0,-4938283.0398,5125449.0,187165.96019999962,187165.96019999962,0.0,4938283.0398,4938283.0398,0.0379010191784349,-0.01988342895873718,-0.018797240774104162,-0.01879724077410403
2023-03-15,0.0,-4938283.0398,5135267.0,196983.96019999962,196983.96019999962,0.0,4938283.0398,4938283.0398,0.03988915957477752,0.001988140396342618,0.001915539497125085,0.0019155394971250323
2023-03-16,0.0,-4938283.0398,5164726.0,226442.96019999962,226442.96019999962,0.0,4938283.0398,4938283.0398,0.04585459326146087,0.005965433686683355,0.005736605321592814,0.005736605321592821
2023-03-17,0.0,-4938283.0398,5321828.0,383544.9601999996,383544.9601999996,0.0,4938283.0398,4938283.0398,0.07766767459637816,0.03181308133491729,0.030418264202205503,0.0304182642022055
2023-03-20,0.0,-4938283.0398,5223639.0,285355.9601999996,285355.9601999996,0.0,4938283.0398,4938283.0398,0.05778444813717208,-0.01988322645920608,-0.018450239278684055,-0.01845023927868394
2023-03-21,0.0,-4938283.0398,5272733.0,334449.9601999996,334449.9601999996,0.0,4938283.0398,4938283.0398,0.06772596011700957,0.009941511979837489,0.009398428949626725,0.00939842894962688
2023-03-22,0.0,-4938283.0398,5282551.0,344267.9601999996,344267.9601999996,0.0,4938283.0398,4938283.0398,0.0697141005133522,0.0019881403963426247,0.001862032460206109,0.0018620324602061208
2023-03-23,0.0,-4938283.0398,5292369.0,354085.9601999996,354085.9601999996,0.0,4938283.0398,4938283.0398,0.0717022409096948,0.001988140396342611,0.0018585717392980428,0.0018585717392979263
2023-03-24,0.0,-4938283.0398,5302190.0,363906.9601999996,363906.9601999996,0.0,4938283.0398,4938283.0398,0.07369098880463072,0.001988747894935916,0.0018556907124200883,0.00185569071242009
2023-03-27,0.0,-4938283.0398,5292369.0,354085.9601999996,354085.9601999996,0.0,4938283.0398,4938283.0398,0.0717022409096948,-0.001988747894935916,-0.0018522535027978293,-0.0018522535027979004
2023-03-28,0.0,-4938283.0398,5272733.0,334449.9601999996,334449.9601999996,0.0,4938283.0398,4938283.0398,0.06772596011700957,-0.003976280792685236,-0.0037102477170432024,-0.0037102477170431617
2023-03-29,0.0,-4938283.0398,5331646.0,393362.9601999996,393362.9601999996,0.0,4938283.0398,4938283.0398,0.07965581499272079,0.011929854875711216,0.011173143036068645,0.011173143036068771
2023-03-30,0.0,-4938283.0398,5351284.0,413000.9601999996,413000.9601999996,0.0,4938283.0398,4938283.0398,0.08363250078446821,0.003976685791747425,0.0036832903009691442,0.003683290300968969
2023-03-31,0.0,-4938283.0398,5351284.0,413000.9601999996,413000.9601999996,0.0,4938283.0398,4938283.0398,0.08363250078446821,0.0,0.0,0.0
2023-04-06,0.0,-4938283.0398,5312007.0,373723.9601999996,373723.9601999996,0.0,4938283.0398,4938283.0398,0.07567892670144225,-0.007953574083025966,-0.007339733790993064,-0.007339733790992966
2023-04-07,0.0,-4938283.0398,5302190.0,363906.9601999996,363906.9601999996,0.0,4938283.0398,4938283.0398,0.07369098880463072,-0.001987937896811523,-0.0018480773839341103,-0.0018480773839341703
2023-04-10,0.0,-4938283.0398,5321828.0,383544.9601999996,383544.9601999996,0.0,4938283.0398,4938283.0398,0.07766767459637816,0.003976685791747439,0.003703752600340726,0.003703752600340614
2023-04-11,0.0,-4938283.0398,5370922.0,432638.9601999996,432638.9601999996,0.0,4938283.0398,4938283.0398,0.08760918657621565,0.009941511979837489,0.009225025686662391,0.009225025686662553
2023-04-12,0.0,-4938283.0398,5469109.0,530825.9601999996,530825.9601999996,0.0,4938283.0398,4938283.0398,0.10749200803635953,0.019882821460143876,0.01828121875536448,0.018281218755364537
2023-04-13,0.0,-4938283.0398,5410197.0,471913.9601999996,471913.9601999996,0.0,4938283.0398,4938283.0398,0.09556235566017943,-0.0119296523761801,-0.01077177287927511,-0.010771772879275216
2023-04-14,0.0,-4938283.0398,5449473.0,511189.9601999996,511189.9601999996,0.0,4938283.0398,4938283.0398,0.10351572724367429,0.007953371583494864,0.007259624741945414,0.007259624741945626
2023-04-17,0.0,-4938283.0398,5518204.0,579920.9601999996,579920.9601999996,0.0,4938283.0398,4938283.0398,0.11743372251572812,0.013917995272053826,0.012612412246101545,0.012612412246101596
2023-04-18,0.0,-4938283.0398,5469109.0,530825.9601999996,530825.9601999996,0.0,4938283.0398,4938283.0398,0.10749200803635953,-0.00994171447936859,-0.008896916460500504,-0.008896916460500554
2023-04-19,0.0,-4938283.0398,5469109.0,530825.9601999996,530825.9601999996,0.0,4938283.0398,4938283.0398,0.10749200803635953,0.0,0.0,0.0
2023-04-20,0.0,-4938283.0398,5429835.0,491551.9601999996,491551.9601999996,0.0,4938283.0398,4938283.0398,0.09953904145192687,-0.00795296658443266,-0.007181060022756869,-0.007181060022756906
2023-04-21,0.0,-4938283.0398,5420015.0,481731.9601999996,481731.9601999996,0.0,4938283.0398,4938283.0398,0.09755049605652204,-0.0019885453954048282,-0.001808526410102651,-0.0018085264101027011
2023-04-24,0.0,-4938283.0398,5469109.0,530825.9601999996,530825.9601999996,0.0,4938283.0398,4938283.0398,0.10749200803635953,0.009941511979837489,0.009057908511323154,0.009057908511323308
2023-04-25,0.0,-4938283.0398,5459291.0,521007.9601999996,521007.9601999996,0.0,4938283.0398,4938283.0398,0.10550386764001692,-0.001988140396342611,-0.0017951735831193139,-0.0017951735831192978
2023-04-26,0.0,-4938283.0398,5410197.0,471913.9601999996,471913.9601999996,0.0,4938283.0398,4938283.0398,0.09556235566017943,-0.009941511979837489,-0.00899274283052498,-0.008992742830525063
2023-04-27,0.0,-4938283.0398,5498566.0,560282.9601999996,560282.9601999996,0.0,4938283.0398,4938283.0398,0.11345703672398069,0.017894681063801265,0.016333785997071804,0.016333785997071824
2023-04-28,0.0,-4938283.0398,5547660.0,609376.9601999996,609376.9601999996,0.0,4938283.0398,4938283.0398,0.12339854870381818,0.009941511979837489,0.008928509724171807,0.00892850972417172
2023-05-02,0.0,-4938283.0398,5616393.0,678109.9601999996,678109.9601999996,0.0,4938283.0398,4938283.0398,0.1373169489749342,0.01391840027111603,0.012389548025653951,0.012389548025654059
2023-05-03,0.0,-4938283.0398,5645849.0,707565.9601999996,707565.9601999996,0.0,4938283.0398,4938283.0398,0.14328177516302426,0.00596482618809005,0.005244647231773092,0.005244647231773133
2023-05-04,0.0,-4938283.0398,5734220.0,795936.9601999996,795936.9601999996,0.0,4938283.0398,4938283.0398,0.16117686122588773,0.01789508606286347,0.015652384610357117,0.015652384610357097
2023-05-05,0.0,-4938283.0398,5675306.0,737022.9601999996,737022.9601999996,0.0,4938283.0398,4938283.0398,0.1492468038506454,-0.011930057375242331,-0.010274108771550439,-0.010274108771550446
2023-05-08,0.0,-4938283.0398,5665488.0,727204.9601999996,727204.9601999996,0.0,4938283.0398,4938283.0398,0.1472586634543028,-0.001988140396342597,-0.0017299507726984409,-0.0017299507726984238
2023-05-09,0.0,-4938283.0398,5734220.0,795936.9601999996,795936.9601999996,0.0,4938283.0398,4938283.0398,0.16117686122588773,0.013918197771584928,0.012131699864160073,0.01213169986415998
2023-05-10,0.0,-4938283.0398,5724400.0,786116.9601999996,786116.9601999996,0.0,4938283.0398,4938283.0398,0.1591883158304829,-0.0019885453954048282,-0.0017125258535597432,-0.0017125258535598564
2023-05-11,0.0,-4938283.0398,5626211.0,687927.9601999996,687927.9601999996,0.0,4938283.0398,4938283.0398,0.1393050893712768,-0.019883226459206094,-0.017152714694989912,-0.017152714694989867
2023-05-12,0.0,-4938283.0398,5528024.0,589740.9601999996,589740.9601999996,0.0,4938283.0398,4938283.0398,0.11942226791113295,-0.019882821460143862,-0.01745170950751762,-0.017451709507517583
2023-05-15,0.0,-4938283.0398,5960053.0,1021769.9601999996,1021769.9601999996,0.0,4938283.0398,4938283.0398,0.20690793783285882,0.08748566992172588,0.07815251887473718,0.07815251887473716
2023-05-16,0.0,-4938283.0398,5960053.0,1021769.9601999996,1021769.9601999996,0.0,4938283.0398,4938283.0398,0.20690793783285882,0.0,0.0,0.0
2023-05-17,0.0,-4938283.0398,5960053.0,1021769.9601999996,1021769.9601999996,0.0,4938283.0398,4938283.0398,0.20690793783285882,0.0,0.0,0.0
2023-05-18,0.0,-4938283.0398,6048424.0,1110140.9601999996,1110140.9601999996,0.0,4938283.0398,4938283.0398,0.2248030238957223,0.01789508606286347,0.014827217140518822,0.014827217140518717
2023-05-19,0.0,-4938283.0398,6048424.0,1110140.9601999996,1110140.9601999996,0.0,4938283.0398,4938283.0398,0.2248030238957223,0.0,0.0,0.0
2023-05-22,0.0,-4938283.0398,6018968.0,1080684.9601999996,1080684.9601999996,0.0,4938283.0398,4938283.0398,0.21883819770763224,-0.00596482618809005,-0.004870028952996708,-0.004870028952996682
2023-05-23,0.0,-4938283.0398,6028786.0,1090502.9601999996,1090502.9601999996,0.0,4938283.0398,4938283.0398,0.22082633810397487,0.0019881403963426247,0.0016311766402477001,0.0016311766402479627
2023-05-24,0.0,-4938283.0398,6048424.0,1110140.9601999996,1110140.9601999996,0.0,4938283.0398,4938283.0398,0.2248030238957223,0.003976685791747425,0.003257372213908427,0.0032573722139084054
2023-05-25,0.0,-4938283.0398,5979691.0,1041407.9601999996,1041407.9601999996,0.0,4938283.0398,4938283.0398,0.21088462362460628,-0.013918400271116016,-0.011363786665749664,-0.011363786665749623
2023-05-26,0.0,-4938283.0398,6058242.0,1119958.9601999996,1119958.9601999996,0.0,4938283.0398,4938283.0398,0.22679116429206492,0.01590654066745864,0.013136297511025186,0.013136297511025236
2023-05-29,0.0,-4938283.0398,5960053.0,1021769.9601999996,1021769.9601999996,0.0,4938283.0398,4938283.0398,0.20690793783285882,-0.019883226459206094,-0.01620750706227969,-0.016207507062279785
2023-05-30,0.0,-4938283.0398,5969873.0,1031589.9601999996,1031589.9601999996,0.0,4938283.0398,4938283.0398,0.20889648322826365,0.0019885453954048282,0.001647636354911608,0.001647636354911609
2023-05-31,0.0,-4938283.0398,5989509.0,1051225.9601999996,1051225.9601999996,0.0,4938283.0398,4938283.0398,0.21287276402094887,0.003976280792685222,0.003289182198683349,0.0032891821986832884
2023-06-01,0.0,-4938283.0398,6009147.0,1070863.9601999996,1070863.9601999996,0.0,4938283.0398,4938283.0398,0.21684944981269633,0.003976685791747453,0.0032787328644132696,0.003278732864413427
2023-06-02,0.0,-4938283.0398,6185887.0,1247603.9601999996,1247603.9601999996,0.0,4938283.0398,4938283.0398,0.25263921693936103,0.03578976712666471,0.02941182833437095,0.029411828334370917
2023-06-05,0.0,-4938283.0398,6156431.0,1218147.9601999996,1218147.9601999996,0.0,4938283.0398,4938283.0398,0.24667439075127098,-0.00596482618809005,-0.004761806997121032,-0.004761806997121028
2023-06-06,0.0,-4938283.0398,6146613.0,1208329.9601999996,1208329.9601999996,0.0,4938283.0398,4938283.0398,0.2446862503549284,-0.001988140396342597,-0.0015947551430366413,-0.0015947551430366069
2023-06-07,0.0,-4938283.0398,6176069.0,1237785.9601999996,1237785.9601999996,0.0,4938283.0398,4938283.0398,0.25065107654301844,0.00596482618809005,0.004792232730448598,0.00479223273044846
2023-06-08,0.0,-4938283.0398,6166249.0,1227965.9601999996,1227965.9601999996,0.0,4938283.0398,4938283.0398,0.2486625311476136,-0.0019885453954048282,-0.001590008142720034,-0.0015900081427199081
2023-06-09,0.0,-4938283.0398,6185887.0,1247603.9601999996,1247603.9601999996,0.0,4938283.0398,4938283.0398,0.25263921693936103,0.003976685791747425,0.0031847562432201215,0.003184756243220149
2023-06-12,0.0,-4938283.0398,6372445.0,1434161.9601999996,1434161.9601999996,0.0,4938283.0398,4938283.0398,0.2904171244623684,0.03777790752300736,0.030158649842779273,0.030158649842779217
2023-06-13,0.0,-4938283.0398,6284077.0,1345793.9601999996,1345793.9601999996,0.0,4938283.0398,4938283.0398,0.2725226458980982,-0.017894478564270178,-0.013867204816989331,-0.013867204816989397
2023-06-14,0.0,-4938283.0398,6234982.0,1296698.9601999996,1296698.9601999996,0.0,4938283.0398,4938283.0398,0.2625809314187296,-0.00994171447936859,-0.00781260318738941,-0.007812603187389333
2023-06-15,0.0,-4938283.0398,6274256.0,1335972.9601999996,1335972.9601999996,0.0,4938283.0398,4938283.0398,0.2705338980031623,0.007952966584432675,0.006298975682688557,0.006298975682688418
2023-06-16,0.0,-4938283.0398,6215344.0,1277060.9601999996,1277060.9601999996,0.0,4938283.0398,4938283.0398,0.2586042456269822,-0.0119296523761801,-0.009389479804458256,-0.00938947980445809
2023-06-19,0.0,-4938283.0398,6107337.0,1169053.9601999996,1169053.9601999996,0.0,4938283.0398,4938283.0398,0.2367328787714335,-0.02187136685554869,-0.0173774774171791,-0.01737747741717916
2023-06-20,0.0,-4938283.0398,6087698.0,1149414.9601999996,1149414.9601999996,0.0,4938283.0398,4938283.0398,0.23275599048015497,-0.003976888291278541,-0.003215640466540437,-0.0032156404665404903
2023-06-21,0.0,-4938283.0398,6176069.0,1237785.9601999996,1237785.9601999996,0.0,4938283.0398,4938283.0398,0.25065107654301844,0.01789508606286347,0.014516324561435257,0.01451632456143521
2023-06-26,0.0,-4938283.0398,6303715.0,1365431.9601999996,1365431.9601999996,0.0,4938283.0398,4938283.0398,0.27649933168984564,0.025848255146827204,0.02066783904130598,0.02066783904130605
2023-06-27,0.0,-4938283.0398,6195705.0,1257421.9601999996,1257421.9601999996,0.0,4938283.0398,4938283.0398,0.2546273573357037,-0.021871974354141954,-0.01713434062295016,-0.017134340622950116
2023-06-28,0.0,-4938283.0398,6205526.0,1267242.9601999996,1267242.9601999996,0.0,4938283.0398,4938283.0398,0.2566161052306396,0.001988747894935916,0.001585130344327279,0.0015851303443272396
2023-06-29,0.0,-4938283.0398,6166249.0,1227965.9601999996,1227965.9601999996,0.0,4938283.0398,4938283.0398,0.2486625311476136,-0.007953574083025994,-0.006329358703839105,-0.006329358703839127
2023-06-30,0.0,-4938283.0398,6176069.0,1237785.9601999996,1237785.9601999996,0.0,4938283.0398,4938283.0398,0.25065107654301844,0.0019885453954048282,0.001592540294756306,0.00159254029475618
2023-07-03,0.0,-4938283.0398,6136793.0,1198509.9601999996,1198509.9601999996,0.0,4938283.0398,4938283.0398,0.24269770495952356,-0.007953371583494878,-0.006359384909721766,-0.006359384909721702
2023-07-04,0.0,-4938283.0398,6054280.0,1115996.9601999996,1115996.9601999996,0.0,4938283.0398,4938283.0398,0.22598886114984557,-0.016708843809677992,-0.013445622167800098,-0.013445622167800021
2023-07-05,0.0,-4938283.0398,6116163.0,1177879.9601999996,1177879.9601999996,0.0,4938283.0398,4938283.0398,0.23852013963292465,0.012531278483079084,0.010221364059805671,0.010221364059805626
2023-07-06,0.0,-4938283.0398,6188360.0,1250076.9601999996,1250076.9601999996,0.0,4938283.0398,4938283.0398,0.25313999827977207,0.014619858646847422,0.011804296255675473,0.01180429625567533
2023-07-07,0.0,-4938283.0398,6043965.0,1105681.9601999996,1105681.9601999996,0.0,4938283.0398,4938283.0398,0.2239000784865461,-0.02923991979322596,-0.023333322560419978,-0.023333322560419884
2023-07-10,0.0,-4938283.0398,6023338.0,1085054.9601999996,1085054.9601999996,0.0,4938283.0398,4938283.0398,0.2197231206585405,-0.0041769578280056174,-0.0034128258519033894,-0.0034128258519035104
2023-07-11,0.0,-4938283.0398,6105848.0,1167564.9601999996,1167564.9601999996,0.0,4938283.0398,4938283.0398,0.23643135696962517,0.016708236311084673,0.013698384517023543,0.013698384517023618
2023-07-12,0.0,-4938283.0398,6116163.0,1177879.9601999996,1177879.9601999996,0.0,4938283.0398,4938283.0398,0.23852013963292465,0.002088782663299482,0.001689364032645413,0.0016893640326454246
2023-07-13,0.0,-4938283.0398,6095535.0,1157251.9601999996,1157251.9601999996,0.0,4938283.0398,4938283.0398,0.23434297930538792,-0.004177160327536733,-0.003372702787679094,-0.003372702787679138
2023-07-14,0.0,-4938283.0398,6147105.0,1208821.9601999996,1208821.9601999996,0.0,4938283.0398,4938283.0398,0.24478588012422972,0.010442900818841805,0.008460291016292976,0.008460291016293073
2023-07-17,0.0,-4938283.0398,6178045.0,1239761.9601999996,1239761.9601999996,0.0,4938283.0398,4938283.0398,0.2510512156164726,0.006265335492242868,0.0050332636257228724,0.0050332636257230026
2023-07-18,0.0,-4938283.0398,6322440.0,1384156.9601999996,1384156.9601999996,0.0,4938283.0398,4938283.0398,0.2802911354096985,0.029239919793225932,0.02337228038967032,0.023372280389670194
2023-07-19,0.0,-4938283.0398,6147105.0,1208821.9601999996,1208821.9601999996,0.0,4938283.0398,4938283.0398,0.24478588012422972,-0.0355052552854688,-0.027732173021808082,-0.027732173021808037
2023-07-20,0.0,-4938283.0398,6250243.0,1311959.9601999996,1311959.9601999996,0.0,4938283.0398,4938283.0398,0.2656712767628511,0.020885396638621406,0.016778304584027737,0.016778304584027764
2023-07-21,0.0,-4938283.0398,6869080.0,1930796.9601999996,1930796.9601999996,0.0,4938283.0398,4938283.0398,0.3909854790903594,0.12531420232750828,0.09901007048845956,0.0990100704884594
2023-07-24,0.0,-4938283.0398,7549800.0,2611516.9601999996,2611516.9601999996,0.0,4938283.0398,4938283.0398,0.5288309599009468,0.13784548081058734,0.09909915156032545,0.0990991515603254
2023-07-25,0.0,-4938283.0398,7580741.0,2642457.9601999996,2642457.9601999996,0.0,4938283.0398,4938283.0398,0.5350964978927207,0.006265537991773984,0.004098254258390721,0.004098254258390951
2023-07-26,0.0,-4938283.0398,7570428.0,2632144.9601999996,2632144.9601999996,0.0,4938283.0398,4938283.0398,0.5330081202284835,-0.0020883776642371954,-0.0013604210986761789,-0.0013604210986762376
2023-07-27,0.0,-4938283.0398,7343520.0,2405236.9601999996,2405236.9601999996,0.0,4938283.0398,4938283.0398,0.4870593566255796,-0.04594876360290395,-0.02997294208464829,-0.02997294208464832
2023-07-28,0.0,-4938283.0398,8003613.0,3065329.9601999996,3065329.9601999996,0.0,4938283.0398,4938283.0398,0.6207278796081613,0.13366852298258175,0.08988781946532454,0.08988781946532454
2023-07-31,0.0,-4938283.0398,7508543.0,2570259.9601999996,2570259.9601999996,0.0,4938283.0398,4938283.0398,0.5204764367463423,-0.10025144286181908,-0.06185581436783627,-0.061855814367836125
2023-08-01,0.0,-4938283.0398,7673568.0,2735284.9601999996,2735284.9601999996,0.0,4938283.0398,4938283.0398,0.5538939218661671,0.0334174851198249,0.02197829858602396,0.021978298586023945
2023-08-02,0.0,-4938283.0398,7456975.0,2518691.9601999996,2518691.9601999996,0.0,4938283.0398,4938283.0398,0.5100339409265626,-0.043859980939604526,-0.02822585269329736,-0.028225852693297304
2023-08-04,0.0,-4938283.0398,7467288.0,2529004.9601999996,2529004.9601999996,0.0,4938283.0398,4938283.0398,0.5121223185907999,0.0020883776642373064,0.0013830004794168627,0.0013830004794169216
2023-08-07,0.0,-4938283.0398,7642625.0,2704341.9601999996,2704341.9601999996,0.0,4938283.0398,4938283.0398,0.5476279788753309,0.03550566028453095,0.02348068000055714,0.023480680000557096
2023-08-08,0.0,-4938283.0398,7756078.0,2817794.9601999996,2817794.9601999996,0.0,4938283.0398,4938283.0398,0.5706021581772518,0.022974179301920916,0.014844768649515006,0.014844768649515056
2023-08-09,0.0,-4938283.0398,7817963.0,2879679.9601999996,2879679.9601999996,0.0,4938283.0398,4938283.0398,0.5831338416593931,0.012531683482141287,0.007978903770694323,0.007978903770694415
2023-08-10,0.0,-4938283.0398,7601370.0,2663086.9601999996,2663086.9601999996,0.0,4938283.0398,4938283.0398,0.5392738607197886,-0.043859980939604526,-0.027704531218681994,-0.0277045312186819
2023-08-11,0.0,-4938283.0398,7591055.0,2652771.9601999996,2652771.9601999996,0.0,4938283.0398,4938283.0398,0.5371850780564892,-0.002088782663299371,-0.0013569922264010659,-0.0013569922264012936
2023-08-14,0.0,-4938283.0398,7652938.0,2714654.9601999996,2714654.9601999996,0.0,4938283.0398,4938283.0398,0.5497163565395682,0.012531278483079,0.008152094801051835,0.008152094801052027
2023-08-15,0.0,-4938283.0398,7941728.0,3003444.9601999996,3003444.9601999996,0.0,4938283.0398,4938283.0398,0.60819619612602,0.058479839586451865,0.03773583426391269,0.03773583426391276
2023-08-16,0.0,-4938283.0398,8034555.0,3096271.9601999996,3096271.9601999996,0.0,4938283.0398,4938283.0398,0.6269936200994665,0.018797423973446414,0.011688514136973804,0.011688514136973716
2023-08-17,0.0,-4938283.0398,8117066.0,3178782.9601999996,3178782.9601999996,0.0,4938283.0398,4938283.0398,0.6437020589100821,0.016708438810615678,0.01026951710455637,0.010269517104556506
2023-08-18,0.0,-4938283.0398,7921101.0,2982817.9601999996,2982817.9601999996,0.0,4938283.0398,4938283.0398,0.6040192382980144,-0.03968282061206774,-0.024142344044017938,-0.024142344044017876
2023-08-21,0.0,-4938283.0398,7962358.0,3024074.9601999996,3024074.9601999996,0.0,4938283.0398,4938283.0398,0.612373761452619,0.00835452315460461,0.005208493112258017,0.005208493112258006
2023-08-22,0.0,-4938283.0398,8148008.0,3209724.9601999996,3209724.9601999996,0.0,4938283.0398,4938283.0398,0.6499677994013873,0.037594037948768255,0.02331595740859682,0.0233159574085968
2023-08-23,0.0,-4938283.0398,8550251.0,3611967.9601999996,3611967.9601999996,0.0,4938283.0398,4938283.0398,0.73142181828976,0.08145401888837278,0.04936703547664667,0.04936703547664656
2023-08-24,0.0,-4938283.0398,8828728.0,3890444.9601999996,3890444.9601999996,0.0,4938283.0398,4938283.0398,0.7878132802119746,0.05639146192221456,0.032569453224238654,0.03256945322423868
2023-08-25,0.0,-4938283.0398,8519310.0,3581026.9601999996,3581026.9601999996,0.0,4938283.0398,4938283.0398,0.7251562802979861,-0.06265699991398854,-0.03504672473769721,-0.03504672473769721
2023-08-28,0.0,-4938283.0398,8354286.0,3416002.9601999996,3416002.9601999996,0.0,4938283.0398,4938283.0398,0.6917389976776923,-0.03341728262029375,-0.019370582828891036,-0.01937058282889107
2023-08-29,0.0,-4938283.0398,8354286.0,3416002.9601999996,3416002.9601999996,0.0,4938283.0398,4938283.0398,0.6917389976776923,0.0,0.0,0.0
2023-08-30,0.0,-4938283.0398,8313031.0,3374747.9601999996,3374747.9601999996,0.0,4938283.0398,4938283.0398,0.68338487952215,-0.008354118155542323,-0.004938183825643594,-0.004938183825643508
2023-08-31,0.0,-4938283.0398,8302718.0,3364434.9601999996,3364434.9601999996,0.0,4938283.0398,4938283.0398,0.6812965018579127,-0.0020883776642373064,-0.0012405824061043624,-0.0012405824061043438
2023-09-01,0.0,-4938283.0398,8251148.0,3312864.9601999996,3312864.9601999996,0.0,4938283.0398,4938283.0398,0.6708536010390709,-0.010442900818841805,-0.0062112190249024035,-0.006211219024902448
2023-09-04,0.0,-4938283.0398,8251148.0,3312864.9601999996,3312864.9601999996,0.0,4938283.0398,4938283.0398,0.6708536010390709,0.0,0.0,0.0
2023-09-05,0.0,-4938283.0398,8127380.0,3189096.9601999996,3189096.9601999996,0.0,4938283.0398,4938283.0398,0.6457906390738506,-0.025062961965220287,-0.015000094532300223,-0.015000094532300232
2023-09-06,0.0,-4938283.0398,8323345.0,3385061.9601999996,3385061.9601999996,0.0,4938283.0398,4938283.0398,0.6854734596859183,0.03968282061206774,0.024111706355553597,0.024111706355553698
2023-09-07,0.0,-4938283.0398,8271776.0,3333492.9601999996,3333492.9601999996,0.0,4938283.0398,4938283.0398,0.6750307613666076,-0.010442698319310773,-0.0061957061734194685,-0.006195706173419461
2023-09-08,0.0,-4938283.0398,8323345.0,3385061.9601999996,3385061.9601999996,0.0,4938283.0398,4938283.0398,0.6854734596859183,0.010442698319310773,0.006234332264316578,0.006234332264316635
2023-09-11,0.0,-4938283.0398,7838590.0,2900306.9601999996,2900306.9601999996,0.0,4938283.0398,4938283.0398,0.5873107994873987,-0.0981626601985196,-0.05824040695177235,-0.05824040695177239
2023-09-12,0.0,-4938283.0398,7498230.0,2559946.9601999996,2559946.9601999996,0.0,4938283.0398,4938283.0398,0.518388059082105,-0.06892274040529378,-0.043421074453441344,-0.04342107445344125
2023-09-13,0.0,-4938283.0398,7621998.0,2683714.9601999996,2683714.9601999996,0.0,4938283.0398,4938283.0398,0.5434510210473253,0.0250629619652204,0.01650629548573468,0.016506295485734634
2023-09-14,0.0,-4938283.0398,7704508.0,2766224.9601999996,2766224.9601999996,0.0,4938283.0398,4938283.0398,0.56015925735841,0.016708236311084645,0.010825245558972796,0.010825245558972857
2023-09-15,0.0,-4938283.0398,7560113.0,2621829.9601999996,2621829.9601999996,0.0,4938283.0398,4938283.0398,0.5309193375651841,-0.029239919793225932,-0.01874162503303256,-0.01874162503303261
2023-09-18,0.0,-4938283.0398,7415718.0,2477434.9601999996,2477434.9601999996,0.0,4938283.0398,4938283.0398,0.5016794177719581,-0.029239919793225932,-0.019099582241694057,-0.019099582241694005
2023-09-19,0.0,-4938283.0398,7436346.0,2498062.9601999996,2498062.9601999996,0.0,4938283.0398,4938283.0398,0.5058565780994948,0.0041771603275366775,0.002781659173123785,0.0027816591731238973
2023-09-20,0.0,-4938283.0398,7436346.0,2498062.9601999996,2498062.9601999996,0.0,4938283.0398,4938283.0398,0.5058565780994948,0.0,0.0,0.0
2023-09-21,0.0,-4938283.0398,7322893.0,2384609.9601999996,2384609.9601999996,0.0,4938283.0398,4938283.0398,0.48288239879757394,-0.02297417930192086,-0.01525655207544141,-0.015256552075441352
2023-09-22,0.0,-4938283.0398,7374463.0,2436179.9601999996,2436179.9601999996,0.0,4938283.0398,4938283.0398,0.49332529961641575,0.010442900818841805,0.007042298719918572,0.0070422987199184805
2023-09-25,0.0,-4938283.0398,7415718.0,2477434.9601999996,2477434.9601999996,0.0,4938283.0398,4938283.0398,0.5016794177719581,0.008354118155542378,0.005594305646390962,0.005594305646390795
2023-09-26,0.0,-4938283.0398,7384776.0,2446492.9601999996,2446492.9601999996,0.0,4938283.0398,4938283.0398,0.49541367728065305,-0.006265740491305072,-0.0041724887596858995,-0.004172488759685846
2023-09-27,0.0,-4938283.0398,7508543.0,2570259.9601999996,2570259.9601999996,0.0,4938283.0398,4938283.0398,0.5204764367463423,0.0250627594656892,0.016759750058769507,0.016759750058769556
2023-09-28,0.0,-4938283.0398,7570428.0,2632144.9601999996,2632144.9601999996,0.0,4938283.0398,4938283.0398,0.5330081202284835,0.012531683482141287,0.008241945208278256,0.008241945208278091
2023-10-02,0.0,-4938283.0398,7683881.0,2745597.9601999996,2745597.9601999996,0.0,4938283.0398,4938283.0398,0.5559822995304043,0.022974179301920805,0.01498633894939605,0.014986338949396256
2023-10-03,0.0,-4938283.0398,7560113.0,2621829.9601999996,2621829.9601999996,0.0,4938283.0398,4938283.0398,0.5309193375651841,-0.025062961965220287,-0.016107485266885102,-0.016107485266885314
2023-10-04,0.0,-4938283.0398,7642625.0,2704341.9601999996,2704341.9601999996,0.0,4938283.0398,4938283.0398,0.5476279788753309,0.01670864131014682,0.010914122579913643,0.010914122579913818
2023-10-05,0.0,-4938283.0398,7838590.0,2900306.9601999996,2900306.9601999996,0.0,4938283.0398,4938283.0398,0.5873107994873987,0.03968282061206785,0.02564105919105031,0.025641059191050194
2023-10-06,0.0,-4938283.0398,7828276.0,2889992.9601999996,2889992.9601999996,0.0,4938283.0398,4938283.0398,0.5852222193236303,-0.00208858016376845,-0.0013157978667082126,-0.0013157978667081708
2023-10-11,0.0,-4938283.0398,7766393.0,2828109.9601999996,2828109.9601999996,0.0,4938283.0398,4938283.0398,0.5726909408405513,-0.012531278483079,-0.007905061088801513,-0.007905061088801672
2023-10-12,0.0,-4938283.0398,7787020.0,2848736.9601999996,2848736.9601999996,0.0,4938283.0398,4938283.0398,0.5768678986685569,0.004176957828005645,0.0026559304943749584,0.0026559304943749307
2023-10-13,0.0,-4938283.0398,7529173.0,2590889.9601999996,2590889.9601999996,0.0,4938283.0398,4938283.0398,0.5246540020729412,-0.052213896595615705,-0.03311241013892341,-0.03311241013892349
2023-10-16,0.0,-4938283.0398,7487916.0,2549632.9601999996,2549632.9601999996,0.0,4938283.0398,4938283.0398,0.5162994789183366,-0.00835452315460461,-0.005479619076358189,-0.005479619076358054
2023-10-17,0.0,-4938283.0398,7436346.0,2498062.9601999996,2498062.9601999996,0.0,4938283.0398,4938283.0398,0.5058565780994948,-0.010442900818841805,-0.006887096489864519,-0.00688709648986447
2023-10-18,0.0,-4938283.0398,7230068.0,2291784.9601999996,2291784.9601999996,0.0,4938283.0398,4938283.0398,0.4640853798231898,-0.04177119827630499,-0.02773916114177577,-0.02773916114177581
2023-10-19,0.0,-4938283.0398,7106300.0,2168016.9601999996,2168016.9601999996,0.0,4938283.0398,4938283.0398,0.4390224178579695,-0.025062961965220287,-0.017118511195192032,-0.017118511195192077
2023-10-20,0.0,-4938283.0398,6951590.0,2013306.9601999996,2013306.9601999996,0.0,4938283.0398,4938283.0398,0.4076937154014441,-0.031328702456525415,-0.021770823072485013,-0.021770823072484978
2023-10-23,0.0,-4938283.0398,6889708.0,1951424.9601999996,1951424.9601999996,0.0,4938283.0398,4938283.0398,0.39516263941789614,-0.012531075983547968,-0.008901848354117559,-0.008901848354117546
2023-10-24,0.0,-4938283.0398,7034103.0,2095819.9601999996,2095819.9601999996,0.0,4938283.0398,4938283.0398,0.4244025592111221,0.029239919793225932,0.02095807253369797,0.02095807253369809
2023-10-25,0.0,-4938283.0398,7065045.0,2126761.9601999996,2126761.9601999996,0.0,4938283.0398,4938283.0398,0.43066829970242715,0.006265740491305072,0.0043988551205462745,0.0043988551205462875
2023-10-26,0.0,-4938283.0398,6992848.0,2054564.9601999996,2054564.9601999996,0.0,4938283.0398,4938283.0398,0.41604844105557975,-0.014619858646847395,-0.010218901648892498,-0.010218901648892541
2023-10-27,0.0,-4938283.0398,7147555.0,2209271.9601999996,2209271.9601999996,0.0,4938283.0398,4938283.0398,0.44737653601351185,0.031328094957932096,0.022123604002260544,0.022123604002260596
2023-10-30,0.0,-4938283.0398,7147555.0,2209271.9601999996,2209271.9601999996,0.0,4938283.0398,4938283.0398,0.44737653601351185,0.0,0.0,0.0
2023-10-31,0.0,-4938283.0398,6972220.0,2033936.9601999996,2033936.9601999996,0.0,4938283.0398,4938283.0398,0.411871280728043,-0.03550525528546883,-0.024530766115125946,-0.02453076611512608
2023-11-01,0.0,-4938283.0398,7075358.0,2137074.9601999996,2137074.9601999996,0.0,4938283.0398,4938283.0398,0.4327566773666644,0.02088539663862138,0.014792705910025683,0.014792705910025789
2023-11-02,0.0,-4938283.0398,7240381.0,2302097.9601999996,2302097.9601999996,0.0,4938283.0398,4938283.0398,0.46617375748742707,0.033417080120762666,0.023323625461778574,0.023323625461778755
2023-11-03,0.0,-4938283.0398,7322893.0,2384609.9601999996,2384609.9601999996,0.0,4938283.0398,4938283.0398,0.48288239879757394,0.016708641310146877,0.01139608537175052,0.011396085371750464
2023-11-06,0.0,-4938283.0398,7436346.0,2498062.9601999996,2498062.9601999996,0.0,4938283.0398,4938283.0398,0.5058565780994948,0.02297417930192086,0.015492920625769013,0.015492920625769077
2023-11-07,0.0,-4938283.0398,7291951.0,2353667.9601999996,2353667.9601999996,0.0,4938283.0398,4938283.0398,0.47661665830626887,-0.029239919793225932,-0.019417466589101595,-0.01941746658910169
2023-11-08,0.0,-4938283.0398,7374463.0,2436179.9601999996,2436179.9601999996,0.0,4938283.0398,4938283.0398,0.49332529961641575,0.016708641310146877,0.01131549018911393,0.011315490189113996
2023-11-09,0.0,-4938283.0398,7364148.0,2425864.9601999996,2425864.9601999996,0.0,4938283.0398,4938283.0398,0.4912365169531163,-0.0020887826632994266,-0.0013987459154652937,-0.0013987459154653024
2023-11-10,0.0,-4938283.0398,7333208.0,2394924.9601999996,2394924.9601999996,0.0,4938283.0398,4938283.0398,0.4849711814608734,-0.006265335492242896,-0.004201436473031173,-0.004201436473031232
2023-11-13,0.0,-4938283.0398,7426033.0,2487749.9601999996,2487749.9601999996,0.0,4938283.0398,4938283.0398,0.5037682004352576,0.018797018974384183,0.012658170885102571,0.0126581708851024
2023-11-14,0.0,-4938283.0398,8168636.0,3230352.9601999996,3230352.9601999996,0.0,4938283.0398,4938283.0398,0.654144959728924,0.15037675929366634,0.09999995960157992,0.09999995960158001
2023-11-15,0.0,-4938283.0398,8075811.0,3137527.9601999996,3137527.9601999996,0.0,4938283.0398,4938283.0398,0.6353479407545398,-0.018797018974384128,-0.011363586282948535,-0.011363586282948585
2023-11-16,0.0,-4938283.0398,7848903.0,2910619.9601999996,2910619.9601999996,0.0,4938283.0398,4938283.0398,0.5893991771516359,-0.0459487636029039,-0.028097240017132763,-0.028097240017132645
2023-11-17,0.0,-4938283.0398,8096438.0,3158154.9601999996,3158154.9601999996,0.0,4938283.0398,4938283.0398,0.6395248985825455,0.05012572143090954,0.03153752823802258,0.03153752823802256
2023-11-20,0.0,-4938283.0398,8065496.0,3127212.9601999996,3127212.9601999996,0.0,4938283.0398,4938283.0398,0.6332591580912404,-0.006265740491305016,-0.003821680595837318,-0.00382168059583733
2023-11-21,0.0,-4938283.0398,8024241.0,3085957.9601999996,3085957.9601999996,0.0,4938283.0398,4938283.0398,0.624905039935698,-0.008354118155542434,-0.005114998507221413,-0.0051149985072213786
2023-11-22,0.0,-4938283.0398,7931415.0,2993131.9601999996,2993131.9601999996,0.0,4938283.0398,4938283.0398,0.6061078184617829,-0.01879722147391516,-0.011568196917315698,-0.011568196917315919
2023-11-23,0.0,-4938283.0398,7828276.0,2889992.9601999996,2889992.9601999996,0.0,4938283.0398,4938283.0398,0.5852222193236303,-0.020885599138152577,-0.01300385870617049,-0.013003858706170336
2023-11-24,0.0,-4938283.0398,7910788.0,2972504.9601999996,2972504.9601999996,0.0,4938283.0398,4938283.0398,0.6019308606337772,0.016708641310146932,0.010540251774464826,0.010540251774464774
2023-11-27,0.0,-4938283.0398,7776706.0,2838422.9601999996,2838422.9601999996,0.0,4938283.0398,4938283.0398,0.5747793185047885,-0.027151542128988737,-0.016949259669201133,-0.016949259669201095
2023-11-28,0.0,-4938283.0398,7952043.0,3013759.9601999996,3013759.9601999996,0.0,4938283.0398,4938283.0398,0.6102849787893195,0.03550566028453106,0.02254643547023627,0.02254643547023637
2023-11-29,0.0,-4938283.0398,8044868.0,3106584.9601999996,3106584.9601999996,0.0,4938283.0398,4938283.0398,0.6290819977637037,0.018797018974384128,0.01167310086225637,0.011673100862256404
2023-11-30,0.0,-4938283.0398,8117066.0,3178782.9601999996,3178782.9601999996,0.0,4938283.0398,4938283.0398,0.6437020589100821,0.014620061146378482,0.00897441698235446,0.008974416982354466
2023-12-01,0.0,-4938283.0398,8003613.0,3065329.9601999996,3065329.9601999996,0.0,4938283.0398,4938283.0398,0.6207278796081613,-0.022974179301920805,-0.013977094679284208,-0.013977094679284362
2023-12-04,0.0,-4938283.0398,7982985.0,3044701.9601999996,3044701.9601999996,0.0,4938283.0398,4938283.0398,0.6165507192806247,-0.0041771603275366775,-0.002577336010624265,-0.002577336010624202
2023-12-05,0.0,-4938283.0398,8055183.0,3116899.9601999996,3116899.9601999996,0.0,4938283.0398,4938283.0398,0.6311707804270031,0.014620061146378482,0.009043985426503864,0.009043985426503996
2023-12-06,0.0,-4938283.0398,8117066.0,3178782.9601999996,3178782.9601999996,0.0,4938283.0398,4938283.0398,0.6437020589100821,0.012531278483079,0.007682382883169803,0.007682382883169756
2023-12-07,0.0,-4938283.0398,8117066.0,3178782.9601999996,3178782.9601999996,0.0,4938283.0398,4938283.0398,0.6437020589100821,0.0,0.0,0.0
2023-12-08,0.0,-4938283.0398,8220206.0,3281922.9601999996,3281922.9601999996,0.0,4938283.0398,4938283.0398,0.6645878605477658,0.02088580163768361,0.012706561705916997,0.01270656170591689
2023-12-11,0.0,-4938283.0398,8178950.0,3240666.9601999996,3240666.9601999996,0.0,4938283.0398,4938283.0398,0.6562335398926924,-0.008354320655073355,-0.005018852325598622,-0.005018852325598653
2023-12-12,0.0,-4938283.0398,8106753.0,3168469.9601999996,3168469.9601999996,0.0,4938283.0398,4938283.0398,0.641613681245845,-0.01461985864684745,-0.008827172192029442,-0.00882717219202954
2023-12-13,0.0,-4938283.0398,8405856.0,3467572.9601999996,3467572.9601999996,0.0,4938283.0398,4938283.0398,0.7021818984965341,0.06056821725068917,0.03689553635099019,0.03689553635099034
2023-12-14,0.0,-4938283.0398,8478053.0,3539769.9601999996,3539769.9601999996,0.0,4938283.0398,4938283.0398,0.7168017571433815,0.014619858646847339,0.008588893266789244,0.008588893266789247
2023-12-15,0.0,-4938283.0398,8374915.0,3436631.9601999996,3436631.9601999996,0.0,4938283.0398,4938283.0398,0.6959163605047601,-0.020885396638621323,-0.01216529313982817,-0.012165293139828212
2023-12-18,0.0,-4938283.0398,8839041.0,3900757.9601999996,3900757.9601999996,0.0,4938283.0398,4938283.0398,0.7899016578762119,0.09398529737145178,0.05541859230810098,0.05541859230810104
2023-12-19,0.0,-4938283.0398,8756531.0,3818247.9601999996,3818247.9601999996,0.0,4938283.0398,4938283.0398,0.7731934215651273,-0.016708236311084645,-0.009334723076858675,-0.009334723076858677
2023-12-20,0.0,-4938283.0398,9282541.0,4344257.9602,4344257.9602,0.0,4938283.0398,4938283.0398,0.8797101999191892,0.10651677835406193,0.06007059188164798,0.06007059188164811
2023-12-21,0.0,-4938283.0398,9354738.0,4416454.9602,4416454.9602,0.0,4938283.0398,4938283.0398,0.8943300585660366,0.01461985864684745,0.007777719484352463,0.007777719484352399
2023-12-22,0.0,-4938283.0398,9354738.0,4416454.9602,4416454.9602,0.0,4938283.0398,4938283.0398,0.8943300585660366,0.0,0.0,0.0
2023-12-25,0.0,-4938283.0398,9726041.0,4787757.9602,4787757.9602,0.0,4938283.0398,4938283.0398,0.9695187419621665,0.07518868339612983,0.03969143764368388,0.03969143764368387
2023-12-26,0.0,-4938283.0398,9736353.0,4798069.9602,4798069.9602,0.0,4938283.0398,4938283.0398,0.9716069171268726,0.002088175164706163,0.0010602464044722204,0.0010602464044722822
2023-12-27,0.0,-4938283.0398,10138598.0,5200314.9602,5200314.9602,0.0,4938283.0398,4938283.0398,1.0530613410143075,0.08145442388743485,0.04131372393749477,0.04131372393749487
2023-12-28,0.0,-4938283.0398,10148911.0,5210627.9602,5210627.9602,0.0,4938283.0398,4938283.0398,1.0551497186785448,0.0020883776642373064,0.001017201786676969,0.001017201786677014
2023-12-29,0.0,-4938283.0398,10097341.0,5159057.9602,5159057.9602,0.0,4938283.0398,4938283.0398,1.044706817859703,-0.010442900818841805,-0.005081333356849682,-0.005081333356849814
2024-01-02,0.0,-4938283.0398,10004516.0,5066232.9602,5066232.9602,0.0,4938283.0398,4938283.0398,1.025909798885319,-0.018797018974384017,-0.009193014279699874,-0.009193014279699973
2024-01-03,0.0,-4938283.0398,9591958.0,4653674.9602,4653674.9602,0.0,4938283.0398,4938283.0398,0.9423669973336467,-0.08354280155167226,-0.04123717729073573,-0.041237177290735505
2024-01-04,0.0,-4938283.0398,9365053.0,4426769.9602,4426769.9602,0.0,4938283.0398,4938283.0398,0.896418841229336,-0.04594815610431069,-0.02365575412235954,-0.023655754122359585
2024-01-05,0.0,-4938283.0398,9365053.0,4426769.9602,4426769.9602,0.0,4938283.0398,4938283.0398,0.896418841229336,0.0,0.0,0.0
2024-01-08,0.0,-4938283.0398,9354738.0,4416454.9602,4416454.9602,0.0,4938283.0398,4938283.0398,0.8943300585660366,-0.002088782663299371,-0.001101435304210363,-0.0011014353042102377
2024-01-09,0.0,-4938283.0398,9385681.0,4447397.9602,4447397.9602,0.0,4938283.0398,4938283.0398,0.9005960015568728,0.00626594299083616,0.00330773560948483,0.003307735609484734
2024-01-10,0.0,-4938283.0398,9509448.0,4571164.9602,4571164.9602,0.0,4938283.0398,4938283.0398,0.9256587610225621,0.025062759465689255,0.013186789536103083,0.013186789536102922
2024-01-11,0.0,-4938283.0398,9509448.0,4571164.9602,4571164.9602,0.0,4938283.0398,4938283.0398,0.9256587610225621,0.0,0.0,0.0
2024-01-12,0.0,-4938283.0398,9251598.0,4313314.9602,4313314.9602,0.0,4938283.0398,4938283.0398,0.873444256928353,-0.052214504094209024,-0.02711513854431946,-0.02711513854431929
2024-01-15,0.0,-4938283.0398,9220658.0,4282374.9602,4282374.9602,0.0,4938283.0398,4938283.0398,0.8671789214361101,-0.006265335492242952,-0.003344287116668898,-0.003344287116668926
2024-01-16,0.0,-4938283.0398,9086576.0,4148292.9601999996,4148292.9601999996,0.0,4938283.0398,4938283.0398,0.8400273793071215,-0.027151542128988626,-0.014541478493183435,-0.014541478493183458
2024-01-17,0.0,-4938283.0398,9055633.0,4117349.9601999996,4117349.9601999996,0.0,4938283.0398,4938283.0398,0.8337614363162853,-0.00626594299083616,-0.0034053531275146653,-0.0034053531275146987
2024-01-18,0.0,-4938283.0398,9179401.0,4241117.9602,4241117.9602,0.0,4938283.0398,4938283.0398,0.8588243982815056,0.025062961965220287,0.013667515015239662,0.013667515015239686
2024-01-19,0.0,-4938283.0398,9385681.0,4447397.9602,4447397.9602,0.0,4938283.0398,4938283.0398,0.9005960015568728,0.04177160327536722,0.022472054549093068,0.022472054549093127
2024-01-22,0.0,-4938283.0398,9478506.0,4540222.9602,4540222.9602,0.0,4938283.0398,4938283.0398,0.9193930205312569,0.018797018974384128,0.00989006551575744,0.009890065515757461
2024-01-23,0.0,-4938283.0398,9416621.0,4478337.9602,4478337.9602,0.0,4938283.0398,4938283.0398,0.9068613370491156,-0.012531683482141287,-0.006528982521085136,-0.0065289825210850735
2024-01-24,0.0,-4938283.0398,9385681.0,4447397.9602,4447397.9602,0.0,4938283.0398,4938283.0398,0.9005960015568728,-0.006265335492242841,-0.0032856796509066477,-0.0032856796509066256
2024-01-25,0.0,-4938283.0398,9447563.0,4509279.9602,4509279.9602,0.0,4938283.0398,4938283.0398,0.9131270775404208,0.012531075983547968,0.006593234950132976,0.006593234950133081
2024-01-26,0.0,-4938283.0398,9055633.0,4117349.9601999996,4117349.9601999996,0.0,4938283.0398,4938283.0398,0.8337614363162853,-0.07936564122413547,-0.04148477231641645,-0.04148477231641641
2024-01-29,0.0,-4938283.0398,9158773.0,4220489.9602,4220489.9602,0.0,4938283.0398,4938283.0398,0.8546472379539689,0.02088580163768361,0.011389595846033052,0.01138959584603307
2024-01-30,0.0,-4938283.0398,9230971.0,4292687.9602,4292687.9602,0.0,4938283.0398,4938283.0398,0.8692672991003474,0.014620061146378482,0.007882933663712288,0.007882933663712377
2024-01-31,0.0,-4938283.0398,9189716.0,4251432.9602,4251432.9602,0.0,4938283.0398,4938283.0398,0.8609131809448051,-0.008354118155542323,-0.00446919397753498,-0.004469193977534975
2024-02-01,0.0,-4938283.0398,9220658.0,4282374.9602,4282374.9602,0.0,4938283.0398,4938283.0398,0.8671789214361101,0.006265740491305016,0.003367024617518144,0.003367024617518104
2024-02-02,0.0,-4938283.0398,9385681.0,4447397.9602,4447397.9602,0.0,4938283.0398,4938283.0398,0.9005960015568728,0.03341708012076272,0.017897095847172695,0.01789709584717273
2024-02-05,0.0,-4938283.0398,9323796.0,4385512.9602,4385512.9602,0.0,4938283.0398,4938283.0398,0.8880643180747315,-0.012531683482141287,-0.006593554585969885,-0.006593554585969841
2024-02-15,0.0,-4938283.0398,9571331.0,4633047.9602,4633047.9602,0.0,4938283.0398,4938283.0398,0.9381900395056411,0.05012572143090954,0.02654873615853459,0.02654873615853457
2024-02-16,0.0,-4938283.0398,9891063.0,4952779.9602,4952779.9602,0.0,4938283.0398,4938283.0398,1.002935619583398,0.06474558007775699,0.033405176354260435,0.03340517635426045
2024-02-19,0.0,-4938283.0398,9849808.0,4911524.9602,4911524.9602,0.0,4938283.0398,4938283.0398,0.9945815014278557,-0.008354118155542323,-0.004170936935696257,-0.0041709369356963955
2024-02-20,0.0,-4938283.0398,9756981.0,4818697.9602,4818697.9602,0.0,4938283.0398,4938283.0398,0.9757840774544093,-0.018797423973446414,-0.00942424461471747,-0.009424244614717364
2024-02-21,0.0,-4938283.0398,9674471.0,4736187.9602,4736187.9602,0.0,4938283.0398,4938283.0398,0.9590758411433247,-0.016708236311084645,-0.008456509241946852,-0.008456509241946868
2024-02-22,0.0,-4938283.0398,9674471.0,4736187.9602,4736187.9602,0.0,4938283.0398,4938283.0398,0.9590758411433247,0.0,0.0,0.0
2024-02-23,0.0,-4938283.0398,9777611.0,4839327.9602,4839327.9602,0.0,4938283.0398,4938283.0398,0.9799616427810083,0.02088580163768361,0.010661048030429887,0.010661048030429778
2024-02-26,0.0,-4938283.0398,9705411.0,4767127.9602,4767127.9602,0.0,4938283.0398,4938283.0398,0.9653411766355675,-0.01462046614544077,-0.007384216860335302,-0.007384216860335311
2024-02-27,0.0,-4938283.0398,9375366.0,4437082.9602,4437082.9602,0.0,4938283.0398,4938283.0398,0.8985072188935733,-0.06683395774199419,-0.03400628783263271,-0.034006287832632744
2024-02-29,0.0,-4938283.0398,9385681.0,4447397.9602,4447397.9602,0.0,4938283.0398,4938283.0398,0.9005960015568728,0.002088782663299482,0.001100223713932813,0.0011002237139328746
2024-03-01,0.0,-4938283.0398,9426936.0,4488652.9602,4488652.9602,0.0,4938283.0398,4938283.0398,0.9089501197124151,0.008354118155542323,0.004395525481848184,0.004395525481848361
2024-03-04,0.0,-4938283.0398,9426936.0,4488652.9602,4488652.9602,0.0,4938283.0398,4938283.0398,0.9089501197124151,0.0,0.0,0.0
2024-03-05,0.0,-4938283.0398,9612586.0,4674302.9602,4674302.9602,0.0,4938283.0398,4938283.0398,0.9465441576611834,0.037594037948768255,0.019693567453942684,0.019693567453942618
2024-03-06,0.0,-4938283.0398,9715726.0,4777442.9602,4777442.9602,0.0,4938283.0398,4938283.0398,0.967429959298867,0.02088580163768361,0.01072968293859744,0.010729682938597376
2024-03-07,0.0,-4938283.0398,9530076.0,4591792.9602,4591792.9602,0.0,4938283.0398,4938283.0398,0.9298359213500987,-0.037594037948768255,-0.019108196340654415,-0.019108196340654318
2024-03-08,0.0,-4938283.0398,9334111.0,4395827.9602,4395827.9602,0.0,4938283.0398,4938283.0398,0.890153100738031,-0.03968282061206774,-0.02056279509208525,-0.02056279509208531
2024-03-11,0.0,-4938283.0398,9158773.0,4220489.9602,4220489.9602,0.0,4938283.0398,4938283.0398,0.8546472379539689,-0.03550586278406209,-0.018784649121914243,-0.018784649121914236
2024-03-12,0.0,-4938283.0398,9096891.0,4158607.9601999996,4158607.9601999996,0.0,4938283.0398,4938283.0398,0.8421161619704209,-0.012531075983547968,-0.006756581913319626,-0.006756581913319612
2024-03-13,0.0,-4938283.0398,8993751.0,4055467.9601999996,4055467.9601999996,0.0,4938283.0398,4938283.0398,0.8212303603327373,-0.02088580163768361,-0.011337939522414908,-0.011337939522414856
2024-03-14,0.0,-4938283.0398,8942181.0,4003897.9601999996,4003897.9601999996,0.0,4938283.0398,4938283.0398,0.8107874595138955,-0.010442900818841805,-0.005733981294345325,-0.005733981294345374
2024-03-15,0.0,-4938283.0398,8849356.0,3911072.9601999996,3911072.9601999996,0.0,4938283.0398,4938283.0398,0.7919904405395114,-0.018797018974384128,-0.010380577176865469,-0.010380577176865465
2024-03-18,0.0,-4938283.0398,8426483.0,3488199.9601999996,3488199.9601999996,0.0,4938283.0398,4938283.0398,0.7063588563245397,-0.08563158421497175,-0.04778573717680701,-0.04778573717680699
2024-03-19,0.0,-4938283.0398,8405856.0,3467572.9601999996,3467572.9601999996,0.0,4938283.0398,4938283.0398,0.7021818984965341,-0.004176957828005534,-0.0024478777207525004,-0.002447877720752537
2024-03-20,0.0,-4938283.0398,8539938.0,3601654.9601999996,3601654.9601999996,0.0,4938283.0398,4938283.0398,0.7293334406255227,0.027151542128988626,0.015951022715592567,0.01595102271559256
2024-03-21,0.0,-4938283.0398,8663706.0,3725422.9601999996,3725422.9601999996,0.0,4938283.0398,4938283.0398,0.754396402590743,0.025062961965220287,0.014492845264216125,0.014492845264216203
2024-03-22,0.0,-4938283.0398,8694646.0,3756362.9601999996,3756362.9601999996,0.0,4938283.0398,4938283.0398,0.760661738082986,0.006265335492242952,0.0035712199836883673,0.0035712199836882737
2024-03-25,0.0,-4938283.0398,8735903.0,3797619.9601999996,3797619.9601999996,0.0,4938283.0398,4938283.0398,0.7690162612375905,0.008354523154604498,0.004745104055990268,0.004745104055990318
2024-03-26,0.0,-4938283.0398,8601821.0,3663537.9601999996,3663537.9601999996,0.0,4938283.0398,4938283.0398,0.7418647191086019,-0.027151542128988626,-0.015348384706194595,-0.015348384706194654
2024-03-27,0.0,-4938283.0398,8756531.0,3818247.9601999996,3818247.9601999996,0.0,4938283.0398,4938283.0398,0.7731934215651273,0.031328702456525415,0.017985726510700406,0.01798572651070047
2024-03-28,0.0,-4938283.0398,8735903.0,3797619.9601999996,3797619.9601999996,0.0,4938283.0398,4938283.0398,0.7690162612375905,-0.0041771603275367886,-0.0023557273993549677,-0.002355727399354836
2024-03-29,0.0,-4938283.0398,8859668.0,3921384.9601999996,3921384.9601999996,0.0,4938283.0398,4938283.0398,0.7940786157042176,0.02506235446662708,0.014167396318388814,0.014167396318388608
2024-04-01,0.0,-4938283.0398,8725588.0,3787304.9601999996,3787304.9601999996,0.0,4938283.0398,4938283.0398,0.766927478574291,-0.02715113712992656,-0.015133749932841778,-0.015133749932841728
2024-04-02,0.0,-4938283.0398,8725588.0,3787304.9601999996,3787304.9601999996,0.0,4938283.0398,4938283.0398,0.766927478574291,0.0,0.0,0.0
2024-04-03,0.0,-4938283.0398,8715273.0,3776989.9601999996,3776989.9601999996,0.0,4938283.0398,4938283.0398,0.7648386959109916,-0.002088782663299371,-0.0011821552885604714,-0.0011821552885604959
2024-04-08,0.0,-4938283.0398,8787471.0,3849187.9601999996,3849187.9601999996,0.0,4938283.0398,4938283.0398,0.7794587570573701,0.014620061146378482,0.008284077848163873,0.008284077848163792
2024-04-09,0.0,-4938283.0398,8766843.0,3828559.9601999996,3828559.9601999996,0.0,4938283.0398,4938283.0398,0.7752815967298334,-0.0041771603275366775,-0.0023474330669198684,-0.0023474330669199365
2024-04-10,0.0,-4938283.0398,8973123.0,4034839.9601999996,4034839.9601999996,0.0,4938283.0398,4938283.0398,0.8170532000052005,0.04177160327536711,0.023529564747537757,0.02352956474753797
2024-04-11,0.0,-4938283.0398,9354738.0,4416454.9602,4416454.9602,0.0,4938283.0398,4938283.0398,0.8943300585660366,0.0772768585608361,0.0425286714558577,0.042528671455857675
2024-04-12,0.0,-4938283.0398,9148461.0,4210177.9602,4210177.9602,0.0,4938283.0398,4938283.0398,0.8525590627892627,-0.0417709957767739,-0.022050537385440383,-0.022050537385440404
2024-04-15,0.0,-4938283.0398,9086576.0,4148292.9601999996,4148292.9601999996,0.0,4938283.0398,4938283.0398,0.8400273793071215,-0.012531683482141287,-0.006764525749194394,-0.006764525749194318
2024-04-16,0.0,-4938283.0398,8777158.0,3838874.9601999996,3838874.9601999996,0.0,4938283.0398,4938283.0398,0.7773703793931328,-0.06265699991398865,-0.03405221064568209,-0.03405221064568216
2024-04-17,0.0,-4938283.0398,8839041.0,3900757.9601999996,3900757.9601999996,0.0,4938283.0398,4938283.0398,0.7899016578762119,0.012531278483079111,0.007050459841329015,0.00705045984132905
2024-04-18,0.0,-4938283.0398,8808101.0,3869817.9601999996,3869817.9601999996,0.0,4938283.0398,4938283.0398,0.7836363223839691,-0.006265335492242841,-0.0035003797357654465,-0.0035003797357654525
2024-04-19,0.0,-4938283.0398,8529623.0,3591339.9601999996,3591339.9601999996,0.0,4938283.0398,4938283.0398,0.7272446579622233,-0.05639166442174581,-0.031616122476343156,-0.031616122476343086
2024-04-22,0.0,-4938283.0398,8529623.0,3591339.9601999996,3591339.9601999996,0.0,4938283.0398,4938283.0398,0.7272446579622233,0.0,0.0,0.0
2024-04-23,0.0,-4938283.0398,8447113.0,3508829.9601999996,3508829.9601999996,0.0,4938283.0398,4938283.0398,0.7105364216511386,-0.016708236311084645,-0.009673346641463354,-0.00967334664146352
2024-04-24,0.0,-4938283.0398,8674018.0,3735734.9601999996,3735734.9601999996,0.0,4938283.0398,4938283.0398,0.7564845777554492,0.04594815610431058,0.026861840252403235,0.026861840252403395
2024-04-25,0.0,-4938283.0398,8498681.0,3560397.9601999996,3560397.9601999996,0.0,4938283.0398,4938283.0398,0.7209789174709182,-0.03550566028453095,-0.020214046131792673,-0.02021404613179267
2024-04-26,0.0,-4938283.0398,8643076.0,3704792.9601999996,3704792.9601999996,0.0,4938283.0398,4938283.0398,0.7502188372641442,0.029239919793225932,0.016990283551059138,0.016990283551059276
2024-04-29,0.0,-4938283.0398,8787471.0,3849187.9601999996,3849187.9601999996,0.0,4938283.0398,4938283.0398,0.7794587570573701,0.029239919793225932,0.016706436458501672,0.01670643645850158
2024-04-30,0.0,-4938283.0398,8869983.0,3931699.9601999996,3931699.9601999996,0.0,4938283.0398,4938283.0398,0.7961673983675169,0.01670864131014682,0.009389732267679696,0.009389732267679746
2024-05-02,0.0,-4938283.0398,8818413.0,3880129.9601999996,3880129.9601999996,0.0,4938283.0398,4938283.0398,0.7857244975486751,-0.010442900818841805,-0.005813990849813266,-0.005813990849813354
2024-05-03,0.0,-4938283.0398,8849356.0,3911072.9601999996,3911072.9601999996,0.0,4938283.0398,4938283.0398,0.7919904405395114,0.006265942990836271,0.0035089080087311597,0.0035089080087312764
2024-05-06,0.0,-4938283.0398,9251598.0,4313314.9602,4313314.9602,0.0,4938283.0398,4938283.0398,0.873444256928353,0.08145381638884164,0.04545438108716615,0.04545438108716612
2024-05-07,0.0,-4938283.0398,9488818.0,4550534.9602,4550534.9602,0.0,4938283.0398,4938283.0398,0.9214811956959631,0.04803693876761006,0.02564097575359403,0.025640975753594135
2024-05-08,0.0,-4938283.0398,9457878.0,4519594.9602,4519594.9602,0.0,4938283.0398,4938283.0398,0.9152158602037203,-0.006265335492242841,-0.003260680097352475,-0.003260680097352484
2024-05-09,0.0,-4938283.0398,9798238.0,4859954.9602,4859954.9602,0.0,4938283.0398,4938283.0398,0.9841386006090139,0.06892274040529367,0.03598693068360581,0.03598693068360577
2024-05-10,0.0,-4938283.0398,9705411.0,4767127.9602,4767127.9602,0.0,4938283.0398,4938283.0398,0.9653411766355675,-0.018797423973446414,-0.009473846216023762,-0.009473846216023738
2024-05-13,0.0,-4938283.0398,9612586.0,4674302.9602,4674302.9602,0.0,4938283.0398,4938283.0398,0.9465441576611834,-0.018797018974384128,-0.009564252353661207,-0.009564252353661273
2024-05-14,0.0,-4938283.0398,10561468.0,5623184.9602,5623184.9602,0.0,4938283.0398,4938283.0398,1.138692317730686,0.19214816006950264,0.09871245885342406,0.09871245885342404
2024-05-15,0.0,-4938283.0398,10272678.0,5334394.9602,5334394.9602,0.0,4938283.0398,4938283.0398,1.0802124781442342,-0.058479839586451865,-0.027343736685089715,-0.02734373668508961
2024-05-16,0.0,-4938283.0398,10643981.0,5705697.9602,5705697.9602,0.0,4938283.0398,4938283.0398,1.1554011615403639,0.07518868339612972,0.03614471318968615,0.036144713189686276
2024-05-17,0.0,-4938283.0398,10643981.0,5705697.9602,5705697.9602,0.0,4938283.0398,4938283.0398,1.1554011615403639,0.0,0.0,0.0
2024-05-20,0.0,-4938283.0398,10437701.0,5499417.9602,5499417.9602,0.0,4938283.0398,4938283.0398,1.1136295582649967,-0.04177160327536722,-0.019379966950335614,-0.019379966950335593
2024-05-21,0.0,-4938283.0398,10087028.0,5148744.9602,5148744.9602,0.0,4938283.0398,4938283.0398,1.0426184401954657,-0.07101111806953098,-0.03359676618443064,-0.033596766184430846
2024-05-22,0.0,-4938283.0398,10767748.0,5829464.9602,5829464.9602,0.0,4938283.0398,4938283.0398,1.1804639210060532,0.13784548081058756,0.06748469420328762,0.06748469420328763
2024-05-23,0.0,-4938283.0398,10726491.0,5788207.9602,5788207.9602,0.0,4938283.0398,4938283.0398,1.1721093978514485,-0.00835452315460472,-0.0038315346904478353,-0.0038315346904478076
2024-05-24,0.0,-4938283.0398,10705863.0,5767579.9602,5767579.9602,0.0,4938283.0398,4938283.0398,1.1679322375239118,-0.0041771603275366775,-0.0019230892936001887,-0.0019230892936003023
2024-05-27,0.0,-4938283.0398,11139048.0,6200764.9602,6200764.9602,0.0,4938283.0398,4938283.0398,1.2556519969035898,0.08771975937967791,0.040462408308419295,0.04046240830841941
2024-05-28,0.0,-4938283.0398,10870886.0,5932602.9602,5932602.9602,0.0,4938283.0398,4938283.0398,1.2013493176446746,-0.05430267925891519,-0.024074050134266445,-0.02407405013426641
2024-05-29,0.0,-4938283.0398,10809003.0,5870719.9602,5870719.9602,0.0,4938283.0398,4938283.0398,1.1888180391615955,-0.012531278483079111,-0.00569254428755861,-0.00569254428755853
2024-05-30,0.0,-4938283.0398,10623353.0,5685069.9602,5685069.9602,0.0,4938283.0398,4938283.0398,1.1512240012128272,-0.037594037948768255,-0.017175497129568673,-0.01717549712956875
2024-05-31,0.0,-4938283.0398,10582096.0,5643812.9602,5643812.9602,0.0,4938283.0398,4938283.0398,1.1428694780582227,-0.008354523154604498,-0.0038836137705299256,-0.0038836137705298883
2024-06-03,0.0,-4938283.0398,10499586.0,5561302.9602,5561302.9602,0.0,4938283.0398,4938283.0398,1.126161241747138,-0.016708236311084645,-0.007797132061549861,-0.0077971320615499995
2024-06-04,0.0,-4938283.0398,10231423.0,5293139.9602,5293139.9602,0.0,4938283.0398,4938283.0398,1.0718583599886917,-0.05430288175844633,-0.025540340352467106,-0.02554034035246723
2024-06-05,0.0,-4938283.0398,10076713.0,5138429.9602,5138429.9602,0.0,4938283.0398,4938283.0398,1.0405296575321663,-0.031328702456525415,-0.015121063805103252,-0.015121063805103162
2024-06-06,0.0,-4938283.0398,10169538.0,5231254.9602,5231254.9602,0.0,4938283.0398,4938283.0398,1.0593266765065505,0.01879701897438424,0.009211833263486069,0.00921183326348582
2024-06-07,0.0,-4938283.0398,9983888.0,5045604.9602,5045604.9602,0.0,4938283.0398,4938283.0398,1.021732638557782,-0.03759403794876848,-0.01825549990569908,-0.018255499905698764
2024-06-11,0.0,-4938283.0398,9932318.0,4994034.9602,4994034.9602,0.0,4938283.0398,4938283.0398,1.0112897377389403,-0.010442900818841805,-0.005165322367398195,-0.005165322367398352
2024-06-12,0.0,-4938283.0398,9911691.0,4973407.9602,4973407.9602,0.0,4938283.0398,4938283.0398,1.0071127799109347,-0.004176957828005534,-0.0020767558992774715,-0.0020767558992774897
2024-06-13,0.0,-4938283.0398,10045771.0,5107487.9602,5107487.9602,0.0,4938283.0398,4938283.0398,1.0342639170408612,0.02715113712992645,0.013527459643364548,0.013527459643364588
2024-06-14,0.0,-4938283.0398,10179853.0,5241569.9602,5241569.9602,0.0,4938283.0398,4938283.0398,1.06141545916985,0.027151542128988737,0.0133471089476358,0.013347108947635777
2024-06-17,0.0,-4938283.0398,10087028.0,5148744.9602,5148744.9602,0.0,4938283.0398,4938283.0398,1.0426184401954657,-0.01879701897438424,-0.009118501023541281,-0.009118501023541302
2024-06-18,0.0,-4938283.0398,10231423.0,5293139.9602,5293139.9602,0.0,4938283.0398,4938283.0398,1.0718583599886917,0.029239919793226044,0.01431492011323865,0.014314920113238507
2024-06-19,0.0,-4938283.0398,10355191.0,5416907.9602,5416907.9602,0.0,4938283.0398,4938283.0398,1.096921321953912,0.025062961965220287,0.012096851044082424,0.012096851044082528
2024-06-20,0.0,-4938283.0398,10561468.0,5623184.9602,5623184.9602,0.0,4938283.0398,4938283.0398,1.138692317730686,0.04177099577677401,0.019920154056067174,0.019920154056067146
2024-06-21,0.0,-4938283.0398,10561468.0,5623184.9602,5623184.9602,0.0,4938283.0398,4938283.0398,1.138692317730686,0.0,0.0,0.0
2024-06-24,0.0,-4938283.0398,10582096.0,5643812.9602,5643812.9602,0.0,4938283.0398,4938283.0398,1.1428694780582227,0.0041771603275366775,0.001953137575193109,0.0019531375751931455
2024-06-25,0.0,-4938283.0398,10437701.0,5499417.9602,5499417.9602,0.0,4938283.0398,4938283.0398,1.1136295582649967,-0.029239919793226044,-0.013645217355805594,-0.013645217355805504
2024-06-26,0.0,-4938283.0398,10437701.0,5499417.9602,5499417.9602,0.0,4938283.0398,4938283.0398,1.1136295582649967,0.0,0.0,0.0
2024-06-27,0.0,-4938283.0398,10375818.0,5437534.9602,5437534.9602,0.0,4938283.0398,4938283.0398,1.1010982797819178,-0.01253127848307889,-0.005928796005940096,-0.005928796005940389
2024-06-28,0.0,-4938283.0398,10272678.0,5334394.9602,5334394.9602,0.0,4938283.0398,4938283.0398,1.0802124781442342,-0.02088580163768361,-0.009940421082945239,-0.009940421082944979
2024-07-01,0.0,-4938283.0398,10221108.0,5282824.9602,5282824.9602,0.0,4938283.0398,4938283.0398,1.0697695773253924,-0.010442900818841805,-0.0050201125743452035,-0.005020112574345268
2024-07-02,0.0,-4938283.0398,10107656.0,5169372.9602,5169372.9602,0.0,4938283.0398,4938283.0398,1.0467956005230026,-0.022973976802389773,-0.011099775092876518,-0.011099775092876428
2024-07-03,0.0,-4938283.0398,10246560.0,5308276.9602,5308276.9602,0.0,4938283.0398,4938283.0398,1.0749235953909568,0.028127994867954254,0.013742454234691115,0.01374245423469101
2024-07-04,0.0,-4938283.0398,10299984.0,5361700.9602,5361700.9602,0.0,4938283.0398,4938283.0398,1.0857419303404585,0.010818334949501685,0.00521384737902264,0.005213847379022814
2024-07-05,0.0,-4938283.0398,10321352.0,5383068.9602,5383068.9602,0.0,4938283.0398,4938283.0398,1.0900689403210093,0.0043270099805508,0.0020745663294232664,0.002074566329423424
2024-07-08,0.0,-4938283.0398,10385459.0,5447175.9602,5447175.9602,0.0,4938283.0398,4938283.0398,1.1030505777612556,0.012981637440246274,0.006211104901761022,0.006211104901760932
2024-07-09,0.0,-4938283.0398,10396145.0,5457861.9602,5457861.9602,0.0,4938283.0398,4938283.0398,1.1052144877505932,0.0021639099893375757,0.001028938634296317,0.001028938634296279
2024-07-10,0.0,-4938283.0398,10855584.0,5917300.9602,5917300.9602,0.0,4938283.0398,4938283.0398,1.198250669819778,0.09303618206918474,0.04419320815552319,0.04419320815552303
2024-07-11,0.0,-4938283.0398,10962430.0,6024146.9602,6024146.9602,0.0,4938283.0398,4938283.0398,1.2198869347197192,0.021636264899941304,0.009842492122026592,0.009842492122026784
2024-07-12,0.0,-4938283.0398,10876952.0,5938668.9602,5938668.9602,0.0,4938283.0398,4938283.0398,1.202577679800329,-0.017309254919390282,-0.0077973587972740566,-0.007797358797273962
2024-07-15,0.0,-4938283.0398,10652575.0,5714291.9602,5714291.9602,0.0,4938283.0398,4938283.0398,1.1571414425106399,-0.04543623728968904,-0.020628665089263865,-0.02062866508926398
2024-07-16,0.0,-4938283.0398,10727368.0,5789084.9602,5789084.9602,0.0,4938283.0398,4938283.0398,1.1722869899402235,0.015145547429583628,0.007021119306834356,0.007021119306834263
2024-07-17,0.0,-4938283.0398,10545729.0,5607445.9602,5607445.9602,0.0,4938283.0398,4938283.0398,1.1355051776106986,-0.03678181232952493,-0.016932298770770182,-0.016932298770770238
2024-07-18,0.0,-4938283.0398,10567098.0,5628814.9602,5628814.9602,0.0,4938283.0398,4938283.0398,1.1398323900907805,0.004327212480081943,0.0020263179529833586,0.00202631795298362
2024-07-19,0.0,-4938283.0398,10289299.0,5351015.9602,5351015.9602,0.0,4938283.0398,4938283.0398,1.0835782228506519,-0.05625416724012866,-0.026289053058843548,-0.026289053058843593
2024-07-22,0.0,-4938283.0398,10000812.0,5062528.9602,5062528.9602,0.0,4938283.0398,4938283.0398,1.0251597406221233,-0.05841848222852852,-0.028037575737666964,-0.02803757573766687
2024-07-23,0.0,-4938283.0398,10225189.0,5286905.9602,5286905.9602,0.0,4938283.0398,4938283.0398,1.0705959779118126,0.04543623728968926,0.02243587820669002,0.022435878206689616
2024-07-26,0.0,-4938283.0398,9787120.0,4848836.9602,4848836.9602,0.0,4938283.0398,4938283.0398,0.981887210822241,-0.08870876708957165,-0.04284214208656689,-0.04284214208656681
2024-07-29,0.0,-4938283.0398,9498636.0,4560352.9602,4560352.9602,0.0,4938283.0398,4938283.0398,0.9234693360923057,-0.058417874729935204,-0.029475882588544944,-0.029475882588544944
2024-07-30,0.0,-4938283.0398,9552058.0,4613774.9602,4613774.9602,0.0,4938283.0398,4938283.0398,0.9342872660427453,0.010817929950439509,0.005624175934312969,0.005624175934313095
2024-07-31,0.0,-4938283.0398,9744381.0,4806097.9602,4806097.9602,0.0,4938283.0398,4938283.0398,0.9732325833625457,0.03894531731980044,0.020134195165062874,0.02013419516506286
2024-08-01,0.0,-4938283.0398,10513676.0,5575392.9602,5575392.9602,0.0,4938283.0398,4938283.0398,1.1290144601403411,0.15578187677779542,0.07894754936203752,0.07894754936203746
2024-08-02,0.0,-4938283.0398,10086290.0,5148006.9602,5148006.9602,0.0,4938283.0398,4938283.0398,1.0424689955415138,-0.08654546459882728,-0.04065048228611967,-0.040650482286119526
2024-08-05,0.0,-4938283.0398,9252888.0,4314604.9602,4314604.9602,0.0,4938283.0398,4938283.0398,0.8737054813234724,-0.16876351421804148,-0.082627209806579,-0.08262720980657903
2024-08-06,0.0,-4938283.0398,9306313.0,4368029.9602,4368029.9602,0.0,4938283.0398,4938283.0398,0.8845240187725052,0.010818537449032828,0.0057738729789011956,0.00577387297890129
2024-08-07,0.0,-4938283.0398,10032868.0,5094584.9602,5094584.9602,0.0,4938283.0398,4938283.0398,1.0316510655910742,0.14712704681856903,0.0780711974763797,0.07807119747637975
2024-08-08,0.0,-4938283.0398,10727368.0,5789084.9602,5789084.9602,0.0,4938283.0398,4938283.0398,1.1722869899402235,0.1406359243491493,0.06922247955420135,0.06922247955420126
2024-08-09,0.0,-4938283.0398,10791475.0,5853191.9602,5853191.9602,0.0,4938283.0398,4938283.0398,1.1852686273804696,0.012981637440246052,0.0059760231959973265,0.005976023195997378
2024-08-12,0.0,-4938283.0398,10663261.0,5724977.9602,5724977.9602,0.0,4938283.0398,4938283.0398,1.1593053524999775,-0.025963274880492104,-0.011881044991532641,-0.011881044991532669
2024-08-13,0.0,-4938283.0398,10684629.0,5746345.9602,5746345.9602,0.0,4938283.0398,4938283.0398,1.1636323624805285,0.004327009980551022,0.002003889804441661,0.0020038898044416244
2024-08-14,0.0,-4938283.0398,10898323.0,5960039.9602,5960039.9602,0.0,4938283.0398,4938283.0398,1.2069052972794732,0.04327293479894467,0.02000013290119851,0.020000132901198536
2024-08-15,0.0,-4938283.0398,10962430.0,6024146.9602,6024146.9602,0.0,4938283.0398,4938283.0398,1.2198869347197192,0.012981637440246052,0.005882281154632851,0.00588228115463269
2024-08-16,0.0,-4938283.0398,11090647.0,6152363.9602,6152363.9602,0.0,4938283.0398,4938283.0398,1.2458508170988047,0.025963882379085534,0.011696038195910807,0.011696038195910943
2024-08-19,0.0,-4938283.0398,11197492.0,6259208.9602,6259208.9602,0.0,4938283.0398,4938283.0398,1.267486879499215,0.02163606240041016,0.00963379323135971,0.009633793231359721
2024-08-20,0.0,-4938283.0398,11090647.0,6152363.9602,6152363.9602,0.0,4938283.0398,4938283.0398,1.2458508170988047,-0.02163606240041016,-0.009541868839915257,-0.009541868839915224
2024-08-21,0.0,-4938283.0398,11047908.0,6109624.9602,6109624.9602,0.0,4938283.0398,4938283.0398,1.2371961896391095,-0.008654627459695252,-0.0038536074586088542,-0.0038536074586090424
2024-08-22,0.0,-4938283.0398,11069276.0,6130992.9602,6130992.9602,0.0,4938283.0398,4938283.0398,1.2415231996196605,0.004327009980551022,0.00193412182650321,0.001934121826503262
2024-08-23,0.0,-4938283.0398,11090647.0,6152363.9602,6152363.9602,0.0,4938283.0398,4938283.0398,1.2458508170988047,0.00432761747914423,0.0019306592409475964,0.0019306592409476465
2024-08-26,0.0,-4938283.0398,11667615.0,6729331.9602,6729331.9602,0.0,4938283.0398,4938283.0398,1.3626865665586751,0.11683574945987041,0.05202293427966831,0.05202293427966827
2024-08-27,0.0,-4938283.0398,11838570.0,6900286.9602,6900286.9602,0.0,4938283.0398,4938283.0398,1.3973048738979246,0.03461830733924942,0.014652094708301533,0.014652094708301568
2024-08-28,0.0,-4938283.0398,11795831.0,6857547.9602,6857547.9602,0.0,4938283.0398,4938283.0398,1.3886502464382295,-0.00865462745969503,-0.003610148860884399,-0.0036101488608843804
2024-08-29,0.0,-4938283.0398,11710354.0,6772070.9602,6772070.9602,0.0,4938283.0398,4938283.0398,1.3713411940183702,-0.01730905241985936,-0.007246373740010359,-0.007246373740010348
2024-08-30,0.0,-4938283.0398,11475291.0,6537007.9602,6537007.9602,0.0,4938283.0398,4938283.0398,1.3237410467393436,-0.04760014727902662,-0.02007309087325626,-0.020073090873256264
2024-09-02,0.0,-4938283.0398,11881309.0,6943025.9602,6943025.9602,0.0,4938283.0398,4938283.0398,1.4059595013576198,0.08221845461827626,0.035381934976637996,0.035381934976638066
2024-09-03,0.0,-4938283.0398,11753093.0,6814809.9602,6814809.9602,0.0,4938283.0398,4938283.0398,1.3799958214780654,-0.02596367987955439,-0.01079140353979513,-0.010791403539795153
2024-09-04,0.0,-4938283.0398,11282968.0,6344684.9602,6344684.9602,0.0,4938283.0398,4938283.0398,1.284795729419543,-0.09520009205852253,-0.04000010890750205,-0.04000010890750205
2024-09-05,0.0,-4938283.0398,11133383.0,6195099.9602,6195099.9602,0.0,4938283.0398,4938283.0398,1.2545048370599066,-0.030290892359636334,-0.013257593214834884,-0.013257593214834962
2024-09-06,0.0,-4938283.0398,11261600.0,6323316.9602,6323316.9602,0.0,4938283.0398,4938283.0398,1.280468719438992,0.025963882379085534,0.011516445630227468,0.011516445630227577
2024-09-09,0.0,-4938283.0398,11389816.0,6451532.9602,6451532.9602,0.0,4938283.0398,4938283.0398,1.3064323993185465,0.02596367987955439,0.011385238332030978,0.011385238332030973
2024-09-10,0.0,-4938283.0398,11261600.0,6323316.9602,6323316.9602,0.0,4938283.0398,4938283.0398,1.280468719438992,-0.02596367987955439,-0.011257073863177425,-0.011257073863177421
2024-09-11,0.0,-4938283.0398,11176122.0,6237838.9602,6237838.9602,0.0,4938283.0398,4938283.0398,1.2631594645196018,-0.017309254919390282,-0.0075902180862398305,-0.007590218086239966
2024-09-12,0.0,-4938283.0398,11518030.0,6579746.9602,6579746.9602,0.0,4938283.0398,4938283.0398,1.3323956741990386,0.06923620967943678,0.03059272259196888,0.03059272259196884
2024-09-13,0.0,-4938283.0398,11603508.0,6665224.9602,6665224.9602,0.0,4938283.0398,4938283.0398,1.349704929118429,0.017309254919390504,0.007421234360389883,0.007421234360389754
2024-09-16,0.0,-4938283.0398,11624876.0,6686592.9602,6686592.9602,0.0,4938283.0398,4938283.0398,1.35403193909898,0.0043270099805508,0.0018415120668680007,0.001841512066868054
2024-09-18,0.0,-4938283.0398,11688986.0,6750702.9602,6750702.9602,0.0,4938283.0398,4938283.0398,1.3670141840378194,0.012982244938839482,0.005514897535251251,0.0055148975352511285
2024-09-19,0.0,-4938283.0398,12159108.0,7220824.9602,7220824.9602,0.0,4938283.0398,4938283.0398,1.4622136685977485,0.0951994845599291,0.04021922859690319,0.0402192285969031
2024-09-20,0.0,-4938283.0398,12629233.0,7690949.9602,7690949.9602,0.0,4938283.0398,4938283.0398,1.5574137606562708,0.09520009205852231,0.038664431634294116,0.03866443163429423
2024-09-23,0.0,-4938283.0398,12586494.0,7648210.9602,7648210.9602,0.0,4938283.0398,4938283.0398,1.5487591331965758,-0.00865462745969503,-0.0033841326706062214,-0.0033841326706063623
2024-09-24,0.0,-4938283.0398,12693340.0,7755056.9602,7755056.9602,0.0,4938283.0398,4938283.0398,1.570395398096517,0.021636264899941304,0.008488940605700046,0.008488940605700046
2024-09-25,0.0,-4938283.0398,12522387.0,7584103.9602,7584103.9602,0.0,4938283.0398,4938283.0398,1.5357774957563297,-0.034617902340187356,-0.013467928850877664,-0.013467928850877704
2024-09-26,0.0,-4938283.0398,12287325.0,7349041.9602,7349041.9602,0.0,4938283.0398,4938283.0398,1.488177550976834,-0.047599944779495695,-0.018771341278623566,-0.018771341278623635
2024-09-27,0.0,-4938283.0398,12137740.0,7199456.9602,7199456.9602,0.0,4938283.0398,4938283.0398,1.4578866586171975,-0.030290892359636556,-0.012173927197335566,-0.012173927197335465
2024-09-30,0.0,-4938283.0398,11817200.0,6878916.9602,6878916.9602,0.0,4938283.0398,4938283.0398,1.3929774589183115,-0.06490919969888598,-0.026408540634417887,-0.02640854063441794
2024-10-01,0.0,-4938283.0398,12223215.0,7284931.9602,7284931.9602,0.0,4938283.0398,4938283.0398,1.4751953060379945,0.08221784711968305,0.034357969739024385,0.034357969739024476
2024-10-04,0.0,-4938283.0398,12009523.0,7071239.9602,7071239.9602,0.0,4938283.0398,4938283.0398,1.431922776238112,-0.04327252979988261,-0.01748247085566257,-0.01748247085566277
2024-10-07,0.0,-4938283.0398,12372800.0,7434516.9602,7434516.9602,0.0,4938283.0398,4938283.0398,1.505486198397631,0.07356342215951917,0.030249078169049648,0.03024907816904968
2024-10-08,0.0,-4938283.0398,12330063.0,7391779.9602,7391779.9602,0.0,4938283.0398,4938283.0398,1.4968319759369981,-0.008654222460632965,-0.0034541090133195507,-0.00345410901331954
2024-10-09,0.0,-4938283.0398,12330063.0,7391779.9602,7391779.9602,0.0,4938283.0398,4938283.0398,1.4968319759369981,0.0,0.0,0.0
2024-10-11,0.0,-4938283.0398,12501016.0,7562732.9602,7562732.9602,0.0,4938283.0398,4938283.0398,1.5314498782771855,0.034617902340187356,0.013864730455959595,0.013864730455959552
2024-10-14,0.0,-4938283.0398,12458277.0,7519993.9602,7519993.9602,0.0,4938283.0398,4938283.0398,1.5227952508174902,-0.008654627459695252,-0.003418842116512777,-0.00341884211651277
2024-10-15,0.0,-4938283.0398,12800186.0,7861902.9602,7861902.9602,0.0,4938283.0398,4938283.0398,1.5920316629964582,0.06923641217896792,0.027444324764973382,0.027444324764973518
2024-10-16,0.0,-4938283.0398,12629233.0,7690949.9602,7690949.9602,0.0,4938283.0398,4938283.0398,1.5574137606562708,-0.034617902340187356,-0.013355509052759063,-0.013355509052759076
2024-10-17,0.0,-4938283.0398,12736079.0,7797795.9602,7797795.9602,0.0,4938283.0398,4938283.0398,1.579050025556212,0.021636264899941304,0.00846021290445731,0.00846021290445746
2024-10-18,0.0,-4938283.0398,12736079.0,7797795.9602,7797795.9602,0.0,4938283.0398,4938283.0398,1.579050025556212,0.0,0.0,0.0
2024-10-21,0.0,-4938283.0398,12607862.0,7669578.9602,7669578.9602,0.0,4938283.0398,4938283.0398,1.5530861431771266,-0.025963882379085534,-0.010067227126967393,-0.010067227126967412
2024-10-22,0.0,-4938283.0398,12821556.0,7883272.9602,7883272.9602,0.0,4938283.0398,4938283.0398,1.5963590779760715,0.043272934798944895,0.01694926546626241,0.016949265466262242
2024-10-23,0.0,-4938283.0398,12629233.0,7690949.9602,7690949.9602,0.0,4938283.0398,4938283.0398,1.5574137606562708,-0.038945317319800665,-0.014999973482157758,-0.014999973482157704
2024-10-24,0.0,-4938283.0398,12479648.0,7541364.9602,7541364.9602,0.0,4938283.0398,4938283.0398,1.5271228682966345,-0.030290892359636334,-0.011844345575063753,-0.011844345575063822
2024-10-25,0.0,-4938283.0398,12629233.0,7690949.9602,7690949.9602,0.0,4938283.0398,4938283.0398,1.5574137606562708,0.030290892359636334,0.011986315639671785,0.011986315639671887
2024-10-28,0.0,-4938283.0398,12714708.0,7776424.9602,7776424.9602,0.0,4938283.0398,4938283.0398,1.5747224080770679,0.017308647420797074,0.006768027797095844,0.006768027797095833
2024-10-29,0.0,-4938283.0398,12479648.0,7541364.9602,7541364.9602,0.0,4938283.0398,4938283.0398,1.5271228682966345,-0.04759953978043341,-0.01848725114253502,-0.018487251142535088
2024-10-30,0.0,-4938283.0398,12287325.0,7349041.9602,7349041.9602,0.0,4938283.0398,4938283.0398,1.488177550976834,-0.03894531731980044,-0.01541093146216932,-0.015410931462169446
2024-11-01,0.0,-4938283.0398,12458277.0,7519993.9602,7519993.9602,0.0,4938283.0398,4938283.0398,1.5227952508174902,0.03461769984065621,0.013912873631974243,0.013912873631974413
2024-11-04,0.0,-4938283.0398,12736079.0,7797795.9602,7797795.9602,0.0,4938283.0398,4938283.0398,1.579050025556212,0.05625477473872187,0.022298589122717205,0.02229858912271737
2024-11-05,0.0,-4938283.0398,12736079.0,7797795.9602,7797795.9602,0.0,4938283.0398,4938283.0398,1.579050025556212,0.0,0.0,0.0
2024-11-06,0.0,-4938283.0398,12949771.0,8011487.9602,8011487.9602,0.0,4938283.0398,4938283.0398,1.6223225553560947,0.04327252979988261,0.016778476326976488,0.0167784763269763
2024-11-07,0.0,-4938283.0398,12971141.0,8032857.9602,8032857.9602,0.0,4938283.0398,4938283.0398,1.6266499703357078,0.004327414979613087,0.0016502222317289483,0.0016502222317290398
2024-11-08,0.0,-4938283.0398,13270311.0,8332027.9602,8332027.9602,0.0,4938283.0398,4938283.0398,1.6872317550549807,0.06058178471927289,0.023064277845719294,0.0230642778457192
2024-11-11,0.0,-4938283.0398,13120726.0,8182442.9602,8182442.9602,0.0,4938283.0398,4938283.0398,1.6569408626953444,-0.030290892359636334,-0.011272154812347779,-0.011272154812347654
2024-11-12,0.0,-4938283.0398,13077987.0,8139703.9602,8139703.9602,0.0,4938283.0398,4938283.0398,1.648286235235649,-0.008654627459695252,-0.0032573654841964172,-0.00325736548419653
2024-11-13,0.0,-4938283.0398,13056616.0,8118332.9602,8118332.9602,0.0,4938283.0398,4938283.0398,1.6439586177565049,-0.00432761747914423,-0.0016341199910965276,-0.001634119991096489
2024-11-14,0.0,-4938283.0398,13313050.0,8374766.9602,8374766.9602,0.0,4938283.0398,4938283.0398,1.695886382514676,0.05192776475817107,0.01964015790921625,0.019640157909216294
2024-11-15,0.0,-4938283.0398,12971141.0,8032857.9602,8032857.9602,0.0,4938283.0398,4938283.0398,1.6266499703357078,-0.06923641217896814,-0.02568224411385822,-0.025682244113858207
2024-11-18,0.0,-4938283.0398,13077987.0,8139703.9602,8139703.9602,0.0,4938283.0398,4938283.0398,1.648286235235649,0.021636264899941304,0.008237209047376792,0.008237209047376789
2024-11-19,0.0,-4938283.0398,13291679.0,8353395.9602,8353395.9602,0.0,4938283.0398,4938283.0398,1.6915587650355317,0.04327252979988261,0.016339823552355526,0.016339823552355574
2024-11-20,0.0,-4938283.0398,13227572.0,8289288.9602,8289288.9602,0.0,4938283.0398,4938283.0398,1.6785771275952854,-0.012981637440246274,-0.004823092703337251,-0.004823092703337178
2024-11-21,0.0,-4938283.0398,13035248.0,8096964.9602,8096964.9602,0.0,4938283.0398,4938283.0398,1.6396316077759538,-0.03894551981933159,-0.014539629797516884,-0.014539629797516884
2024-11-22,0.0,-4938283.0398,13056616.0,8118332.9602,8118332.9602,0.0,4938283.0398,4938283.0398,1.6439586177565049,0.004327009980551022,0.0016392476767610464,0.0016392476767607338
2024-11-25,0.0,-4938283.0398,12864293.0,7926009.9602,7926009.9602,0.0,4938283.0398,4938283.0398,1.6050133004367044,-0.03894531731980044,-0.014729926958103157,-0.01472992695810308
2024-11-26,0.0,-4938283.0398,13184833.0,8246549.9602,8246549.9602,0.0,4938283.0398,4938283.0398,1.6699225001355904,0.06490919969888598,0.024917031973696435,0.024917031973696494
2024-11-27,0.0,-4938283.0398,12693340.0,7755056.9602,7755056.9602,0.0,4938283.0398,4938283.0398,1.570395398096517,-0.09952710203907333,-0.03727715019219435,-0.03727715019219432
2024-11-28,0.0,-4938283.0398,12415539.0,7477255.9602,7477255.9602,0.0,4938283.0398,4938283.0398,1.5141408258573261,-0.05625457223919095,-0.02188557148867054,-0.021885571488670437
2024-11-29,0.0,-4938283.0398,12565123.0,7626839.9602,7626839.9602,0.0,4938283.0398,4938283.0398,1.5444315157174315,0.030290689860105413,0.012048127753454985,0.012048127753454763
2024-12-02,0.0,-4938283.0398,12864293.0,7926009.9602,7926009.9602,0.0,4938283.0398,4938283.0398,1.6050133004367044,0.06058178471927289,0.02380955602265078,0.023809556022650953
2024-12-03,0.0,-4938283.0398,12714708.0,7776424.9602,7776424.9602,0.0,4938283.0398,4938283.0398,1.5747224080770679,-0.030290892359636556,-0.011627922342875907,-0.01162792234287574
2024-12-04,0.0,-4938283.0398,12842925.0,7904641.9602,7904641.9602,0.0,4938283.0398,4938283.0398,1.6006862904561534,0.025963882379085534,0.010084148216380706,0.010084148216380588
2024-12-05,0.0,-4938283.0398,12821556.0,7883272.9602,7883272.9602,0.0,4938283.0398,4938283.0398,1.5963590779760715,-0.004327212480081943,-0.0016638732998908168,-0.001663873299890796
2024-12-06,0.0,-4938283.0398,12778818.0,7840534.9602,7840534.9602,0.0,4938283.0398,4938283.0398,1.5877046530159074,-0.008654424960164109,-0.003333292776633301,-0.003333292776633351
2024-12-09,0.0,-4938283.0398,12992509.0,8054225.9602,8054225.9602,0.0,4938283.0398,4938283.0398,1.6309769803162588,0.043272327300351465,0.016722282139083555,0.0167222821390836
2024-12-10,0.0,-4938283.0398,12928402.0,7990118.9602,7990118.9602,0.0,4938283.0398,4938283.0398,1.6179953428760125,-0.012981637440246274,-0.004934150901877432,-0.004934150901877382
2024-12-11,0.0,-4938283.0398,12907032.0,7968748.9602,7968748.9602,0.0,4938283.0398,4938283.0398,1.6136679278963995,-0.004327414979613087,-0.0016529498386576025,-0.0016529498386575541
2024-12-12,0.0,-4938283.0398,12992509.0,8054225.9602,8054225.9602,0.0,4938283.0398,4938283.0398,1.6309769803162588,0.01730905241985936,0.006622513990823142,0.006622513990822987
2024-12-13,0.0,-4938283.0398,13142094.0,8203810.9602,8203810.9602,0.0,4938283.0398,4938283.0398,1.6612678726758952,0.030290892359636334,0.011513172705903019,0.01151317270590307
2024-12-16,0.0,-4938283.0398,12842925.0,7904641.9602,7904641.9602,0.0,4938283.0398,4938283.0398,1.6006862904561534,-0.06058158221974175,-0.02276418050274176,-0.0227641805027418
2024-12-17,0.0,-4938283.0398,12714708.0,7776424.9602,7776424.9602,0.0,4938283.0398,4938283.0398,1.5747224080770679,-0.025963882379085534,-0.009983473390991593,-0.009983473390991537
2024-12-18,0.0,-4938283.0398,13013878.0,8075594.9602,8075594.9602,0.0,4938283.0398,4938283.0398,1.6353041927963408,0.06058178471927289,0.023529443224335367,0.023529443224335155
2024-12-19,0.0,-4938283.0398,12864293.0,7926009.9602,7926009.9602,0.0,4938283.0398,4938283.0398,1.6050133004367044,-0.030290892359636334,-0.011494267888480292,-0.011494267888480283
2024-12-20,0.0,-4938283.0398,12821556.0,7883272.9602,7883272.9602,0.0,4938283.0398,4938283.0398,1.5963590779760715,-0.008654222460632965,-0.003322141372246401,-0.003322141372246419
2024-12-23,0.0,-4938283.0398,13142094.0,8203810.9602,8203810.9602,0.0,4938283.0398,4938283.0398,1.6612678726758952,0.06490879469982369,0.02499992980571153,0.024999929805711568
2024-12-24,0.0,-4938283.0398,13142094.0,8203810.9602,8203810.9602,0.0,4938283.0398,4938283.0398,1.6612678726758952,0.0,0.0,0.0
2024-12-25,0.0,-4938283.0398,13099355.0,8161071.9602,8161071.9602,0.0,4938283.0398,4938283.0398,1.6526132452162001,-0.00865462745969503,-0.0032520692668915885,-0.0032520692668915625
2024-12-26,0.0,-4938283.0398,13163462.0,8225178.9602,8225178.9602,0.0,4938283.0398,4938283.0398,1.6655948826564462,0.012981637440246052,0.0048939050815861584,0.004893905081586078
2024-12-27,9.313225746154785e-10,-4938283.0398,13334418.0,8396134.9602,8396134.9602,0.0,4938283.0398,4938283.0398,1.700213392495227,0.03461850983878079,0.012987160976345002,0.012987160976345048
2024-12-30,-9.313225746154785e-10,-4938283.0398,13184833.0,8246549.9602,8246549.9602,0.0,4938283.0398,4938283.0398,1.6699225001355904,-0.030290892359636556,-0.011217962418757388,-0.011217962418757305
2024-12-31,0.0,-4938283.0398,13163462.0,8225178.9602,8225178.9602,0.0,4938283.0398,4938283.0398,1.6655948826564462,-0.00432761747914423,-0.0016208775643954398,-0.0016208775643953928
2025-01-02,0.0,-4938283.0398,12928402.0,7990118.9602,7990118.9602,0.0,4938283.0398,4938283.0398,1.6179953428760125,-0.04759953978043363,-0.017857004487117467,-0.017857004487117446
2025-01-03,0.0,-4938283.0398,13313050.0,8374766.9602,8374766.9602,0.0,4938283.0398,4938283.0398,1.695886382514676,0.0778910396386634,0.029752168906876486,0.029752168906876503
2025-01-06,9.313225746154785e-10,-4938283.0398,13441264.0,8502980.9602,8502980.9602,0.0,4938283.0398,4938283.0398,1.7218496573951683,0.025963274880492326,0.009630700703445294,0.009630700703445187
2025-01-07,0.0,-4938283.0398,13847279.0,8908995.9602,8908995.9602,0.0,4938283.0398,4938283.0398,1.8040675045148513,0.08221784711968305,0.030206608545148672,0.03020660854514873
2025-01-08,0.0,-4938283.0398,13804540.0,8866256.9602,8866256.9602,0.0,4938283.0398,4938283.0398,1.795412877055156,-0.008654627459695252,-0.0030864547468133496,-0.0030864547468134355
2025-01-09,0.0,-4938283.0398,13526741.0,8588457.9602,8588457.9602,0.0,4938283.0398,4938283.0398,1.7391587098150274,-0.05625416724012866,-0.020123741899404246,-0.02012374189940411
2025-01-10,0.0,-4938283.0398,13377157.0,8438873.9602,8438873.9602,0.0,4938283.0398,4938283.0398,1.7088680199549222,-0.03029068986010519,-0.011058391670247913,-0.011058391670247844
2025-01-13,-9.313225746154785e-10,-4938283.0398,13013878.0,8075594.9602,8075594.9602,0.0,4938283.0398,4938283.0398,1.6353041927963408,-0.07356382715858145,-0.02715666714534337,-0.027156667145343434
2025-01-14,0.0,-4938283.0398,12992509.0,8054225.9602,8054225.9602,0.0,4938283.0398,4938283.0398,1.6309769803162588,-0.004327212480081943,-0.0016420163151982248,-0.0016420163151982829
2025-01-15,0.0,-4938283.0398,12629233.0,7690949.9602,7690949.9602,0.0,4938283.0398,4938283.0398,1.5574137606562708,-0.07356321965998802,-0.027960419346255705,-0.0279604193462556
2025-01-16,0.0,-4938283.0398,12821556.0,7883272.9602,7883272.9602,0.0,4938283.0398,4938283.0398,1.5963590779760715,0.038945317319800665,0.015228399064297848,0.015228399064297887
2025-01-17,0.0,-4938283.0398,12821556.0,7883272.9602,7883272.9602,0.0,4938283.0398,4938283.0398,1.5963590779760715,0.0,0.0,0.0
2025-01-20,0.0,-4938283.0398,13035248.0,8096964.9602,8096964.9602,0.0,4938283.0398,4938283.0398,1.6396316077759538,0.04327252979988239,0.01666661987047413,0.01666661987047438
2025-01-21,0.0,-4938283.0398,12800186.0,7861902.9602,7861902.9602,0.0,4938283.0398,4938283.0398,1.5920316629964582,-0.047599944779495695,-0.018032798455387966,-0.018032798455388035
2025-01-22,0.0,-4938283.0398,12971141.0,8032857.9602,8032857.9602,0.0,4938283.0398,4938283.0398,1.6266499703357078,0.03461830733924964,0.013355665300488706,0.013355665300488602
2025-02-03,9.313225746154785e-10,-4938283.0398,13868650.0,8930366.9602,8930366.9602,0.0,4938283.0398,4938283.0398,1.8083951219939955,0.18174515165828775,0.06919275644293754,0.06919275644293751
2025-02-04,0.0,-4938283.0398,13825911.0,8887627.9602,8887627.9602,0.0,4938283.0398,4938283.0398,1.7997404945343003,-0.008654627459695252,-0.0030816986512745004,-0.0030816986512746374
2025-02-05,0.0,-4938283.0398,14039603.0,9101319.9602,9101319.9602,0.0,4938283.0398,4938283.0398,1.843013024334183,0.04327252979988261,0.015455907390116819,0.015455907390117006
2025-02-06,0.0,-4938283.0398,13932757.0,8994473.9602,8994473.9602,0.0,4938283.0398,4938283.0398,1.8213767594342416,-0.021636264899941304,-0.007610329152469508,-0.0076103291524696245
2025-02-07,0.0,-4938283.0398,14210558.0,9272274.9602,9272274.9602,0.0,4938283.0398,4938283.0398,1.8776313316734323,0.056254572239190725,0.019938695550349328,0.01993869555034944
2025-02-10,0.0,-4938283.0398,14296033.0,9357749.9602,9357749.9602,0.0,4938283.0398,4938283.0398,1.8949399790942294,0.017308647420797074,0.006014893996421522,0.006014893996421534
2025-02-11,0.0,-4938283.0398,14210558.0,9272274.9602,9272274.9602,0.0,4938283.0398,4938283.0398,1.8776313316734323,-0.017308647420797074,-0.0059789313580908,-0.0059789313580907374
2025-02-12,0.0,-4938283.0398,14424250.0,9485966.9602,9485966.9602,0.0,4938283.0398,4938283.0398,1.920903861473315,0.04327252979988261,0.01503755165701448,0.015037551657014453
2025-02-13,0.0,-4938283.0398,14509727.0,9571443.9602,9571443.9602,0.0,4938283.0398,4938283.0398,1.938212913893174,0.01730905241985914,0.005925923358233609,0.00592592335823353
2025-02-14,0.0,-4938283.0398,14488357.0,9550073.9602,9550073.9602,0.0,4938283.0398,4938283.0398,1.933885498913561,-0.004327414979613087,-0.0014728051051545732,-0.0014728051051546317
2025-02-17,0.0,-4938283.0398,14552466.0,9614182.9602,9614182.9602,0.0,4938283.0398,4938283.0398,1.9468675413528693,0.012982042439308339,0.004424863357522124,0.004424863357522181
2025-02-18,0.0,-4938283.0398,14915743.0,9977459.9602,9977459.9602,0.0,4938283.0398,4938283.0398,2.0204309635123883,0.07356342215951894,0.02496326052230602,0.024963260522305977
2025-02-19,0.0,-4938283.0398,14766158.0,9827874.9602,9827874.9602,0.0,4938283.0398,4938283.0398,1.990140071152752,-0.030290892359636334,-0.010028665685644977,-0.010028665685645026
2025-02-20,0.0,-4938283.0398,14808897.0,9870613.9602,9870613.9602,0.0,4938283.0398,4938283.0398,1.998794698612447,0.00865462745969503,0.0028943886419203757,0.002894388641920261
2025-02-21,0.0,-4938283.0398,15150805.0,10212521.9602,10212521.9602,0.0,4938283.0398,4938283.0398,2.068030908291884,0.06923620967943722,0.0230880125643389,0.023088012564338855
2025-02-24,0.0,-4938283.0398,14915743.0,9977459.9602,9977459.9602,0.0,4938283.0398,4938283.0398,2.0204309635123883,-0.04759994477949592,-0.015514819179574979,-0.015514819179574946
2025-02-25,0.0,-4938283.0398,14766158.0,9827874.9602,9827874.9602,0.0,4938283.0398,4938283.0398,1.990140071152752,-0.030290892359636334,-0.010028665685644977,-0.010028665685645026
2025-02-26,0.0,-4938283.0398,14915743.0,9977459.9602,9977459.9602,0.0,4938283.0398,4938283.0398,2.0204309635123883,0.030290892359636334,0.010130258663086256,0.010130258663086228
2025-02-27,0.0,-4938283.0398,14573835.0,9635551.9602,9635551.9602,0.0,4938283.0398,4938283.0398,1.9511947538329513,-0.069236209679437,-0.022922626113898614,-0.022922626113898583
2025-03-03,0.0,-4938283.0398,14296033.0,9357749.9602,9357749.9602,0.0,4938283.0398,4938283.0398,1.8949399790942294,-0.05625477473872187,-0.019061695154363845,-0.01906169515436397
2025-03-04,0.0,-4938283.0398,14317404.0,9379120.9602,9379120.9602,0.0,4938283.0398,4938283.0398,1.8992675965733736,0.00432761747914423,0.001494890225840928,0.001494890225840973
2025-03-05,0.0,-4938283.0398,14488357.0,9550073.9602,9550073.9602,0.0,4938283.0398,4938283.0398,1.933885498913561,0.034617902340187356,0.011940223241587722,0.01194022324158765
2025-03-06,0.0,-4938283.0398,14402882.0,9464598.9602,9464598.9602,0.0,4938283.0398,4938283.0398,1.916576851492764,-0.017308647420797074,-0.005899564733254481,-0.005899564733254433
2025-03-07,0.0,-4938283.0398,14082341.0,9144057.9602,9144057.9602,0.0,4938283.0398,4938283.0398,1.851667449294347,-0.0649094021984169,-0.0222553375081459,-0.02225533750814594
2025-03-10,0.0,-4938283.0398,13975496.0,9037212.9602,9037212.9602,0.0,4938283.0398,4938283.0398,1.8300313868939369,-0.02163606240041016,-0.0075871618220294534,-0.007587161822029448
2025-03-11,0.0,-4938283.0398,13975496.0,9037212.9602,9037212.9602,0.0,4938283.0398,4938283.0398,1.8300313868939369,0.0,0.0,0.0
2025-03-12,-9.313225746154785e-10,-4938283.0398,12821556.0,7883272.9602,7883272.9602,0.0,4938283.0398,4938283.0398,1.5963590779760715,-0.2336723089178654,-0.08256880471362171,-0.08256880471362169
2025-03-13,0.0,-4938283.0398,12992509.0,8054225.9602,8054225.9602,0.0,4938283.0398,4938283.0398,1.6309769803162588,0.034617902340187356,0.013333249100187183,0.013333249100187216
2025-03-14,0.0,-4938283.0398,12992509.0,8054225.9602,8054225.9602,0.0,4938283.0398,4938283.0398,1.6309769803162588,0.0,0.0,0.0
2025-03-17,9.313225746154785e-10,-4938283.0398,13334418.0,8396134.9602,8396134.9602,0.0,4938283.0398,4938283.0398,1.700213392495227,0.06923641217896814,0.026315856313819053,0.026315856313819056
2025-03-18,0.0,-4938283.0398,14018234.0,9079950.9602,9079950.9602,0.0,4938283.0398,4938283.0398,1.8386858118541007,0.13847241935887378,0.051282028207005226,0.05128202820700536
2025-03-19,0.0,-4938283.0398,13783172.0,8844888.9602,8844888.9602,0.0,4938283.0398,4938283.0398,1.7910858670746053,-0.04759994477949547,-0.016768303339778634,-0.01676830333977875
2025-03-20,0.0,-4938283.0398,13890018.0,8951734.9602,8951734.9602,0.0,4938283.0398,4938283.0398,1.8127221319745463,0.021636264899941082,0.007751916612518395,0.007751916612518512
2025-03-21,0.0,-4938283.0398,13890018.0,8951734.9602,8951734.9602,0.0,4938283.0398,4938283.0398,1.8127221319745463,0.0,0.0,0.0
2025-03-24,0.0,-4938283.0398,13484002.0,8545718.9602,8545718.9602,0.0,4938283.0398,4938283.0398,1.7305040823553324,-0.08221804961921397,-0.02923077565486243,-0.029230775654862363
2025-03-25,0.0,-4938283.0398,13484002.0,8545718.9602,8545718.9602,0.0,4938283.0398,4938283.0398,1.7305040823553324,0.0,0.0,0.0
2025-03-26,0.0,-4938283.0398,13783172.0,8844888.9602,8844888.9602,0.0,4938283.0398,4938283.0398,1.7910858670746053,0.06058178471927289,0.022187033196821027,0.022187033196820943
2025-03-27,0.0,-4938283.0398,13676326.0,8738042.9602,8738042.9602,0.0,4938283.0398,4938283.0398,1.769449602174664,-0.021636264899941304,-0.007751916612518617,-0.007751916612518512
2025-03-28,0.0,-4938283.0398,13719065.0,8780781.9602,8780781.9602,0.0,4938283.0398,4938283.0398,1.778104229634359,0.00865462745969503,0.003125035188544123,0.003125035188544058
2025-03-31,-9.313225746154785e-10,-4938283.0398,13013878.0,8075594.9602,8075594.9602,0.0,4938283.0398,4938283.0398,1.6353041927963408,-0.14280003683801823,-0.05140197236473487,-0.05140197236473484
2025-04-01,0.0,-4938283.0398,13099355.0,8161071.9602,8161071.9602,0.0,4938283.0398,4938283.0398,1.6526132452162001,0.01730905241985936,0.006568142101839314,0.006568142101839283
2025-04-02,0.0,-4938283.0398,12907032.0,7968748.9602,7968748.9602,0.0,4938283.0398,4938283.0398,1.6136679278963995,-0.038945317319800665,-0.014681867924031478,-0.014681867924031373
2025-04-07,0.0,-4938283.0398,11624876.0,6686592.9602,6686592.9602,0.0,4938283.0398,4938283.0398,1.35403193909898,-0.25963598879741956,-0.0993377873394905,-0.0993377873394906
2025-04-08,0.0,-4938283.0398,10470937.0,5532653.9602,5532653.9602,0.0,4938283.0398,4938283.0398,1.1203598326806459,-0.23367210641833402,-0.09926462871517938,-0.09926462871517941
2025-04-09,0.0,-4938283.0398,9423844.0,4485560.9602,4485560.9602,0.0,4938283.0398,4938283.0398,0.908323991162253,-0.21203584151839283,-0.09999993314829425,-0.09999993314829418
2025-04-10,0.0,-4938283.0398,10364091.0,5425807.9602,5425807.9602,0.0,4938283.0398,4938283.0398,1.0987235677807046,0.19039957661845153,0.09977319234062043,0.09977319234062024
2025-04-11,0.0,-4938283.0398,10941059.0,6002775.9602,6002775.9602,0.0,4938283.0398,4938283.0398,1.215559317240575,0.11683574945987041,0.055669908726196926,0.05566990872619702
2025-04-14,0.0,-4938283.0398,11582137.0,6643853.9602,6643853.9602,0.0,4938283.0398,4938283.0398,1.3453773116392849,0.1298179943987099,0.05859377963321477,0.05859377963321467
2025-04-15,0.0,-4938283.0398,12030894.0,7092610.9602,7092610.9602,0.0,4938283.0398,4938283.0398,1.4362503937172562,0.09087308207797129,0.03874561318002012,0.03874561318002023
2025-04-16,0.0,-4938283.0398,11817200.0,6878916.9602,6878916.9602,0.0,4938283.0398,4938283.0398,1.3929774589183115,-0.04327293479894467,-0.01776210479453988,-0.01776210479453979
2025-04-17,0.0,-4938283.0398,11603508.0,6665224.9602,6665224.9602,0.0,4938283.0398,4938283.0398,1.349704929118429,-0.04327252979988239,-0.01808313306028486,-0.018083133060285007
2025-04-18,0.0,-4938283.0398,11603508.0,6665224.9602,6665224.9602,0.0,4938283.0398,4938283.0398,1.349704929118429,0.0,0.0,0.0
2025-04-21,0.0,-4938283.0398,11347077.0,6408793.9602,6408793.9602,0.0,4938283.0398,4938283.0398,1.2977777718588512,-0.05192715725957786,-0.02209943751493093,-0.02209943751493083
2025-04-22,0.0,-4938283.0398,10941059.0,6002775.9602,6002775.9602,0.0,4938283.0398,4938283.0398,1.215559317240575,-0.08221845461827626,-0.03578172598987395,-0.03578172598987387
2025-04-23,0.0,-4938283.0398,11603508.0,6665224.9602,6665224.9602,0.0,4938283.0398,4938283.0398,1.349704929118429,0.13414561187785412,0.06054706404562871,0.06054706404562849
2025-04-24,0.0,-4938283.0398,11624876.0,6686592.9602,6686592.9602,0.0,4938283.0398,4938283.0398,1.35403193909898,0.0043270099805508,0.0018415120668680007,0.001841512066868054
2025-04-25,0.0,-4938283.0398,12629233.0,7690949.9602,7690949.9602,0.0,4938283.0398,4938283.0398,1.5574137606562708,0.2033818215572909,0.08639722264564376,0.0863972226456437
2025-04-28,0.0,-4938283.0398,12458277.0,7519993.9602,7519993.9602,0.0,4938283.0398,4938283.0398,1.5227952508174902,-0.034618509838780565,-0.01353653068242544,-0.01353653068242545
2025-04-29,0.0,-4938283.0398,12522387.0,7584103.9602,7584103.9602,0.0,4938283.0398,4938283.0398,1.5357774957563297,0.012982244938839482,0.005145976446020661,0.005145976446020585
2025-04-30,0.0,-4938283.0398,12394170.0,7455886.9602,7455886.9602,0.0,4938283.0398,4938283.0398,1.5098136133772442,-0.025963882379085534,-0.010239022320584601,-0.010239022320584726
2025-05-02,0.0,-4938283.0398,12607862.0,7669578.9602,7669578.9602,0.0,4938283.0398,4938283.0398,1.5530861431771266,0.04327252979988239,0.017241332013357757,0.017241332013357893
2025-05-05,0.0,-4938283.0398,12287325.0,7349041.9602,7349041.9602,0.0,4938283.0398,4938283.0398,1.488177550976834,-0.06490859220029255,-0.02542358093703745,-0.02542358093703754
2025-05-06,0.0,-4938283.0398,12543755.0,7605471.9602,7605471.9602,0.0,4938283.0398,4938283.0398,1.5401045057368805,0.051926954760046495,0.020869473217319356,0.020869473217319474
2025-05-07,0.0,-4938283.0398,12693340.0,7755056.9602,7755056.9602,0.0,4938283.0398,4938283.0398,1.570395398096517,0.030290892359636556,0.011925057528626937,0.011925057528626794
2025-05-08,0.0,-4938283.0398,12693340.0,7755056.9602,7755056.9602,0.0,4938283.0398,4938283.0398,1.570395398096517,0.0,0.0,0.0
2025-05-09,0.0,-4938283.0398,12864293.0,7926009.9602,7926009.9602,0.0,4938283.0398,4938283.0398,1.6050133004367044,0.034617902340187356,0.013467928850877664,0.013467928850877704
2025-05-12,0.0,-4938283.0398,12885664.0,7947380.9602,7947380.9602,0.0,4938283.0398,4938283.0398,1.6093409179158487,0.00432761747914423,0.0016612650224929748,0.00166126502249288
2025-05-13,0.0,-4938283.0398,12992509.0,8054225.9602,8054225.9602,0.0,4938283.0398,4938283.0398,1.6309769803162588,0.02163606240041016,0.008291772934635011,0.008291772934634956
2025-05-14,0.0,-4938283.0398,13291679.0,8353395.9602,8353395.9602,0.0,4938283.0398,4938283.0398,1.6915587650355317,0.06058178471927289,0.023026345411806037,0.02302634541180614
2025-05-15,9.313225746154785e-10,-4938283.0398,13419895.0,8481611.9602,8481611.9602,0.0,4938283.0398,4938283.0398,1.717522444915086,0.02596367987955439,0.00964633587675423,0.009646335876754241
2025-05-16,0.0,-4938283.0398,13548110.0,8609826.9602,8609826.9602,0.0,4938283.0398,4938283.0398,1.7434859222951096,0.02596347738002347,0.009554098597641891,0.009554098597641785
2025-05-19,-9.313225746154785e-10,-4938283.0398,13270311.0,8332027.9602,8332027.9602,0.0,4938283.0398,4938283.0398,1.6872317550549807,-0.05625416724012888,-0.02050463127329194,-0.02050463127329206
2025-05-20,9.313225746154785e-10,-4938283.0398,13505371.0,8567087.9602,8567087.9602,0.0,4938283.0398,4938283.0398,1.7348312948354143,0.04759953978043363,0.01771322465615177,0.017713224656151685
2025-05-21,0.0,-4938283.0398,13419895.0,8481611.9602,8481611.9602,0.0,4938283.0398,4938283.0398,1.717522444915086,-0.017308849920328218,-0.0063290375362514695,-0.006329037536251318
2025-05-22,0.0,-4938283.0398,13505371.0,8567087.9602,8567087.9602,0.0,4938283.0398,4938283.0398,1.7348312948354143,0.017308849920328218,0.006369349387607137,0.006369349387606982
2025-05-23,-9.313225746154785e-10,-4938283.0398,13291679.0,8353395.9602,8353395.9602,0.0,4938283.0398,4938283.0398,1.6915587650355317,-0.04327252979988261,-0.015822741929859108,-0.015822741929858938
2025-05-26,9.313225746154785e-10,-4938283.0398,13398525.0,8460241.9602,8460241.9602,0.0,4938283.0398,4938283.0398,1.713195029935473,0.021636264899941304,0.008038563073935245,0.008038563073935275
2025-05-27,-9.313225746154785e-10,-4938283.0398,12992509.0,8054225.9602,8054225.9602,0.0,4938283.0398,4938283.0398,1.6309769803162588,-0.0822180496192142,-0.03030303708803772,-0.030303037088037745
2025-05-28,0.0,-4938283.0398,13227572.0,8289288.9602,8289288.9602,0.0,4938283.0398,4938283.0398,1.6785771275952854,0.04760014727902662,0.018092194509928605,0.01809219450992876
2025-05-29,9.313225746154785e-10,-4938283.0398,13355786.0,8417502.9602,8417502.9602,0.0,4938283.0398,4938283.0398,1.704540402475778,0.02596327488049255,0.009692935332349828,0.009692935332349802
2025-06-02,-9.313225746154785e-10,-4938283.0398,13291679.0,8353395.9602,8353395.9602,0.0,4938283.0398,4938283.0398,1.6915587650355317,-0.012981637440246274,-0.004799942137437729,-0.004799942137437732
2025-06-03,9.313225746154785e-10,-4938283.0398,13633587.0,8695303.9602,8695303.9602,0.0,4938283.0398,4938283.0398,1.7607949747149687,0.069236209679437,0.02572346202462472,0.02572346202462465
2025-06-04,0.0,-4938283.0398,13633587.0,8695303.9602,8695303.9602,0.0,4938283.0398,4938283.0398,1.7607949747149687,0.0,0.0,0.0
2025-06-05,0.0,-4938283.0398,13719065.0,8780781.9602,8780781.9602,0.0,4938283.0398,4938283.0398,1.778104229634359,0.017309254919390282,0.006269663295506822,0.006269663295506898
2025-06-06,0.0,-4938283.0398,13783172.0,8844888.9602,8844888.9602,0.0,4938283.0398,4938283.0398,1.7910858670746053,0.012981637440246274,0.004672840313826088,0.004672840313826051
2025-06-09,0.0,-4938283.0398,13804540.0,8866256.9602,8866256.9602,0.0,4938283.0398,4938283.0398,1.795412877055156,0.0043270099805508,0.001550296259815953,0.0015502962598159553
2025-06-10,0.0,-4938283.0398,14082341.0,9144057.9602,9144057.9602,0.0,4938283.0398,4938283.0398,1.851667449294347,0.05625457223919095,0.02012388677927701,0.020123886779276963
2025-06-11,0.0,-4938283.0398,14424250.0,9485966.9602,9485966.9602,0.0,4938283.0398,4938283.0398,1.920903861473315,0.06923641217896792,0.02427927288509779,0.024279272885097725
2025-06-12,0.0,-4938283.0398,14573835.0,9635551.9602,9635551.9602,0.0,4938283.0398,4938283.0398,1.9511947538329513,0.030290892359636334,0.010370383208832212,0.010370383208832348
2025-06-13,0.0,-4938283.0398,14616573.0,9678289.9602,9678289.9602,0.0,4938283.0398,4938283.0398,1.9598491787931154,0.008654424960164109,0.002932515703656602,0.002932515703656587
2025-06-16,0.0,-4938283.0398,14595203.0,9656919.9602,9656919.9602,0.0,4938283.0398,4938283.0398,1.9555217638135023,-0.004327414979613087,-0.0014620390155750673,-0.0014620390155749914
2025-06-17,0.0,-4938283.0398,14958482.0,10020198.9602,10020198.9602,0.0,4938283.0398,4938283.0398,2.0290855909720835,0.07356382715858123,0.024890301285977356,0.02489030128597732
2025-06-18,0.0,-4938283.0398,15065328.0,10127044.9602,10127044.9602,0.0,4938283.0398,4938283.0398,2.0507218558720246,0.021636264899941082,0.007142837087346088,0.007142837087346162
2025-06-19,0.0,-4938283.0398,15065328.0,10127044.9602,10127044.9602,0.0,4938283.0398,4938283.0398,2.0507218558720246,0.0,0.0,0.0
2025-06-20,0.0,-4938283.0398,14595203.0,9656919.9602,9656919.9602,0.0,4938283.0398,4938283.0398,1.9555217638135023,-0.09520009205852231,-0.031205759343573503,-0.031205759343573534
2025-06-23,0.0,-4938283.0398,14488357.0,9550073.9602,9550073.9602,0.0,4938283.0398,4938283.0398,1.933885498913561,-0.021636264899941304,-0.007320624454486779,-0.007320624454486861
2025-06-24,0.0,-4938283.0398,15920097.0,10981813.9602,10981813.9602,0.0,4938283.0398,4938283.0398,2.223812177571086,0.28992667865752497,0.09882003873869194,0.09882003873869204
2025-06-25,0.0,-4938283.0398,14958482.0,10020198.9602,10020198.9602,0.0,4938283.0398,4938283.0398,2.0290855909720835,-0.19472658659900244,-0.0604025842304855,-0.06040258423048553
2025-06-26,0.0,-4938283.0398,14396970.0,9458686.9602,9458686.9602,0.0,4938283.0398,4938283.0398,1.9153796742648992,-0.11370591670718433,-0.03753803360528163,-0.03753803360528161
2025-06-27,0.0,-4938283.0398,14374510.0,9436226.9602,9436226.9602,0.0,4938283.0398,4938283.0398,1.9108315347963867,-0.004548139468512513,-0.0015600504828446882,-0.0015600504828446541
2025-06-30,0.0,-4938283.0398,14464351.0,9526067.9602,9526067.9602,0.0,4938283.0398,4938283.0398,1.9290242951699677,0.018192760373580974,0.006250021739871547,0.006250021739871481
2025-07-01,0.0,-4938283.0398,14599112.0,9660828.9602,9660828.9602,0.0,4938283.0398,4938283.0398,1.9563133344805734,0.027289039310605778,0.009316767824564032,0.009316767824563992
2025-07-02,0.0,-4938283.0398,14868634.0,9930350.9602,9930350.9602,0.0,4938283.0398,4938283.0398,2.0108914131017848,0.054578078621211334,0.018461533824796872,0.018461533824797014
2025-07-03,0.0,-4938283.0398,14352050.0,9413766.9602,9413766.9602,0.0,4938283.0398,4938283.0398,1.9062833953278742,-0.1046080177739106,-0.03474320505837991,-0.034743205058379946
2025-07-04,0.0,-4938283.0398,14037608.0,9099324.9602,9099324.9602,0.0,4938283.0398,4938283.0398,1.8426090377696378,-0.06367435755823636,-0.021909204608400956,-0.02190920460840089
2025-07-07,0.0,-4938283.0398,14217289.0,9279005.9602,9279005.9602,0.0,4938283.0398,4938283.0398,1.8789943560172684,0.03638531824763058,0.012799972758891887,0.012799972758891685
2025-07-08,0.0,-4938283.0398,14217289.0,9279005.9602,9279005.9602,0.0,4938283.0398,4938283.0398,1.8789943560172684,0.0,0.0,0.0
2025-07-09,0.0,-4938283.0398,14396970.0,9458686.9602,9458686.9602,0.0,4938283.0398,4938283.0398,1.9153796742648992,0.036385318247630805,0.012638204090807958,0.01263820409080803
2025-07-10,0.0,-4938283.0398,14419430.0,9481146.9602,9481146.9602,0.0,4938283.0398,4938283.0398,1.9199278137334115,0.004548139468512291,0.0015600504828445771,0.0015600504828446541
2025-07-11,0.0,-4938283.0398,14419430.0,9481146.9602,9481146.9602,0.0,4938283.0398,4938283.0398,1.9199278137334115,0.0,0.0,0.0
2025-07-14,0.0,-4938283.0398,14172369.0,9234085.9602,9234085.9602,0.0,4938283.0398,4938283.0398,1.8698980770802436,-0.0500297366531679,-0.017133895029137758,-0.01713389502913777
2025-07-15,0.0,-4938283.0398,14374510.0,9436226.9602,9436226.9602,0.0,4938283.0398,4938283.0398,1.9108315347963867,0.040933457716143096,0.014263035347160447,0.014263035347160379
2025-07-16,0.0,-4938283.0398,14262209.0,9323925.9602,9323925.9602,0.0,4938283.0398,4938283.0398,1.8880906349542934,-0.022740899842093265,-0.007812509782942012,-0.007812509782942166
2025-07-17,0.0,-4938283.0398,14374510.0,9436226.9602,9436226.9602,0.0,4938283.0398,4938283.0398,1.9108315347963867,0.022740899842093265,0.007874025685642216,0.007874025685642385
2025-07-18,0.0,-4938283.0398,14352050.0,9413766.9602,9413766.9602,0.0,4938283.0398,4938283.0398,1.9062833953278742,-0.004548139468512513,-0.0015624880430706867,-0.0015624880430706856
2025-07-21,0.0,-4938283.0398,14374510.0,9436226.9602,9436226.9602,0.0,4938283.0398,4938283.0398,1.9108315347963867,0.004548139468512513,0.0015649332325347043,0.001564933232534725
2025-07-22,0.0,-4938283.0398,13992687.0,9054403.9602,9054403.9602,0.0,4938283.0398,4938283.0398,1.8335125563330819,-0.07731897846330482,-0.026562505434967965,-0.02656250543496787
2025-07-23,0.0,-4938283.0398,14329590.0,9391306.9602,9391306.9602,0.0,4938283.0398,4938283.0398,1.9017352558593619,0.06822269952628002,0.024077076833062927,0.02407707683306287
2025-07-24,0.0,-4938283.0398,14531731.0,9593447.9602,9593447.9602,0.0,4938283.0398,4938283.0398,1.942668713575505,0.040933457716143096,0.014106544569663093,0.014106544569663194
2025-07-25,0.0,-4938283.0398,14711413.0,9773129.9602,9773129.9602,0.0,4938283.0398,4938283.0398,1.9790542343226667,0.036385520747161726,0.012364803614930642,0.012364803614930664
2025-07-28,0.0,-4938283.0398,14868634.0,9930350.9602,9930350.9602,0.0,4938283.0398,4938283.0398,2.0108914131017848,0.03183717877911807,0.010687008786987251,0.010687008786987355
2025-07-29,0.0,-4938283.0398,14621572.0,9683288.9602,9683288.9602,0.0,4938283.0398,4938283.0398,1.9608614739490857,-0.05002993915269904,-0.016616321311022864,-0.016616321311022923
2025-07-30,0.0,-4938283.0398,14666492.0,9728208.9602,9728208.9602,0.0,4938283.0398,4938283.0398,1.9699577528861107,0.009096278937025026,0.003072173087818486,0.0030721730878184644
2025-07-31,0.0,-4938283.0398,14868634.0,9930350.9602,9930350.9602,0.0,4938283.0398,4938283.0398,2.0108914131017848,0.04093366021567402,0.013782573228826589,0.013782573228826634
2025-08-01,0.0,-4938283.0398,14936014.0,9997730.9602,9997730.9602,0.0,4938283.0398,4938283.0398,2.0245358315073223,0.01364441840553754,0.004531687309002441,0.004531687309002293
2025-08-04,0.0,-4938283.0398,14936014.0,9997730.9602,9997730.9602,0.0,4938283.0398,4938283.0398,2.0245358315073223,0.0,0.0,0.0
2025-08-05,0.0,-4938283.0398,15183076.0,10244792.9602,10244792.9602,0.0,4938283.0398,4938283.0398,2.0745657706600213,0.05002993915269904,0.016541361035146362,0.016541361035146324
2025-08-06,0.0,-4938283.0398,15272917.0,10334633.9602,10334633.9602,0.0,4938283.0398,4938283.0398,2.0927585310336023,0.018192760373580974,0.0059171804185134125,0.00591718041851335
2025-08-07,0.0,-4938283.0398,15317837.0,10379553.9602,10379553.9602,0.0,4938283.0398,4938283.0398,2.101854809970627,0.009096278937024582,0.0029411539393553454,0.002941153939355527
2025-08-08,0.0,-4938283.0398,15272917.0,10334633.9602,10334633.9602,0.0,4938283.0398,4938283.0398,2.0927585310336023,-0.009096278937024582,-0.002932528920368993,-0.0029325289203691097
2025-08-11,0.0,-4938283.0398,14868634.0,9930350.9602,9930350.9602,0.0,4938283.0398,4938283.0398,2.0108914131017848,-0.08186711793181756,-0.026470581880331134,-0.026470581880331048
2025-08-12,0.0,-4938283.0398,14666492.0,9728208.9602,9728208.9602,0.0,4938283.0398,4938283.0398,1.9699577528861107,-0.04093366021567402,-0.013595196438354606,-0.013595196438354728
2025-08-13,0.0,-4938283.0398,14374510.0,9436226.9602,9436226.9602,0.0,4938283.0398,4938283.0398,1.9108315347963867,-0.05912621808972407,-0.019908100723745048,-0.019908100723744982
2025-08-14,0.0,-4938283.0398,14396970.0,9458686.9602,9458686.9602,0.0,4938283.0398,4938283.0398,1.9153796742648992,0.004548139468512513,0.0015624880430706867,0.0015624880430706856
2025-08-15,0.0,-4938283.0398,14194829.0,9256545.9602,9256545.9602,0.0,4938283.0398,4938283.0398,1.874446216548756,-0.040933457716143096,-0.014040523804661698,-0.014040523804661675
2025-08-18,0.0,-4938283.0398,14217289.0,9279005.9602,9279005.9602,0.0,4938283.0398,4938283.0398,1.8789943560172684,0.004548139468512291,0.0015822663309295049,0.0015822663309293828
2025-08-19,0.0,-4938283.0398,14217289.0,9279005.9602,9279005.9602,0.0,4938283.0398,4938283.0398,1.8789943560172684,0.0,0.0,0.0
2025-08-20,0.0,-4938283.0398,14037608.0,9099324.9602,9099324.9602,0.0,4938283.0398,4938283.0398,1.8426090377696378,-0.03638531824763058,-0.01263820409080818,-0.01263820409080803
2025-08-21,0.0,-4938283.0398,14060068.0,9121784.9602,9121784.9602,0.0,4938283.0398,4938283.0398,1.8471571772381503,0.004548139468512513,0.0015999876902106358,0.0015999876902104688
2025-08-22,0.0,-4938283.0398,13947767.0,9009483.9602,9009483.9602,0.0,4938283.0398,4938283.0398,1.8244162773960568,-0.022740899842093487,-0.007987230218232444,-0.00798723021823223
2025-08-25,0.0,-4938283.0398,14217289.0,9279005.9602,9279005.9602,0.0,4938283.0398,4938283.0398,1.8789943560172684,0.054578078621211557,0.019323666648575433,0.01932366664857536
2025-08-26,0.0,-4938283.0398,14329590.0,9391306.9602,9391306.9602,0.0,4938283.0398,4938283.0398,1.9017352558593619,0.022740899842093487,0.00789890393309145,0.007898903933091605
2025-08-27,0.0,-4938283.0398,14262209.0,9323925.9602,9323925.9602,0.0,4938283.0398,4938283.0398,1.8880906349542934,-0.01364462090506846,-0.004702228046999157,-0.004702228046999251
2025-08-28,0.0,-4938283.0398,14239749.0,9301465.9602,9301465.9602,0.0,4938283.0398,4938283.0398,1.883542495485781,-0.004548139468512513,-0.0015747911140555626,-0.0015747911140553332
2025-08-29,0.0,-4938283.0398,14194829.0,9256545.9602,9256545.9602,0.0,4938283.0398,4938283.0398,1.874446216548756,-0.009096278937024804,-0.0031545499853964376,-0.003154549985396512
2025-09-01,0.0,-4938283.0398,13902846.0,8964562.9602,8964562.9602,0.0,4938283.0398,4938283.0398,1.8153197959595009,-0.05912642058925521,-0.020569673646649855,-0.020569673646649776
2025-09-02,0.0,-4938283.0398,13902846.0,8964562.9602,8964562.9602,0.0,4938283.0398,4938283.0398,1.8153197959595009,0.0,0.0,0.0
2025-09-03,0.0,-4938283.0398,14037608.0,9099324.9602,9099324.9602,0.0,4938283.0398,4938283.0398,1.8426090377696378,0.02728924181013692,0.009693123264114423,0.009693123264114412
2025-09-04,0.0,-4938283.0398,14262209.0,9323925.9602,9323925.9602,0.0,4938283.0398,4938283.0398,1.8880906349542934,0.04548159718465561,0.015999948139312714,0.015999948139312624
2025-09-05,0.0,-4938283.0398,14486811.0,9548527.9602,9548527.9602,0.0,4938283.0398,4938283.0398,1.93357243463848,0.04548179968418653,0.015748051371284655,0.01574805137128477
2025-09-08,0.0,-4938283.0398,14486811.0,9548527.9602,9548527.9602,0.0,4938283.0398,4938283.0398,1.93357243463848,0.0,0.0,0.0
2025-09-09,0.0,-4938283.0398,14846174.0,9907890.9602,9907890.9602,0.0,4938283.0398,4938283.0398,2.0063432736332723,0.07277083899479231,0.024806218566667315,0.024806218566667294
2025-09-10,0.0,-4938283.0398,15003395.0,10065111.9602,10065111.9602,0.0,4938283.0398,4938283.0398,2.0381804524123908,0.03183717877911851,0.010590001167977814,0.010590001167977689
2025-09-11,0.0,-4938283.0398,15519979.0,10581695.9602,10581695.9602,0.0,4938283.0398,4938283.0398,2.1427884701863014,0.1046080177739106,0.034431140418552,0.034431140418551935
2025-09-12,0.0,-4938283.0398,15879342.0,10941058.9602,10941058.9602,0.0,4938283.0398,4938283.0398,2.215559309181094,0.07277083899479253,0.023154863804905945,0.02315486380490592
2025-09-15,0.0,-4938283.0398,15542439.0,10604155.9602,10604155.9602,0.0,4938283.0398,4938283.0398,2.147336609654814,-0.06822269952628002,-0.021216433275383806,-0.02121643327538383
2025-09-16,0.0,-4938283.0398,15385218.0,10446934.9602,10446934.9602,0.0,4938283.0398,4938283.0398,2.1154994308756954,-0.03183717877911851,-0.010115593826683256,-0.010115593826683186
2025-09-17,0.0,-4938283.0398,15115696.0,10177412.9602,10177412.9602,0.0,4938283.0398,4938283.0398,2.060921352254484,-0.054578078621211557,-0.01751824381038991,-0.017518243810389945
2025-09-18,0.0,-4938283.0398,15272917.0,10334633.9602,10334633.9602,0.0,4938283.0398,4938283.0398,2.0927585310336023,0.03183717877911851,0.01040117504347804,0.010401175043477985
2025-09-19,0.0,-4938283.0398,15003395.0,10065111.9602,10065111.9602,0.0,4938283.0398,4938283.0398,2.0381804524123908,-0.054578078621211557,-0.017647054586887312,-0.017647054586887364
2025-09-22,0.0,-4938283.0398,15362758.0,10424474.9602,10424474.9602,0.0,4938283.0398,4938283.0398,2.1109512914071833,0.07277083899479253,0.02395211217194504,0.023952112171945084
2025-09-23,0.0,-4938283.0398,15362758.0,10424474.9602,10424474.9602,0.0,4938283.0398,4938283.0398,2.1109512914071833,0.0,0.0,0.0
2025-09-24,0.0,-4938283.0398,15362758.0,10424474.9602,10424474.9602,0.0,4938283.0398,4938283.0398,2.1109512914071833,0.0,0.0,0.0
2025-09-25,0.0,-4938283.0398,15497519.0,10559235.9602,10559235.9602,0.0,4938283.0398,4938283.0398,2.138240330717789,0.027289039310605556,0.008771927540614621,0.008771927540614777
2025-09-26,0.0,-4938283.0398,15227997.0,10289713.9602,10289713.9602,0.0,4938283.0398,4938283.0398,2.0836622520965773,-0.054578078621211557,-0.017391299859029097,-0.017391299859029048
2025-09-30,0.0,-4938283.0398,15070775.0,10132491.9602,10132491.9602,0.0,4938283.0398,4938283.0398,2.051824870817928,-0.031837381278649435,-0.010324535787602285,-0.010324535787602269
2025-10-01,0.0,-4938283.0398,15183076.0,10244792.9602,10244792.9602,0.0,4938283.0398,4938283.0398,2.0745657706600213,0.022740899842093487,0.007451574321824861,0.0074515743218248566
2025-10-02,0.0,-4938283.0398,15362758.0,10424474.9602,10424474.9602,0.0,4938283.0398,4938283.0398,2.1109512914071833,0.03638552074716195,0.011834360837026825,0.0118343608370267
2025-10-03,0.0,-4938283.0398,15385218.0,10446934.9602,10446934.9602,0.0,4938283.0398,4938283.0398,2.1154994308756954,0.004548139468512069,0.0014619770746890914,0.0014619770746893235
2025-10-07,0.0,-4938283.0398,15519979.0,10581695.9602,10581695.9602,0.0,4938283.0398,4938283.0398,2.1427884701863014,0.027289039310606,0.008759121905195011,0.008759121905194973
2025-10-08,0.0,-4938283.0398,15542439.0,10604155.9602,10604155.9602,0.0,4938283.0398,4938283.0398,2.147336609654814,0.004548139468512513,0.0014471669066047355,0.0014471669066047062
2025-10-09,0.0,-4938283.0398,15205536.0,10267252.9602,10267252.9602,0.0,4938283.0398,4938283.0398,2.079113910128534,-0.06822269952628002,-0.02167632763429217,-0.021676327634292145
2025-10-13,0.0,-4938283.0398,15654740.0,10716456.9602,10716456.9602,0.0,4938283.0398,4938283.0398,2.170077509496907,0.09096359936837306,0.029542135180239626,0.02954213518023962
2025-10-14,0.0,-4938283.0398,15430138.0,10491854.9602,10491854.9602,0.0,4938283.0398,4938283.0398,2.1245957098127204,-0.04548179968418653,-0.01434722007519762,-0.014347220075197672
2025-10-15,0.0,-4938283.0398,15362758.0,10424474.9602,10424474.9602,0.0,4938283.0398,4938283.0398,2.1109512914071833,-0.013644418405537095,-0.0043667788324380785,-0.00436677883243818
2025-10-16,0.0,-4938283.0398,15385218.0,10446934.9602,10446934.9602,0.0,4938283.0398,4938283.0398,2.1154994308756954,0.004548139468512069,0.0014619770746890914,0.0014619770746893235
2025-10-17,0.0,-4938283.0398,15385218.0,10446934.9602,10446934.9602,0.0,4938283.0398,4938283.0398,2.1154994308756954,0.0,0.0,0.0
2025-10-20,0.0,-4938283.0398,15407678.0,10469394.9602,10469394.9602,0.0,4938283.0398,4938283.0398,2.120047570344208,0.004548139468512513,0.0014598428179568579,0.0014598428179568206
2025-10-21,0.0,-4938283.0398,15519979.0,10581695.9602,10581695.9602,0.0,4938283.0398,4938283.0398,2.1427884701863014,0.022740899842093487,0.007288638820203808,0.007288638820203797
2025-10-22,0.0,-4938283.0398,15699660.0,10761376.9602,10761376.9602,0.0,4938283.0398,4938283.0398,2.179173788433932,0.03638531824763058,0.011577399685914536,0.011577399685914523
2025-10-23,0.0,-4938283.0398,15677200.0,10738916.9602,10738916.9602,0.0,4938283.0398,4938283.0398,2.1746256489654194,-0.004548139468512513,-0.0014306042296458044,-0.0014306042296457376
2025-10-27,0.0,-4938283.0398,16036563.0,11098279.9602,11098279.9602,0.0,4938283.0398,4938283.0398,2.247396487960212,0.07277083899479253,0.02292265200418453,0.022922652004184422
2025-10-28,0.0,-4938283.0398,15924262.0,10985978.9602,10985978.9602,0.0,4938283.0398,4938283.0398,2.2246555881181185,-0.022740899842093487,-0.007002809766656459,-0.007002809766656359
2025-10-29,0.0,-4938283.0398,15924262.0,10985978.9602,10985978.9602,0.0,4938283.0398,4938283.0398,2.2246555881181185,0.0,0.0,0.0
2025-10-30,0.0,-4938283.0398,15924262.0,10985978.9602,10985978.9602,0.0,4938283.0398,4938283.0398,2.2246555881181185,0.0,0.0,0.0
2025-10-31,0.0,-4938283.0398,15654740.0,10716456.9602,10716456.9602,0.0,4938283.0398,4938283.0398,2.170077509496907,-0.054578078621211557,-0.016925242752222958,-0.016925242752222992
2025-11-03,0.0,-4938283.0398,15519979.0,10581695.9602,10581695.9602,0.0,4938283.0398,4938283.0398,2.1427884701863014,-0.027289039310605556,-0.008608319269435283,-0.008608319269435328
2025-11-04,0.0,-4938283.0398,15452598.0,10514314.9602,10514314.9602,0.0,4938283.0398,4938283.0398,2.129143849281233,-0.01364462090506846,-0.004341565152890969,-0.004341565152890993
2025-11-05,0.0,-4938283.0398,15295377.0,10357093.9602,10357093.9602,0.0,4938283.0398,4938283.0398,2.097306670502115,-0.03183717877911807,-0.01017440562421923,-0.010174405624219306
2025-11-06,0.0,-4938283.0398,15295377.0,10357093.9602,10357093.9602,0.0,4938283.0398,4938283.0398,2.097306670502115,0.0,0.0,0.0
2025-11-07,0.0,-4938283.0398,14913554.0,9975270.9602,9975270.9602,0.0,4938283.0398,4938283.0398,2.01998769203881,-0.07731897846330504,-0.024963294464726227,-0.02496329446472617
2025-11-10,0.0,-4938283.0398,14891094.0,9952810.9602,9952810.9602,0.0,4938283.0398,4938283.0398,2.0154395525702973,-0.004548139468512513,-0.0015060125842573102,-0.001506012584257247
2025-11-11,0.0,-4938283.0398,14846174.0,9907890.9602,9907890.9602,0.0,4938283.0398,4938283.0398,2.0063432736332723,-0.009096278937025026,-0.0030165681581219017,-0.0030165681581218948
2025-11-12,0.0,-4938283.0398,14531731.0,9593447.9602,9593447.9602,0.0,4938283.0398,4938283.0398,1.942668713575505,-0.06367456005776728,-0.021180069693376824,-0.021180069693376893
2025-11-13,0.0,-4938283.0398,14217289.0,9279005.9602,9279005.9602,0.0,4938283.0398,4938283.0398,1.8789943560172684,-0.06367435755823658,-0.02163830310373893,-0.021638303103738984
2025-11-14,0.0,-4938283.0398,14217289.0,9279005.9602,9279005.9602,0.0,4938283.0398,4938283.0398,1.8789943560172684,0.0,0.0,0.0
2025-11-17,0.0,-4938283.0398,13700705.0,8762421.9602,8762421.9602,0.0,4938283.0398,4938283.0398,1.7743863382433578,-0.1046080177739106,-0.036334915890082975,-0.03633491589008284
2025-11-18,-9.313225746154785e-10,-4938283.0398,12645077.0,7706793.9602,7706793.9602,0.0,4938283.0398,4938283.0398,1.5606221632270239,-0.21376417501633393,-0.07704917374689846,-0.0770491737468985
2025-11-19,0.0,-4938283.0398,12712457.0,7774173.9602,7774173.9602,0.0,4938283.0398,4938283.0398,1.5742665816325612,0.013644418405537317,0.005328555927338385,0.005328555927338363
2025-11-20,0.0,-4938283.0398,12869679.0,7931395.9602,7931395.9602,0.0,4938283.0398,4938283.0398,1.6061039629112106,0.031837381278649435,0.012367554124273372,0.012367554124273537
2025-11-21,0.0,-4938283.0398,12869679.0,7931395.9602,7931395.9602,0.0,4938283.0398,4938283.0398,1.6061039629112106,0.0,0.0,0.0
2025-11-24,0.0,-4938283.0398,13139201.0,8200917.9602,8200917.9602,0.0,4938283.0398,4938283.0398,1.660682041532422,0.054578078621211334,0.020942402681527694,0.020942402681527642
2025-11-25,0.0,-4938283.0398,13251501.0,8313217.9602,8313217.9602,0.0,4938283.0398,4938283.0398,1.6834227388749843,0.022740697342562344,0.00854694284682922,0.008546942846829119
2025-11-26,9.313225746154785e-10,-4938283.0398,13745625.0,8807341.9602,8807341.9602,0.0,4938283.0398,4938283.0398,1.7834826171803826,0.10005987830539831,0.037288153243923094,0.03728815324392316
2025-11-27,0.0,-4938283.0398,13723165.0,8784881.9602,8784881.9602,0.0,4938283.0398,4938283.0398,1.7789344777118703,-0.004548139468512291,-0.0016339744464146655,-0.0016339744464147683
2025-11-28,0.0,-4938283.0398,13498563.0,8560279.9602,8560279.9602,0.0,4938283.0398,4938283.0398,1.7334526780276835,-0.04548179968418675,-0.016366632624471245,-0.016366632624471106
2025-12-01,0.0,-4938283.0398,13543484.0,8605200.9602,8605200.9602,0.0,4938283.0398,4938283.0398,1.7425491594642395,0.009096481436555948,0.003327835711104843,0.0033278357111049526
2025-12-02,0.0,-4938283.0398,13633324.0,8695040.9602,8695040.9602,0.0,4938283.0398,4938283.0398,1.7607417173382893,0.01819255787404983,0.006633448232375105,0.006633448232375067
2025-12-03,0.0,-4938283.0398,13835466.0,8897182.9602,8897182.9602,0.0,4938283.0398,4938283.0398,1.8016753775539636,0.04093366021567424,0.014827051715341044,0.014827051715341027
2025-12-04,0.0,-4938283.0398,13633324.0,8695040.9602,8695040.9602,0.0,4938283.0398,4938283.0398,1.7607417173382893,-0.04093366021567424,-0.014610422229363262,-0.01461042222936329
2025-12-05,0.0,-4938283.0398,13678245.0,8739961.9602,8739961.9602,0.0,4938283.0398,4938283.0398,1.7698381987748453,0.009096481436555948,0.003294941131011031,0.003294941131011043
2025-12-08,0.0,-4938283.0398,13521024.0,8582740.9602,8582740.9602,0.0,4938283.0398,4938283.0398,1.7380010199957272,-0.03183717877911807,-0.011494237747605718,-0.011494237747605779
2025-12-09,0.0,-4938283.0398,13386263.0,8447979.9602,8447979.9602,0.0,4938283.0398,4938283.0398,1.7107119806851214,-0.027289039310605778,-0.00996677470582119,-0.009966774705821097
2025-12-10,0.0,-4938283.0398,13363802.0,8425518.9602,8425518.9602,0.0,4938283.0398,4938283.0398,1.7061636387170778,-0.0045483419680436565,-0.001677914142281689,-0.0016779141422815314
2025-12-11,-9.313225746154785e-10,-4938283.0398,13296422.0,8358138.9602,8358138.9602,0.0,4938283.0398,4938283.0398,1.6925192203115402,-0.01364441840553754,-0.005041978323234608,-0.00504197832323473
2025-12-12,0.0,-4938283.0398,13206581.0,8268297.9602,8268297.9602,0.0,4938283.0398,4938283.0398,1.6743264599379595,-0.018192760373580752,-0.006756780132279205,-0.006756780132279195
2025-12-15,0.0,-4938283.0398,13116740.0,8178456.9602,8178456.9602,0.0,4938283.0398,4938283.0398,1.6561336995643785,-0.018192760373580974,-0.006802744783074521,-0.006802744783074438
2025-12-16,0.0,-4938283.0398,13161661.0,8223377.9602,8223377.9602,0.0,4938283.0398,4938283.0398,1.6652301810009345,0.009096481436555948,0.0034247076636420015,0.003424707663642033
2025-12-17,0.0,-4938283.0398,12959519.0,8021235.9602,8021235.9602,0.0,4938283.0398,4938283.0398,1.6242965207852602,-0.04093366021567424,-0.015358395874198516,-0.015358395874198552
2025-12-18,0.0,-4938283.0398,12442935.0,7504651.9602,7504651.9602,0.0,4938283.0398,4938283.0398,1.5196885030113496,-0.1046080177739106,-0.03986135596544915,-0.03986135596544903
2025-12-19,0.0,-4938283.0398,12353095.0,7414811.9602,7414811.9602,0.0,4938283.0398,4938283.0398,1.5014959451372998,-0.01819255787404983,-0.007220161481193865,-0.007220161481193947
2025-12-22,0.0,-4938283.0398,12353095.0,7414811.9602,7414811.9602,0.0,4938283.0398,4938283.0398,1.5014959451372998,0.0,0.0,0.0
2025-12-23,0.0,-4938283.0398,12263254.0,7324970.9602,7324970.9602,0.0,4938283.0398,4938283.0398,1.483303184763719,-0.018192760373580752,-0.007272752294060547,-0.007272752294060719
2025-12-24,0.0,-4938283.0398,12218334.0,7280050.9602,7280050.9602,0.0,4938283.0398,4938283.0398,1.474206905826694,-0.009096278937025026,-0.0036629755854360457,-0.00366297558543597
2025-12-26,0.0,-4938283.0398,12375555.0,7437271.9602,7437271.9602,0.0,4938283.0398,4938283.0398,1.5060440846058123,0.03183717877911829,0.01286762990764534,0.012867629907645346
2025-12-29,0.0,-4938283.0398,12195873.0,7257589.9602,7257589.9602,0.0,4938283.0398,4938283.0398,1.4696585638586506,-0.036385520747161726,-0.014519106415833538,-0.014519106415833472
2025-12-30,0.0,-4938283.0398,12128493.0,7190209.9602,7190209.9602,0.0,4938283.0398,4938283.0398,1.4560141454531133,-0.013644418405537317,-0.005524819748450871,-0.005524819748450972
2025-12-31,0.0,-4938283.0398,12308174.0,7369890.9602,7369890.9602,0.0,4938283.0398,4938283.0398,1.4923994637007438,0.03638531824763058,0.014814783666857734,0.014814783666857869
2026-01-02,0.0,-4938283.0398,12465395.0,7527111.9602,7527111.9602,0.0,4938283.0398,4938283.0398,1.5242366424798621,0.03183717877911829,0.012773706319069156,0.012773706319068937
2026-01-05,0.0,-4938283.0398,12263254.0,7324970.9602,7324970.9602,0.0,4938283.0398,4938283.0398,1.483303184763719,-0.040933457716143096,-0.01621617285292598,-0.01621617285292604
2026-01-06,0.0,-4938283.0398,12106033.0,7167749.9602,7167749.9602,0.0,4938283.0398,4938283.0398,1.4514660059846007,-0.03183717877911829,-0.012820496093451372,-0.012820496093451216
2026-01-07,0.0,-4938283.0398,12195873.0,7257589.9602,7257589.9602,0.0,4938283.0398,4938283.0398,1.4696585638586506,0.01819255787404983,0.007421093268124901,0.007421093268125074
2026-01-08,0.0,-4938283.0398,11903891.0,6965607.9602,6965607.9602,0.0,4938283.0398,4938283.0398,1.4105323457689265,-0.05912621808972407,-0.023941049566521433,-0.023941049566521395
2026-01-09,0.0,-4938283.0398,11881431.0,6943147.9602,6943147.9602,0.0,4938283.0398,4938283.0398,1.405984206300414,-0.004548139468512513,-0.0018867780291333958,-0.0018867780291334992
2026-01-12,0.0,-4938283.0398,12263254.0,7324970.9602,7324970.9602,0.0,4938283.0398,4938283.0398,1.483303184763719,0.07731897846330504,0.03213611222419255,0.03213611222419253
2026-01-13,0.0,-4938283.0398,11634369.0,6696085.9602,6696085.9602,0.0,4938283.0398,4938283.0398,1.355954267147715,-0.1273489176160041,-0.05128206591823026,-0.05128206591823019
2026-01-14,0.0,-4938283.0398,11858971.0,6920687.9602,6920687.9602,0.0,4938283.0398,4938283.0398,1.4014360668319017,0.04548179968418675,0.019305043530938315,0.019305043530938377
2026-01-15,0.0,-4938283.0398,11701750.0,6763466.9602,6763466.9602,0.0,4938283.0398,4938283.0398,1.3695988880527834,-0.03183717877911829,-0.013257558349708543,-0.01325755834970842
2026-01-16,0.0,-4938283.0398,11454688.0,6516404.9602,6516404.9602,0.0,4938283.0398,4938283.0398,1.3195689489000844,-0.05002993915269904,-0.02111325229132388,-0.021113252291323947
2026-01-19,0.0,-4938283.0398,11454688.0,6516404.9602,6516404.9602,0.0,4938283.0398,4938283.0398,1.3195689489000844,0.0,0.0,0.0
2026-01-20,0.0,-4938283.0398,11454688.0,6516404.9602,6516404.9602,0.0,4938283.0398,4938283.0398,1.3195689489000844,0.0,0.0,0.0
2026-01-21,0.0,-4938283.0398,11252546.0,6314262.9602,6314262.9602,0.0,4938283.0398,4938283.0398,1.2786352886844101,-0.04093366021567424,-0.01764709785198859,-0.017647097851988636
2026-01-22,0.0,-4938283.0398,11477148.0,6538864.9602,6538864.9602,0.0,4938283.0398,4938283.0398,1.3241170883685967,0.04548179968418653,0.01996010502867529,0.019960105028675287
2026-01-23,0.0,-4938283.0398,11566989.0,6628705.9602,6628705.9602,0.0,4938283.0398,4938283.0398,1.3423098487421776,0.018192760373580974,0.007827815760500734,0.007827815760500779
2026-01-26,0.0,-4938283.0398,11342387.0,6404103.9602,6404103.9602,0.0,4938283.0398,4938283.0398,1.2968280490579909,-0.04548179968418675,-0.019417499229920532,-0.019417499229920594
2026-01-27,0.0,-4938283.0398,11319927.0,6381643.9602,6381643.9602,0.0,4938283.0398,4938283.0398,1.2922799095894786,-0.004548139468512291,-0.001980182831003763,-0.0019801828310037385
2026-01-28,0.0,-4938283.0398,11454688.0,6516404.9602,6516404.9602,0.0,4938283.0398,4938283.0398,1.3195689489000844,0.027289039310605778,0.011904758749769151,0.011904758749769323
2026-01-29,0.0,-4938283.0398,11387307.0,6449023.9602,6449023.9602,0.0,4938283.0398,4938283.0398,1.305924327995016,-0.01364462090506846,-0.0058823950508296585,-0.005882395050829843
2026-01-30,0.0,-4938283.0398,11140245.0,6201961.9602,6201961.9602,0.0,4938283.0398,4938283.0398,1.2558943888423169,-0.05002993915269904,-0.021696262338408823,-0.021696262338408896
2026-02-02,0.0,-4938283.0398,11218856.0,6280572.9602,6280572.9602,0.0,4938283.0398,4938283.0398,1.2718130794816414,0.015918690639324495,0.00705648753685395,0.007056487536853992
2026-02-03,0.0,-4938283.0398,11252546.0,6314262.9602,6314262.9602,0.0,4938283.0398,4938283.0398,1.2786352886844101,0.00682220920276877,0.0030029799829858206,0.0030029799829857876
2026-02-04,0.0,-4938283.0398,11275006.0,6336722.9602,6336722.9602,0.0,4938283.0398,4938283.0398,1.2831834281529226,0.004548139468512513,0.001995992729112217,0.0019959927291121494
2026-02-05,0.0,-4938283.0398,11275006.0,6336722.9602,6336722.9602,0.0,4938283.0398,4938283.0398,1.2831834281529226,0.0,0.0,0.0
2026-02-06,0.0,-4938283.0398,11409767.0,6471483.9602,6471483.9602,0.0,4938283.0398,4938283.0398,1.3104724674635282,0.027289039310605556,0.011952188761584548,0.011952188761584695
2026-02-09,0.0,-4938283.0398,11297467.0,6359183.9602,6359183.9602,0.0,4938283.0398,4938283.0398,1.287731770120966,-0.02274069734256212,-0.009842444635372427,-0.009842444635372484
2026-02-10,0.0,-4938283.0398,11814050.0,6875766.9602,6875766.9602,0.0,4938283.0398,4938283.0398,1.3923395853953455,0.10460781527437946,0.045725559543568384,0.04572555954356848
2026-02-11,0.0,-4938283.0398,11746670.0,6808386.9602,6808386.9602,0.0,4938283.0398,4938283.0398,1.3786951669898082,-0.013644418405537317,-0.005703378604288822,-0.005703378604288961
2026-02-23,0.0,-4938283.0398,11432228.0,6493944.9602,6493944.9602,0.0,4938283.0398,4938283.0398,1.3150208094315718,-0.06367435755823636,-0.026768607613902318,-0.026768607613902495
2026-02-24,0.0,-4938283.0398,11566989.0,6628705.9602,6628705.9602,0.0,4938283.0398,4938283.0398,1.3423098487421776,0.027289039310605778,0.011787815988274497,0.01178781598827455
2026-02-25,0.0,-4938283.0398,11791590.0,6853306.9602,6853306.9602,0.0,4938283.0398,4938283.0398,1.3877914459268332,0.04548159718465561,0.019417412776998377,0.019417412776998405
2026-02-26,0.0,-4938283.0398,11948812.0,7010528.9602,7010528.9602,0.0,4938283.0398,4938283.0398,1.4196288272054824,0.03183738127864921,0.013333401178297288,0.013333401178297413
2026-03-02,0.0,-4938283.0398,11903891.0,6965607.9602,6965607.9602,0.0,4938283.0398,4938283.0398,1.4105323457689265,-0.009096481436555948,-0.003759453241041877,-0.0037594532410418708
2026-03-03,0.0,-4938283.0398,11701750.0,6763466.9602,6763466.9602,0.0,4938283.0398,4938283.0398,1.3695988880527834,-0.040933457716143096,-0.016981086268347045,-0.01698108626834705
2026-03-04,0.0,-4938283.0398,11230086.0,6291802.9602,6291802.9602,0.0,4938283.0398,4938283.0398,1.2740871492158976,-0.0955117388368858,-0.040307133548400764,-0.04030713354840088
2026-03-05,0.0,-4938283.0398,11634369.0,6696085.9602,6696085.9602,0.0,4938283.0398,4938283.0398,1.355954267147715,0.08186711793181733,0.03599999145153476,0.03599999145153474
2026-03-06,0.0,-4938283.0398,11836511.0,6898227.9602,6898227.9602,0.0,4938283.0398,4938283.0398,1.3968879273633892,0.04093366021567424,0.017374556368291216,0.017374556368291223
2026-03-09,0.0,-4938283.0398,11611909.0,6673625.9602,6673625.9602,0.0,4938283.0398,4938283.0398,1.3514061276792024,-0.04548179968418675,-0.018975355153220574,-0.018975355153220404
2026-03-10,0.0,-4938283.0398,11926351.0,6988067.9602,6988067.9602,0.0,4938283.0398,4938283.0398,1.415080485237439,0.06367435755823658,0.027079268361472897,0.027079268361472692
2026-03-11,0.0,-4938283.0398,13116740.0,8178456.9602,8178456.9602,0.0,4938283.0398,4938283.0398,1.6561336995643785,0.2410532143269395,0.09981166913501016,0.09981166913501037
2026-03-12,0.0,-4938283.0398,13049360.0,8111076.9602,8111076.9602,0.0,4938283.0398,4938283.0398,1.6424892811588412,-0.013644418405537317,-0.005136947137779568,-0.005136947137779662
2026-03-13,0.0,-4938283.0398,13229041.0,8290757.9602,8290757.9602,0.0,4938283.0398,4938283.0398,1.6788745994064718,0.03638531824763058,0.013769334281527712,0.013769334281527983
2026-03-16,0.0,-4938283.0398,13229041.0,8290757.9602,8290757.9602,0.0,4938283.0398,4938283.0398,1.6788745994064718,0.0,0.0,0.0
2026-03-17,0.0,-4938283.0398,13318882.0,8380598.9602,8380598.9602,0.0,4938283.0398,4938283.0398,1.6970673597800527,0.018192760373580974,0.006791195219668644,0.006791195219668606
2026-03-18,9.313225746154785e-10,-4938283.0398,13341342.0,8403058.9602,8403058.9602,0.0,4938283.0398,4938283.0398,1.7016154992485653,0.004548139468512513,0.0016863277263063914,0.0016863277263062268
2026-03-19,-9.313225746154785e-10,-4938283.0398,12981979.0,8043695.9602,8043695.9602,0.0,4938283.0398,4938283.0398,1.6288446602537727,-0.07277083899479253,-0.02693604586405196,-0.02693604586405183
2026-03-20,0.0,-4938283.0398,13071820.0,8133536.9602,8133536.9602,0.0,4938283.0398,4938283.0398,1.6470374206273537,0.018192760373580974,0.006920439479989993,0.0069204394799899155
2026-03-23,0.0,-4938283.0398,12645077.0,7706793.9602,7706793.9602,0.0,4938283.0398,4938283.0398,1.5606221632270239,-0.08641525740032985,-0.03264602786758075,-0.03264602786758079
2026-03-24,0.0,-4938283.0398,12689997.0,7751713.9602,7751713.9602,0.0,4938283.0398,4938283.0398,1.5697184421640487,0.009096278937024804,0.003552370618225442,0.003552370618225575
2026-03-25,0.0,-4938283.0398,12689997.0,7751713.9602,7751713.9602,0.0,4938283.0398,4938283.0398,1.5697184421640487,0.0,0.0,0.0
2026-03-26,0.0,-4938283.0398,12892139.0,7953855.9602,7953855.9602,0.0,4938283.0398,4938283.0398,1.610652102379723,0.04093366021567424,0.01592923938437507,0.015929239384374953
2026-03-27,0.0,-4938283.0398,12959519.0,8021235.9602,8021235.9602,0.0,4938283.0398,4938283.0398,1.6242965207852602,0.013644418405537317,0.005226440701578072,0.005226440701577915
2026-03-30,0.0,-4938283.0398,12622617.0,7684333.9602,7684333.9602,0.0,4938283.0398,4938283.0398,1.5560740237585113,-0.06822249702674887,-0.025996489530205613,-0.025996489530205558
2026-03-31,0.0,-4938283.0398,12330634.0,7392350.9602,7392350.9602,0.0,4938283.0398,4938283.0398,1.4969476031692563,-0.05912642058925499,-0.023131732508401393,-0.02313173250840139
2026-04-01,0.0,-4938283.0398,12734918.0,7796634.9602,7796634.9602,0.0,4938283.0398,4938283.0398,1.5788149236006048,0.08186732043134848,0.03278695969728718,0.03278695969728726
2026-04-02,0.0,-4938283.0398,12465395.0,7527111.9602,7527111.9602,0.0,4938283.0398,4938283.0398,1.5242366424798621,-0.0545782811207427,-0.0211640938716684,-0.02116409387166843
2026-04-07,0.0,-4938283.0398,12353095.0,7414811.9602,7414811.9602,0.0,4938283.0398,4938283.0398,1.5014959451372998,-0.022740697342562344,-0.009008940350466399,-0.00900894035046623
2026-04-08,0.0,-4938283.0398,12622617.0,7684333.9602,7684333.9602,0.0,4938283.0398,4938283.0398,1.5560740237585113,0.054578078621211557,0.021818175930809147,0.02181817593080924
2026-04-09,0.0,-4938283.0398,12757378.0,7819094.9602,7819094.9602,0.0,4938283.0398,4938283.0398,1.5833630630691171,0.027289039310605778,0.010676153764310525,0.010676153764310524
2026-04-10,0.0,-4938283.0398,12981979.0,8043695.9602,8043695.9602,0.0,4938283.0398,4938283.0398,1.6288446602537727,0.04548159718465561,0.01760557694535647,0.01760557694535664
2026-04-13,0.0,-4938283.0398,12981979.0,8043695.9602,8043695.9602,0.0,4938283.0398,4938283.0398,1.6288446602537727,0.0,0.0,0.0
2026-04-14,0.0,-4938283.0398,13026900.0,8088616.9602,8088616.9602,0.0,4938283.0398,4938283.0398,1.6379411416903287,0.009096481436555948,0.003460258254923909,0.003460258254923999
2026-04-15,0.0,-4938283.0398,13116740.0,8178456.9602,8178456.9602,0.0,4938283.0398,4938283.0398,1.6561336995643785,0.01819255787404983,0.0068964987832869085,0.006896498783286891
2026-04-16,0.0,-4938283.0398,13229041.0,8290757.9602,8290757.9602,0.0,4938283.0398,4938283.0398,1.6788745994064718,0.022740899842093265,0.00856165480142157,0.008561654801421695
2026-04-17,9.313225746154785e-10,-4938283.0398,13453643.0,8515359.9602,8515359.9602,0.0,4938283.0398,4938283.0398,1.7243563990906587,0.045481799684186974,0.01697795025353699,0.016977950253536968
2026-04-20,0.0,-4938283.0398,13588404.0,8650120.9602,8650120.9602,0.0,4938283.0398,4938283.0398,1.7516454384012645,0.027289039310605778,0.010016692133127059,0.010016692133127064
2026-04-21,0.0,-4938283.0398,13453643.0,8515359.9602,8515359.9602,0.0,4938283.0398,4938283.0398,1.7243563990906587,-0.027289039310605778,-0.009917353060742151,-0.009917353060742085
2026-04-22,0.0,-4938283.0398,13678245.0,8739961.9602,8739961.9602,0.0,4938283.0398,4938283.0398,1.7698381987748453,0.04548179968418653,0.016694511664981926,0.016694511664981745
2026-04-23,0.0,-4938283.0398,13431183.0,8492899.9602,8492899.9602,0.0,4938283.0398,4938283.0398,1.7198082596221462,-0.05002993915269904,-0.018062404935720866,-0.01806240493572092
2026-04-24,-9.313225746154785e-10,-4938283.0398,13139201.0,8200917.9602,8200917.9602,0.0,4938283.0398,4938283.0398,1.660682041532422,-0.05912621808972429,-0.02173911263065975,-0.021739112630659634
2026-04-27,0.0,-4938283.0398,13206581.0,8268297.9602,8268297.9602,0.0,4938283.0398,4938283.0398,1.6743264599379595,0.01364441840553754,0.005128165708097487,0.005128165708097471
2026-04-28,0.0,-4938283.0398,13206581.0,8268297.9602,8268297.9602,0.0,4938283.0398,4938283.0398,1.6743264599379595,0.0,0.0,0.0
2026-04-29,0.0,-4938283.0398,13206581.0,8268297.9602,8268297.9602,0.0,4938283.0398,4938283.0398,1.6743264599379595,0.0,0.0,0.0
2026-04-30,0.0,-4938283.0398,13049360.0,8111076.9602,8111076.9602,0.0,4938283.0398,4938283.0398,1.6424892811588412,-0.03183717877911829,-0.01190474658051155,-0.01190474658051164
2026-05-04,0.0,-4938283.0398,13273962.0,8335678.9602,8335678.9602,0.0,4938283.0398,4938283.0398,1.6879710808430277,0.04548179968418653,0.01721172532599269,0.017211725325993
2026-05-05,0.0,-4938283.0398,13251501.0,8313217.9602,8313217.9602,0.0,4938283.0398,4938283.0398,1.6834227388749843,-0.0045483419680434345,-0.0016921097107251981,-0.0016921097107254037
2026-05-06,9.313225746154785e-10,-4938283.0398,14127448.0,9189164.9602,9189164.9602,0.0,4938283.0398,4938283.0398,1.8608015956436876,0.17737885676870335,0.0661017193448501,0.06610171934485014
2026-05-07,0.0,-4938283.0398,14352050.0,9413766.9602,9413766.9602,0.0,4938283.0398,4938283.0398,1.9062833953278742,0.04548179968418653,0.01589827122350762,0.0158982712235076
2026-05-08,0.0,-4938283.0398,14599112.0,9660828.9602,9660828.9602,0.0,4938283.0398,4938283.0398,1.9563133344805734,0.050029939152699265,0.017214404910796954,0.017214404910796715
2026-05-11,0.0,-4938283.0398,15407678.0,10469394.9602,10469394.9602,0.0,4938283.0398,4938283.0398,2.120047570344208,0.16373423586363445,0.05538460147439084,0.055384601474391046
2026-05-12,0.0,-4938283.0398,15115696.0,10177412.9602,10177412.9602,0.0,4938283.0398,4938283.0398,2.060921352254484,-0.05912621808972407,-0.01895042199090613,-0.018950421990906092
2026-05-13,0.0,-4938283.0398,14891094.0,9952810.9602,9952810.9602,0.0,4938283.0398,4938283.0398,2.0154395525702973,-0.04548179968418653,-0.014858859294338722,-0.014858859294338812
2026-05-14,0.0,-4938283.0398,15250457.0,10312173.9602,10312173.9602,0.0,4938283.0398,4938283.0398,2.08821039156509,0.07277083899479253,0.02413274672767507,0.024132746727674945
2026-05-15,0.0,-4938283.0398,14396970.0,9458686.9602,9458686.9602,0.0,4938283.0398,4938283.0398,1.9153796742648992,-0.17283071730019062,-0.05596468355013884,-0.05596468355013886
2026-05-18,0.0,-4938283.0398,14262209.0,9323925.9602,9323925.9602,0.0,4938283.0398,4938283.0398,1.8880906349542934,-0.027289039310605778,-0.009360372356127633,-0.009360372356127713
2026-05-19,0.0,-4938283.0398,14419430.0,9481146.9602,9481146.9602,0.0,4938283.0398,4938283.0398,1.9199278137334115,0.03183717877911807,0.011023607913752898,0.011023607913753052
2026-05-20,0.0,-4938283.0398,14374510.0,9436226.9602,9436226.9602,0.0,4938283.0398,4938283.0398,1.9108315347963867,-0.009096278937024804,-0.0031152410324125634,-0.0031152410324125157
2026-05-21,0.0,-4938283.0398,14733873.0,9795589.9602,9795589.9602,0.0,4938283.0398,4938283.0398,1.9836023737911792,0.07277083899479253,0.025000017391897167,0.025000017391897184
2026-05-22,0.0,-4938283.0398,15317837.0,10379553.9602,10379553.9602,0.0,4938283.0398,4938283.0398,2.101854809970627,0.1182524361794477,0.03963411385451732,0.039634113854517414
2026-05-25,0.0,-4938283.0398,15924262.0,10985978.9602,10985978.9602,0.0,4938283.0398,4938283.0398,2.2246555881181185,0.12280077814749157,0.039589466841826404,0.0395894668418263
2026-05-26,0.0,-4938283.0398,15699660.0,10761376.9602,10761376.9602,0.0,4938283.0398,4938283.0398,2.179173788433932,-0.04548179968418653,-0.014104389892605318,-0.014104389892605384
2026-05-27,0.0,-4938283.0398,15744581.0,10806297.9602,10806297.9602,0.0,4938283.0398,4938283.0398,2.188270269870488,0.009096481436555948,0.0028612721549383657,0.0028612721549383874
2026-05-28,0.0,-4938283.0398,15542439.0,10604155.9602,10604155.9602,0.0,4938283.0398,4938283.0398,2.147336609654814,-0.04093366021567402,-0.012838830071120966,-0.012838830071120978
2026-05-29,0.0,-4938283.0398,17092191.0,12153907.9602,12153907.9602,0.0,4938283.0398,4938283.0398,2.4611606629765457,0.3138240533217318,0.09971099130580474,0.0997109913058047
2026-06-01,0.0,-4938283.0398,18799164.0,13860880.9602,13860880.9602,0.0,4938283.0398,4938283.0398,2.806821895077396,0.3456612321008503,0.09986858911183472,0.09986858911183476
2026-06-02,0.0,-4938283.0398,20663358.0,15725074.9602,15725074.9602,0.0,4938283.0398,4938283.0398,3.1843203059573644,0.3774984108799684,0.09916366493744078,0.09916366493744083
2026-06-03,0.0,-4938283.0398,20910420.0,15972136.9602,15972136.9602,0.0,4938283.0398,4938283.0398,3.2343502451100634,0.05002993915269904,0.011956527104645787,0.011956527104645818
2026-06-04,0.0,-4938283.0398,20034473.0,15096189.9602,15096189.9602,0.0,4938283.0398,4938283.0398,3.0569713883413603,-0.17737885676870313,-0.04189045461545016,-0.041890454615450094
2026-06-05,0.0,-4938283.0398,20214155.0,15275871.9602,15275871.9602,0.0,4938283.0398,4938283.0398,3.0933569090885222,0.03638552074716195,0.00896864120159302,0.008968641201592874
2026-06-08,0.0,-4938283.0398,18956385.0,14018101.9602,14018101.9602,0.0,4938283.0398,4938283.0398,2.838659073856514,-0.2546978352320082,-0.06222223981165664,-0.062222239811656734
2026-06-09,0.0,-4938283.0398,19091146.0,14152862.9602,14152862.9602,0.0,4938283.0398,4938283.0398,2.86594811316712,0.027289039310606,0.00710900311425422,0.007109003114254116
2026-06-10,0.0,-4938283.0398,17878297.0,12940013.9602,12940013.9602,0.0,4938283.0398,4938283.0398,2.620346759371668,-0.24560135379545223,-0.06352939734471685,-0.06352939734471676
2026-06-11,0.0,-4938283.0398,17608775.0,12670491.9602,12670491.9602,0.0,4938283.0398,4938283.0398,2.5657686807504563,-0.054578078621211557,-0.015075373230459266,-0.015075373230459255
2026-06-12,0.0,-4938283.0398,17631235.0,12692951.9602,12692951.9602,0.0,4938283.0398,4938283.0398,2.570316820218969,0.004548139468512513,0.0012755004252140711,0.0012755004252141334
2026-06-15,0.0,-4938283.0398,17788456.0,12850172.9602,12850172.9602,0.0,4938283.0398,4938283.0398,2.602153998998087,0.03183717877911807,0.008917185891969437,0.008917185891969564
2026-06-16,0.0,-4938283.0398,17765996.0,12827712.9602,12827712.9602,0.0,4938283.0398,4938283.0398,2.597605859529575,-0.004548139468512069,-0.0012626166093334668,-0.0012626166093336038
2026-06-17,0.0,-4938283.0398,18035518.0,13097234.9602,13097234.9602,0.0,4938283.0398,4938283.0398,2.6521839381507863,0.054578078621211557,0.015170666479942918,0.01517066647994292
2026-06-18,0.0,-4938283.0398,17721076.0,12782792.9602,12782792.9602,0.0,4938283.0398,4938283.0398,2.5885095805925498,-0.06367435755823658,-0.01743459766445299,-0.017434597664453
2026-06-22,0.0,-4938283.0398,17698616.0,12760332.9602,12760332.9602,0.0,4938283.0398,4938283.0398,2.5839614411240373,-0.004548139468512513,-0.0012674173960994795,-0.0012674173960994242
2026-06-23,0.0,-4938283.0398,17631235.0,12692951.9602,12692951.9602,0.0,4938283.0398,4938283.0398,2.570316820218969,-0.01364462090506846,-0.003807133845945887,-0.0038071338459459204
2026-06-24,0.0,-4938283.0398,17316793.0,12378509.9602,12378509.9602,0.0,4938283.0398,4938283.0398,2.506642462660732,-0.06367435755823658,-0.017834371783939207,-0.017834371783939127
2026-06-25,0.0,-4938283.0398,16800209.0,11861925.9602,11861925.9602,0.0,4938283.0398,4938283.0398,2.4020344448868216,-0.1046080177739106,-0.029831389680525677,-0.02983138968052572
2026-06-26,0.0,-4938283.0398,15744581.0,10806297.9602,10806297.9602,0.0,4938283.0398,4938283.0398,2.188270269870488,-0.2137641750163337,-0.0628342183124031,-0.06283421831240314
2026-06-29,0.0,-4938283.0398,15789501.0,10851217.9602,10851217.9602,0.0,4938283.0398,4938283.0398,2.197366548807513,0.009096278937025026,0.0028530451207307017,0.0028530451207307455
2026-06-30,0.0,-4938283.0398,15722120.0,10783836.9602,10783836.9602,0.0,4938283.0398,4938283.0398,2.1837219279024445,-0.01364462090506846,-0.004267455950634491,-0.004267455950634539
2026-07-01,0.0,-4938283.0398,15698227.0,10759943.9602,10759943.9602,0.0,4938283.0398,4938283.0398,2.1788836066058654,-0.004838321296579018,-0.0015197059938480972,-0.001519705993848158
2026-07-02,0.0,-4938283.0398,15937165.0,10998881.9602,10998881.9602,0.0,4938283.0398,4938283.0398,2.2272684395679057,0.048384832962040214,0.015220699764374679,0.015220699764374665
2026-07-03,0.0,-4938283.0398,16128315.0,11190031.9602,11190031.9602,0.0,4938283.0398,4938283.0398,2.2659762249377255,0.03870778536981989,0.01199397759890175,0.011993977598901686
2026-07-06,0.0,-4938283.0398,16247784.0,11309500.9602,11309500.9602,0.0,4938283.0398,4938283.0398,2.2901686414187457,0.024192416481020107,0.007407407407407307,0.007407407407407408
2026-07-07,0.0,-4938283.0398,15841589.0,10903305.9602,10903305.9602,0.0,4938283.0398,4938283.0398,2.2079143443834646,-0.08225429703528109,-0.025000024618741845,-0.025000024618741856
2026-07-08,0.0,-4938283.0398,16415041.0,11476757.9602,11476757.9602,0.0,4938283.0398,4938283.0398,2.3240381054919865,0.11612376110852196,0.03619914643663602,0.03619914643663587
2026-07-09,0.0,-4938283.0398,16343359.0,11405075.9602,11405075.9602,0.0,4938283.0398,4938283.0398,2.309522534103656,-0.014515571388330706,-0.00436684867250714,-0.004366848672507123
2026-07-13,0.0,-4938283.0398,16821235.0,11882951.9602,11882951.9602,0.0,4938283.0398,4938283.0398,2.4062922000277362,0.09676966592408043,0.029239766439689507,0.029239766439689664
2026-07-14,0.0,-4938283.0398,16797341.0,11859057.9602,11859057.9602,0.0,4938283.0398,4938283.0398,2.4014536762316263,-0.004838523796109939,-0.0014204664520767185,-0.0014204664520767946
2026-07-15,0.0,-4938283.0398,17012386.0,12074102.9602,12074102.9602,0.0,4938283.0398,4938283.0398,2.4450001878970875,0.043546511665461196,0.012802323891620615,0.012802323891620703
2026-07-16,0.0,-4938283.0398,17084067.0,12145783.9602,12145783.9602,0.0,4938283.0398,4938283.0398,2.459515556785887,0.01451536888879934,0.004213459534717634,0.004213459534717822
2026-07-17,0.0,-4938283.0398,16725660.0,11787376.9602,11787376.9602,0.0,4938283.0398,4938283.0398,2.3869383073428265,-0.07257724944306032,-0.020979020979020935,-0.02097902097902098
2026-07-20,0.0,-4938283.0398,16438934.0,11500650.9602,11500650.9602,0.0,4938283.0398,4938283.0398,2.3288764267885655,-0.05806188055426098,-0.017142881058206383,-0.017142881058206372
2026-07-21,0.0,-4938283.0398,17585837.0,12647553.9602,12647553.9602,0.0,4938283.0398,4938283.0398,2.561123746506078,0.23224731971751256,0.0697674800567969,0.06976748005679687
2026-07-22,0.0,-4938283.0398,18087607.0,13149323.9602,13149323.9602,0.0,4938283.0398,4938283.0398,2.662731936226269,0.10160818972019081,0.028532619743945054,0.028532619743945085
2026-07-23,0.0,-4938283.0398,18374332.0,13436048.9602,13436048.9602,0.0,4938283.0398,4938283.0398,2.720793614280999,0.05806167805473006,0.015852014033697293,0.015852014033697216
2026-07-24,0.0,-4938283.0398,18422120.0,13483836.9602,13483836.9602,0.0,4938283.0398,4938283.0398,2.7304706618732193,0.009677047592220323,0.002600802031877958,0.002600802031877948
2026-07-27,0.0,-4938283.0398,18159288.0,13221004.9602,13221004.9602,0.0,4938283.0398,4938283.0398,2.6772473051150687,-0.0532233567581506,-0.014267196175033026,-0.014267196175033059
2026-07-28,0.0,-4938283.0398,17561943.0,12623659.9602,12623659.9602,0.0,4938283.0398,4938283.0398,2.5562852227099677,-0.12096208240510098,-0.03289473684210531,-0.03289473684210526
2026-07-29,0.0,-4938283.0398,18183182.0,13244898.9602,13244898.9602,0.0,4938283.0398,4938283.0398,2.682085828911179,0.12580060620121136,0.03537416104812552,0.035374161048125484
2026-07-30,0.0,-4938283.0398,17609731.0,12671447.9602,12671447.9602,0.0,4938283.0398,4938283.0398,2.5659622703021885,-0.1161235586089906,-0.031537439376672305,-0.031537439376672353
2026-07-31,0.0,-4938283.0398,19353978.0,14415694.9602,14415694.9602,0.0,4938283.0398,4938283.0398,2.9191714699252707,0.35320919962308217,0.09905017856320453,0.09905017856320462
2026-08-03,0.0,-4938283.0398,19091146.0,14152862.9602,14152862.9602,0.0,4938283.0398,4938283.0398,2.86594811316712,-0.0532233567581506,-0.013580257247373106,-0.013580257247373124
2026-08-04,0.0,-4938283.0398,19258403.0,14320119.9602,14320119.9602,0.0,4938283.0398,4938283.0398,2.8998175772403605,0.03386946407324043,0.00876097223288741,0.008760972232887434
2026-08-05,0.0,-4938283.0398,20023004.0,15084720.9602,15084720.9602,0.0,4938283.0398,4938283.0398,3.054648921219171,0.1548313439788105,0.03970220168307814,0.03970220168307829
2026-08-06,0.0,-4938283.0398,19545128.0,14606844.9602,14606844.9602,0.0,4938283.0398,4938283.0398,2.9578792552950905,-0.09676966592408043,-0.023866348925465797,-0.02386634892546593
2026-08-07,0.0,-4938283.0398,19521235.0,14582951.9602,14582951.9602,0.0,4938283.0398,4938283.0398,2.953040933998511,-0.004838321296579462,-0.0012224529816331486,-0.00122245298163307
2026-08-10,0.0,-4938283.0398,19545128.0,14606844.9602,14606844.9602,0.0,4938283.0398,4938283.0398,2.9578792552950905,0.004838321296579462,0.0012239492019845422,0.0012239492019844032
2026-08-11,0.0,-4938283.0398,20046898.0,15108614.9602,15108614.9602,0.0,4938283.0398,4938283.0398,3.0594874450152814,0.10160818972019081,0.02567238239626768,0.025672382396267755
2026-08-12,0.0,-4938283.0398,20357518.0,15419234.9602,15419234.9602,0.0,4938283.0398,4938283.0398,3.1223878493656527,0.06290040435037136,0.015494666556391978,0.015494666556391916
2026-08-13,0.0,-4938283.0398,22388491.0,17450207.9602,17450207.9602,0.0,4938283.0398,4938283.0398,3.533658929542996,0.41127108017734315,0.09976525625569876,0.09976525625569875
2026-08-14,0.0,-4938283.0398,23798225.0,18859941.9602,18859941.9602,0.0,4938283.0398,4938283.0398,3.8191294035191277,0.2854704739761318,0.06296690563021845,0.06296690563021867
2026-08-17,0.0,-4938283.0398,22412384.0,17474100.9602,17474100.9602,0.0,4938283.0398,4938283.0398,3.538497250839575,-0.28063215267955277,-0.05823295644948323,-0.0582329564494831
2026-08-18,0.0,-4938283.0398,21743358.0,16805074.9602,16805074.9602,0.0,4938283.0398,4938283.0398,3.403019799545674,-0.13547745129390076,-0.02985072895413521,-0.029850728954135358
2026-08-19,0.0,-4938283.0398,22101765.0,17163481.9602,17163481.9602,0.0,4938283.0398,4938283.0398,3.475597048988735,0.07257724944306077,0.016483516483516425,0.016483516483516484
2026-08-20,0.0,-4938283.0398,21815039.0,16876755.9602,16876755.9602,0.0,4938283.0398,4938283.0398,3.417535168434474,-0.05806188055426098,-0.01297299107107508,-0.012972991071075093
2026-08-21,0.0,-4938283.0398,22006190.0,17067906.9602,17067906.9602,0.0,4938283.0398,4938283.0398,3.456243156303825,0.03870798786935126,0.00876234967996159,0.008762349679961609
2026-08-24,0.0,-4938283.0398,22053977.0,17115693.9602,17115693.9602,0.0,4938283.0398,4938283.0398,3.4659200013965146,0.009676845092689401,0.0021715253753602504,0.0021715253753602963
2026-08-25,0.0,-4938283.0398,22101765.0,17163481.9602,17163481.9602,0.0,4938283.0398,4938283.0398,3.475597048988735,0.009677047592220323,0.0021668654138888854,0.002166865413888842
2026-08-26,0.0,-4938283.0398,23200880.0,18262596.9602,18262596.9602,0.0,4938283.0398,4938283.0398,3.6981673211140267,0.2225702721252918,0.04972973877878073,0.04972973877878079
2026-08-27,0.0,-4938283.0398,23129198.0,18190914.9602,18190914.9602,0.0,4938283.0398,4938283.0398,3.683651749725696,-0.014515571388330706,-0.0030896241866688046,-0.0030896241866687816
2026-08-28,0.0,-4938283.0398,23057517.0,18119233.9602,18119233.9602,0.0,4938283.0398,4938283.0398,3.669136380836896,-0.014515368888799784,-0.003099156313158824,-0.003099156313158805
2026-08-31,0.0,-4938283.0398,23869906.0,18931622.9602,18931622.9602,0.0,4938283.0398,4938283.0398,3.8336447724079274,0.16450839157103125,0.035233151947800856,0.0352331519478008
2026-09-01,0.0,-4938283.0398,24132738.0,19194454.9602,19194454.9602,0.0,4938283.0398,4938283.0398,3.886868129166078,0.0532233567581506,0.011011019482020767,0.011011019482020584
2026-09-02,0.0,-4938283.0398,24132738.0,19194454.9602,19194454.9602,0.0,4938283.0398,4938283.0398,3.886868129166078,0.0,0.0,0.0
2026-09-03,0.0,-4938283.0398,23200880.0,18262596.9602,18262596.9602,0.0,4938283.0398,4938283.0398,3.6981673211140267,-0.18870080805205136,-0.038613853098641515,-0.038613853098641356
2026-09-04,0.0,-4938283.0398,24491145.0,19552861.9602,19552861.9602,0.0,4938283.0398,4938283.0398,3.959445378609139,0.2612780574951121,0.05561276124009096,0.055612761240090895
2026-09-07,0.0,-4938283.0398,23869906.0,18931622.9602,18931622.9602,0.0,4938283.0398,4938283.0398,3.8336447724079274,-0.12580060620121136,-0.025365861824753533,-0.025365861824753394
2026-09-08,0.0,-4938283.0398,23129198.0,18190914.9602,18190914.9602,0.0,4938283.0398,4938283.0398,3.683651749725696,-0.14999302268223147,-0.031031039669783378,-0.031031039669783368
2026-09-09,0.0,-4938283.0398,23392030.0,18453746.9602,18453746.9602,0.0,4938283.0398,4938283.0398,3.7368751064838466,0.0532233567581506,0.01136364520723987,0.011363645207239785
2026-09-10,0.0,-4938283.0398,23630968.0,18692684.9602,18692684.9602,0.0,4938283.0398,4938283.0398,3.7852599394458872,0.04838483296204066,0.010214504683860204,0.010214504683860271
2026-09-11,0.0,-4938283.0398,22077871.0,17139587.9602,17139587.9602,0.0,4938283.0398,4938283.0398,3.4707585251926245,-0.3145014142532627,-0.06572295303349407,-0.06572295303349401
2026-09-14,0.0,-4938283.0398,22316809.0,17378525.9602,17378525.9602,0.0,4938283.0398,4938283.0398,3.519143358154665,0.04838483296204066,0.010822510920550199,0.010822510920550265
2026-09-15,0.0,-4938283.0398,22173446.0,17235162.9602,17235162.9602,0.0,4938283.0398,4938283.0398,3.4901124178775347,-0.02903094027713049,-0.006423991888804381,-0.006423991888804533
2026-09-16,0.0,-4938283.0398,22436278.0,17497994.9602,17497994.9602,0.0,4938283.0398,4938283.0398,3.5433357746356853,0.0532233567581506,0.011853457509491294,0.011853457509491308
2026-09-17,0.0,-4938283.0398,22651322.0,17713038.9602,17713038.9602,0.0,4938283.0398,4938283.0398,3.586882083801615,0.04354630916592983,0.009584655708045675,0.009584655708045692
2026-09-18,0.0,-4938283.0398,22938048.0,17999764.9602,17999764.9602,0.0,4938283.0398,4938283.0398,3.644943964355876,0.05806188055426098,0.012658245730646556,0.012658245730646538
2026-09-21,0.0,-4938283.0398,22603535.0,17665251.9602,17665251.9602,0.0,4938283.0398,4938283.0398,3.5772052387089257,-0.06773872564695038,-0.014583324614195758,-0.014583324614195594
2026-09-22,0.0,-4938283.0398,22770791.0,17832507.9602,17832507.9602,0.0,4938283.0398,4938283.0398,3.6110745002826357,0.03386926157370995,0.00739955055702568,0.007399550557025704
2026-09-23,0.0,-4938283.0398,22890260.0,17951976.9602,17951976.9602,0.0,4938283.0398,4938283.0398,3.6352669167636558,0.024192416481020107,0.005246589808847846,0.005246589808847659
2026-09-24,0.0,-4938283.0398,22770791.0,17832507.9602,17832507.9602,0.0,4938283.0398,4938283.0398,3.6110745002826357,-0.024192416481020107,-0.005219206771788554,-0.005219206771788525
2026-09-29,0.0,-4938283.0398,23009729.0,18071445.9602,18071445.9602,0.0,4938283.0398,4938283.0398,3.659459333244676,0.048384832962040214,0.01049317961769547,0.010493179617695319
2026-09-30,0.0,-4938283.0398,22961942.0,18023658.9602,18023658.9602,0.0,4938283.0398,4938283.0398,3.6497824881519865,-0.009676845092689401,-0.002076817158515931,-0.002076817158515861
2026-10-01,22961941.8,0.0,0.0,18023658.7602,0.0,18023658.7602,-0.0,4938283.0398,3.6497824476520804,-4.049990609544807e-08,-8.710064558492547e-09,-8.710064647621788e-09
