,cashflow,entry_cost,market_value,profit_loss,unrealized,realized,position,invest,PNL/COST,return,return_pct,value_pct
2022-11-13,0.0,0.0,0.0,0.0,0.0,0.0,0.0,0.0,,,,
2022-11-14,-4784835.688475,-4784835.688475,4947160.0,162324.31152500026,162324.31152500026,0.0,4784835.688475,4784835.688475,0.033924741013778785,0.033924741013778785,0.03392474101377885,0.033924741013778785
2022-11-15,0.0,-4784835.688475,4947160.0,162324.31152500026,162324.31152500026,0.0,4784835.688475,4784835.688475,0.033924741013778785,0.0,0.0,0.0
2022-11-16,0.0,-4784835.688475,4975701.0,190865.31152500026,190865.31152500026,0.0,4784835.688475,4784835.688475,0.039889627136983664,0.005964886123204879,0.00576916857348464,0.005769168573484585
2022-11-17,0.0,-4784835.688475,5061325.0,276489.31152500026,276489.31152500026,0.0,4784835.688475,4784835.688475,0.0577844945001908,0.017894867363207133,0.017208429525809477,0.01720842952580953
2022-11-18,0.0,-4784835.688475,5346738.0,561902.3115250003,561902.3115250003,0.0,4784835.688475,4784835.688475,0.11743398271301707,0.05964948821282627,0.05639096481652528,0.056390964816525314
2022-11-21,0.0,-4784835.688475,5251600.0,466764.31152500026,466764.31152500026,0.0,4784835.688475,4784835.688475,0.09755075031087748,-0.019883232402139586,-0.017793652877698518,-0.017793652877698515
2022-11-22,0.0,-4784835.688475,5013757.0,228921.31152500026,228921.31152500026,0.0,4784835.688475,4784835.688475,0.04784308729271349,-0.04970766301816399,-0.045289626018736984,-0.04528962601873715
2022-11-23,0.0,-4784835.688475,5127921.0,343085.31152500026,343085.31152500026,0.0,4784835.688475,4784835.688475,0.07170263178553302,0.023859544492819525,0.022770150208715645,0.02277015020871574
2022-11-24,0.0,-4784835.688475,5527499.0,742663.3115250003,742663.3115250003,0.0,4784835.688475,4784835.688475,0.1552118734847713,0.08350924169923829,0.07792202726992103,0.0779220272699209
2022-11-25,0.0,-4784835.688475,5118407.0,333571.31152500026,333571.31152500026,0.0,4784835.688475,4784835.688475,0.06971426674660056,-0.08549760673817075,-0.07401032546545916,-0.07401032546545916
2022-11-28,0.0,-4784835.688475,5108894.0,324058.31152500026,324058.31152500026,0.0,4784835.688475,4784835.688475,0.06772611070126058,-0.0019881560453399727,-0.0018585860796143105,-0.0018585860796142238
2022-11-29,0.0,-4784835.688475,5013757.0,228921.31152500026,228921.31152500026,0.0,4784835.688475,4784835.688475,0.04784308729271349,-0.01988302340854709,-0.01862183869933476,-0.018621838699334925
2022-11-30,0.0,-4784835.688475,5032784.0,247948.31152500026,247948.31152500026,0.0,4784835.688475,4784835.688475,0.05181960837698591,0.003976521084272419,0.0037949585510426154,0.0037949585510426613
2022-12-01,0.0,-4784835.688475,5051811.0,266975.31152500026,266975.31152500026,0.0,4784835.688475,4784835.688475,0.05579612946125834,0.003976521084272426,0.0037806112879072984,0.0037806112879074484
2022-12-02,0.0,-4784835.688475,5108894.0,324058.31152500026,324058.31152500026,0.0,4784835.688475,4784835.688475,0.06772611070126058,0.011929981240002246,0.011299512194735684,0.01129951219473571
2022-12-05,0.0,-4784835.688475,5042298.0,257462.31152500026,257462.31152500026,0.0,4784835.688475,4784835.688475,0.05380797341591837,-0.013918137285342212,-0.013035306663242485,-0.013035306663242572
2022-12-06,0.0,-4784835.688475,5032784.0,247948.31152500026,247948.31152500026,0.0,4784835.688475,4784835.688475,0.05181960837698591,-0.0019883650389324603,-0.0018868381043722904,-0.0018868381043722524
2022-12-07,0.0,-4784835.688475,4852022.0,67186.31152500026,67186.31152500026,0.0,4784835.688475,4784835.688475,0.014041508611639194,-0.03777809976534672,-0.03591690006962356,-0.035916900069623496
2022-12-08,0.0,-4784835.688475,4928132.0,143296.31152500026,143296.31152500026,0.0,4784835.688475,4784835.688475,0.029948010935913868,0.015906502324274673,0.015686243796915855,0.015686243796916008
2022-12-09,0.0,-4784835.688475,5099380.0,314544.31152500026,314544.31152500026,0.0,4784835.688475,4784835.688475,0.06573774566232814,0.035789734726414266,0.03474906922136012,0.03474906922136014
2022-12-12,0.0,-4784835.688475,4852022.0,67186.31152500026,67186.31152500026,0.0,4784835.688475,4784835.688475,0.014041508611639194,-0.051696237050688945,-0.04850746561346664,-0.048507465613466735
2022-12-13,0.0,-4784835.688475,4852022.0,67186.31152500026,67186.31152500026,0.0,4784835.688475,4784835.688475,0.014041508611639194,0.0,0.0,0.0
2022-12-14,0.0,-4784835.688475,5175490.0,390654.31152500026,390654.31152500026,0.0,4784835.688475,4784835.688475,0.0816442479866028,0.06760273937496361,0.06666663918671434,0.06666663918671432
2022-12-15,0.0,-4784835.688475,5118407.0,333571.31152500026,333571.31152500026,0.0,4784835.688475,4784835.688475,0.06971426674660056,-0.011929981240002246,-0.011029487063060617,-0.011029487063060697
2022-12-16,0.0,-4784835.688475,5042298.0,257462.31152500026,257462.31152500026,0.0,4784835.688475,4784835.688475,0.05380797341591837,-0.015906293330682185,-0.014869665503349005,-0.014869665503348992
2022-12-19,0.0,-4784835.688475,5156462.0,371626.31152500026,371626.31152500026,0.0,4784835.688475,4784835.688475,0.0776675179087379,0.023859544492819525,0.02264126396337529,0.02264126396337543
2022-12-20,0.0,-4784835.688475,4861536.0,76700.31152500026,76700.31152500026,0.0,4784835.688475,4784835.688475,0.01602987365057165,-0.061637644258166244,-0.057195418098688444,-0.0571954180986886
2022-12-21,0.0,-4784835.688475,4899591.0,114755.31152500026,114755.31152500026,0.0,4784835.688475,4784835.688475,0.02398312481270899,0.00795325116213734,0.007827772950770973,0.007827772950771115
2022-12-22,0.0,-4784835.688475,4785425.0,589.3115250002593,589.3115250002593,0.0,4784835.688475,4784835.688475,0.00012316233270448664,-0.023859962480004503,-0.023301128604407917,-0.023301128604408
2022-12-23,0.0,-4784835.688475,4704559.0,-80276.68847499974,-80276.68847499974,0.0,4784835.688475,4784835.688475,-0.01677731351744393,-0.016900475850148415,-0.016898394604449973,-0.01689839460444997
2022-12-26,0.0,-4784835.688475,4576123.0,-208712.68847499974,-208712.68847499974,0.0,4784835.688475,4784835.688475,-0.043619614562254626,-0.026842301044810696,-0.02730032719326081,-0.027300327193260834
2022-12-27,0.0,-4784835.688475,4785425.0,589.3115250002593,589.3115250002593,0.0,4784835.688475,4784835.688475,0.00012316233270448664,0.04374277689495911,0.04573784402211212,0.045737844022112166
2022-12-28,0.0,-4784835.688475,4595150.0,-189685.68847499974,-189685.68847499974,0.0,4784835.688475,4784835.688475,-0.0396430934779822,-0.039766255810686685,-0.039761358708996664,-0.03976135870899659
2022-12-29,0.0,-4784835.688475,4695045.0,-89790.68847499974,-89790.68847499974,0.0,4784835.688475,4784835.688475,-0.018765678556376387,0.020877414921605813,0.021739225052501032,0.021739225052501008
2022-12-30,0.0,-4784835.688475,4733100.0,-51735.68847499974,-51735.68847499974,0.0,4784835.688475,4784835.688475,-0.010812427394239047,0.00795325116213734,0.00810535362280862,0.008105353622808727
2023-01-03,0.0,-4784835.688475,4966187.0,181351.31152500026,181351.31152500026,0.0,4784835.688475,4784835.688475,0.037901262098051204,0.048713689492290255,0.04924616002197291,0.049246160021972914
2023-01-04,0.0,-4784835.688475,4928132.0,143296.31152500026,143296.31152500026,0.0,4784835.688475,4784835.688475,0.029948010935913868,-0.007953251162137336,-0.0076628205905255875,-0.007662820590525488
2023-01-05,0.0,-4784835.688475,4633205.0,-151630.68847499974,-151630.68847499974,0.0,4784835.688475,4784835.688475,-0.03168984231584487,-0.06163785325175873,-0.05984559666827094,-0.059845596668271064
2023-01-06,0.0,-4784835.688475,4775912.0,-8923.68847499974,-8923.68847499974,0.0,4784835.688475,4784835.688475,-0.0018649937126354816,0.029824848603209386,0.030800925061593487,0.03080092506159343
2023-01-09,0.0,-4784835.688475,5251600.0,466764.31152500026,466764.31152500026,0.0,4784835.688475,4784835.688475,0.09755075031087748,0.09941574402351297,0.09960150019514602,0.09960150019514598
2023-01-10,0.0,-4784835.688475,5223059.0,438223.31152500026,438223.31152500026,0.0,4784835.688475,4784835.688475,0.0915858641876726,-0.005964886123204879,-0.005434724655343115,-0.005434724655343133
2023-01-11,0.0,-4784835.688475,4880564.0,95728.31152500026,95728.31152500026,0.0,4784835.688475,4784835.688475,0.020006603728436562,-0.07157926045923604,-0.06557364180645864,-0.06557364180645862
2023-01-12,0.0,-4784835.688475,4909105.0,124269.31152500026,124269.31152500026,0.0,4784835.688475,4784835.688475,0.025971489851641445,0.005964886123204883,0.005847889711107168,0.005847889711107159
2023-01-13,0.0,-4784835.688475,4918618.0,133782.31152500026,133782.31152500026,0.0,4784835.688475,4784835.688475,0.02795964589698141,0.0019881560453399658,0.0019378277710497827,0.0019378277710499164
2023-01-16,0.0,-4784835.688475,5023270.0,238434.31152500026,238434.31152500026,0.0,4784835.688475,4784835.688475,0.04983124333805346,0.021871597441072047,0.02127670821356742,0.021276708213567308
2023-01-17,0.0,-4784835.688475,5089866.0,305030.31152500026,305030.31152500026,0.0,4784835.688475,4784835.688475,0.06374938062339568,0.01391813728534222,0.013257499596876166,0.013257499596876138
2023-01-30,0.0,-4784835.688475,5127921.0,343085.31152500026,343085.31152500026,0.0,4784835.688475,4784835.688475,0.07170263178553302,0.00795325116213734,0.0074766211919918835,0.007476621191992088
2023-01-31,0.0,-4784835.688475,4994728.0,209892.31152500026,209892.31152500026,0.0,4784835.688475,4784835.688475,0.04386614822125609,-0.027836483564276926,-0.025974074093575106,-0.025974074093575154
2023-02-01,0.0,-4784835.688475,5137435.0,352599.31152500026,352599.31152500026,0.0,4784835.688475,4784835.688475,0.07369099682446548,0.029824848603209386,0.028571525816821097,0.028571525816821257
2023-02-02,0.0,-4784835.688475,5223059.0,438223.31152500026,438223.31152500026,0.0,4784835.688475,4784835.688475,0.0915858641876726,0.017894867363207126,0.016666682887471973,0.016666682887472056
2023-02-03,0.0,-4784835.688475,5289655.0,504819.31152500026,504819.31152500026,0.0,4784835.688475,4784835.688475,0.10550400147301482,0.01391813728534222,0.01275038248658511,0.012750382486584968
2023-02-06,0.0,-4784835.688475,5118407.0,333571.31152500026,333571.31152500026,0.0,4784835.688475,4784835.688475,0.06971426674660056,-0.035789734726414266,-0.032374134040877856,-0.032374134040877904
2023-02-07,0.0,-4784835.688475,5232573.0,447737.31152500026,447737.31152500026,0.0,4784835.688475,4784835.688475,0.09357422922660506,0.023859962480004507,0.02230498668824099,0.022304986688241088
2023-02-08,0.0,-4784835.688475,5432362.0,647526.3115250003,647526.3115250003,0.0,4784835.688475,4784835.688475,0.1353288500762242,0.04175462084961913,0.038181789341495964,0.03818178934149605
2023-02-09,0.0,-4784835.688475,5679720.0,894884.3115250003,894884.3115250003,0.0,4784835.688475,4784835.688475,0.18702508712691315,0.05169623705068896,0.045534152547271445,0.045534152547271334
2023-02-10,0.0,-4784835.688475,5537013.0,752177.3115250003,752177.3115250003,0.0,4784835.688475,4784835.688475,0.15720023852370377,-0.029824848603209386,-0.025125710422344905,-0.025125710422344762
2023-02-13,0.0,-4784835.688475,5384793.0,599957.3115250003,599957.3115250003,0.0,4784835.688475,4784835.688475,0.1253872338751544,-0.03181300464854936,-0.02749135680194348,-0.027491356801943576
2023-02-14,0.0,-4784835.688475,5327710.0,542874.3115250003,542874.3115250003,0.0,4784835.688475,4784835.688475,0.11345725263515216,-0.011929981240002246,-0.010600778897164598,-0.010600778897164664
2023-02-15,0.0,-4784835.688475,5261114.0,476278.31152500026,476278.31152500026,0.0,4784835.688475,4784835.688475,0.09953911534980994,-0.01391813728534222,-0.012499929613286054,-0.012499929613286009
2023-02-16,0.0,-4784835.688475,5403821.0,618985.3115250003,618985.3115250003,0.0,4784835.688475,4784835.688475,0.12936396395301933,0.029824848603209386,0.027124863669557353,0.027124863669557436
2023-02-17,0.0,-4784835.688475,5261114.0,476278.31152500026,476278.31152500026,0.0,4784835.688475,4784835.688475,0.09953911534980994,-0.029824848603209386,-0.026408535737952765,-0.02640853573795283
2023-02-20,0.0,-4784835.688475,5165976.0,381140.31152500026,381140.31152500026,0.0,4784835.688475,4784835.688475,0.07965588294767036,-0.019883232402139586,-0.018083242446371606,-0.018083242446371623
2023-02-21,0.0,-4784835.688475,5118407.0,333571.31152500026,333571.31152500026,0.0,4784835.688475,4784835.688475,0.06971426674660056,-0.0099416162010698,-0.009208134145415992,-0.009208134145416083
2023-02-22,0.0,-4784835.688475,4918618.0,133782.31152500026,133782.31152500026,0.0,4784835.688475,4784835.688475,0.02795964589698141,-0.041754620849619145,-0.03903343364449152,-0.03903343364449134
2023-02-23,0.0,-4784835.688475,5146949.0,362113.31152500026,362113.31152500026,0.0,4784835.688475,4784835.688475,0.07567936186339792,0.04771971596641651,0.0464217794510573,0.04642177945105719
2023-02-24,0.0,-4784835.688475,5118407.0,333571.31152500026,333571.31152500026,0.0,4784835.688475,4784835.688475,0.06971426674660056,-0.005965095116797367,-0.005545421180586763,-0.00554542118058679
2023-03-01,0.0,-4784835.688475,5375280.0,590444.3115250003,590444.3115250003,0.0,4784835.688475,4784835.688475,0.12339907782981444,0.05368481108321388,0.0501861223618989,0.05018612236189893
2023-03-02,0.0,-4784835.688475,5365766.0,580930.3115250003,580930.3115250003,0.0,4784835.688475,4784835.688475,0.12141071279088199,-0.0019883650389324464,-0.0017699543093570025,-0.001769954309356908
2023-03-03,0.0,-4784835.688475,5365766.0,580930.3115250003,580930.3115250003,0.0,4784835.688475,4784835.688475,0.12141071279088199,0.0,0.0,0.0
2023-03-06,0.0,-4784835.688475,5384793.0,599957.3115250003,599957.3115250003,0.0,4784835.688475,4784835.688475,0.1253872338751544,0.003976521084272419,0.0035459988378174767,0.003545998837817378
2023-03-07,0.0,-4784835.688475,5451389.0,666553.3115250003,666553.3115250003,0.0,4784835.688475,4784835.688475,0.13930537116049663,0.01391813728534222,0.012367420623225378,0.012367420623225442
2023-03-08,0.0,-4784835.688475,5508472.0,723636.3115250003,723636.3115250003,0.0,4784835.688475,4784835.688475,0.15123535240049887,0.011929981240002246,0.010471276219693681,0.010471276219693734
2023-03-09,0.0,-4784835.688475,5403821.0,618985.3115250003,618985.3115250003,0.0,4784835.688475,4784835.688475,0.12936396395301933,-0.021871388447479545,-0.018998190423769046,-0.01899819042376906
2023-03-10,0.0,-4784835.688475,5280142.0,495306.31152500026,495306.31152500026,0.0,4784835.688475,4784835.688475,0.10351584542767485,-0.02584811852534448,-0.022887323617862276,-0.02288732361786225
2023-03-13,0.0,-4784835.688475,5375280.0,590444.3115250003,590444.3115250003,0.0,4784835.688475,4784835.688475,0.12339907782981444,0.019883232402139586,0.01801807602901584,0.018018076029015888
2023-03-14,0.0,-4784835.688475,5204032.0,419196.31152500026,419196.31152500026,0.0,4784835.688475,4784835.688475,0.08760934310340018,-0.03578973472641425,-0.031858433421142696,-0.03185843342114271
2023-03-15,0.0,-4784835.688475,5251600.0,466764.31152500026,466764.31152500026,0.0,4784835.688475,4784835.688475,0.09755075031087748,0.009941407207477299,0.009140604823336895,0.009140604823336982
2023-03-16,0.0,-4784835.688475,5204032.0,419196.31152500026,419196.31152500026,0.0,4784835.688475,4784835.688475,0.08760934310340018,-0.009941407207477299,-0.009057810952852408,-0.009057810952852465
2023-03-17,0.0,-4784835.688475,5308683.0,523847.31152500026,523847.31152500026,0.0,4784835.688475,4784835.688475,0.10948073155087973,0.021871388447479545,0.020109599633514774,0.020109599633514937
2023-03-20,0.0,-4784835.688475,5337224.0,552388.3115250003,552388.3115250003,0.0,4784835.688475,4784835.688475,0.11544561767408462,0.005964886123204893,0.005376286359535909,0.005376286359535878
2023-03-21,0.0,-4784835.688475,5204032.0,419196.31152500026,419196.31152500026,0.0,4784835.688475,4784835.688475,0.08760934310340018,-0.02783627457068444,-0.024955295112215614,-0.02495529511221564
2023-03-22,0.0,-4784835.688475,5137435.0,352599.31152500026,352599.31152500026,0.0,4784835.688475,4784835.688475,0.07369099682446548,-0.013918346278934707,-0.012797192638323573,-0.012797192638323514
2023-03-23,0.0,-4784835.688475,5194518.0,409682.31152500026,409682.31152500026,0.0,4784835.688475,4784835.688475,0.08562097806446772,0.011929981240002246,0.011111186808203,0.011111186808202927
2023-03-24,0.0,-4784835.688475,5327710.0,542874.3115250003,542874.3115250003,0.0,4784835.688475,4784835.688475,0.11345725263515216,0.02783627457068444,0.02564087755591582,0.025640877555915677
2023-03-27,0.0,-4784835.688475,5185003.0,400167.31152500026,400167.31152500026,0.0,4784835.688475,4784835.688475,0.08363240403194278,-0.029824848603209386,-0.026785804782918143,-0.02678580478291799
2023-03-28,0.0,-4784835.688475,4937646.0,152810.31152500026,152810.31152500026,0.0,4784835.688475,4784835.688475,0.031936375974846325,-0.05169602805709645,-0.04770624047854932,-0.047706240478549385
2023-03-29,0.0,-4784835.688475,4871050.0,86214.31152500026,86214.31152500026,0.0,4784835.688475,4784835.688475,0.018018238689504106,-0.01391813728534222,-0.01348739865109816,-0.013487398651098114
2023-03-30,0.0,-4784835.688475,4890077.0,105241.31152500026,105241.31152500026,0.0,4784835.688475,4784835.688475,0.02199475977377653,0.003976521084272426,0.0039061393334087757,0.003906139333408608
2023-03-31,0.0,-4784835.688475,4937646.0,152810.31152500026,152810.31152500026,0.0,4784835.688475,4784835.688475,0.031936375974846325,0.009941616201069793,0.009727658685128926,0.009727658685129089
2023-04-06,0.0,-4784835.688475,4861536.0,76700.31152500026,76700.31152500026,0.0,4784835.688475,4784835.688475,0.01602987365057165,-0.015906502324274676,-0.015414227751442633,-0.015414227751442692
2023-04-07,0.0,-4784835.688475,4890077.0,105241.31152500026,105241.31152500026,0.0,4784835.688475,4784835.688475,0.02199475977377653,0.005964886123204883,0.005870778289001732,0.005870778289001666
2023-04-10,0.0,-4784835.688475,4956673.0,171837.31152500026,171837.31152500026,0.0,4784835.688475,4784835.688475,0.03591289705911875,0.01391813728534222,0.013618599461726166,0.013618599461726267
2023-04-11,0.0,-4784835.688475,4852022.0,67186.31152500026,67186.31152500026,0.0,4784835.688475,4784835.688475,0.014041508611639194,-0.02187138844747956,-0.02111315392401303,-0.021113153924013143
2023-04-12,0.0,-4784835.688475,4842509.0,57673.31152500026,57673.31152500026,0.0,4784835.688475,4784835.688475,0.012053352566299226,-0.0019881560453399675,-0.001960625899882662,-0.0019606258998825644
2023-04-13,0.0,-4784835.688475,4690288.0,-94547.68847499974,-94547.68847499974,0.0,4784835.688475,4784835.688475,-0.019759861075842614,-0.03181321364214184,-0.0314343246445179,-0.03143432464451795
2023-04-14,0.0,-4784835.688475,4766398.0,-18437.68847499974,-18437.68847499974,0.0,4784835.688475,4784835.688475,-0.003853358751567938,0.015906502324274676,0.016227148524781354,0.01622714852478142
2023-04-17,0.0,-4784835.688475,4852022.0,67186.31152500026,67186.31152500026,0.0,4784835.688475,4784835.688475,0.014041508611639194,0.017894867363207133,0.017964089444481912,0.017964089444481975
2023-04-18,0.0,-4784835.688475,4737857.0,-46978.68847499974,-46978.68847499974,0.0,4784835.688475,4784835.688475,-0.009818244874772819,-0.023859753486412012,-0.023529365695374005,-0.023529365695374012
2023-04-19,0.0,-4784835.688475,4733100.0,-51735.68847499974,-51735.68847499974,0.0,4784835.688475,4784835.688475,-0.010812427394239047,-0.0009941825194662284,-0.0010040404343145681,-0.0010040404343145013
2023-04-20,0.0,-4784835.688475,4542825.0,-242010.68847499974,-242010.68847499974,0.0,4784835.688475,4784835.688475,-0.050578683204925735,-0.039766255810686685,-0.0402009253977309,-0.040200925397730874
2023-04-21,0.0,-4784835.688475,4538068.0,-246767.68847499974,-246767.68847499974,0.0,4784835.688475,4784835.688475,-0.051572865724391966,-0.0009941825194662302,-0.0010471457738301382,-0.0010471457738301607
2023-04-24,0.0,-4784835.688475,4357306.0,-427529.68847499974,-427529.68847499974,0.0,4784835.688475,4784835.688475,-0.08935096548973868,-0.03777809976534672,-0.03983236919323363,-0.039832369193233776
2023-04-25,0.0,-4784835.688475,4205086.0,-579749.6884749997,-579749.6884749997,0.0,4784835.688475,4784835.688475,-0.12116397013828803,-0.031813004648549345,-0.03493442966824001,-0.034934429668239966
2023-04-26,0.0,-4784835.688475,4200329.0,-584506.6884749997,-584506.6884749997,0.0,4784835.688475,4784835.688475,-0.12215815265775426,-0.0009941825194662302,-0.0011312491587567308,-0.0011312491587568006
2023-04-27,0.0,-4784835.688475,4247898.0,-536937.6884749997,-536937.6884749997,0.0,4784835.688475,4784835.688475,-0.11221653645668447,0.009941616201069786,0.011325065250840982,0.011325065250841065
2023-04-28,0.0,-4784835.688475,4314495.0,-470340.68847499974,-470340.68847499974,0.0,4784835.688475,4784835.688475,-0.09829819017774977,0.013918346278934707,0.015677636327426026,0.015677636327425942
2023-05-02,0.0,-4784835.688475,4404875.0,-379960.68847499974,-379960.68847499974,0.0,4784835.688475,4784835.688475,-0.07940934928866888,0.018888840889080882,0.020947990436887665,0.020947990436887748
2023-05-03,0.0,-4784835.688475,4200329.0,-584506.6884749997,-584506.6884749997,0.0,4784835.688475,4784835.688475,-0.12215815265775426,-0.042748803369085375,-0.046436277987456975,-0.04643627798745708
2023-05-04,0.0,-4784835.688475,4133733.0,-651102.6884749997,-651102.6884749997,0.0,4784835.688475,4784835.688475,-0.13607628994309648,-0.01391813728534222,-0.015854948505224287,-0.015854948505224235
2023-05-05,0.0,-4784835.688475,4252654.0,-532181.6884749997,-532181.6884749997,0.0,4784835.688475,4784835.688475,-0.11122256293081073,0.024853727012285748,0.028768427956038733,0.028768427956038768
2023-05-08,0.0,-4784835.688475,4167031.0,-617804.6884749997,-617804.6884749997,0.0,4784835.688475,4784835.688475,-0.12911722130042538,-0.017894658369614652,-0.020134015135019112,-0.020134015135019213
2023-05-09,0.0,-4784835.688475,4233627.0,-551208.6884749997,-551208.6884749997,0.0,4784835.688475,4784835.688475,-0.11519908401508315,0.013918137285342233,0.01598164256517398,0.015981642565174103
2023-05-10,0.0,-4784835.688475,4138490.0,-646345.6884749997,-646345.6884749997,0.0,4784835.688475,4784835.688475,-0.13508210742363025,-0.0198830234085471,-0.022471748219670684,-0.022471748219670747
2023-05-11,0.0,-4784835.688475,4143247.0,-641588.6884749997,-641588.6884749997,0.0,4784835.688475,4784835.688475,-0.13408792490416402,0.0009941825194662302,0.0011494530613822551,0.0011494530613822915
2023-05-12,0.0,-4784835.688475,4119461.0,-665374.6884749997,-665374.6884749997,0.0,4784835.688475,4784835.688475,-0.13905904649508766,-0.004971121590923638,-0.00574090803661953,-0.005740908036619589
2023-05-15,0.0,-4784835.688475,3991026.0,-793809.6884749997,-793809.6884749997,0.0,4784835.688475,4784835.688475,-0.16590113854630587,-0.026842092051218208,-0.03117762250935263,-0.03117762250935256
2023-05-16,0.0,-4784835.688475,4062379.0,-722456.6884749997,-722456.6884749997,0.0,4784835.688475,4784835.688475,-0.15098881874149742,0.01491231980480845,0.01787836010088628,0.017878360100886337
2023-05-17,0.0,-4784835.688475,4247898.0,-536937.6884749997,-536937.6884749997,0.0,4784835.688475,4784835.688475,-0.11221653645668447,0.03877228228481294,0.045667575575789376,0.04566757557578946
2023-05-18,0.0,-4784835.688475,4266925.0,-517910.68847499974,-517910.68847499974,0.0,4784835.688475,4784835.688475,-0.10824001537241204,0.003976521084272433,0.004479156514586746,0.004479156514586744
2023-05-19,0.0,-4784835.688475,4614178.0,-170657.68847499974,-170657.68847499974,0.0,4784835.688475,4784835.688475,-0.035666363400117286,0.07257365197229476,0.08138249441928314,0.0813824944192832
2023-05-22,0.0,-4784835.688475,4533311.0,-251524.68847499974,-251524.68847499974,0.0,4784835.688475,4784835.688475,-0.052567048243858196,-0.01690068484374091,-0.017525765152536343,-0.017525765152536378
2023-05-23,0.0,-4784835.688475,4699802.0,-85033.68847499974,-85033.68847499974,0.0,4784835.688475,4784835.688475,-0.017771496036910157,0.034795552206948036,0.03672613681258574,0.03672613681258577
2023-05-24,0.0,-4784835.688475,4723586.0,-61249.68847499974,-61249.68847499974,0.0,4784835.688475,4784835.688475,-0.012800792433171504,0.004970703603738653,0.005060638724780464,0.005060638724780321
2023-05-25,0.0,-4784835.688475,4718829.0,-66006.68847499974,-66006.68847499974,0.0,4784835.688475,4784835.688475,-0.013794974952637732,-0.0009941825194662284,-0.0010070738629507359,-0.0010070738629507328
2023-05-26,0.0,-4784835.688475,4766398.0,-18437.68847499974,-18437.68847499974,0.0,4784835.688475,4784835.688475,-0.003853358751567938,0.009941616201069795,0.010080678914196728,0.010080678914196721
2023-05-29,0.0,-4784835.688475,4861536.0,76700.31152500026,76700.31152500026,0.0,4784835.688475,4784835.688475,0.01602987365057165,0.019883232402139586,0.019960146005432167,0.019960146005432194
2023-05-30,0.0,-4784835.688475,4842509.0,57673.31152500026,57673.31152500026,0.0,4784835.688475,4784835.688475,0.012053352566299226,-0.003976521084272423,-0.003913783627232381,-0.003913783627232216
2023-05-31,0.0,-4784835.688475,4766398.0,-18437.68847499974,-18437.68847499974,0.0,4784835.688475,4784835.688475,-0.003853358751567938,-0.015906711317867164,-0.015717265574519246,-0.015717265574519326
2023-06-01,0.0,-4784835.688475,4756884.0,-27951.68847499974,-27951.68847499974,0.0,4784835.688475,4784835.688475,-0.005841723790500394,-0.0019883650389324564,-0.0019960565609502545,-0.0019960565609502185
2023-06-02,0.0,-4784835.688475,4676018.0,-108817.68847499974,-108817.68847499974,0.0,4784835.688475,4784835.688475,-0.02274219964064881,-0.016900475850148415,-0.016999783892144515,-0.016999783892144522
2023-06-05,0.0,-4784835.688475,4690288.0,-94547.68847499974,-94547.68847499974,0.0,4784835.688475,4784835.688475,-0.019759861075842614,0.002982338564806196,0.0030517418880766645,0.0030517418880765643
2023-06-06,0.0,-4784835.688475,4709316.0,-75519.68847499974,-75519.68847499974,0.0,4784835.688475,4784835.688475,-0.0157831309979777,0.003976730077864914,0.004056893734457168,0.004056893734457245
2023-06-07,0.0,-4784835.688475,4671261.0,-113574.68847499974,-113574.68847499974,0.0,4784835.688475,4784835.688475,-0.02373638216011504,-0.00795325116213734,-0.008080791350591143,-0.008080791350591041
2023-06-08,0.0,-4784835.688475,4423902.0,-360933.68847499974,-360933.68847499974,0.0,4784835.688475,4784835.688475,-0.07543282820439647,-0.051696446044281426,-0.05295336740978496,-0.05295336740978507
2023-06-09,0.0,-4784835.688475,4404875.0,-379960.68847499974,-379960.68847499974,0.0,4784835.688475,4784835.688475,-0.07940934928866888,-0.003976521084272419,-0.004300954225477938,-0.00430095422547787
2023-06-12,0.0,-4784835.688475,4571366.0,-213469.68847499974,-213469.68847499974,0.0,4784835.688475,4784835.688475,-0.044613797081720856,0.03479555220694803,0.03779698629359518,0.03779698629359517
2023-06-13,0.0,-4784835.688475,4842509.0,57673.31152500026,57673.31152500026,0.0,4784835.688475,4784835.688475,0.012053352566299226,0.05666714964802008,0.0593133431013837,0.0593133431013837
2023-06-14,0.0,-4784835.688475,4880564.0,95728.31152500026,95728.31152500026,0.0,4784835.688475,4784835.688475,0.020006603728436562,0.007953251162137336,0.007858529534999326,0.007858529534999315
2023-06-15,0.0,-4784835.688475,5051811.0,266975.31152500026,266975.31152500026,0.0,4784835.688475,4784835.688475,0.05579612946125834,0.03578952573282178,0.03508754316099538,0.03508754316099533
2023-06-16,0.0,-4784835.688475,5013757.0,228921.31152500026,228921.31152500026,0.0,4784835.688475,4784835.688475,0.04784308729271349,-0.007953042168544845,-0.007532744198070707,-0.007532744198070751
2023-06-19,0.0,-4784835.688475,5051811.0,266975.31152500026,266975.31152500026,0.0,4784835.688475,4784835.688475,0.05579612946125834,0.007953042168544845,0.007589917102085231,0.007589917102085323
2023-06-20,0.0,-4784835.688475,4928132.0,143296.31152500026,143296.31152500026,0.0,4784835.688475,4784835.688475,0.029948010935913868,-0.02584811852534447,-0.02448211146458179,-0.02448211146458171
2023-06-21,0.0,-4784835.688475,4804453.0,19617.31152500026,19617.31152500026,0.0,4784835.688475,4784835.688475,0.0040998924105694,-0.02584811852534447,-0.025096527446910932,-0.02509652744691092
2023-06-26,0.0,-4784835.688475,4642719.0,-142116.68847499974,-142116.68847499974,0.0,4784835.688475,4784835.688475,-0.029701477276912407,-0.033801369687481805,-0.033663353559707954,-0.033663353559708044
2023-06-27,0.0,-4784835.688475,4575920.0,-208915.68847499974,-208915.68847499974,0.0,4784835.688475,4784835.688475,-0.04366204026152973,-0.013960562984617321,-0.014387905018589331,-0.014387905018589322
2023-06-28,0.0,-4784835.688475,4566377.0,-218458.68847499974,-218458.68847499974,0.0,4784835.688475,4784835.688475,-0.045656466114644335,-0.001994425853114608,-0.0020854822636758863,-0.0020854822636759383
2023-06-29,0.0,-4784835.688475,4604549.0,-180286.68847499974,-180286.68847499974,0.0,4784835.688475,4784835.688475,-0.03767876270218588,0.007977703412458452,0.008359362356634259,0.008359362356634155
2023-06-30,0.0,-4784835.688475,4537747.0,-247088.68847499974,-247088.68847499974,0.0,4784835.688475,4784835.688475,-0.05163995266758067,-0.013961189965394784,-0.014507826933756296,-0.014507826933756162
2023-07-03,0.0,-4784835.688475,4494804.0,-290031.68847499974,-290031.68847499974,0.0,4784835.688475,4784835.688475,-0.06061476450980018,-0.008974811842219516,-0.009463506890093232,-0.009463506890093256
2023-07-04,0.0,-4784835.688475,4561605.0,-223230.68847499974,-223230.68847499974,0.0,4784835.688475,4784835.688475,-0.04665378353799789,0.013960980971802296,0.014861827123051397,0.014861827123051417
2023-07-05,0.0,-4784835.688475,4676122.0,-108713.68847499974,-108713.68847499974,0.0,4784835.688475,4784835.688475,-0.02272046430703004,0.023933319230967847,0.0251045410551769,0.02510454105517685
2023-07-06,0.0,-4784835.688475,4556833.0,-228002.68847499974,-228002.68847499974,0.0,4784835.688475,4784835.688475,-0.04765110096135144,-0.024930636654321398,-0.025510241178480775,-0.025510241178480803
2023-07-07,0.0,-4784835.688475,4470946.0,-313889.68847499974,-313889.68847499974,0.0,4784835.688475,4784835.688475,-0.06560093363938296,-0.017949832678031526,-0.018847958659007347,-0.018847958659007253
2023-07-10,0.0,-4784835.688475,4399372.0,-385463.68847499974,-385463.68847499974,0.0,4784835.688475,4784835.688475,-0.0805594410281313,-0.014958507388748335,-0.016008692567523686,-0.01600869256752374
2023-07-11,0.0,-4784835.688475,4499575.0,-285260.68847499974,-285260.68847499974,0.0,4784835.688475,4784835.688475,-0.05961765608003912,0.02094178494809218,0.022776659941464272,0.022776659941464373
2023-07-12,0.0,-4784835.688475,4408916.0,-375919.68847499974,-375919.68847499974,0.0,4784835.688475,4784835.688475,-0.0785648061814242,-0.018947150101385077,-0.020148347343915796,-0.020148347343915813
2023-07-13,0.0,-4784835.688475,4447088.0,-337747.68847499974,-337747.68847499974,0.0,4784835.688475,4784835.688475,-0.07058710276896574,0.007977703412458459,0.008657910470510233,0.008657910470510212
2023-07-14,0.0,-4784835.688475,4552063.0,-232772.68847499974,-232772.68847499974,0.0,4784835.688475,4784835.688475,-0.048648000397520014,0.021939102371445723,0.023605334547011303,0.02360533454701144
2023-07-17,0.0,-4784835.688475,4447088.0,-337747.68847499974,-337747.68847499974,0.0,4784835.688475,4784835.688475,-0.07058710276896574,-0.021939102371445723,-0.023060972574412975,-0.023060972574412964
2023-07-18,0.0,-4784835.688475,4342114.0,-442721.68847499974,-442721.68847499974,0.0,4784835.688475,4784835.688475,-0.09252599614681897,-0.021938893377853236,-0.023605109680761904,-0.023605109680761883
2023-07-19,0.0,-4784835.688475,4385058.0,-399777.68847499974,-399777.68847499974,0.0,4784835.688475,4784835.688475,-0.08355097531100697,0.008975020835812003,0.009890113433226322,0.009890113433226305
2023-07-20,0.0,-4784835.688475,4294399.0,-490436.68847499974,-490436.68847499974,0.0,4784835.688475,4784835.688475,-0.10249812541239205,-0.018947150101385077,-0.020674526995994036,-0.020674526995994123
2023-07-21,0.0,-4784835.688475,4256225.0,-528610.6884749997,-528610.6884749997,0.0,4784835.688475,4784835.688475,-0.11047624681203547,-0.00797812139964342,-0.008889253187698731,-0.008889253187698674
2023-07-24,0.0,-4784835.688475,4618864.0,-165971.68847499974,-165971.68847499974,0.0,4784835.688475,4784835.688475,-0.03468701942571772,0.07578922738631774,0.0852020276183707,0.08520202761837074
2023-07-25,0.0,-4784835.688475,4566377.0,-218458.68847499974,-218458.68847499974,0.0,4784835.688475,4784835.688475,-0.045656466114644335,-0.010969446688926618,-0.01136361668150443,-0.01136361668150437
2023-07-26,0.0,-4784835.688475,4370743.0,-414092.68847499974,-414092.68847499974,0.0,4784835.688475,4784835.688475,-0.08654271858747513,-0.04088625247283079,-0.042842279557732454,-0.04284227955773253
2023-07-27,0.0,-4784835.688475,4342114.0,-442721.68847499974,-442721.68847499974,0.0,4784835.688475,4784835.688475,-0.09252599614681897,-0.005983277559343844,-0.006550144906712685,-0.006550144906712657
2023-07-28,0.0,-4784835.688475,4485261.0,-299574.68847499974,-299574.68847499974,0.0,4784835.688475,4784835.688475,-0.06260919036291479,0.029916805783904182,0.03296712154494341,0.032967121544943315
2023-07-31,0.0,-4784835.688475,4375514.0,-409321.68847499974,-409321.68847499974,0.0,4784835.688475,4784835.688475,-0.08554561015771407,-0.02293641979479928,-0.024468364271332366,-0.024468364271332258
2023-08-01,0.0,-4784835.688475,4284855.0,-499980.68847499974,-499980.68847499974,0.0,4784835.688475,4784835.688475,-0.10449276025909915,-0.018947150101385077,-0.02071962288316298,-0.020719622883162984
2023-08-02,0.0,-4784835.688475,4065364.0,-719471.6884749997,-719471.6884749997,0.0,4784835.688475,4784835.688475,-0.15036497286792022,-0.04587221260882107,-0.05122483724653448,-0.051224837246534594
2023-08-04,0.0,-4784835.688475,4055820.0,-729015.6884749997,-729015.6884749997,0.0,4784835.688475,4784835.688475,-0.15235960771462734,-0.001994634846707116,-0.0023476372595419015,-0.002347637259541827
2023-08-07,0.0,-4784835.688475,4141708.0,-643127.6884749997,-643127.6884749997,0.0,4784835.688475,4784835.688475,-0.13440956604300333,0.017950041671624006,0.021176482191024082,0.021176482191024255
2023-08-08,0.0,-4784835.688475,4031963.0,-752872.6884749997,-752872.6884749997,0.0,4784835.688475,4784835.688475,-0.15734556785061762,-0.022936001807614292,-0.02649752227824842,-0.02649752227824849
2023-08-09,0.0,-4784835.688475,3960389.0,-824446.6884749997,-824446.6884749997,0.0,4784835.688475,4784835.688475,-0.17230407523936594,-0.014958507388748321,-0.01775165099481324,-0.017751650994813198
2023-08-10,0.0,-4784835.688475,3717040.0,-1067795.6884749997,-1067795.6884749997,0.0,4784835.688475,4784835.688475,-0.22316245697776982,-0.050858381738403874,-0.061445731719788066,-0.061445731719788135
2023-08-11,0.0,-4784835.688475,3936531.0,-848304.6884749997,-848304.6884749997,0.0,4784835.688475,4784835.688475,-0.17729024436894872,0.0458722126088211,0.05904994296537036,0.05904994296537029
2023-08-14,0.0,-4784835.688475,3936531.0,-848304.6884749997,-848304.6884749997,0.0,4784835.688475,4784835.688475,-0.17729024436894872,0.0,0.0,0.0
2023-08-15,0.0,-4784835.688475,3831558.0,-953277.6884749997,-953277.6884749997,0.0,4784835.688475,4784835.688475,-0.19922892875320947,-0.021938684384260748,-0.02666637199097377,-0.02666637199097378
2023-08-16,0.0,-4784835.688475,3817243.0,-967592.6884749997,-967592.6884749997,0.0,4784835.688475,4784835.688475,-0.20222067202967764,-0.002991743276468173,-0.003736078117570041,-0.0037360781175699285
2023-08-17,0.0,-4784835.688475,3998562.0,-786273.6884749997,-786273.6884749997,0.0,4784835.688475,4784835.688475,-0.164326162833315,0.03789450919636264,0.04749998886631013,0.04749998886631006
2023-08-18,0.0,-4784835.688475,3969933.0,-814902.6884749997,-814902.6884749997,0.0,4784835.688475,4784835.688475,-0.17030944039265886,-0.005983277559343858,-0.007159823956712441,-0.0071598239567124385
2023-08-21,0.0,-4784835.688475,3969933.0,-814902.6884749997,-814902.6884749997,0.0,4784835.688475,4784835.688475,-0.17030944039265886,0.0,0.0,0.0
2023-08-22,0.0,-4784835.688475,4218053.0,-566782.6884749997,-566782.6884749997,0.0,4784835.688475,4784835.688475,-0.11845395022449393,0.05185549016816493,0.06249979533659644,0.06249979533659636
2023-08-23,0.0,-4784835.688475,4241911.0,-542924.6884749997,-542924.6884749997,0.0,4784835.688475,4784835.688475,-0.11346778109491115,0.004986169129582774,0.005656164111735862,0.005656164111735912
2023-08-24,0.0,-4784835.688475,4184653.0,-600182.6884749997,-600182.6884749997,0.0,4784835.688475,4784835.688475,-0.12543433621359884,-0.011966555118687688,-0.013498161559730937,-0.01349816155973098
2023-08-25,0.0,-4784835.688475,4246683.0,-538152.6884749997,-538152.6884749997,0.0,4784835.688475,4784835.688475,-0.1124704636715576,0.012963872542041247,0.014823212342815584,0.014823212342815521
2023-08-28,0.0,-4784835.688475,4027191.0,-757644.6884749997,-757644.6884749997,0.0,4784835.688475,4784835.688475,-0.15834288527397117,-0.045872421602413574,-0.05168551549527023,-0.051685515495270076
2023-08-29,0.0,-4784835.688475,3998562.0,-786273.6884749997,-786273.6884749997,0.0,4784835.688475,4784835.688475,-0.164326162833315,-0.00598327755934383,-0.007108925303021318,-0.007108925303021386
2023-08-30,0.0,-4784835.688475,4074906.0,-709929.6884749997,-709929.6884749997,0.0,4784835.688475,4784835.688475,-0.1483707560083981,0.01595540682491689,0.019092863884566436,0.0190928638845665
2023-08-31,0.0,-4784835.688475,4008105.0,-776730.6884749997,-776730.6884749997,0.0,4784835.688475,4784835.688475,-0.1623317369802004,-0.01396098097180229,-0.016393261586893026,-0.016393261586893047
2023-09-01,0.0,-4784835.688475,4060592.0,-724243.6884749997,-724243.6884749997,0.0,4784835.688475,4784835.688475,-0.15136229029127377,0.010969446688926632,0.013095215818946793,0.013095215818946859
2023-09-04,0.0,-4784835.688475,4079678.0,-705157.6884749997,-705157.6884749997,0.0,4784835.688475,4784835.688475,-0.14737343858504456,0.003988851706229202,0.004700299857754775,0.004700299857754732
2023-09-05,0.0,-4784835.688475,4070136.0,-714699.6884749997,-714699.6884749997,0.0,4784835.688475,4784835.688475,-0.14936765544456668,-0.0019942168595221132,-0.0023389100806484597,-0.0023389100806485217
2023-09-06,0.0,-4784835.688475,4070136.0,-714699.6884749997,-714699.6884749997,0.0,4784835.688475,4784835.688475,-0.14936765544456668,0.0,0.0,0.0
2023-09-07,0.0,-4784835.688475,3979476.0,-805359.6884749997,-805359.6884749997,0.0,4784835.688475,4784835.688475,-0.16831501453954423,-0.01894735909497755,-0.022274439969573567,-0.022274439969573498
2023-09-08,0.0,-4784835.688475,3950847.0,-833988.6884749997,-833988.6884749997,0.0,4784835.688475,4784835.688475,-0.17429829209888809,-0.005983277559343858,-0.007194163251644126,-0.007194163251644186
2023-09-11,0.0,-4784835.688475,3817243.0,-967592.6884749997,-967592.6884749997,0.0,4784835.688475,4784835.688475,-0.20222067202967764,-0.027922379930789554,-0.033816546173516815,-0.03381654617351672
2023-09-12,0.0,-4784835.688475,3979476.0,-805359.6884749997,-805359.6884749997,0.0,4784835.688475,4784835.688475,-0.16831501453954423,0.03390565749013341,0.042500045189682645,0.042500045189682714
2023-09-13,0.0,-4784835.688475,3950847.0,-833988.6884749997,-833988.6884749997,0.0,4784835.688475,4784835.688475,-0.17429829209888809,-0.005983277559343858,-0.007194163251644126,-0.007194163251644186
2023-09-14,0.0,-4784835.688475,4051049.0,-733786.6884749997,-733786.6884749997,0.0,4784835.688475,4784835.688475,-0.1533567161443884,0.02094157595449969,0.02536215651985496,0.02536215651985511
2023-09-15,0.0,-4784835.688475,4031963.0,-752872.6884749997,-752872.6884749997,0.0,4784835.688475,4784835.688475,-0.15734556785061762,-0.0039888517062292295,-0.004711372289004645,-0.00471137228900465
2023-09-18,0.0,-4784835.688475,3950847.0,-833988.6884749997,-833988.6884749997,0.0,4784835.688475,4784835.688475,-0.17429829209888809,-0.016952724248270462,-0.02011824017234287,-0.02011824017234285
2023-09-19,0.0,-4784835.688475,3817243.0,-967592.6884749997,-967592.6884749997,0.0,4784835.688475,4784835.688475,-0.20222067202967764,-0.027922379930789554,-0.033816546173516815,-0.03381654617351672
2023-09-20,0.0,-4784835.688475,3879273.0,-905562.6884749997,-905562.6884749997,0.0,4784835.688475,4784835.688475,-0.1892567994876364,0.012963872542041233,0.01624994793362644,0.01624994793362644
2023-09-21,0.0,-4784835.688475,3860187.0,-924648.6884749997,-924648.6884749997,0.0,4784835.688475,4784835.688475,-0.19324565119386564,-0.0039888517062292295,-0.004919994029809138,-0.004919994029809194
2023-09-22,0.0,-4784835.688475,3774299.0,-1010536.6884749997,-1010536.6884749997,0.0,4784835.688475,4784835.688475,-0.21119569286548964,-0.017950041671624006,-0.022249699302132275,-0.022249699302132254
2023-09-25,0.0,-4784835.688475,3736126.0,-1048709.6884749997,-1048709.6884749997,0.0,4784835.688475,4784835.688475,-0.2191736052715406,-0.007977912406050947,-0.010113931090250161,-0.010113931090250137
2023-09-26,0.0,-4784835.688475,3702726.0,-1082109.6884749997,-1082109.6884749997,0.0,4784835.688475,4784835.688475,-0.2261539912606455,-0.006980385989104915,-0.00893974132564046,-0.008939741325640516
2023-09-27,0.0,-4784835.688475,3621609.0,-1163226.6884749997,-1163226.6884749997,0.0,4784835.688475,4784835.688475,-0.24310692450250843,-0.016952933241862922,-0.021907373108353,-0.021907373108353143
2023-09-28,0.0,-4784835.688475,3779070.0,-1005765.6884749997,-1005765.6884749997,0.0,4784835.688475,4784835.688475,-0.21019858443572859,0.03290834006677984,0.043478188838165455,0.04347818883816558
2023-10-02,0.0,-4784835.688475,3855415.0,-929420.6884749997,-929420.6884749997,0.0,4784835.688475,4784835.688475,-0.19424296861721918,0.015955615818509405,0.02020206029525795,0.02020206029525783
2023-10-03,0.0,-4784835.688475,3836329.0,-948506.6884749997,-948506.6884749997,0.0,4784835.688475,4784835.688475,-0.1982318203234484,-0.0039888517062292295,-0.004950439835919251,-0.00495043983591909
2023-10-04,0.0,-4784835.688475,3855415.0,-929420.6884749997,-929420.6884749997,0.0,4784835.688475,4784835.688475,-0.19424296861721918,0.0039888517062292295,0.004975068613771283,0.004975068613771134
2023-10-05,0.0,-4784835.688475,3836329.0,-948506.6884749997,-948506.6884749997,0.0,4784835.688475,4784835.688475,-0.1982318203234484,-0.0039888517062292295,-0.004950439835919251,-0.00495043983591909
2023-10-06,0.0,-4784835.688475,3879273.0,-905562.6884749997,-905562.6884749997,0.0,4784835.688475,4784835.688475,-0.1892567994876364,0.008975020835812003,0.011194034713915446,0.011194034713915307
2023-10-11,0.0,-4784835.688475,3702726.0,-1082109.6884749997,-1082109.6884749997,0.0,4784835.688475,4784835.688475,-0.2261539912606455,-0.0368971917730091,-0.04551033144612404,-0.045510331446124055
2023-10-12,0.0,-4784835.688475,3817243.0,-967592.6884749997,-967592.6884749997,0.0,4784835.688475,4784835.688475,-0.20222067202967764,0.023933319230967864,0.03092775430858241,0.03092775430858238
2023-10-13,0.0,-4784835.688475,3936531.0,-848304.6884749997,-848304.6884749997,0.0,4784835.688475,4784835.688475,-0.17729024436894872,0.02493042766072892,0.031249778963508446,0.03124977896350848
2023-10-16,0.0,-4784835.688475,3893588.0,-891247.6884749997,-891247.6884749997,0.0,4784835.688475,4784835.688475,-0.18626505621116823,-0.008974811842219516,-0.010908843344559105,-0.010908843344558952
2023-10-17,0.0,-4784835.688475,3922217.0,-862618.6884749997,-862618.6884749997,0.0,4784835.688475,4784835.688475,-0.1802817786518244,0.00598327755934383,0.0073528580835979795,0.007352858083597956
2023-10-18,0.0,-4784835.688475,3841101.0,-943734.6884749997,-943734.6884749997,0.0,4784835.688475,4784835.688475,-0.19723450290009487,-0.016952724248270462,-0.020681160680298905,-0.020681160680298922
2023-10-19,0.0,-4784835.688475,3888817.0,-896018.6884749997,-896018.6884749997,0.0,4784835.688475,4784835.688475,-0.18726216464092932,0.009972338259165547,0.012422479908755113,0.012422479908755328
2023-10-20,0.0,-4784835.688475,3802928.0,-981907.6884749997,-981907.6884749997,0.0,4784835.688475,4784835.688475,-0.2052124153061458,-0.017950250665216494,-0.02208615113542245,-0.022086151135422418
2023-10-23,0.0,-4784835.688475,3721812.0,-1063023.6884749997,-1063023.6884749997,0.0,4784835.688475,4784835.688475,-0.22216513955441627,-0.016952724248270462,-0.021329880555193248,-0.021329880555193262
2023-10-24,0.0,-4784835.688475,3707497.0,-1077338.6884749997,-1077338.6884749997,0.0,4784835.688475,4784835.688475,-0.22515688283088442,-0.002991743276468145,-0.003846244786141706,-0.003846244786141804
2023-10-25,0.0,-4784835.688475,3931761.0,-853074.6884749997,-853074.6884749997,0.0,4784835.688475,4784835.688475,-0.17828714380511732,0.046869739025767104,0.06048932743573343,0.0604893274357336
2023-10-26,0.0,-4784835.688475,3779070.0,-1005765.6884749997,-1005765.6884749997,0.0,4784835.688475,4784835.688475,-0.21019858443572859,-0.03191144063061127,-0.038835269997336996,-0.03883526999733707
2023-10-27,0.0,-4784835.688475,3740898.0,-1043937.6884749997,-1043937.6884749997,0.0,4784835.688475,4784835.688475,-0.21817628784818704,-0.007977703412458459,-0.010100897839944722,-0.010100897839944748
2023-10-30,0.0,-4784835.688475,3864959.0,-919876.6884749997,-919876.6884749997,0.0,4784835.688475,4784835.688475,-0.1922483337705121,0.025927954077674953,0.03316342760481561,0.03316342760481574
2023-10-31,0.0,-4784835.688475,3683639.0,-1101196.6884749997,-1101196.6884749997,0.0,4784835.688475,4784835.688475,-0.2301430519604672,-0.0378947181899551,-0.046913822371725034,-0.04691382237172503
2023-11-01,0.0,-4784835.688475,3717040.0,-1067795.6884749997,-1067795.6884749997,0.0,4784835.688475,4784835.688475,-0.22316245697776982,0.0069805949826973746,0.009067392325903922,0.009067392325903815
2023-11-02,0.0,-4784835.688475,3783842.0,-1000993.6884749997,-1000993.6884749997,0.0,4784835.688475,4784835.688475,-0.20920126701237504,0.013961189965394777,0.017971827045175637,0.01797182704517573
2023-11-03,0.0,-4784835.688475,3798156.0,-986679.6884749997,-986679.6884749997,0.0,4784835.688475,4784835.688475,-0.20620973272949936,0.0029915342828756852,0.003782927511243983,0.0037829275112438625
2023-11-06,0.0,-4784835.688475,3912674.0,-872161.6884749997,-872161.6884749997,0.0,4784835.688475,4784835.688475,-0.18227620450493903,0.023933528224560324,0.030150946933195977,0.030150946933196004
2023-11-07,0.0,-4784835.688475,3960389.0,-824446.6884749997,-824446.6884749997,0.0,4784835.688475,4784835.688475,-0.17230407523936594,0.009972129265573088,0.012194984810899312,0.012194984810899145
2023-11-08,0.0,-4784835.688475,3917445.0,-867390.6884749997,-867390.6884749997,0.0,4784835.688475,4784835.688475,-0.18127909607517795,-0.008975020835812003,-0.010843379274106724,-0.01084337927410666
2023-11-09,0.0,-4784835.688475,3922217.0,-862618.6884749997,-862618.6884749997,0.0,4784835.688475,4784835.688475,-0.1802817786518244,0.0009973174233535442,0.0012181409056157833,0.0012181409056157776
2023-11-10,0.0,-4784835.688475,3955618.0,-829217.6884749997,-829217.6884749997,0.0,4784835.688475,4784835.688475,-0.173301183669127,0.006980594982697402,0.008515847032430912,0.008515847032430893
2023-11-13,0.0,-4784835.688475,3874502.0,-910333.6884749997,-910333.6884749997,0.0,4784835.688475,4784835.688475,-0.19025390791739746,-0.016952724248270462,-0.020506530205899653,-0.02050653020589956
2023-11-14,0.0,-4784835.688475,3960389.0,-824446.6884749997,-824446.6884749997,0.0,4784835.688475,4784835.688475,-0.17230407523936594,0.01794983267803152,0.02216723594412917,0.022167235944129077
2023-11-15,0.0,-4784835.688475,3965161.0,-819674.6884749997,-819674.6884749997,0.0,4784835.688475,4784835.688475,-0.1713067578160124,0.0009973174233535442,0.001204932141766868,0.001204932141766882
2023-11-16,0.0,-4784835.688475,3941303.0,-843532.6884749997,-843532.6884749997,0.0,4784835.688475,4784835.688475,-0.17629292694559517,-0.004986169129582774,-0.006016905744810952,-0.006016905744810866
2023-11-17,0.0,-4784835.688475,4213282.0,-571553.6884749997,-571553.6884749997,0.0,4784835.688475,4784835.688475,-0.11945105865425498,0.05684186829134019,0.06900738156898867,0.06900738156898874
2023-11-20,0.0,-4784835.688475,4275312.0,-509523.68847499974,-509523.68847499974,0.0,4784835.688475,4784835.688475,-0.10648718611221375,0.012963872542041233,0.014722489498685265,0.014722489498685348
2023-11-21,0.0,-4784835.688475,4447088.0,-337747.68847499974,-337747.68847499974,0.0,4784835.688475,4784835.688475,-0.07058710276896574,0.03590008334324801,0.040178588135789894,0.04017858813578985
2023-11-22,0.0,-4784835.688475,4886071.0,101235.31152500026,101235.31152500026,0.0,4784835.688475,4784835.688475,0.02115753144226892,0.09174463421123466,0.09871246082829943,0.09871246082829933
2023-11-23,0.0,-4784835.688475,4800183.0,15347.31152500026,15347.31152500026,0.0,4784835.688475,4784835.688475,0.0032074897706449103,-0.01795004167162401,-0.01757813179546519,-0.017578131795465107
2023-11-24,0.0,-4784835.688475,4666580.0,-118255.68847499974,-118255.68847499974,0.0,4784835.688475,4784835.688475,-0.024714681166552167,-0.027922170937197077,-0.027832897204127405,-0.027832897204127426
2023-11-27,0.0,-4784835.688475,4518661.0,-266174.68847499974,-266174.68847499974,0.0,4784835.688475,4784835.688475,-0.0556288043738099,-0.03091412320725773,-0.0316975172396059,-0.03169751723960588
2023-11-28,0.0,-4784835.688475,4752468.0,-32367.68847499974,-32367.68847499974,0.0,4784835.688475,4784835.688475,-0.006764639494928157,0.04886416487888174,0.05174254054464367,0.051742540544643646
2023-11-29,0.0,-4784835.688475,4809726.0,24890.31152500026,24890.31152500026,0.0,4784835.688475,4784835.688475,0.005201915623759524,0.011966555118687681,0.012048055873285168,0.012048055873285207
2023-11-30,0.0,-4784835.688475,4709524.0,-75311.68847499974,-75311.68847499974,0.0,4784835.688475,4784835.688475,-0.01573966033074016,-0.020941575954499685,-0.02083320338830108,-0.020833203388301122
2023-12-01,0.0,-4784835.688475,4595007.0,-189828.68847499974,-189828.68847499974,0.0,4784835.688475,4784835.688475,-0.03967297956170801,-0.02393331923096785,-0.024316045528168018,-0.024316045528168028
2023-12-04,0.0,-4784835.688475,4456631.0,-328204.68847499974,-328204.68847499974,0.0,4784835.688475,4784835.688475,-0.06859267691585112,-0.028919697354143112,-0.030114426376281922,-0.030114426376281908
2023-12-05,0.0,-4784835.688475,4370743.0,-414092.68847499974,-414092.68847499974,0.0,4784835.688475,4784835.688475,-0.08654271858747513,-0.017950041671624006,-0.01927195677631821,-0.019271956776318256
2023-12-06,0.0,-4784835.688475,4542519.0,-242316.68847499974,-242316.68847499974,0.0,4784835.688475,4784835.688475,-0.050642635244227116,0.03590008334324801,0.039301327028379296,0.039301327028379386
2023-12-07,0.0,-4784835.688475,4413688.0,-371147.68847499974,-371147.68847499974,0.0,4784835.688475,4784835.688475,-0.07756748875807064,-0.026924853513843522,-0.028361136188973624,-0.028361136188973565
2023-12-08,0.0,-4784835.688475,4428002.0,-356833.68847499974,-356833.68847499974,0.0,4784835.688475,4784835.688475,-0.07457595447519497,0.0029915342828756714,0.0032430928511484325,0.003243092851148518
2023-12-11,0.0,-4784835.688475,4532976.0,-251859.68847499974,-251859.68847499974,0.0,4784835.688475,4784835.688475,-0.05263706109734173,0.021938893377853236,0.02370685469428424,0.02370685469428424
2023-12-12,0.0,-4784835.688475,4566377.0,-218458.68847499974,-218458.68847499974,0.0,4784835.688475,4784835.688475,-0.045656466114644335,0.006980594982697395,0.007368448454172283,0.00736844845417227
2023-12-13,0.0,-4784835.688475,4590235.0,-194600.68847499974,-194600.68847499974,0.0,4784835.688475,4784835.688475,-0.04067029698506156,0.004986169129582774,0.005224710968892987,0.005224710968892844
2023-12-14,0.0,-4784835.688475,4571149.0,-213686.68847499974,-213686.68847499974,0.0,4784835.688475,4784835.688475,-0.04465914869129079,-0.0039888517062292295,-0.004157957054486405,-0.004157957054486317
2023-12-15,0.0,-4784835.688475,4418458.0,-366377.68847499974,-366377.68847499974,0.0,4784835.688475,4784835.688475,-0.07657058932190207,-0.03191144063061128,-0.03340319906439271,-0.033403199064392784
2023-12-18,0.0,-4784835.688475,4351657.0,-433178.68847499974,-433178.68847499974,0.0,4784835.688475,4784835.688475,-0.09053157029370436,-0.01396098097180229,-0.015118622831766237,-0.015118622831766196
2023-12-19,0.0,-4784835.688475,4337342.0,-447493.68847499974,-447493.68847499974,0.0,4784835.688475,4784835.688475,-0.09352331357017253,-0.002991743276468173,-0.0032895515432397326,-0.003289551543239736
2023-12-20,0.0,-4784835.688475,4332571.0,-452264.68847499974,-452264.68847499974,0.0,4784835.688475,4784835.688475,-0.09452042199993359,-0.0009971084297610566,-0.0010999824316367812,-0.001099982431636703
2023-12-21,0.0,-4784835.688475,4299170.0,-485665.68847499974,-485665.68847499974,0.0,4784835.688475,4784835.688475,-0.10150101698263098,-0.006980594982697388,-0.007709279317061335,-0.007709279317061394
2023-12-22,0.0,-4784835.688475,4303941.0,-480894.68847499974,-480894.68847499974,0.0,4784835.688475,4784835.688475,-0.10050390855286992,0.0009971084297610566,0.0011097490911036179,0.0011097490911036317
2023-12-25,0.0,-4784835.688475,4323028.0,-461807.68847499974,-461807.68847499974,0.0,4784835.688475,4784835.688475,-0.0965148478530482,0.003989060699821717,0.004434772688566069,0.00443477268856613
2023-12-26,0.0,-4784835.688475,4499575.0,-285260.68847499974,-285260.68847499974,0.0,4784835.688475,4784835.688475,-0.05961765608003912,0.03689719177300908,0.04083873618213896,0.040838736182139
2023-12-27,0.0,-4784835.688475,4518661.0,-266174.68847499974,-266174.68847499974,0.0,4784835.688475,4784835.688475,-0.0556288043738099,0.0039888517062292225,0.004241733941538817,0.004241733941538923
2023-12-28,0.0,-4784835.688475,4561605.0,-223230.68847499974,-223230.68847499974,0.0,4784835.688475,4784835.688475,-0.04665378353799789,0.00897502083581201,0.009503700321843223,0.00950370032184313
2023-12-29,0.0,-4784835.688475,4580691.0,-204144.68847499974,-204144.68847499974,0.0,4784835.688475,4784835.688475,-0.042664931831768664,0.0039888517062292225,0.004184053639015195,0.004184053639015215
2024-01-02,0.0,-4784835.688475,4542519.0,-242316.68847499974,-242316.68847499974,0.0,4784835.688475,4784835.688475,-0.050642635244227116,-0.007977703412458452,-0.008333240552571564,-0.008333240552571654
2024-01-03,0.0,-4784835.688475,4413688.0,-371147.68847499974,-371147.68847499974,0.0,4784835.688475,4784835.688475,-0.07756748875807064,-0.026924853513843522,-0.028361136188973624,-0.028361136188973565
2024-01-04,0.0,-4784835.688475,4342114.0,-442721.68847499974,-442721.68847499974,0.0,4784835.688475,4784835.688475,-0.09252599614681897,-0.014958507388748335,-0.016216370527323276,-0.016216370527323182
2024-01-05,0.0,-4784835.688475,4494804.0,-290031.68847499974,-290031.68847499974,0.0,4784835.688475,4784835.688475,-0.06061476450980018,0.03191123163701879,0.035164898940930556,0.03516489894093062
2024-01-08,0.0,-4784835.688475,4494804.0,-290031.68847499974,-290031.68847499974,0.0,4784835.688475,4784835.688475,-0.06061476450980018,0.0,0.0,0.0
2024-01-09,0.0,-4784835.688475,4556833.0,-228002.68847499974,-228002.68847499974,0.0,4784835.688475,4784835.688475,-0.04765110096135144,0.012963663548448745,0.01380015680327773,0.01380015680327774
2024-01-10,0.0,-4784835.688475,4561605.0,-223230.68847499974,-223230.68847499974,0.0,4784835.688475,4784835.688475,-0.04665378353799789,0.0009973174233535512,0.00104721853971812,0.0010472185397182648
2024-01-11,0.0,-4784835.688475,4633179.0,-151656.68847499974,-151656.68847499974,0.0,4784835.688475,4784835.688475,-0.03169527614924956,0.014958507388748328,0.015690529977935297,0.015690529977935398
2024-01-12,0.0,-4784835.688475,4494804.0,-290031.68847499974,-290031.68847499974,0.0,4784835.688475,4784835.688475,-0.06061476450980018,-0.028919488360550624,-0.029866102734213307,-0.029866102734213376
2024-01-15,0.0,-4784835.688475,4590235.0,-194600.68847499974,-194600.68847499974,0.0,4784835.688475,4784835.688475,-0.04067029698506156,0.01994446752473862,0.021231404083470684,0.021231404083470604
2024-01-16,0.0,-4784835.688475,4723838.0,-60997.68847499974,-60997.68847499974,0.0,4784835.688475,4784835.688475,-0.012748126047864485,0.027922170937197077,0.029105917235174195,0.029105917235174233
2024-01-17,0.0,-4784835.688475,4671351.0,-113484.68847499974,-113484.68847499974,0.0,4784835.688475,4784835.688475,-0.023717572736791103,-0.010969446688926618,-0.011111092294020297,-0.011111092294020243
2024-01-18,0.0,-4784835.688475,4661808.0,-123027.68847499974,-123027.68847499974,0.0,4784835.688475,4784835.688475,-0.025711998589905718,-0.0019944258531146147,-0.0020428779597165825,-0.0020428779597165786
2024-01-19,0.0,-4784835.688475,4595007.0,-189828.68847499974,-189828.68847499974,0.0,4784835.688475,4784835.688475,-0.03967297956170801,-0.013960980971802293,-0.014329418972209962,-0.014329418972209924
2024-01-22,0.0,-4784835.688475,4647493.0,-137342.68847499974,-137342.68847499974,0.0,4784835.688475,4784835.688475,-0.02870374186637388,0.01096923769533413,0.011422398268381206,0.01142239826838131
2024-01-23,0.0,-4784835.688475,4704752.0,-80083.68847499974,-80083.68847499974,0.0,4784835.688475,4784835.688475,-0.01673697775409371,0.011966764112280169,0.012320405861827144,0.01232040586182701
2024-01-24,0.0,-4784835.688475,4599778.0,-185057.68847499974,-185057.68847499974,0.0,4784835.688475,4784835.688475,-0.03867587113194695,-0.021938893377853236,-0.022312334422728397,-0.022312334422728338
2024-01-25,0.0,-4784835.688475,4561605.0,-223230.68847499974,-223230.68847499974,0.0,4784835.688475,4784835.688475,-0.04665378353799789,-0.00797791240605094,-0.008298878771975549,-0.008298878771975517
2024-01-26,0.0,-4784835.688475,4504347.0,-280488.68847499974,-280488.68847499974,0.0,4784835.688475,4784835.688475,-0.05862033865668557,-0.011966555118687681,-0.012552160917045696,-0.012552160917045646
2024-01-29,0.0,-4784835.688475,4699980.0,-84855.68847499974,-84855.68847499974,0.0,4784835.688475,4784835.688475,-0.017734295177447262,0.040886043479238306,0.04343204464487305,0.043432044644873054
2024-01-30,0.0,-4784835.688475,4699980.0,-84855.68847499974,-84855.68847499974,0.0,4784835.688475,4784835.688475,-0.017734295177447262,0.0,0.0,0.0
2024-01-31,0.0,-4784835.688475,4719066.0,-65769.68847499974,-65769.68847499974,0.0,4784835.688475,4784835.688475,-0.013745443471218036,0.003988851706229226,0.004060868344120561,0.0040608683441206135
2024-02-01,0.0,-4784835.688475,4676122.0,-108713.68847499974,-108713.68847499974,0.0,4784835.688475,4784835.688475,-0.02272046430703004,-0.008975020835812003,-0.009100105826025606,-0.009100105826025743
2024-02-02,0.0,-4784835.688475,4991045.0,206209.31152500026,206209.31152500026,0.0,4784835.688475,4784835.688475,0.04309642482012215,0.0658168891271522,0.06734704526528601,0.06734704526528607
2024-02-05,0.0,-4784835.688475,4828813.0,43977.31152500026,43977.31152500026,0.0,4784835.688475,4784835.688475,0.009190976323581238,-0.03390544849654091,-0.032504615766838385,-0.032504615766838406
2024-02-15,0.0,-4784835.688475,5305968.0,521132.31152500026,521132.31152500026,0.0,4784835.688475,4784835.688475,0.10891331394727435,0.09972233762369312,0.098814139209781,0.09881413920978095
2024-02-16,0.0,-4784835.688475,5267795.0,482959.31152500026,482959.31152500026,0.0,4784835.688475,4784835.688475,0.10093540154122341,-0.007977912406050947,-0.007194351718668557,-0.007194351718668488
2024-02-19,0.0,-4784835.688475,5038760.0,253924.31152500026,253924.31152500026,0.0,4784835.688475,4784835.688475,0.053068554085695226,-0.04786684745552818,-0.043478343405542574,-0.04347834340554255
2024-02-20,0.0,-4784835.688475,4981502.0,196666.31152500026,196666.31152500026,0.0,4784835.688475,4784835.688475,0.041101998967007544,-0.011966555118687681,-0.011363510069937743,-0.011363510069937842
2024-02-21,0.0,-4784835.688475,4819269.0,34433.31152500026,34433.31152500026,0.0,4784835.688475,4784835.688475,0.007196341476874138,-0.033905657490133405,-0.03256708518836293,-0.03256708518836287
2024-02-22,0.0,-4784835.688475,4723838.0,-60997.68847499974,-60997.68847499974,0.0,4784835.688475,4784835.688475,-0.012748126047864485,-0.01994446752473862,-0.019801965816807376,-0.019801965816807487
2024-02-23,0.0,-4784835.688475,4642722.0,-142113.68847499974,-142113.68847499974,0.0,4784835.688475,4784835.688475,-0.029700850296134944,-0.01695272424827046,-0.017171630356502487,-0.017171630356502487
2024-02-26,0.0,-4784835.688475,4676122.0,-108713.68847499974,-108713.68847499974,0.0,4784835.688475,4784835.688475,-0.02272046430703004,0.006980385989104904,0.007194055556201784,0.007194055556201728
2024-02-27,0.0,-4784835.688475,4633179.0,-151656.68847499974,-151656.68847499974,0.0,4784835.688475,4784835.688475,-0.03169527614924956,-0.008974811842219519,-0.009183464417737652,-0.009183464417737604
2024-02-29,0.0,-4784835.688475,4738152.0,-46683.68847499974,-46683.68847499974,0.0,4784835.688475,4784835.688475,-0.009756591764988809,0.021938684384260748,0.0226567978487342,0.0226567978487341
2024-03-01,0.0,-4784835.688475,4781097.0,-3738.6884749997407,-3738.6884749997407,0.0,4784835.688475,4784835.688475,-0.0007813619355843163,0.008975229829404493,0.009063660262482065,0.009063660262482082
2024-03-04,0.0,-4784835.688475,4866985.0,82149.31152500026,82149.31152500026,0.0,4784835.688475,4784835.688475,0.017168679736039694,0.01795004167162401,0.01796407811847378,0.01796407811847365
2024-03-05,0.0,-4784835.688475,4886071.0,101235.31152500026,101235.31152500026,0.0,4784835.688475,4784835.688475,0.02115753144226892,0.003988851706229226,0.003921524311252256,0.003921524311252244
2024-03-06,0.0,-4784835.688475,4585463.0,-199372.68847499974,-199372.68847499974,0.0,4784835.688475,4784835.688475,-0.04166761440841511,-0.06282514585068404,-0.061523461284128,-0.06152346128412788
2024-03-07,0.0,-4784835.688475,4490032.0,-294803.68847499974,-294803.68847499974,0.0,4784835.688475,4784835.688475,-0.061612081933153734,-0.01994446752473862,-0.0208116388683105,-0.020811638868310573
2024-03-08,0.0,-4784835.688475,4327799.0,-457036.68847499974,-457036.68847499974,0.0,4784835.688475,4784835.688475,-0.09551773942328713,-0.0339056574901334,-0.03613181375990193,-0.03613181375990193
2024-03-11,0.0,-4784835.688475,4299170.0,-485665.68847499974,-485665.68847499974,0.0,4784835.688475,4784835.688475,-0.10150101698263098,-0.005983277559343844,-0.006615140860284807,-0.00661514086028487
2024-03-12,0.0,-4784835.688475,4256225.0,-528610.6884749997,-528610.6884749997,0.0,4784835.688475,4784835.688475,-0.11047624681203547,-0.00897522982940449,-0.00998913743815677,-0.009989137438156668
2024-03-13,0.0,-4784835.688475,4036734.0,-748101.6884749997,-748101.6884749997,0.0,4784835.688475,4784835.688475,-0.15634845942085657,-0.0458722126088211,-0.0515694071624504,-0.051569407162450294
2024-03-14,0.0,-4784835.688475,4046278.0,-738557.6884749997,-738557.6884749997,0.0,4784835.688475,4784835.688475,-0.15435382457414945,0.001994634846707116,0.0023642875651455064,0.0023642875651454865
2024-03-15,0.0,-4784835.688475,4084450.0,-700385.6884749997,-700385.6884749997,0.0,4784835.688475,4784835.688475,-0.146376121161691,0.007977703412458459,0.009433855014410852,0.009433855014410774
2024-03-18,0.0,-4784835.688475,4093994.0,-690841.6884749997,-690841.6884749997,0.0,4784835.688475,4784835.688475,-0.1443814863149839,0.0019946348467070885,0.002336667115523383,0.0023366671155235098
2024-03-19,0.0,-4784835.688475,4022420.0,-762415.6884749997,-762415.6884749997,0.0,4784835.688475,4784835.688475,-0.15933999370373222,-0.014958507388748321,-0.01748268316954049,-0.01748268316954055
2024-03-20,0.0,-4784835.688475,4027191.0,-757644.6884749997,-757644.6884749997,0.0,4784835.688475,4784835.688475,-0.15834288527397117,0.0009971084297610566,0.0011861018988568173,0.001186101898856907
2024-03-21,0.0,-4784835.688475,4189424.0,-595411.6884749997,-595411.6884749997,0.0,4784835.688475,4784835.688475,-0.12443722778383777,0.0339056574901334,0.04028440667452826,0.04028440667452823
2024-03-22,0.0,-4784835.688475,4284855.0,-499980.68847499974,-499980.68847499974,0.0,4784835.688475,4784835.688475,-0.10449276025909915,0.01994446752473862,0.02277902642463503,0.022779026424634984
2024-03-25,0.0,-4784835.688475,4323028.0,-461807.68847499974,-461807.68847499974,0.0,4784835.688475,4784835.688475,-0.0965148478530482,0.007977912406050947,0.008908819551653346,0.00890881955165344
2024-03-26,0.0,-4784835.688475,4160795.0,-624040.6884749997,-624040.6884749997,0.0,4784835.688475,4784835.688475,-0.13042050534318161,-0.03390565749013341,-0.037527631095611746,-0.037527631095611684
2024-03-27,0.0,-4784835.688475,4113080.0,-671755.6884749997,-671755.6884749997,0.0,4784835.688475,4784835.688475,-0.14039263460875467,-0.00997212926557306,-0.011467760367910529,-0.01146776036791046
2024-03-28,0.0,-4784835.688475,4051049.0,-733786.6884749997,-733786.6884749997,0.0,4784835.688475,4784835.688475,-0.1533567161443884,-0.01296408153563372,-0.015081398854386419,-0.015081398854386493
2024-03-29,0.0,-4784835.688475,4093994.0,-690841.6884749997,-690841.6884749997,0.0,4784835.688475,4784835.688475,-0.1443814863149839,0.00897522982940449,0.01060095792472504,0.010600957924725176
2024-04-01,0.0,-4784835.688475,4127394.0,-657441.6884749997,-657441.6884749997,0.0,4784835.688475,4784835.688475,-0.137401100325879,0.006980385989104915,0.008158292366818198,0.00815829236681832
2024-04-02,0.0,-4784835.688475,4103536.0,-681299.6884749997,-681299.6884749997,0.0,4784835.688475,4784835.688475,-0.14238726945546176,-0.004986169129582774,-0.005780402840145582,-0.005780402840145622
2024-04-03,0.0,-4784835.688475,4117851.0,-666984.6884749997,-666984.6884749997,0.0,4784835.688475,4784835.688475,-0.13939552617899362,0.002991743276468145,0.0034884548350495592,0.0034884548350495766
2024-04-08,0.0,-4784835.688475,4036734.0,-748101.6884749997,-748101.6884749997,0.0,4784835.688475,4784835.688475,-0.15634845942085657,-0.01695293324186295,-0.019698867200391712,-0.01969886720039166
2024-04-09,0.0,-4784835.688475,4031963.0,-752872.6884749997,-752872.6884749997,0.0,4784835.688475,4784835.688475,-0.15734556785061762,-0.0009971084297610566,-0.001181896057555365,-0.0011818960575554396
2024-04-10,0.0,-4784835.688475,4074906.0,-709929.6884749997,-709929.6884749997,0.0,4784835.688475,4784835.688475,-0.1483707560083981,0.008974811842219516,0.010650643371479251,0.010650643371479352
2024-04-11,0.0,-4784835.688475,4184653.0,-600182.6884749997,-600182.6884749997,0.0,4784835.688475,4784835.688475,-0.12543433621359884,0.022936419794799268,0.026932400403837597,0.026932400403837535
2024-04-12,0.0,-4784835.688475,4027191.0,-757644.6884749997,-757644.6884749997,0.0,4784835.688475,4784835.688475,-0.15834288527397117,-0.03290854906037233,-0.03762844852368896,-0.03762844852368882
2024-04-15,0.0,-4784835.688475,3879273.0,-905562.6884749997,-905562.6884749997,0.0,4784835.688475,4784835.688475,-0.1892567994876364,-0.03091391421366524,-0.03672981986699908,-0.03672981986699911
2024-04-16,0.0,-4784835.688475,3864959.0,-919876.6884749997,-919876.6884749997,0.0,4784835.688475,4784835.688475,-0.1922483337705121,-0.0029915342828756852,-0.0036898666322272566,-0.003689866632227224
2024-04-17,0.0,-4784835.688475,3826786.0,-958049.6884749997,-958049.6884749997,0.0,4784835.688475,4784835.688475,-0.20022624617656304,-0.007977912406050947,-0.009876689506926217,-0.009876689506926205
2024-04-18,0.0,-4784835.688475,3750442.0,-1034393.6884749997,-1034393.6884749997,0.0,4784835.688475,4784835.688475,-0.21618165300147993,-0.01595540682491689,-0.019949900517039598,-0.019949900517039626
2024-04-19,0.0,-4784835.688475,3717040.0,-1067795.6884749997,-1067795.6884749997,0.0,4784835.688475,4784835.688475,-0.22316245697776982,-0.00698080397628989,-0.008906150261755785,-0.008906150261755815
2024-04-22,0.0,-4784835.688475,3592980.0,-1191855.6884749997,-1191855.6884749997,0.0,4784835.688475,4784835.688475,-0.24909020206185228,-0.025927745084082465,-0.03337601962852166,-0.033376019628521617
2024-04-23,0.0,-4784835.688475,3678868.0,-1105967.6884749997,-1105967.6884749997,0.0,4784835.688475,4784835.688475,-0.23114016039022828,0.017950041671624006,0.023904391340892506,0.02390439134089252
2024-04-24,0.0,-4784835.688475,3717040.0,-1067795.6884749997,-1067795.6884749997,0.0,4784835.688475,4784835.688475,-0.22316245697776982,0.007977703412458459,0.010376017840270535,0.010376017840270431
2024-04-25,0.0,-4784835.688475,3550036.0,-1234799.6884749997,-1234799.6884749997,0.0,4784835.688475,4784835.688475,-0.25806522289766426,-0.03490276591989444,-0.044929298581667165,-0.04492929858166713
2024-04-26,0.0,-4784835.688475,3626381.0,-1158454.6884749997,-1158454.6884749997,0.0,4784835.688475,4784835.688475,-0.24210960707915488,0.015955615818509378,0.021505415719728083,0.021505415719727913
2024-04-29,0.0,-4784835.688475,3712269.0,-1072566.6884749997,-1072566.6884749997,0.0,4784835.688475,4784835.688475,-0.22415956540753088,0.017950041671624006,0.023684218508755572,0.023684218508755697
2024-04-30,0.0,-4784835.688475,3693183.0,-1091652.6884749997,-1091652.6884749997,0.0,4784835.688475,4784835.688475,-0.2281484171137601,-0.0039888517062292295,-0.005141330005988265,-0.005141330005988251
2024-05-02,0.0,-4784835.688475,3655010.0,-1129825.6884749997,-1129825.6884749997,0.0,4784835.688475,4784835.688475,-0.23612632951981105,-0.007977912406050947,-0.010336070538611297,-0.010336070538611275
2024-05-03,0.0,-4784835.688475,3645467.0,-1139368.6884749997,-1139368.6884749997,0.0,4784835.688475,4784835.688475,-0.23812075537292565,-0.001994425853114601,-0.00261093676898283,-0.0026109367689828482
2024-05-06,0.0,-4784835.688475,3697954.0,-1086881.6884749997,-1086881.6884749997,0.0,4784835.688475,4784835.688475,-0.22715130868399905,0.010969446688926604,0.014397880984795552,0.014397880984795637
2024-05-07,0.0,-4784835.688475,3635924.0,-1148911.6884749997,-1148911.6884749997,0.0,4784835.688475,4784835.688475,-0.24011518122604028,-0.012963872542041233,-0.0167741405112124,-0.016774140511212416
2024-05-08,0.0,-4784835.688475,3702726.0,-1082109.6884749997,-1082109.6884749997,0.0,4784835.688475,4784835.688475,-0.2261539912606455,0.013961189965394777,0.018372771268046373,0.018372771268046307
2024-05-09,0.0,-4784835.688475,3583437.0,-1201398.6884749997,-1201398.6884749997,0.0,4784835.688475,4784835.688475,-0.2510846279149669,-0.02493063665432138,-0.03221653452078277,-0.0322165345207828
2024-05-10,0.0,-4784835.688475,3550036.0,-1234799.6884749997,-1234799.6884749997,0.0,4784835.688475,4784835.688475,-0.25806522289766426,-0.0069805949826973746,-0.00932093964537406,-0.00932093964537398
2024-05-13,0.0,-4784835.688475,3659781.0,-1125054.6884749997,-1125054.6884749997,0.0,4784835.688475,4784835.688475,-0.23512922109005,0.022936001807614265,0.030913771015279812,0.030913771015279846
2024-05-14,0.0,-4784835.688475,3740898.0,-1043937.6884749997,-1043937.6884749997,0.0,4784835.688475,4784835.688475,-0.21817628784818704,0.01695293324186295,0.022164440987042733,0.022164440987042667
2024-05-15,0.0,-4784835.688475,3731355.0,-1053480.6884749997,-1053480.6884749997,0.0,4784835.688475,4784835.688475,-0.22017071370130165,-0.001994425853114601,-0.002550991767217403,-0.00255099176721739
2024-05-16,0.0,-4784835.688475,3759984.0,-1024851.6884749997,-1024851.6884749997,0.0,4784835.688475,4784835.688475,-0.21418743614195782,0.00598327755934383,0.007672547908199601,0.0076725479081995685
2024-05-17,0.0,-4784835.688475,3740898.0,-1043937.6884749997,-1043937.6884749997,0.0,4784835.688475,4784835.688475,-0.21817628784818704,-0.0039888517062292295,-0.005076085430150701,-0.005076085430150767
2024-05-20,0.0,-4784835.688475,3731355.0,-1053480.6884749997,-1053480.6884749997,0.0,4784835.688475,4784835.688475,-0.22017071370130165,-0.001994425853114601,-0.002550991767217403,-0.00255099176721739
2024-05-21,0.0,-4784835.688475,3688411.0,-1096424.6884749997,-1096424.6884749997,0.0,4784835.688475,4784835.688475,-0.22914573453711365,-0.008975020835812003,-0.011508955861878611,-0.011508955861878594
2024-05-22,0.0,-4784835.688475,3745670.0,-1039165.6884749997,-1039165.6884749997,0.0,4784835.688475,4784835.688475,-0.21717897042483347,0.011966764112280176,0.015524029182214294,0.015524029182214238
2024-05-23,0.0,-4784835.688475,3664553.0,-1120282.6884749997,-1120282.6884749997,0.0,4784835.688475,4784835.688475,-0.23413190366669642,-0.01695293324186295,-0.021656205698846964,-0.021656205698846936
2024-05-24,0.0,-4784835.688475,3721812.0,-1063023.6884749997,-1063023.6884749997,0.0,4784835.688475,4784835.688475,-0.22216513955441627,0.011966764112280148,0.01562509806789536,0.015625098067895322
2024-05-27,0.0,-4784835.688475,3745670.0,-1039165.6884749997,-1039165.6884749997,0.0,4784835.688475,4784835.688475,-0.21717897042483347,0.0049861691295828015,0.00641031841479367,0.006410318414793654
2024-05-28,0.0,-4784835.688475,3893588.0,-891247.6884749997,-891247.6884749997,0.0,4784835.688475,4784835.688475,-0.18626505621116823,0.03091391421366524,0.03949039824650846,0.039490398246508636
2024-05-29,0.0,-4784835.688475,3864959.0,-919876.6884749997,-919876.6884749997,0.0,4784835.688475,4784835.688475,-0.1922483337705121,-0.005983277559343858,-0.0073528580835978685,-0.007352858083597956
2024-05-30,0.0,-4784835.688475,3869730.0,-915105.6884749997,-915105.6884749997,0.0,4784835.688475,4784835.688475,-0.19125122534075104,0.0009971084297610566,0.0012344244790178927,0.0012344244790177593
2024-05-31,0.0,-4784835.688475,3807700.0,-977135.6884749997,-977135.6884749997,0.0,4784835.688475,4784835.688475,-0.20421509788279227,-0.012963872542041233,-0.0160295421127572,-0.01602954211275722
2024-06-03,0.0,-4784835.688475,3893588.0,-891247.6884749997,-891247.6884749997,0.0,4784835.688475,4784835.688475,-0.18626505621116823,0.017950041671624034,0.022556398875961836,0.022556398875961867
2024-06-04,0.0,-4784835.688475,4027191.0,-757644.6884749997,-757644.6884749997,0.0,4784835.688475,4784835.688475,-0.15834288527397117,0.027922170937197066,0.03431359455597249,0.034313594555972535
2024-06-05,0.0,-4784835.688475,4008105.0,-776730.6884749997,-776730.6884749997,0.0,4784835.688475,4784835.688475,-0.1623317369802004,-0.0039888517062292295,-0.004739283535347583,-0.004739283535347591
2024-06-06,0.0,-4784835.688475,3979476.0,-805359.6884749997,-805359.6884749997,0.0,4784835.688475,4784835.688475,-0.16831501453954423,-0.00598327755934383,-0.00714277694820864,-0.007142776948208692
2024-06-07,0.0,-4784835.688475,3989019.0,-795816.6884749997,-795816.6884749997,0.0,4784835.688475,4784835.688475,-0.16632058868642963,0.001994425853114601,0.0023980544172146345,0.0023980544172147286
2024-06-11,0.0,-4784835.688475,3903131.0,-881704.6884749997,-881704.6884749997,0.0,4784835.688475,4784835.688475,-0.18427063035805363,-0.017950041671624006,-0.02153110827499194,-0.021531108274991922
2024-06-12,0.0,-4784835.688475,3912674.0,-872161.6884749997,-872161.6884749997,0.0,4784835.688475,4784835.688475,-0.18227620450493903,0.001994425853114601,0.0024449602127112335,0.002444960212711282
2024-06-13,0.0,-4784835.688475,4027191.0,-757644.6884749997,-757644.6884749997,0.0,4784835.688475,4784835.688475,-0.15834288527397117,0.023933319230967864,0.029268219125845985,0.029268219125845905
2024-06-14,0.0,-4784835.688475,4036734.0,-748101.6884749997,-748101.6884749997,0.0,4784835.688475,4784835.688475,-0.15634845942085657,0.001994425853114601,0.002369641767673736,0.0023696417676737956
2024-06-17,0.0,-4784835.688475,4036734.0,-748101.6884749997,-748101.6884749997,0.0,4784835.688475,4784835.688475,-0.15634845942085657,0.0,0.0,0.0
2024-06-18,0.0,-4784835.688475,4103536.0,-681299.6884749997,-681299.6884749997,0.0,4784835.688475,4784835.688475,-0.14238726945546176,0.013961189965394805,0.01654852660591466,0.016548526605914583
2024-06-19,0.0,-4784835.688475,4127394.0,-657441.6884749997,-657441.6884749997,0.0,4784835.688475,4784835.688475,-0.137401100325879,0.004986169129582774,0.0058140101609927,0.005814010160992861
2024-06-20,0.0,-4784835.688475,4127394.0,-657441.6884749997,-657441.6884749997,0.0,4784835.688475,4784835.688475,-0.137401100325879,0.0,0.0,0.0
2024-06-21,0.0,-4784835.688475,4098764.0,-686071.6884749997,-686071.6884749997,0.0,4784835.688475,4784835.688475,-0.14338458687881533,-0.005983486552936346,-0.006936580321626584,-0.006936580321626673
2024-06-24,0.0,-4784835.688475,4136937.0,-647898.6884749997,-647898.6884749997,0.0,4784835.688475,4784835.688475,-0.1354066744727644,0.007977912406050947,0.009313295422717527,0.009313295422717678
2024-06-25,0.0,-4784835.688475,4012877.0,-771958.6884749997,-771958.6884749997,0.0,4784835.688475,4784835.688475,-0.16133441955684685,-0.025927745084082465,-0.029988370622999527,-0.029988370622999576
2024-06-26,0.0,-4784835.688475,4027191.0,-757644.6884749997,-757644.6884749997,0.0,4784835.688475,4784835.688475,-0.15834288527397117,0.0029915342828756852,0.0035670168809061042,0.003567016880906143
2024-06-27,0.0,-4784835.688475,3965161.0,-819674.6884749997,-819674.6884749997,0.0,4784835.688475,4784835.688475,-0.1713067578160124,-0.012963872542041233,-0.015402795645897971,-0.015402795645898096
2024-06-28,0.0,-4784835.688475,4127394.0,-657441.6884749997,-657441.6884749997,0.0,4784835.688475,4784835.688475,-0.137401100325879,0.03390565749013341,0.04091460598951713,0.0409146059895172
2024-07-01,0.0,-4784835.688475,4036734.0,-748101.6884749997,-748101.6884749997,0.0,4784835.688475,4784835.688475,-0.15634845942085657,-0.01894735909497758,-0.021965433879101437,-0.021965433879101437
2024-07-02,0.0,-4784835.688475,4008105.0,-776730.6884749997,-776730.6884749997,0.0,4784835.688475,4784835.688475,-0.1623317369802004,-0.00598327755934383,-0.007092119520384466,-0.007092119520384549
2024-07-03,0.0,-4784835.688475,4060592.0,-724243.6884749997,-724243.6884749997,0.0,4784835.688475,4784835.688475,-0.15136229029127377,0.010969446688926632,0.013095215818946793,0.013095215818946859
2024-07-04,0.0,-4784835.688475,4093994.0,-690841.6884749997,-690841.6884749997,0.0,4784835.688475,4784835.688475,-0.1443814863149839,0.006980803976289862,0.008225894155335034,0.008225894155334985
2024-07-05,0.0,-4784835.688475,4117851.0,-666984.6884749997,-666984.6884749997,0.0,4784835.688475,4784835.688475,-0.13939552617899362,0.004985960135990286,0.005827316796263027,0.005827316796263014
2024-07-08,0.0,-4784835.688475,4103536.0,-681299.6884749997,-681299.6884749997,0.0,4784835.688475,4784835.688475,-0.14238726945546176,-0.002991743276468145,-0.00347632782244911,-0.0034763278224491365
2024-07-09,0.0,-4784835.688475,4108308.0,-676527.6884749997,-676527.6884749997,0.0,4784835.688475,4784835.688475,-0.14138995203210822,0.0009973174233535442,0.0011628995091061967,0.0011628995091062927
2024-07-10,0.0,-4784835.688475,4098764.0,-686071.6884749997,-686071.6884749997,0.0,4784835.688475,4784835.688475,-0.14338458687881533,-0.001994634846707116,-0.0023230974892826106,-0.0023230974892826926
2024-07-11,0.0,-4784835.688475,3969933.0,-814902.6884749997,-814902.6884749997,0.0,4784835.688475,4784835.688475,-0.17030944039265886,-0.026924853513843522,-0.03143167062070418,-0.03143167062070419
2024-07-12,0.0,-4784835.688475,4051049.0,-733786.6884749997,-733786.6884749997,0.0,4784835.688475,4784835.688475,-0.1533567161443884,0.016952724248270462,0.020432586645668716,0.02043258664566883
2024-07-15,0.0,-4784835.688475,3969933.0,-814902.6884749997,-814902.6884749997,0.0,4784835.688475,4784835.688475,-0.17030944039265886,-0.016952724248270462,-0.02002345565309127,-0.020023455653091334
2024-07-16,0.0,-4784835.688475,4012877.0,-771958.6884749997,-771958.6884749997,0.0,4784835.688475,4784835.688475,-0.16133441955684685,0.008975020835812003,0.010817311022629283,0.01081731102262935
2024-07-17,0.0,-4784835.688475,3974705.0,-810130.6884749997,-810130.6884749997,0.0,4784835.688475,4784835.688475,-0.1693121229693053,-0.007977703412458459,-0.009512377279443096,-0.009512377279443153
2024-07-18,0.0,-4784835.688475,3879273.0,-905562.6884749997,-905562.6884749997,0.0,4784835.688475,4784835.688475,-0.1892567994876364,-0.019944676518331095,-0.024009832176224433,-0.024009832176224398
2024-07-19,0.0,-4784835.688475,3774299.0,-1010536.6884749997,-1010536.6884749997,0.0,4784835.688475,4784835.688475,-0.21119569286548964,-0.021938893377853236,-0.0270602249442099,-0.02706022494420991
2024-07-22,0.0,-4784835.688475,3717040.0,-1067795.6884749997,-1067795.6884749997,0.0,4784835.688475,4784835.688475,-0.22316245697776982,-0.011966764112280176,-0.01517076416044405,-0.015170764160444099
2024-07-23,0.0,-4784835.688475,3755212.0,-1029623.6884749997,-1029623.6884749997,0.0,4784835.688475,4784835.688475,-0.21518475356531136,0.007977703412458459,0.010269461722230755,0.010269461722230592
2024-07-26,0.0,-4784835.688475,3626381.0,-1158454.6884749997,-1158454.6884749997,0.0,4784835.688475,4784835.688475,-0.24210960707915488,-0.026924853513843522,-0.03430725082898123,-0.03430725082898116
2024-07-29,0.0,-4784835.688475,3521407.0,-1263428.6884749997,-1263428.6884749997,0.0,4784835.688475,4784835.688475,-0.2640485004570081,-0.021938893377853236,-0.028947316898031428,-0.0289473168980314
2024-07-30,0.0,-4784835.688475,3616837.0,-1167998.6884749997,-1167998.6884749997,0.0,4784835.688475,4784835.688475,-0.244104241925862,0.01994425853114612,0.027099963168131458,0.027099963168131375
2024-07-31,0.0,-4784835.688475,3554807.0,-1230028.6884749997,-1230028.6884749997,0.0,4784835.688475,4784835.688475,-0.25706811446790323,-0.012963872542041233,-0.017150344347837576,-0.017150344347837628
2024-08-01,0.0,-4784835.688475,3650239.0,-1134596.6884749997,-1134596.6884749997,0.0,4784835.688475,4784835.688475,-0.2371234379495721,0.019944676518331123,0.026845901901284552,0.026845901901284656
2024-08-02,0.0,-4784835.688475,3359174.0,-1425661.6884749997,-1425661.6884749997,0.0,4784835.688475,4784835.688475,-0.29795415794714153,-0.06083071999756942,-0.07973861437566143,-0.07973861437566143
2024-08-05,0.0,-4784835.688475,3025165.0,-1759670.6884749997,-1759670.6884749997,0.0,4784835.688475,4784835.688475,-0.36775989878052295,-0.06980574083338142,-0.09943188414771009,-0.09943188414771012
2024-08-06,0.0,-4784835.688475,2781816.0,-2003019.6884749997,-2003019.6884749997,0.0,4784835.688475,4784835.688475,-0.4186182805189268,-0.050858381738403846,-0.08044156269162173,-0.08044156269162178
2024-08-07,0.0,-4784835.688475,3058566.0,-1726269.6884749997,-1726269.6884749997,0.0,4784835.688475,4784835.688475,-0.3607793037978256,0.05783897672110122,0.09948537214538988,0.09948537214538992
2024-08-08,0.0,-4784835.688475,3072881.0,-1711954.6884749997,-1711954.6884749997,0.0,4784835.688475,4784835.688475,-0.3577875605213574,0.002991743276468173,0.00468029789123392,0.004680297891233996
2024-08-09,0.0,-4784835.688475,3187398.0,-1597437.6884749997,-1597437.6884749997,0.0,4784835.688475,4784835.688475,-0.33385424129038954,0.023933319230967864,0.03726698170218756,0.03726698170218762
2024-08-12,0.0,-4784835.688475,3230342.0,-1554493.6884749997,-1554493.6884749997,0.0,4784835.688475,4784835.688475,-0.32487922045457757,0.008975020835811975,0.013473058588855169,0.013473058588855235
2024-08-13,0.0,-4784835.688475,3282829.0,-1502006.6884749997,-1502006.6884749997,0.0,4784835.688475,4784835.688475,-0.31390977376565093,0.010969446688926632,0.01624812481155269,0.01624812481155246
2024-08-14,0.0,-4784835.688475,3392575.0,-1392260.6884749997,-1392260.6884749997,0.0,4784835.688475,4784835.688475,-0.29097356296444415,0.02293621080120678,0.033430312696762554,0.03343031269676246
2024-08-15,0.0,-4784835.688475,3383032.0,-1401803.6884749997,-1401803.6884749997,0.0,4784835.688475,4784835.688475,-0.29296798881755876,-0.001994425853114601,-0.0028129075996845554,-0.0028129075996846053
2024-08-16,0.0,-4784835.688475,3449834.0,-1335001.6884749997,-1335001.6884749997,0.0,4784835.688475,4784835.688475,-0.27900679885216395,0.013961189965394805,0.019746192173174748,0.01974619217317483
2024-08-19,0.0,-4784835.688475,3550036.0,-1234799.6884749997,-1234799.6884749997,0.0,4784835.688475,4784835.688475,-0.25806522289766426,0.02094157595449969,0.029045455520468444,0.02904545552046852
2024-08-20,0.0,-4784835.688475,3626381.0,-1158454.6884749997,-1158454.6884749997,0.0,4784835.688475,4784835.688475,-0.24210960707915488,0.015955615818509378,0.021505415719728083,0.021505415719727913
2024-08-21,0.0,-4784835.688475,3597751.0,-1187084.6884749997,-1187084.6884749997,0.0,4784835.688475,4784835.688475,-0.24809309363209123,-0.005983486552936346,-0.007894923340928672,-0.007894923340928601
2024-08-22,0.0,-4784835.688475,3516635.0,-1268200.6884749997,-1268200.6884749997,0.0,4784835.688475,4784835.688475,-0.2650458178803617,-0.016952724248270462,-0.022546307401485,-0.022546307401484982
2024-08-23,0.0,-4784835.688475,3516635.0,-1268200.6884749997,-1268200.6884749997,0.0,4784835.688475,4784835.688475,-0.2650458178803617,0.0,0.0,0.0
2024-08-26,0.0,-4784835.688475,3559579.0,-1225256.6884749997,-1225256.6884749997,0.0,4784835.688475,4784835.688475,-0.25607079704454966,0.008975020835812031,0.012211673943983259,0.012211673943983382
2024-08-27,0.0,-4784835.688475,3459376.0,-1325459.6884749997,-1325459.6884749997,0.0,4784835.688475,4784835.688475,-0.27701258199264184,-0.02094178494809218,-0.02815023911535608,-0.02815023911535606
2024-08-28,0.0,-4784835.688475,3483234.0,-1301601.6884749997,-1301601.6884749997,0.0,4784835.688475,4784835.688475,-0.27202641286305906,0.004986169129582774,0.006896619505945667,0.006896619505945581
2024-08-29,0.0,-4784835.688475,3416432.0,-1368403.6884749997,-1368403.6884749997,0.0,4784835.688475,4784835.688475,-0.28598760282845387,-0.013961189965394805,-0.019178154554072457,-0.01917815455407245
2024-08-30,0.0,-4784835.688475,3511864.0,-1272971.6884749997,-1272971.6884749997,0.0,4784835.688475,4784835.688475,-0.2660429263101227,0.01994467651833115,0.02793323560954808,0.027933235609548208
2024-09-02,0.0,-4784835.688475,3445062.0,-1339773.6884749997,-1339773.6884749997,0.0,4784835.688475,4784835.688475,-0.2800041162755175,-0.013961189965394805,-0.01902180722260327,-0.019021807222603153
2024-09-03,0.0,-4784835.688475,3349631.0,-1435204.6884749997,-1435204.6884749997,0.0,4784835.688475,4784835.688475,-0.29994858380025613,-0.019944467524738607,-0.027700807706798836,-0.02770080770679889
2024-09-04,0.0,-4784835.688475,3058566.0,-1726269.6884749997,-1726269.6884749997,0.0,4784835.688475,4784835.688475,-0.3607793037978256,-0.06083071999756945,-0.08689464600727659,-0.08689464600727662
2024-09-05,0.0,-4784835.688475,3235113.0,-1549722.6884749997,-1549722.6884749997,0.0,4784835.688475,4784835.688475,-0.3238821120248165,0.0368971917730091,0.05772214822240218,0.057722148222402264
2024-09-06,0.0,-4784835.688475,3244657.0,-1540178.6884749997,-1540178.6884749997,0.0,4784835.688475,4784835.688475,-0.3218874771781094,0.0019946348467070885,0.0029501287899371675,0.0029501287899371675
2024-09-09,0.0,-4784835.688475,3168312.0,-1616523.6884749997,-1616523.6884749997,0.0,4784835.688475,4784835.688475,-0.33784309299661874,-0.01595561581850935,-0.023529451649280553,-0.023529451649280646
2024-09-10,0.0,-4784835.688475,3120596.0,-1664239.6884749997,-1664239.6884749997,0.0,4784835.688475,4784835.688475,-0.34781543125578435,-0.009972338259165603,-0.015060385467087989,-0.015060385467087838
2024-09-11,0.0,-4784835.688475,3244657.0,-1540178.6884749997,-1540178.6884749997,0.0,4784835.688475,4784835.688475,-0.3218874771781094,0.025927954077674953,0.03975554669684911,0.039755546696848935
2024-09-12,0.0,-4784835.688475,3363945.0,-1420890.6884749997,-1420890.6884749997,0.0,4784835.688475,4784835.688475,-0.29695704951738044,0.02493042766072895,0.03676444074057761,0.03676444074057751
2024-09-13,0.0,-4784835.688475,3311459.0,-1473376.6884749997,-1473376.6884749997,0.0,4784835.688475,4784835.688475,-0.3079262872127146,-0.010969237695334144,-0.015602514309835724,-0.015602514309835624
2024-09-16,0.0,-4784835.688475,3311459.0,-1473376.6884749997,-1473376.6884749997,0.0,4784835.688475,4784835.688475,-0.3079262872127146,0.0,0.0,0.0
2024-09-18,0.0,-4784835.688475,3216027.0,-1568808.6884749997,-1568808.6884749997,0.0,4784835.688475,4784835.688475,-0.3278709637310457,-0.019944676518331095,-0.02881871706700878,-0.028818717067008833
2024-09-19,0.0,-4784835.688475,3316229.0,-1468606.6884749997,-1468606.6884749997,0.0,4784835.688475,4784835.688475,-0.306929387776546,0.02094157595449969,0.031157076728522526,0.03115707672852249
2024-09-20,0.0,-4784835.688475,3321001.0,-1463834.6884749997,-1463834.6884749997,0.0,4784835.688475,4784835.688475,-0.3059320703531925,0.0009973174233535165,0.001438983857869891,0.0014389838578698878
2024-09-23,0.0,-4784835.688475,3344859.0,-1439976.6884749997,-1439976.6884749997,0.0,4784835.688475,4784835.688475,-0.3009459012236097,0.004986169129582774,0.007183978565498794,0.007183978565498776
2024-09-24,0.0,-4784835.688475,3282829.0,-1502006.6884749997,-1502006.6884749997,0.0,4784835.688475,4784835.688475,-0.31390977376565093,-0.012963872542041233,-0.018544877377491664,-0.018544877377491848
2024-09-25,0.0,-4784835.688475,3368717.0,-1416118.6884749997,-1416118.6884749997,0.0,4784835.688475,4784835.688475,-0.29595973209402693,0.017950041671624006,0.026162800438280343,0.02616280043828052
2024-09-26,0.0,-4784835.688475,3359174.0,-1425661.6884749997,-1425661.6884749997,0.0,4784835.688475,4784835.688475,-0.29795415794714153,-0.001994425853114601,-0.0028328292343939854,-0.0028328292343939845
2024-09-27,0.0,-4784835.688475,3583437.0,-1201398.6884749997,-1201398.6884749997,0.0,4784835.688475,4784835.688475,-0.2510846279149669,0.046869530032174644,0.0667613526420483,0.06676135264204831
2024-09-30,0.0,-4784835.688475,3559579.0,-1225256.6884749997,-1225256.6884749997,0.0,4784835.688475,4784835.688475,-0.25607079704454966,-0.004986169129582774,-0.006657853898366373,-0.006657853898366289
2024-10-01,0.0,-4784835.688475,3507092.0,-1277743.6884749997,-1277743.6884749997,0.0,4784835.688475,4784835.688475,-0.2670402437334763,-0.010969446688926632,-0.014745283079824811,-0.01474528307982489
2024-10-04,0.0,-4784835.688475,3721812.0,-1063023.6884749997,-1063023.6884749997,0.0,4784835.688475,4784835.688475,-0.22216513955441627,0.044875104179060016,0.06122451307236876,0.061224513072368786
2024-10-07,0.0,-4784835.688475,3721812.0,-1063023.6884749997,-1063023.6884749997,0.0,4784835.688475,4784835.688475,-0.22216513955441627,0.0,0.0,0.0
2024-10-08,0.0,-4784835.688475,3855415.0,-929420.6884749997,-929420.6884749997,0.0,4784835.688475,4784835.688475,-0.19424296861721918,0.027922170937197094,0.035897299487454015,0.03589729948745396
2024-10-09,0.0,-4784835.688475,3769528.0,-1015307.6884749997,-1015307.6884749997,0.0,4784835.688475,4784835.688475,-0.2121928012952507,-0.01794983267803152,-0.022276979261636076,-0.022276979261635906
2024-10-11,0.0,-4784835.688475,3903131.0,-881704.6884749997,-881704.6884749997,0.0,4784835.688475,4784835.688475,-0.18427063035805363,0.027922170937197066,0.03544289895180519,0.03544289895180511
2024-10-14,0.0,-4784835.688475,3874502.0,-910333.6884749997,-910333.6884749997,0.0,4784835.688475,4784835.688475,-0.19025390791739746,-0.00598327755934383,-0.007334880638133812,-0.007334880638133847
2024-10-15,0.0,-4784835.688475,3855415.0,-929420.6884749997,-929420.6884749997,0.0,4784835.688475,4784835.688475,-0.19424296861721918,-0.003989060699821717,-0.004926310529714484,-0.004926310529714529
2024-10-16,0.0,-4784835.688475,3826786.0,-958049.6884749997,-958049.6884749997,0.0,4784835.688475,4784835.688475,-0.20022624617656304,-0.005983277559343858,-0.007425659753878766,-0.007425659753878636
2024-10-17,0.0,-4784835.688475,3798156.0,-986679.6884749997,-986679.6884749997,0.0,4784835.688475,4784835.688475,-0.20620973272949936,-0.005983486552936318,-0.007481474009782607,-0.007481474009782622
2024-10-18,0.0,-4784835.688475,3740898.0,-1043937.6884749997,-1043937.6884749997,0.0,4784835.688475,4784835.688475,-0.21817628784818704,-0.011966555118687688,-0.01507521018094038,-0.015075210180940435
2024-10-21,0.0,-4784835.688475,3860187.0,-924648.6884749997,-924648.6884749997,0.0,4784835.688475,4784835.688475,-0.19324565119386564,0.02493063665432141,0.03188779806345954,0.03188779806345963
2024-10-22,0.0,-4784835.688475,3788614.0,-996221.6884749997,-996221.6884749997,0.0,4784835.688475,4784835.688475,-0.20820394958902147,-0.014958298395155833,-0.01854132973350775,-0.01854132973350773
2024-10-23,0.0,-4784835.688475,3826786.0,-958049.6884749997,-958049.6884749997,0.0,4784835.688475,4784835.688475,-0.20022624617656304,0.007977703412458431,0.010075452394991968,0.010075452394991942
2024-10-24,0.0,-4784835.688475,3779070.0,-1005765.6884749997,-1005765.6884749997,0.0,4784835.688475,4784835.688475,-0.21019858443572859,-0.009972338259165547,-0.012468949139042507,-0.012468949139042527
2024-10-25,0.0,-4784835.688475,3783842.0,-1000993.6884749997,-1000993.6884749997,0.0,4784835.688475,4784835.688475,-0.20920126701237504,0.0009973174233535442,0.0012627445376771629,0.0012627445376772592
2024-10-28,0.0,-4784835.688475,3869730.0,-915105.6884749997,-915105.6884749997,0.0,4784835.688475,4784835.688475,-0.19125122534075104,0.017950041671624006,0.022698622194055718,0.022698622194055672
2024-10-29,0.0,-4784835.688475,3841101.0,-943734.6884749997,-943734.6884749997,0.0,4784835.688475,4784835.688475,-0.19723450290009487,-0.00598327755934383,-0.007398190571435204,-0.007398190571435217
2024-10-30,0.0,-4784835.688475,3788614.0,-996221.6884749997,-996221.6884749997,0.0,4784835.688475,4784835.688475,-0.20820394958902147,-0.010969446688926604,-0.013664571694417815,-0.013664571694417824
2024-11-01,0.0,-4784835.688475,3888817.0,-896018.6884749997,-896018.6884749997,0.0,4784835.688475,4784835.688475,-0.18726216464092932,0.02094178494809215,0.026448458460006652,0.026448458460006746
2024-11-04,0.0,-4784835.688475,3907903.0,-876932.6884749997,-876932.6884749997,0.0,4784835.688475,4784835.688475,-0.1832733129347001,0.0039888517062292295,0.004907919297822527,0.004907919297822448
2024-11-05,0.0,-4784835.688475,3903131.0,-881704.6884749997,-881704.6884749997,0.0,4784835.688475,4784835.688475,-0.18427063035805363,-0.0009973174233535442,-0.0012211152630964284,-0.001221115263096346
2024-11-06,0.0,-4784835.688475,3922217.0,-862618.6884749997,-862618.6884749997,0.0,4784835.688475,4784835.688475,-0.1802817786518244,0.0039888517062292295,0.004889920425422689,0.004889920425422564
2024-11-07,0.0,-4784835.688475,3941303.0,-843532.6884749997,-843532.6884749997,0.0,4784835.688475,4784835.688475,-0.17629292694559517,0.0039888517062292295,0.004866125459147108,0.004866125459147212
2024-11-08,0.0,-4784835.688475,3941303.0,-843532.6884749997,-843532.6884749997,0.0,4784835.688475,4784835.688475,-0.17629292694559517,0.0,0.0,0.0
2024-11-11,0.0,-4784835.688475,3941303.0,-843532.6884749997,-843532.6884749997,0.0,4784835.688475,4784835.688475,-0.17629292694559517,0.0,0.0,0.0
2024-11-12,0.0,-4784835.688475,3745670.0,-1039165.6884749997,-1039165.6884749997,0.0,4784835.688475,4784835.688475,-0.21717897042483347,-0.0408860434792383,-0.04963663032251009,-0.049636630322510096
2024-11-13,0.0,-4784835.688475,3626381.0,-1158454.6884749997,-1158454.6884749997,0.0,4784835.688475,4784835.688475,-0.24210960707915488,-0.02493063665432141,-0.031847172868939344,-0.03184717286893934
2024-11-14,0.0,-4784835.688475,3678868.0,-1105967.6884749997,-1105967.6884749997,0.0,4784835.688475,4784835.688475,-0.23114016039022828,0.010969446688926604,0.014473658449015492,0.0144736584490157
2024-11-15,0.0,-4784835.688475,3631153.0,-1153682.6884749997,-1153682.6884749997,0.0,4784835.688475,4784835.688475,-0.24111228965580134,-0.00997212926557306,-0.012970022300337947,-0.012970022300338039
2024-11-18,0.0,-4784835.688475,3483234.0,-1301601.6884749997,-1301601.6884749997,0.0,4784835.688475,4784835.688475,-0.27202641286305906,-0.030914123207257727,-0.04073609677146628,-0.04073609677146625
2024-11-19,0.0,-4784835.688475,3530950.0,-1253885.6884749997,-1253885.6884749997,0.0,4784835.688475,4784835.688475,-0.2620540746038935,0.009972338259165547,0.013698763849916418,0.013698763849916485
2024-11-20,0.0,-4784835.688475,3445062.0,-1339773.6884749997,-1339773.6884749997,0.0,4784835.688475,4784835.688475,-0.2800041162755175,-0.017950041671624006,-0.02432433197864603,-0.024324331978645974
2024-11-21,0.0,-4784835.688475,3588209.0,-1196626.6884749997,-1196626.6884749997,0.0,4784835.688475,4784835.688475,-0.2500873104916133,0.02991680578390421,0.0415513566954675,0.041551356695467306
2024-11-22,0.0,-4784835.688475,3554807.0,-1230028.6884749997,-1230028.6884749997,0.0,4784835.688475,4784835.688475,-0.25706811446790323,-0.006980803976289918,-0.00930882231218988,-0.00930882231218973
2024-11-25,0.0,-4784835.688475,3616837.0,-1167998.6884749997,-1167998.6884749997,0.0,4784835.688475,4784835.688475,-0.244104241925862,0.012963872542041233,0.01744961118845545,0.01744961118845552
2024-11-26,0.0,-4784835.688475,3564351.0,-1220484.6884749997,-1220484.6884749997,0.0,4784835.688475,4784835.688475,-0.25507347962119614,-0.010969237695334144,-0.01451157461616337,-0.01451157461616324
2024-11-27,0.0,-4784835.688475,3449834.0,-1335001.6884749997,-1335001.6884749997,0.0,4784835.688475,4784835.688475,-0.27900679885216395,-0.02393331923096781,-0.03212842955141049,-0.03212842955141062
2024-11-28,0.0,-4784835.688475,3425976.0,-1358859.6884749997,-1358859.6884749997,0.0,4784835.688475,4784835.688475,-0.2839929679817467,-0.004986169129582774,-0.006915695074023898,-0.006915695074023852
2024-11-29,0.0,-4784835.688475,3492778.0,-1292057.6884749997,-1292057.6884749997,0.0,4784835.688475,4784835.688475,-0.270031778016352,0.013961189965394749,0.019498677165280975,0.019498677165280785
2024-12-02,0.0,-4784835.688475,3511864.0,-1272971.6884749997,-1272971.6884749997,0.0,4784835.688475,4784835.688475,-0.2660429263101227,0.003988851706229257,0.005464418293976925,0.005464418293976886
2024-12-03,0.0,-4784835.688475,3607295.0,-1177540.6884749997,-1177540.6884749997,0.0,4784835.688475,4784835.688475,-0.2460984587853841,0.019944467524738607,0.02717388828268974,0.027173888282689764
2024-12-04,0.0,-4784835.688475,3674097.0,-1110738.6884749997,-1110738.6884749997,0.0,4784835.688475,4784835.688475,-0.23213726881998933,0.013961189965394777,0.01851858525571104,0.018518585255710998
2024-12-05,0.0,-4784835.688475,3721812.0,-1063023.6884749997,-1063023.6884749997,0.0,4784835.688475,4784835.688475,-0.22216513955441627,0.00997212926557306,0.012986864527528619,0.012986864527528804
2024-12-06,0.0,-4784835.688475,3664553.0,-1120282.6884749997,-1120282.6884749997,0.0,4784835.688475,4784835.688475,-0.23413190366669642,-0.011966764112280148,-0.015384710458239081,-0.01538471045823916
2024-12-09,0.0,-4784835.688475,3845872.0,-938963.6884749997,-938963.6884749997,0.0,4784835.688475,4784835.688475,-0.1962373944703338,0.037894509196362614,0.04947915884966059,0.04947915884966052
2024-12-10,0.0,-4784835.688475,3874502.0,-910333.6884749997,-910333.6884749997,0.0,4784835.688475,4784835.688475,-0.19025390791739746,0.005983486552936346,0.00744434552163975,0.007444345521639826
2024-12-11,0.0,-4784835.688475,3755212.0,-1029623.6884749997,-1029623.6884749997,0.0,4784835.688475,4784835.688475,-0.21518475356531136,-0.024930845647913896,-0.030788472944393797,-0.030788472944393887
2024-12-12,0.0,-4784835.688475,3788614.0,-996221.6884749997,-996221.6884749997,0.0,4784835.688475,4784835.688475,-0.20820394958902147,0.00698080397628989,0.008894837362044994,0.008894837362045072
2024-12-13,0.0,-4784835.688475,3812472.0,-972363.6884749997,-972363.6884749997,0.0,4784835.688475,4784835.688475,-0.2032177804594387,0.004986169129582774,0.006297289721254096,0.006297289721254263
2024-12-16,0.0,-4784835.688475,3817243.0,-967592.6884749997,-967592.6884749997,0.0,4784835.688475,4784835.688475,-0.20222067202967764,0.0009971084297610566,0.001251419026815137,0.0012514190268151477
2024-12-17,0.0,-4784835.688475,3836329.0,-948506.6884749997,-948506.6884749997,0.0,4784835.688475,4784835.688475,-0.1982318203234484,0.0039888517062292295,0.004999943676627261,0.004999943676627346
2024-12-18,0.0,-4784835.688475,3759984.0,-1024851.6884749997,-1024851.6884749997,0.0,4784835.688475,4784835.688475,-0.21418743614195782,-0.015955615818509405,-0.01990053512094503,-0.01990053512094505
2024-12-19,0.0,-4784835.688475,3798156.0,-986679.6884749997,-986679.6884749997,0.0,4784835.688475,4784835.688475,-0.20620973272949936,0.007977703412458459,0.010152170860301402,0.010152170860301533
2024-12-20,0.0,-4784835.688475,3693183.0,-1091652.6884749997,-1091652.6884749997,0.0,4784835.688475,4784835.688475,-0.2281484171137601,-0.021938684384260748,-0.027637885331724066,-0.02763788533172413
2024-12-23,0.0,-4784835.688475,3759984.0,-1024851.6884749997,-1024851.6884749997,0.0,4784835.688475,4784835.688475,-0.21418743614195782,0.01396098097180229,0.018087649596567612,0.018087649596567515
2024-12-24,0.0,-4784835.688475,3888817.0,-896018.6884749997,-896018.6884749997,0.0,4784835.688475,4784835.688475,-0.18726216464092932,0.026925271501028497,0.03426424154996388,0.03426424154996404
2024-12-25,0.0,-4784835.688475,3888817.0,-896018.6884749997,-896018.6884749997,0.0,4784835.688475,4784835.688475,-0.18726216464092932,0.0,0.0,0.0
2024-12-26,0.0,-4784835.688475,3974705.0,-810130.6884749997,-810130.6884749997,0.0,4784835.688475,4784835.688475,-0.1693121229693053,0.017950041671624006,0.02208589398781169,0.022085893987811717
2024-12-27,0.0,-4784835.688475,3950847.0,-833988.6884749997,-833988.6884749997,0.0,4784835.688475,4784835.688475,-0.17429829209888809,-0.004986169129582774,-0.00600245804405608,-0.0060024580440560995
2024-12-30,0.0,-4784835.688475,3874502.0,-910333.6884749997,-910333.6884749997,0.0,4784835.688475,4784835.688475,-0.19025390791739746,-0.015955615818509378,-0.019323704511969297,-0.019323704511969207
2024-12-31,0.0,-4784835.688475,3955618.0,-829217.6884749997,-829217.6884749997,0.0,4784835.688475,4784835.688475,-0.173301183669127,0.016952724248270462,0.02093585188496494,0.02093585188496483
2025-01-02,0.0,-4784835.688475,3769528.0,-1015307.6884749997,-1015307.6884749997,0.0,4784835.688475,4784835.688475,-0.2121928012952507,-0.0388916176261237,-0.04704448205059253,-0.04704448205059235
2025-01-03,0.0,-4784835.688475,3831558.0,-953277.6884749997,-953277.6884749997,0.0,4784835.688475,4784835.688475,-0.19922892875320947,0.012963872542041233,0.016455641130666887,0.01645564113066676
2025-01-06,0.0,-4784835.688475,3936531.0,-848304.6884749997,-848304.6884749997,0.0,4784835.688475,4784835.688475,-0.17729024436894872,0.021938684384260748,0.02739694923057412,0.02739694923057409
2025-01-07,0.0,-4784835.688475,4027191.0,-757644.6884749997,-757644.6884749997,0.0,4784835.688475,4784835.688475,-0.15834288527397117,0.01894735909497755,0.02303042958381374,0.02303042958381377
2025-01-08,0.0,-4784835.688475,3912674.0,-872161.6884749997,-872161.6884749997,0.0,4784835.688475,4784835.688475,-0.18227620450493903,-0.023933319230967864,-0.028435949524122428,-0.028435949524122397
2025-01-09,0.0,-4784835.688475,3798156.0,-986679.6884749997,-986679.6884749997,0.0,4784835.688475,4784835.688475,-0.20620973272949936,-0.023933528224560324,-0.029268474705533842,-0.029268474705533863
2025-01-10,0.0,-4784835.688475,3702726.0,-1082109.6884749997,-1082109.6884749997,0.0,4784835.688475,4784835.688475,-0.2261539912606455,-0.019944258531146147,-0.025125350301567373,-0.025125350301567394
2025-01-13,0.0,-4784835.688475,3440290.0,-1344545.6884749997,-1344545.6884749997,0.0,4784835.688475,4784835.688475,-0.2810014336988711,-0.05484744243822559,-0.07087642995998089,-0.07087642995998084
2025-01-14,0.0,-4784835.688475,3464148.0,-1320687.6884749997,-1320687.6884749997,0.0,4784835.688475,4784835.688475,-0.27601526456928827,0.004986169129582829,0.006934880489726236,0.006934880489726157
2025-01-15,0.0,-4784835.688475,3454604.0,-1330231.6884749997,-1330231.6884749997,0.0,4784835.688475,4784835.688475,-0.2780098994159954,-0.001994634846707144,-0.0027550785936397704,-0.002755078593639764
2025-01-16,0.0,-4784835.688475,3621609.0,-1163226.6884749997,-1163226.6884749997,0.0,4784835.688475,4784835.688475,-0.24310692450250843,0.034902974913486984,0.04834273334946659,0.04834273334946639
2025-01-17,0.0,-4784835.688475,3511864.0,-1272971.6884749997,-1272971.6884749997,0.0,4784835.688475,4784835.688475,-0.2660429263101227,-0.022936001807614292,-0.030302829488219274,-0.030302829488219187
2025-01-20,0.0,-4784835.688475,3669325.0,-1115510.6884749997,-1115510.6884749997,0.0,4784835.688475,4784835.688475,-0.23313458624334288,0.03290834006677984,0.04483687295407779,0.04483687295407795
2025-01-21,0.0,-4784835.688475,3674097.0,-1110738.6884749997,-1110738.6884749997,0.0,4784835.688475,4784835.688475,-0.23213726881998933,0.0009973174233535442,0.0013005116744906342,0.0013005116744905399
2025-01-22,0.0,-4784835.688475,3650239.0,-1134596.6884749997,-1134596.6884749997,0.0,4784835.688475,4784835.688475,-0.2371234379495721,-0.004986169129582774,-0.0064935683516249565,-0.006493568351624903
2025-02-03,0.0,-4784835.688475,3635924.0,-1148911.6884749997,-1148911.6884749997,0.0,4784835.688475,4784835.688475,-0.24011518122604028,-0.002991743276468173,-0.003921661020004352,-0.003921661020004443
2025-02-04,0.0,-4784835.688475,3717040.0,-1067795.6884749997,-1067795.6884749997,0.0,4784835.688475,4784835.688475,-0.22316245697776982,0.016952724248270462,0.022309597230305123,0.022309597230305143
2025-02-05,0.0,-4784835.688475,4084450.0,-700385.6884749997,-700385.6884749997,0.0,4784835.688475,4784835.688475,-0.146376121161691,0.07678633581607883,0.0988447797171943,0.09884477971719433
2025-02-06,0.0,-4784835.688475,4136937.0,-647898.6884749997,-647898.6884749997,0.0,4784835.688475,4784835.688475,-0.1354066744727644,0.010969446688926604,0.01285044498035215,0.012850444980352312
2025-02-07,0.0,-4784835.688475,4246683.0,-538152.6884749997,-538152.6884749997,0.0,4784835.688475,4784835.688475,-0.1124704636715576,0.022936210801206794,0.026528322766336654,0.026528322766336543
2025-02-10,0.0,-4784835.688475,4189424.0,-595411.6884749997,-595411.6884749997,0.0,4784835.688475,4784835.688475,-0.12443722778383777,-0.011966764112280176,-0.013483229146136089,-0.013483229146135938
2025-02-11,0.0,-4784835.688475,4175109.0,-609726.6884749997,-609726.6884749997,0.0,4784835.688475,4784835.688475,-0.12742897106030593,-0.002991743276468159,-0.0034169375073995756,-0.003416937507399585
2025-02-12,0.0,-4784835.688475,4198967.0,-585868.6884749997,-585868.6884749997,0.0,4784835.688475,4784835.688475,-0.12244280193072316,0.004986169129582774,0.0057143418291594195,0.005714341829159431
2025-02-13,0.0,-4784835.688475,4356428.0,-428407.68847499974,-428407.68847499974,0.0,4784835.688475,4784835.688475,-0.0895344618639433,0.032908340066779854,0.0374999374846241,0.03749993748462419
2025-02-14,0.0,-4784835.688475,4232369.0,-552466.6884749997,-552466.6884749997,0.0,4784835.688475,4784835.688475,-0.11546199795443328,-0.025927536090489978,-0.028477229510048052,-0.02847722951004814
2025-02-17,0.0,-4784835.688475,4275312.0,-509523.68847499974,-509523.68847499974,0.0,4784835.688475,4784835.688475,-0.10648718611221375,0.00897481184221953,0.010146327033394353,0.0101463270333943
2025-02-18,0.0,-4784835.688475,4370743.0,-414092.68847499974,-414092.68847499974,0.0,4784835.688475,4784835.688475,-0.08654271858747513,0.01994446752473862,0.022321411864210106,0.022321411864210144
2025-02-19,0.0,-4784835.688475,4222825.0,-562010.6884749997,-562010.6884749997,0.0,4784835.688475,4784835.688475,-0.11745663280114037,-0.03091391421366524,-0.033842758542426354,-0.03384275854242631
2025-02-20,0.0,-4784835.688475,4108308.0,-676527.6884749997,-676527.6884749997,0.0,4784835.688475,4784835.688475,-0.14138995203210822,-0.02393331923096785,-0.027118575834897296,-0.027118575834897254
2025-02-21,0.0,-4784835.688475,4117851.0,-666984.6884749997,-666984.6884749997,0.0,4784835.688475,4784835.688475,-0.13939552617899362,0.001994425853114601,0.002322854080073933,0.0023228540800738404
2025-02-24,0.0,-4784835.688475,4041506.0,-743329.6884749997,-743329.6884749997,0.0,4784835.688475,4784835.688475,-0.155351141997503,-0.015955615818509378,-0.01854001031120356,-0.018540010311203586
2025-02-25,0.0,-4784835.688475,3955618.0,-829217.6884749997,-829217.6884749997,0.0,4784835.688475,4784835.688475,-0.173301183669127,-0.017950041671624006,-0.02125148397651755,-0.021251483976517663
2025-02-26,0.0,-4784835.688475,3874502.0,-910333.6884749997,-910333.6884749997,0.0,4784835.688475,4784835.688475,-0.19025390791739746,-0.016952724248270462,-0.020506530205899653,-0.02050653020589956
2025-02-27,0.0,-4784835.688475,3864959.0,-919876.6884749997,-919876.6884749997,0.0,4784835.688475,4784835.688475,-0.1922483337705121,-0.0019944258531146286,-0.0024630262160143523,-0.002463026216014342
2025-03-03,0.0,-4784835.688475,3655010.0,-1129825.6884749997,-1129825.6884749997,0.0,4784835.688475,4784835.688475,-0.23612632951981105,-0.04387799574929896,-0.0543211454507021,-0.05432114545070207
2025-03-04,0.0,-4784835.688475,3759984.0,-1024851.6884749997,-1024851.6884749997,0.0,4784835.688475,4784835.688475,-0.21418743614195782,0.021938893377853236,0.028720578055874135,0.028720578055873993
2025-03-05,0.0,-4784835.688475,3879273.0,-905562.6884749997,-905562.6884749997,0.0,4784835.688475,4784835.688475,-0.1892567994876364,0.02493063665432141,0.03172593287630998,0.03172593287631011
2025-03-06,0.0,-4784835.688475,3702726.0,-1082109.6884749997,-1082109.6884749997,0.0,4784835.688475,4784835.688475,-0.2261539912606455,-0.0368971917730091,-0.04551033144612404,-0.045510331446124055
2025-03-07,0.0,-4784835.688475,3597751.0,-1187084.6884749997,-1187084.6884749997,0.0,4784835.688475,4784835.688475,-0.24809309363209123,-0.021939102371445723,-0.028350734026768354,-0.028350734026768385
2025-03-10,0.0,-4784835.688475,3530950.0,-1253885.6884749997,-1253885.6884749997,0.0,4784835.688475,4784835.688475,-0.2620540746038935,-0.01396098097180229,-0.018567432821226415,-0.018567432821226373
2025-03-11,0.0,-4784835.688475,3521407.0,-1263428.6884749997,-1263428.6884749997,0.0,4784835.688475,4784835.688475,-0.2640485004570081,-0.001994425853114601,-0.00270267208541608,-0.002702672085416106
2025-03-12,0.0,-4784835.688475,3550036.0,-1234799.6884749997,-1234799.6884749997,0.0,4784835.688475,4784835.688475,-0.25806522289766426,0.005983277559343858,0.00812998895043937,0.008129988950439412
2025-03-13,0.0,-4784835.688475,3511864.0,-1272971.6884749997,-1272971.6884749997,0.0,4784835.688475,4784835.688475,-0.2660429263101227,-0.007977703412458459,-0.010752567016221737,-0.010752567016221808
2025-03-14,0.0,-4784835.688475,3530950.0,-1253885.6884749997,-1253885.6884749997,0.0,4784835.688475,4784835.688475,-0.2620540746038935,0.003988851706229202,0.005434720706724461,0.005434720706724406
2025-03-17,0.0,-4784835.688475,3516635.0,-1268200.6884749997,-1268200.6884749997,0.0,4784835.688475,4784835.688475,-0.2650458178803617,-0.002991743276468173,-0.004054149733074608,-0.004054149733074669
2025-03-18,0.0,-4784835.688475,3540493.0,-1244342.6884749997,-1244342.6884749997,0.0,4784835.688475,4784835.688475,-0.2600596487507789,0.004986169129582774,0.006784326493935122,0.006784326493935253
2025-03-19,3540492.686675,0.0,0.0,-1244343.0018,0.0,-1244343.0018,-0.0,4784835.688475,-0.2600597142336963,-6.548291736629963e-08,-8.84975622783557e-08,-8.84975624096306e-08
