,cashflow,entry_cost,market_value,profit_loss,unrealized,realized,position,invest,PNL/COST,return,return_pct,value_pct
2022-11-13,0.0,0.0,0.0,0.0,0.0,0.0,0.0,0.0,,,,
2022-11-14,-4951062.023940001,-4951062.023940001,4937474.0,-13588.023940000683,-13588.023940000683,0.0,4951062.023940001,4951062.023940001,-0.002744466515325026,-0.002744466515325026,-0.002744466515325006,-0.002744466515325026
2022-11-15,0.0,-4951062.023940001,4968141.0,17078.976059999317,17078.976059999317,0.0,4951062.023940001,4951062.023940001,0.003449558090247485,0.006194024605572511,0.006211070681080955,0.006211070681081055
2022-11-16,0.0,-4951062.023940001,5320818.0,369755.9760599993,369755.9760599993,0.0,4951062.023940001,4951062.023940001,0.07468215390397222,0.07123259581372474,0.0709877195514379,0.07098771955143786
2022-11-17,0.0,-4951062.023940001,5635160.0,684097.9760599993,684097.9760599993,0.0,4951062.023940001,4951062.023940001,0.13817196648964652,0.06348981258567431,0.05907775834467577,0.059077758344675574
2022-11-18,0.0,-4951062.023940001,5612159.0,661096.9760599993,661096.9760599993,0.0,4951062.023940001,4951062.023940001,0.13352629655281628,-0.004645669936830243,-0.004081694219862375,-0.004081694219862435
2022-11-21,0.0,-4951062.023940001,5635160.0,684097.9760599993,684097.9760599993,0.0,4951062.023940001,4951062.023940001,0.13817196648964652,0.004645669936830243,0.004098422728222806,0.004098422728222775
2022-11-22,0.0,-4951062.023940001,5504822.0,553759.9760599993,553759.9760599993,0.0,4951062.023940001,4951062.023940001,0.11184670549114294,-0.02632526099850359,-0.023129423121969972,-0.023129423121969916
2022-11-23,0.0,-4951062.023940001,5412820.0,461757.9760599993,461757.9760599993,0.0,4951062.023940001,4951062.023940001,0.09326442969755758,-0.01858227579358536,-0.016712983635074896,-0.016712983635074848
2022-11-24,0.0,-4951062.023940001,5711829.0,760766.9760599993,760766.9760599993,0.0,4951062.023940001,4951062.023940001,0.15365733096887954,0.060392901271321964,0.055240891069719744,0.05524089106971967
2022-11-25,0.0,-4951062.023940001,5673494.0,722431.9760599993,722431.9760599993,0.0,4951062.023940001,4951062.023940001,0.14591454774082913,-0.007742783228050415,-0.006711510446128721,-0.006711510446128552
2022-11-28,0.0,-4951062.023940001,5612159.0,661096.9760599993,661096.9760599993,0.0,4951062.023940001,4951062.023940001,0.13352629655281628,-0.012388251188012844,-0.010810798425097357,-0.01081079842509748
2022-11-29,0.0,-4951062.023940001,5573825.0,622762.9760599993,622762.9760599993,0.0,4951062.023940001,4951062.023940001,0.12578371530163368,-0.007742581251182601,-0.006830526362492595,-0.006830526362492581
2022-11-30,0.0,-4951062.023940001,5604492.0,653429.9760599993,653429.9760599993,0.0,4951062.023940001,4951062.023940001,0.1319777399072062,0.006194024605572529,0.005501966782236689,0.0055019667822366145
2022-12-01,0.0,-4951062.023940001,5673494.0,722431.9760599993,722431.9760599993,0.0,4951062.023940001,4951062.023940001,0.14591454774082913,0.013936807833622916,0.01231190980377872,0.012311909803778826
2022-12-02,0.0,-4951062.023940001,5949502.0,998439.9760599993,998439.9760599993,0.0,4951062.023940001,4951062.023940001,0.20166177907532085,0.05574723133449172,0.04864868104205278,0.04864868104205274
2022-12-05,0.0,-4951062.023940001,5834499.0,883436.9760599993,883436.9760599993,0.0,4951062.023940001,4951062.023940001,0.17843383334490523,-0.023227945730415617,-0.019329853154095966,-0.01932985315409592
2022-12-06,0.0,-4951062.023940001,5857500.0,906437.9760599993,906437.9760599993,0.0,4951062.023940001,4951062.023940001,0.1830795032817355,0.004645669936830271,0.0039422407990816755,0.003942240799081464
2022-12-07,0.0,-4951062.023940001,5688828.0,737765.9760599993,737765.9760599993,0.0,4951062.023940001,4951062.023940001,0.1490116610320493,-0.0340678422496862,-0.028795902688860564,-0.028795902688860436
2022-12-08,0.0,-4951062.023940001,5849833.0,898770.9760599993,898770.9760599993,0.0,4951062.023940001,4951062.023940001,0.1815309466361254,0.032519285604076104,0.028301963075698655,0.028301963075698544
2022-12-09,0.0,-4951062.023940001,6087506.0,1136443.9760599993,1136443.9760599993,0.0,4951062.023940001,4951062.023940001,0.2295353947425667,0.048004448106441305,0.040629023084932436,0.04062902308493251
2022-12-12,0.0,-4951062.023940001,5842166.0,891103.9760599993,891103.9760599993,0.0,4951062.023940001,4951062.023940001,0.17998238999051533,-0.04955300475205138,-0.04030221900397302,-0.04030221900397306
2022-12-13,0.0,-4951062.023940001,5880500.0,929437.9760599993,929437.9760599993,0.0,4951062.023940001,4951062.023940001,0.18772497124169793,0.007742581251182601,0.00656160745860368,0.0065616074586035385
2022-12-14,0.0,-4951062.023940001,6056839.0,1105776.9760599993,1105776.9760599993,0.0,4951062.023940001,4951062.023940001,0.2233413701369942,0.035616398895296275,0.029987075928917584,0.029987075928917608
2022-12-15,0.0,-4951062.023940001,6010837.0,1059774.9760599993,1059774.9760599993,0.0,4951062.023940001,4951062.023940001,0.2140500302633337,-0.009291339873660515,-0.007595050817761573,-0.0075950508177615415
2022-12-16,0.0,-4951062.023940001,6033838.0,1082775.9760599993,1082775.9760599993,0.0,4951062.023940001,4951062.023940001,0.21869570020016393,0.004645669936830243,0.0038265885433259594,0.003826588543325996
2022-12-19,0.0,-4951062.023940001,6225510.0,1274447.9760599993,1274447.9760599993,0.0,4951062.023940001,4951062.023940001,0.25740901040981257,0.03871331020964863,0.03176618265190423,0.031766182651904146
2022-12-20,0.0,-4951062.023940001,5711829.0,760766.9760599993,760766.9760599993,0.0,4951062.023940001,4951062.023940001,0.15365733096887954,-0.10375167944093303,-0.08251227610268075,-0.08251227610268075
2022-12-21,0.0,-4951062.023940001,5750163.0,799100.9760599993,799100.9760599993,0.0,4951062.023940001,4951062.023940001,0.16139991222006214,0.007742581251182601,0.006711335370859439,0.006711335370859317
2022-12-22,0.0,-4951062.023940001,5596826.0,645763.9760599993,645763.9760599993,0.0,4951062.023940001,4951062.023940001,0.13042938523846395,-0.03097052698159819,-0.026666548409149504,-0.026666548409149445
2022-12-23,0.0,-4951062.023940001,5566158.0,615095.9760599993,615095.9760599993,0.0,4951062.023940001,4951062.023940001,0.12423515865602361,-0.006194226582440343,-0.005479534293186927,-0.005479534293186888
2022-12-26,0.0,-4951062.023940001,5351485.0,400422.9760599993,400422.9760599993,0.0,4951062.023940001,4951062.023940001,0.08087617850954473,-0.043358980146478876,-0.03856753617126929,-0.038567536171269304
2022-12-27,0.0,-4951062.023940001,5382153.0,431090.9760599993,431090.9760599993,0.0,4951062.023940001,4951062.023940001,0.08707040509198506,0.006194226582440329,0.0057307457649606874,0.005730745764960567
2022-12-28,0.0,-4951062.023940001,4876138.0,-74924.02394000068,-74924.02394000068,0.0,4951062.023940001,4951062.023940001,-0.015132919680205697,-0.10220332477219075,-0.09401720835509508,-0.09401720835509507
2022-12-29,0.0,-4951062.023940001,4983475.0,32412.976059999317,32412.976059999317,0.0,4951062.023940001,4951062.023940001,0.006546671381467653,0.021679591061673352,0.022012707597693026,0.022012707597693092
2022-12-30,0.0,-4951062.023940001,4914473.0,-36589.02394000068,-36589.02394000068,0.0,4951062.023940001,4951062.023940001,-0.007390136452155277,-0.01393680783362293,-0.013846161563968895,-0.013846161563968918
2023-01-03,0.0,-4951062.023940001,5244149.0,293086.9760599993,293086.9760599993,0.0,4951062.023940001,4951062.023940001,0.0591967894247392,0.06658692587689448,0.06708267600615558,0.0670826760061557
2023-01-04,0.0,-4951062.023940001,5251816.0,300753.9760599993,300753.9760599993,0.0,4951062.023940001,4951062.023940001,0.06074534607034929,0.0015485566456100858,0.0014620103280817975,0.0014620103280818298
2023-01-05,0.0,-4951062.023940001,4983475.0,32412.976059999317,32412.976059999317,0.0,4951062.023940001,4951062.023940001,0.006546671381467653,-0.054198674688881635,-0.05109489746023088,-0.0510948974602309
2023-01-06,0.0,-4951062.023940001,4983475.0,32412.976059999317,32412.976059999317,0.0,4951062.023940001,4951062.023940001,0.006546671381467653,0.0,0.0,0.0
2023-01-09,0.0,-4951062.023940001,5267149.0,316086.9760599993,316086.9760599993,0.0,4951062.023940001,4951062.023940001,0.06384225738470163,0.05729558600323398,0.05692293028459061,0.05692293028459057
2023-01-10,0.0,-4951062.023940001,5305484.0,354421.9760599993,354421.9760599993,0.0,4951062.023940001,4951062.023940001,0.07158504061275205,0.007742783228050415,0.007278130920541637,0.0072781309205416445
2023-01-11,0.0,-4951062.023940001,5374486.0,423423.9760599993,423423.9760599993,0.0,4951062.023940001,4951062.023940001,0.08552184844637498,0.01393680783362293,0.013005787973349836,0.01300578797334984
2023-01-12,0.0,-4951062.023940001,5382153.0,431090.9760599993,431090.9760599993,0.0,4951062.023940001,4951062.023940001,0.08707040509198506,0.0015485566456100858,0.0014265550231222779,0.001426555023122211
2023-01-13,0.0,-4951062.023940001,5228815.0,277752.9760599993,277752.9760599993,0.0,4951062.023940001,4951062.023940001,0.05609967613351904,-0.030970728958466025,-0.028490085659028996,-0.028490085659029017
2023-01-16,0.0,-4951062.023940001,5405153.0,454090.9760599993,454090.9760599993,0.0,4951062.023940001,4951062.023940001,0.09171587305194749,0.035616196918428454,0.03372427595927552,0.03372427595927567
2023-01-17,0.0,-4951062.023940001,5535490.0,584427.9760599993,584427.9760599993,0.0,4951062.023940001,4951062.023940001,0.11804093207358327,0.026325059021635774,0.024113470978527562,0.024113470978527344
2023-01-30,0.0,-4951062.023940001,5941835.0,990772.9760599993,990772.9760599993,0.0,4951062.023940001,4951062.023940001,0.20011322242971077,0.08207229035612751,0.07340723224140944,0.07340723224140952
2023-01-31,0.0,-4951062.023940001,5995503.0,1044440.9760599993,1044440.9760599993,0.0,4951062.023940001,4951062.023940001,0.21095291697211352,0.010839694542402745,0.00903222657646996,0.009032226576470063
2023-02-01,0.0,-4951062.023940001,6026171.0,1075108.9760599993,1075108.9760599993,0.0,4951062.023940001,4951062.023940001,0.21714714355455386,0.006194226582440343,0.0051151671511129315,0.005115167151113093
2023-02-02,0.0,-4951062.023940001,6624188.0,1673125.9760599993,1673125.9760599993,0.0,4951062.023940001,4951062.023940001,0.33793274412033,0.12078560056577611,0.0992366462883314,0.09923664628833134
2023-02-03,0.0,-4951062.023940001,6593520.0,1642457.9760599993,1642457.9760599993,0.0,4951062.023940001,4951062.023940001,0.33173851753788963,-0.006194226582440343,-0.004629699519397734,-0.004629699519397699
2023-02-06,0.0,-4951062.023940001,6118174.0,1167111.9760599993,1167111.9760599993,0.0,4951062.023940001,4951062.023940001,0.23572962132500705,-0.09600889621288258,-0.07209290333539586,-0.07209290333539596
2023-02-07,0.0,-4951062.023940001,6447849.0,1496786.9760599993,1496786.9760599993,0.0,4951062.023940001,4951062.023940001,0.3023163452250337,0.06658672390002665,0.053884541368061756,0.05388454136806178
2023-02-08,0.0,-4951062.023940001,7091868.0,2140805.9760599993,2140805.9760599993,0.0,4951062.023940001,4951062.023940001,0.43239328566447033,0.13007694043943663,0.0998812162009377,0.0998812162009377
2023-02-09,0.0,-4951062.023940001,7053533.0,2102470.9760599993,2102470.9760599993,0.0,4951062.023940001,4951062.023940001,0.4246505024364199,-0.007742783228050443,-0.0054054869605583145,-0.005405486960558205
2023-02-10,0.0,-4951062.023940001,6976865.0,2025802.9760599993,2025802.9760599993,0.0,4951062.023940001,4951062.023940001,0.40916533993405474,-0.015485162502365146,-0.010869446559617635,-0.010869446559617713
2023-02-13,0.0,-4951062.023940001,6884862.0,1933799.9760599993,1933799.9760599993,0.0,4951062.023940001,4951062.023940001,0.39058286216360155,-0.018582477770453187,-0.013186868314063571,-0.013186868314063694
2023-02-14,0.0,-4951062.023940001,6984531.0,2033468.9760599993,2033468.9760599993,0.0,4951062.023940001,4951062.023940001,0.410713694602797,0.020130832439195445,0.014476542884955368,0.014476542884955429
2023-02-15,0.0,-4951062.023940001,7099535.0,2148472.9760599993,2148472.9760599993,0.0,4951062.023940001,4951062.023940001,0.43394184231008043,0.02322814770728343,0.01646552932473222,0.01646552932473204
2023-02-16,0.0,-4951062.023940001,7344875.0,2393812.9760599993,2393812.9760599993,0.0,4951062.023940001,4951062.023940001,0.4834948470621318,0.04955300475205138,0.03455719283023462,0.03455719283023466
2023-02-17,0.0,-4951062.023940001,7482879.0,2531816.9760599993,2531816.9760599993,0.0,4951062.023940001,4951062.023940001,0.5113684627293776,0.027873615667245832,0.018789155703806903,0.018789155703807077
2023-02-20,0.0,-4951062.023940001,7628550.0,2677487.9760599993,2677487.9760599993,0.0,4951062.023940001,4951062.023940001,0.5407906350422336,0.029422172312855932,0.01946723981504994,0.019467239815049796
2023-02-21,0.0,-4951062.023940001,7935225.0,2984162.9760599993,2984162.9760599993,0.0,4951062.023940001,4951062.023940001,0.6027318909822978,0.06194125594006428,0.04020095562066195,0.04020095562066186
2023-02-22,0.0,-4951062.023940001,7781887.0,2830824.9760599993,2830824.9760599993,0.0,4951062.023940001,4951062.023940001,0.5717611620238318,-0.030970728958466087,-0.01932371167799285,-0.01932371167799275
2023-02-23,0.0,-4951062.023940001,8548576.0,3597513.9760599993,3597513.9760599993,0.0,4951062.023940001,4951062.023940001,0.7266146048392941,0.15485344281546232,0.09852224788152286,0.09852224788152282
2023-02-24,0.0,-4951062.023940001,8893585.0,3942522.9760599993,3942522.9760599993,0.0,4951062.023940001,4951062.023940001,0.7962984420305409,0.06968383719124682,0.04035865154617557,0.04035865154617564
2023-03-01,0.0,-4951062.023940001,9046923.0,4095860.9760599993,4095860.9760599993,0.0,4951062.023940001,4951062.023940001,0.827269170989007,0.030970728958466087,0.017241416144333277,0.017241416144333246
2023-03-02,0.0,-4951062.023940001,9161926.0,4210863.976059999,4210863.976059999,0.0,4951062.023940001,4951062.023940001,0.8504971167194225,0.023227945730415533,0.012711835836338947,0.012711835836339051
2023-03-03,0.0,-4951062.023940001,8280235.0,3329172.9760599993,3329172.9760599993,0.0,4951062.023940001,4951062.023940001,0.6724159301504125,-0.17808118656901006,-0.09623424157758964,-0.0962342415775897
2023-03-06,0.0,-4951062.023940001,8241900.0,3290837.9760599993,3290837.9760599993,0.0,4951062.023940001,4951062.023940001,0.664673146922362,-0.007742783228050443,-0.004629699519397734,-0.004629699519397699
2023-03-07,0.0,-4951062.023940001,8241900.0,3290837.9760599993,3290837.9760599993,0.0,4951062.023940001,4951062.023940001,0.664673146922362,0.0,0.0,0.0
2023-03-08,0.0,-4951062.023940001,8471907.0,3520844.9760599993,3520844.9760599993,0.0,4951062.023940001,4951062.023940001,0.7111292403600611,0.046456093437699075,0.02790703599898081,0.02790703599898082
2023-03-09,0.0,-4951062.023940001,8510241.0,3559178.9760599993,3559178.9760599993,0.0,4951062.023940001,4951062.023940001,0.7188718216112437,0.007742581251182656,0.004524837206074217,0.004524837206074146
2023-03-10,0.0,-4951062.023940001,8356904.0,3405841.9760599993,3405841.9760599993,0.0,4951062.023940001,4951062.023940001,0.6879012946296454,-0.0309705269815983,-0.01801793862241985,-0.01801793862241974
2023-03-13,0.0,-4951062.023940001,8663579.0,3712516.9760599993,3712516.9760599993,0.0,4951062.023940001,4951062.023940001,0.7498425505697097,0.06194125594006428,0.03669720269611809,0.036697202696118085
2023-03-14,0.0,-4951062.023940001,8126897.0,3175834.9760599993,3175834.9760599993,0.0,4951062.023940001,4951062.023940001,0.6414452011919465,-0.10839734937776324,-0.06194691593393442,-0.06194691593393446
2023-03-15,0.0,-4951062.023940001,8548576.0,3597513.9760599993,3597513.9760599993,0.0,4951062.023940001,4951062.023940001,0.7266146048392941,0.0851694036473476,0.05188683946652706,0.051886839466527016
2023-03-16,0.0,-4951062.023940001,8433572.0,3482509.9760599993,3482509.9760599993,0.0,4951062.023940001,4951062.023940001,0.7033864571320106,-0.02322814770728343,-0.013453000827272299,-0.013453000827272285
2023-03-17,0.0,-4951062.023940001,8663579.0,3712516.9760599993,3712516.9760599993,0.0,4951062.023940001,4951062.023940001,0.7498425505697097,0.046456093437699075,0.027272785481644135,0.027272785481644076
2023-03-20,0.0,-4951062.023940001,8970254.0,4019191.9760599993,4019191.9760599993,0.0,4951062.023940001,4951062.023940001,0.811783806509774,0.06194125594006428,0.03539818820836049,0.03539818820836054
2023-03-21,0.0,-4951062.023940001,8625244.0,3674181.9760599993,3674181.9760599993,0.0,4951062.023940001,4951062.023940001,0.7420997673416593,-0.06968403916811472,-0.03846156418759161,-0.038461564187591564
2023-03-22,0.0,-4951062.023940001,8893585.0,3942522.9760599993,3942522.9760599993,0.0,4951062.023940001,4951062.023940001,0.7962984420305409,0.05419867468888162,0.03111111987092774,0.031111119870927708
2023-03-23,0.0,-4951062.023940001,9161926.0,4210863.976059999,4210863.976059999,0.0,4951062.023940001,4951062.023940001,0.8504971167194225,0.05419867468888162,0.030172422032284985,0.030172422032285068
2023-03-24,0.0,-4951062.023940001,8931920.0,3980857.9760599993,3980857.9760599993,0.0,4951062.023940001,4951062.023940001,0.8040412252585913,-0.04645589146083118,-0.025104546795073346,-0.025104546795073436
2023-03-27,0.0,-4951062.023940001,9046923.0,4095860.9760599993,4095860.9760599993,0.0,4951062.023940001,4951062.023940001,0.827269170989007,0.023227945730415644,0.012875507169791023,0.012875507169791042
2023-03-28,0.0,-4951062.023940001,8471907.0,3520844.9760599993,3520844.9760599993,0.0,4951062.023940001,4951062.023940001,0.7111292403600611,-0.1161399306289459,-0.0635592897165147,-0.06355928971651466
2023-03-29,0.0,-4951062.023940001,7743553.0,2792490.9760599993,2792490.9760599993,0.0,4951062.023940001,4951062.023940001,0.5640185807726492,-0.14711065958741187,-0.08597285121283793,-0.08597285121283792
2023-03-30,0.0,-4951062.023940001,8050228.0,3099165.9760599993,3099165.9760599993,0.0,4951062.023940001,4951062.023940001,0.6259598367127134,0.061941255940064166,0.03960391308744171,0.0396039130874419
2023-03-31,0.0,-4951062.023940001,8318569.0,3367506.9760599993,3367506.9760599993,0.0,4951062.023940001,4951062.023940001,0.6801585114015951,0.05419867468888173,0.033333341614672385,0.03333334161467228
2023-04-06,0.0,-4951062.023940001,8203566.0,3252503.9760599993,3252503.9760599993,0.0,4951062.023940001,4951062.023940001,0.6569305656711795,-0.023227945730415644,-0.013824853769921264,-0.013824853769921245
2023-04-07,0.0,-4951062.023940001,8280235.0,3329172.9760599993,3329172.9760599993,0.0,4951062.023940001,4951062.023940001,0.6724159301504125,0.015485364479232988,0.009345813759528365,0.009345813759528478
2023-04-10,0.0,-4951062.023940001,8433572.0,3482509.9760599993,3482509.9760599993,0.0,4951062.023940001,4951062.023940001,0.7033864571320106,0.03097052698159819,0.018518435769033115,0.018518435769033125
2023-04-11,0.0,-4951062.023940001,8203566.0,3252503.9760599993,3252503.9760599993,0.0,4951062.023940001,4951062.023940001,0.6569305656711795,-0.04645589146083118,-0.027272666907924625,-0.02727266690792466
2023-04-12,0.0,-4951062.023940001,8203566.0,3252503.9760599993,3252503.9760599993,0.0,4951062.023940001,4951062.023940001,0.6569305656711795,0.0,0.0,0.0
2023-04-13,0.0,-4951062.023940001,7896891.0,2945828.9760599993,2945828.9760599993,0.0,4951062.023940001,4951062.023940001,0.5949893097311152,-0.06194125594006428,-0.03738313313990527,-0.03738313313990525
2023-04-14,0.0,-4951062.023940001,8318569.0,3367506.9760599993,3367506.9760599993,0.0,4951062.023940001,4951062.023940001,0.6801585114015951,0.08516920167047992,0.05339797649480027,0.0533979764948003
2023-04-17,0.0,-4951062.023940001,8203566.0,3252503.9760599993,3252503.9760599993,0.0,4951062.023940001,4951062.023940001,0.6569305656711795,-0.023227945730415644,-0.013824853769921264,-0.013824853769921245
2023-04-18,0.0,-4951062.023940001,7858556.0,2907493.9760599993,2907493.9760599993,0.0,4951062.023940001,4951062.023940001,0.5872465265030649,-0.06968403916811461,-0.04205610096877377,-0.042056100968773824
2023-04-19,0.0,-4951062.023940001,7896891.0,2945828.9760599993,2945828.9760599993,0.0,4951062.023940001,4951062.023940001,0.5949893097311152,0.007742783228050332,0.0048781226474685635,0.004878122647468568
2023-04-20,0.0,-4951062.023940001,8050228.0,3099165.9760599993,3099165.9760599993,0.0,4951062.023940001,4951062.023940001,0.6259598367127134,0.03097052698159819,0.019417388438057293,0.01941738843805746
2023-04-21,0.0,-4951062.023940001,7781887.0,2830824.9760599993,2830824.9760599993,0.0,4951062.023940001,4951062.023940001,0.5717611620238318,-0.05419867468888162,-0.033333341614672274,-0.03333334161467228
2023-04-24,0.0,-4951062.023940001,7820222.0,2869159.9760599993,2869159.9760599993,0.0,4951062.023940001,4951062.023940001,0.5795039452518822,0.007742783228050443,0.004926183071021217,0.004926183071021206
2023-04-25,0.0,-4951062.023940001,7153203.0,2202140.9760599993,2202140.9760599993,0.0,4951062.023940001,4951062.023940001,0.4447815368524832,-0.13472240839939903,-0.08529412592123342,-0.08529412592123344
2023-04-26,0.0,-4951062.023940001,7337209.0,2386146.9760599993,2386146.9760599993,0.0,4951062.023940001,4951062.023940001,0.48194649239338955,0.037164955540906375,0.025723581450155963,0.025723581450155963
2023-04-27,0.0,-4951062.023940001,7436878.0,2485815.9760599993,2485815.9760599993,0.0,4951062.023940001,4951062.023940001,0.5020773248325849,0.02013083243919539,0.013584048103304713,0.013584048103304677
2023-04-28,0.0,-4951062.023940001,7636216.0,2685153.9760599993,2685153.9760599993,0.0,4951062.023940001,4951062.023940001,0.5423389897109758,0.04026166487839089,0.02680398952356078,0.026803989523560827
2023-05-02,0.0,-4951062.023940001,8395238.0,3444175.9760599993,3444175.9760599993,0.0,4951062.023940001,4951062.023940001,0.6956438758808281,0.15330488616985227,0.09939765978332726,0.09939765978332724
2023-05-03,0.0,-4951062.023940001,8280235.0,3329172.9760599993,3329172.9760599993,0.0,4951062.023940001,4951062.023940001,0.6724159301504125,-0.023227945730415644,-0.013698599134414069,-0.013698599134414057
2023-05-04,0.0,-4951062.023940001,8471907.0,3520844.9760599993,3520844.9760599993,0.0,4951062.023940001,4951062.023940001,0.7111292403600611,0.03871331020964863,0.02314813528843085,0.023148135288430825
2023-05-05,0.0,-4951062.023940001,8740248.0,3789185.9760599993,3789185.9760599993,0.0,4951062.023940001,4951062.023940001,0.7653279150489427,0.05419867468888162,0.03167421455405495,0.03167421455405495
2023-05-08,0.0,-4951062.023940001,8625244.0,3674181.9760599993,3674181.9760599993,0.0,4951062.023940001,4951062.023940001,0.7420997673416593,-0.02322814770728343,-0.013157979041326984,-0.013157979041326973
2023-05-09,0.0,-4951062.023940001,8740248.0,3789185.9760599993,3789185.9760599993,0.0,4951062.023940001,4951062.023940001,0.7653279150489427,0.02322814770728343,0.01333341990093273,0.013333419900932657
2023-05-10,0.0,-4951062.023940001,8663579.0,3712516.9760599993,3712516.9760599993,0.0,4951062.023940001,4951062.023940001,0.7498425505697097,-0.015485364479232988,-0.008771947889808174,-0.008771947889808162
2023-05-11,0.0,-4951062.023940001,8471907.0,3520844.9760599993,3520844.9760599993,0.0,4951062.023940001,4951062.023940001,0.7111292403600611,-0.03871331020964863,-0.022123882058442623,-0.022123882058442592
2023-05-12,0.0,-4951062.023940001,8970254.0,4019191.9760599993,4019191.9760599993,0.0,4951062.023940001,4951062.023940001,0.811783806509774,0.10065456614971291,0.0588234738648572,0.05882347386485711
2023-05-15,0.0,-4951062.023940001,8663579.0,3712516.9760599993,3712516.9760599993,0.0,4951062.023940001,4951062.023940001,0.7498425505697097,-0.06194125594006428,-0.03418799512254611,-0.03418799512254614
2023-05-16,0.0,-4951062.023940001,8663579.0,3712516.9760599993,3712516.9760599993,0.0,4951062.023940001,4951062.023940001,0.7498425505697097,0.0,0.0,0.0
2023-05-17,0.0,-4951062.023940001,8931920.0,3980857.9760599993,3980857.9760599993,0.0,4951062.023940001,4951062.023940001,0.8040412252585913,0.05419867468888162,0.030973457966967155,0.03097345796696723
2023-05-18,0.0,-4951062.023940001,8931920.0,3980857.9760599993,3980857.9760599993,0.0,4951062.023940001,4951062.023940001,0.8040412252585913,0.0,0.0,0.0
2023-05-19,0.0,-4951062.023940001,9813612.0,4862549.976059999,4862549.976059999,0.0,4951062.023940001,4951062.023940001,0.9821226138044693,0.17808138854587796,0.09871248287042445,0.09871248287042428
2023-05-22,0.0,-4951062.023940001,9775278.0,4824215.976059999,4824215.976059999,0.0,4951062.023940001,4951062.023940001,0.9743800325532866,-0.007742581251182656,-0.003906207011241114,-0.003906207011241121
2023-05-23,0.0,-4951062.023940001,9851947.0,4900884.976059999,4900884.976059999,0.0,4951062.023940001,4951062.023940001,0.9898653970325197,0.015485364479233099,0.007843152900613104,0.00784315290061316
2023-05-24,0.0,-4951062.023940001,9698609.0,4747546.976059999,4747546.976059999,0.0,4951062.023940001,4951062.023940001,0.9588946680740537,-0.030970728958466087,-0.015564233140921258,-0.015564233140921282
2023-05-25,0.0,-4951062.023940001,10656969.0,5705906.976059999,5705906.976059999,0.0,4951062.023940001,4951062.023940001,1.1524612191222967,0.19356655104824305,0.09881417015574101,0.09881417015574089
2023-05-26,0.0,-4951062.023940001,11001979.0,6050916.976059999,6050916.976059999,0.0,4951062.023940001,4951062.023940001,1.2221452582904115,0.06968403916811483,0.032374120634112824,0.032374120634112755
2023-05-29,0.0,-4951062.023940001,11615330.0,6664267.976059999,6664267.976059999,0.0,4951062.023940001,4951062.023940001,1.3460279721474078,0.12388271385699623,0.0557491520389195,0.055749152038919544
2023-05-30,0.0,-4951062.023940001,11423658.0,6472595.976059999,6472595.976059999,0.0,4951062.023940001,4951062.023940001,1.3073146619377591,-0.03871331020964863,-0.016501640504402393,-0.016501640504402372
2023-05-31,0.0,-4951062.023940001,11461992.0,6510929.976059999,6510929.976059999,0.0,4951062.023940001,4951062.023940001,1.3150572431889418,0.007742581251182656,0.0033556676854296086,0.0033556676854296585
2023-06-01,0.0,-4951062.023940001,11768667.0,6817604.976059999,6817604.976059999,0.0,4951062.023940001,4951062.023940001,1.3769984991290058,0.061941255940064055,0.026755820454245738,0.02675582045424565
2023-06-02,0.0,-4951062.023940001,11025873.0,6074810.976059999,6074810.976059999,0.0,4951062.023940001,4951062.023940001,1.2269712935702088,-0.150027205558797,-0.06311623907788377,-0.06311623907788368
2023-06-05,0.0,-4951062.023940001,11141935.0,6190872.976059999,6190872.976059999,0.0,4951062.023940001,4951062.023940001,1.2504131328036505,0.023441839233441675,0.010526332019242357,0.010526332019242376
2023-06-06,0.0,-4951062.023940001,11257996.0,6306933.976059999,6306933.976059999,0.0,4951062.023940001,4951062.023940001,1.2738547700602245,0.023441637256574,0.010416592809058711,0.01041659280905875
2023-06-07,0.0,-4951062.023940001,11335371.0,6384308.976059999,6384308.976059999,0.0,4951062.023940001,4951062.023940001,1.2894827302081415,0.01562796014791701,0.0068728928310153314,0.006872892831015396
2023-06-08,0.0,-4951062.023940001,10716374.0,5765311.976059999,5765311.976059999,0.0,4951062.023940001,4951062.023940001,1.1644596549554085,-0.12502307525273304,-0.05460756423411284,-0.05460756423411285
2023-06-09,0.0,-4951062.023940001,10871123.0,5920060.976059999,5920060.976059999,0.0,4951062.023940001,4951062.023940001,1.1957153732743748,0.03125571831896634,0.014440425464807394,0.014440425464807406
2023-06-12,0.0,-4951062.023940001,11335371.0,6384308.976059999,6384308.976059999,0.0,4951062.023940001,4951062.023940001,1.2894827302081415,0.0937673569337667,0.04270469573382618,0.04270469573382621
2023-06-13,0.0,-4951062.023940001,11954367.0,7003304.976059999,7003304.976059999,0.0,4951062.023940001,4951062.023940001,1.414505603484007,0.12502287327586536,0.05460747601468019,0.054607476014680065
2023-06-14,0.0,-4951062.023940001,12109116.0,7158053.976059999,7158053.976059999,0.0,4951062.023940001,4951062.023940001,1.4457613218029732,0.03125571831896634,0.012944976509421169,0.012944976509421202
2023-06-15,0.0,-4951062.023940001,12728113.0,7777050.976059999,7777050.976059999,0.0,4951062.023940001,4951062.023940001,1.5707843970557065,0.12502307525273326,0.0511182649501416,0.0511182649501417
2023-06-16,0.0,-4951062.023940001,12766800.0,7815737.976059999,7815737.976059999,0.0,4951062.023940001,4951062.023940001,1.578598276141231,0.007813879085524444,0.003039492185526793,0.003039492185526637
2023-06-19,0.0,-4951062.023940001,13153672.0,8202609.976059999,8202609.976059999,0.0,4951062.023940001,4951062.023940001,1.656737470950213,0.07813919480898202,0.030302973337092975,0.030302973337093086
2023-06-20,0.0,-4951062.023940001,13076298.0,8125235.976059999,8125235.976059999,0.0,4951062.023940001,4951062.023940001,1.6411097127791636,-0.015627758171049333,-0.005882311798560802,-0.005882311798560889
2023-06-21,0.0,-4951062.023940001,12573364.0,7622301.976059999,7622301.976059999,0.0,4951062.023940001,4951062.023940001,1.5395286787367402,-0.10158103404242347,-0.038461497283099444,-0.03846149728309954
2023-06-26,0.0,-4951062.023940001,12495989.0,7544926.976059999,7544926.976059999,0.0,4951062.023940001,4951062.023940001,1.523900718588823,-0.01562796014791723,-0.006153882127329036,-0.006153882127328852
2023-06-27,0.0,-4951062.023940001,12070429.0,7119366.976059999,7119366.976059999,0.0,4951062.023940001,4951062.023940001,1.4379474427174486,-0.08595327587137436,-0.034055727801937,-0.03405572780193709
2023-06-28,0.0,-4951062.023940001,11993054.0,7041991.976059999,7041991.976059999,0.0,4951062.023940001,4951062.023940001,1.4223194825695316,-0.01562796014791701,-0.006410294116306892,-0.0064102941163068855
2023-06-29,0.0,-4951062.023940001,12379927.0,7428864.976059999,7428864.976059999,0.0,4951062.023940001,4951062.023940001,1.5004588793553812,0.07813939678584969,0.032258088723689626,0.032258088723689564
2023-06-30,0.0,-4951062.023940001,12418615.0,7467552.976059999,7467552.976059999,0.0,4951062.023940001,4951062.023940001,1.5082729604177738,0.007814081062392564,0.003125058814966941,0.003125058814967164
2023-07-03,0.0,-4951062.023940001,12921549.0,7970486.976059999,7970486.976059999,0.0,4951062.023940001,4951062.023940001,1.6098539944601973,0.10158103404242347,0.040498396962946215,0.040498396962946354
2023-07-04,0.0,-4951062.023940001,13153672.0,8202609.976059999,8202609.976059999,0.0,4951062.023940001,4951062.023940001,1.656737470950213,0.046883476490015674,0.01796402273442599,0.017964022734426034
2023-07-05,0.0,-4951062.023940001,12650738.0,7699675.976059999,7699675.976059999,0.0,4951062.023940001,4951062.023940001,1.5551564369077893,-0.10158103404242369,-0.03823525476384082,-0.03823525476384085
2023-07-06,0.0,-4951062.023940001,12766800.0,7815737.976059999,7815737.976059999,0.0,4951062.023940001,4951062.023940001,1.578598276141231,0.023441839233441675,0.009174326430600344,0.009174326430600333
2023-07-07,0.0,-4951062.023940001,12379927.0,7428864.976059999,7428864.976059999,0.0,4951062.023940001,4951062.023940001,1.5004588793553812,-0.07813939678584969,-0.03030305166525671,-0.03030305166525676
2023-07-10,0.0,-4951062.023940001,12495989.0,7544926.976059999,7544926.976059999,0.0,4951062.023940001,4951062.023940001,1.523900718588823,0.023441839233441675,0.009375014893060252,0.009375014893060354
2023-07-11,0.0,-4951062.023940001,12263865.0,7312802.976059999,7312802.976059999,0.0,4951062.023940001,4951062.023940001,1.4770170401219396,-0.04688367846688335,-0.01857588062857607,-0.018575880628576097
2023-07-12,0.0,-4951062.023940001,12612051.0,7660988.976059999,7660988.976059999,0.0,4951062.023940001,4951062.023940001,1.5473425578222646,0.07032551770032502,0.028391212721274872,0.028391212721275063
2023-07-13,0.0,-4951062.023940001,13540545.0,8589482.97606,8589482.97606,0.0,4951062.023940001,4951062.023940001,1.7348768677360626,0.18753430991379805,0.0736195881225028,0.07361958812250284
2023-07-14,0.0,-4951062.023940001,14469040.0,9517977.97606,9517977.97606,0.0,4951062.023940001,4951062.023940001,1.9224113796267286,0.18753451189066594,0.0685714644425317,0.06857146444253168
2023-07-17,0.0,-4951062.023940001,13888731.0,8937668.97606,8937668.97606,0.0,4951062.023940001,4951062.023940001,1.805202385436388,-0.1172089941903407,-0.04010694558864991,-0.040106945588649974
2023-07-18,0.0,-4951062.023940001,13850044.0,8898981.97606,8898981.97606,0.0,4951062.023940001,4951062.023940001,1.7973885063508632,-0.007813879085524666,-0.002785495665514781,-0.0027854956655147256
2023-07-19,0.0,-4951062.023940001,14314291.0,9363228.97606,9363228.97606,0.0,4951062.023940001,4951062.023940001,1.8911556613077622,0.09376715495689902,0.03351953250112416,0.03351953250112418
2023-07-20,0.0,-4951062.023940001,14159542.0,9208479.97606,9208479.97606,0.0,4951062.023940001,4951062.023940001,1.859899942988796,-0.03125571831896634,-0.010810804391219953,-0.010810804391219935
2023-07-21,0.0,-4951062.023940001,14739850.0,9788787.97606,9788787.97606,0.0,4951062.023940001,4951062.023940001,1.9771087352022687,0.1172087922134728,0.040983528987025064,0.04098352898702515
2023-07-24,0.0,-4951062.023940001,14585101.0,9634038.97606,9634038.97606,0.0,4951062.023940001,4951062.023940001,1.9458530168833024,-0.03125571831896634,-0.010498682143983862,-0.010498682143983825
2023-07-25,0.0,-4951062.023940001,14585101.0,9634038.97606,9634038.97606,0.0,4951062.023940001,4951062.023940001,1.9458530168833024,0.0,0.0,0.0
2023-07-26,0.0,-4951062.023940001,14236916.0,9285853.97606,9285853.97606,0.0,4951062.023940001,4951062.023940001,1.875527701159845,-0.07032531572345735,-0.02387264921922727,-0.02387264921922721
2023-07-27,0.0,-4951062.023940001,14120854.0,9169791.97606,9169791.97606,0.0,4951062.023940001,4951062.023940001,1.8520858619264033,-0.023441839233441675,-0.008152186892161128,-0.008152186892161196
2023-07-28,0.0,-4951062.023940001,14043480.0,9092417.97606,9092417.97606,0.0,4951062.023940001,4951062.023940001,1.836458103755354,-0.015627758171049333,-0.005479413638863506,-0.005479413638863485
2023-07-31,0.0,-4951062.023940001,12650738.0,7699675.976059999,7699675.976059999,0.0,4951062.023940001,4951062.023940001,1.5551564369077893,-0.28130166684756475,-0.09917356666581212,-0.09917356666581217
2023-08-01,0.0,-4951062.023940001,11412745.0,6461682.976059999,6461682.976059999,0.0,4951062.023940001,4951062.023940001,1.3051104883791909,-0.2500459485285984,-0.09785935018178382,-0.09785935018178386
2023-08-02,0.0,-4951062.023940001,10871123.0,5920060.976059999,5920060.976059999,0.0,4951062.023940001,4951062.023940001,1.1957153732743748,-0.10939511510481603,-0.04745764493993332,-0.04745764493993338
2023-08-04,0.0,-4951062.023940001,10677687.0,5726624.976059999,5726624.976059999,0.0,4951062.023940001,4951062.023940001,1.1566457758698838,-0.03906959740449101,-0.017793561897882948,-0.01779356189788304
2023-08-07,0.0,-4951062.023940001,10871123.0,5920060.976059999,5920060.976059999,0.0,4951062.023940001,4951062.023940001,1.1957153732743748,0.03906959740449101,0.01811590843597477,0.018115908435974944
2023-08-08,0.0,-4951062.023940001,10406876.0,5455813.976059999,5455813.976059999,0.0,4951062.023940001,4951062.023940001,1.1019482183174758,-0.09376715495689902,-0.04270460374700935,-0.04270460374700939
2023-08-09,0.0,-4951062.023940001,10368189.0,5417126.976059999,5417126.976059999,0.0,4951062.023940001,4951062.023940001,1.0941343392319511,-0.007813879085524666,-0.0037174460424049816,-0.0037174460424050405
2023-08-10,0.0,-4951062.023940001,9671818.0,4720755.976059999,4720755.976059999,0.0,4951062.023940001,4951062.023940001,0.9534835058081688,-0.14065083342378237,-0.06716418846145655,-0.06716418846145648
2023-08-11,0.0,-4951062.023940001,9826567.0,4875504.976059999,4875504.976059999,0.0,4951062.023940001,4951062.023940001,0.9847392241271351,0.03125571831896634,0.015999990901400363,0.015999990901400335
2023-08-14,0.0,-4951062.023940001,9787880.0,4836817.976059999,4836817.976059999,0.0,4951062.023940001,4951062.023940001,0.9769253450416104,-0.007813879085524666,-0.003936980229209297,-0.003936980229209245
2023-08-15,0.0,-4951062.023940001,9787880.0,4836817.976059999,4836817.976059999,0.0,4951062.023940001,4951062.023940001,0.9769253450416104,0.0,0.0,0.0
2023-08-16,0.0,-4951062.023940001,9942629.0,4991566.976059999,4991566.976059999,0.0,4951062.023940001,4951062.023940001,1.0081810633605768,0.03125571831896634,0.015810267391917376,0.015810267391917352
2023-08-17,0.0,-4951062.023940001,10561625.0,5610562.976059999,5610562.976059999,0.0,4951062.023940001,4951062.023940001,1.1332039366364421,0.12502287327586536,0.062256773334296245,0.06225677333429619
2023-08-18,0.0,-4951062.023940001,10406876.0,5455813.976059999,5455813.976059999,0.0,4951062.023940001,4951062.023940001,1.1019482183174758,-0.03125571831896634,-0.01465200667510913,-0.01465200667510918
2023-08-21,0.0,-4951062.023940001,10368189.0,5417126.976059999,5417126.976059999,0.0,4951062.023940001,4951062.023940001,1.0941343392319511,-0.007813879085524666,-0.0037174460424049816,-0.0037174460424050405
2023-08-22,0.0,-4951062.023940001,10600312.0,5649249.976059999,5649249.976059999,0.0,4951062.023940001,4951062.023940001,1.1410178157219668,0.046883476490015674,0.022387998521246066,0.02238799852124609
2023-08-23,0.0,-4951062.023940001,11335371.0,6384308.976059999,6384308.976059999,0.0,4951062.023940001,4951062.023940001,1.2894827302081415,0.14846491448617471,0.0693431476356543,0.0693431476356545
2023-08-24,0.0,-4951062.023940001,11490120.0,6539057.976059999,6539057.976059999,0.0,4951062.023940001,4951062.023940001,1.3207384485271079,0.03125571831896634,0.013651869003669992,0.013651869003670016
2023-08-25,0.0,-4951062.023940001,11064560.0,6113497.976059999,6113497.976059999,0.0,4951062.023940001,4951062.023940001,1.2347851726557335,-0.08595327587137436,-0.03703703703703698,-0.037037037037037035
2023-08-28,0.0,-4951062.023940001,11064560.0,6113497.976059999,6113497.976059999,0.0,4951062.023940001,4951062.023940001,1.2347851726557335,0.0,0.0,0.0
2023-08-29,0.0,-4951062.023940001,11606182.0,6655119.976059999,6655119.976059999,0.0,4951062.023940001,4951062.023940001,1.3441802877605495,0.10939511510481603,0.048951065383530556,0.04895106538353084
2023-08-30,0.0,-4951062.023940001,11490120.0,6539057.976059999,6539057.976059999,0.0,4951062.023940001,4951062.023940001,1.3207384485271079,-0.023441839233441675,-0.010000015508976112,-0.010000015508976164
2023-08-31,0.0,-4951062.023940001,11296684.0,6345621.976059999,6345621.976059999,0.0,4951062.023940001,4951062.023940001,1.2816688511226169,-0.03906959740449101,-0.016834985187274,-0.016834985187273936
2023-09-01,0.0,-4951062.023940001,10871123.0,5920060.976059999,5920060.976059999,0.0,4951062.023940001,4951062.023940001,1.1957153732743748,-0.08595347784824203,-0.03767132018564012,-0.03767132018564032
2023-09-04,0.0,-4951062.023940001,11180622.0,6229559.976059999,6229559.976059999,0.0,4951062.023940001,4951062.023940001,1.2582270118891752,0.06251163861480036,0.028469827818156324,0.028469827818156414
2023-09-05,0.0,-4951062.023940001,11141935.0,6190872.976059999,6190872.976059999,0.0,4951062.023940001,4951062.023940001,1.2504131328036505,-0.007813879085524666,-0.003460183163333741,-0.003460183163333847
2023-09-06,0.0,-4951062.023940001,11219309.0,6268246.976059999,6268246.976059999,0.0,4951062.023940001,4951062.023940001,1.2660408909746999,0.015627758171049333,0.006944395206039067,0.0069443952060391665
2023-09-07,0.0,-4951062.023940001,10948498.0,5997435.976059999,5997435.976059999,0.0,4951062.023940001,4951062.023940001,1.2113433334222918,-0.054697557552408016,-0.024137939332983804,-0.024137939332983877
2023-09-08,0.0,-4951062.023940001,10793749.0,5842686.976059999,5842686.976059999,0.0,4951062.023940001,4951062.023940001,1.1800876151033255,-0.03125571831896634,-0.014134267549758883,-0.01413426754975888
2023-09-11,0.0,-4951062.023940001,10522938.0,5571875.976059999,5571875.976059999,0.0,4951062.023940001,4951062.023940001,1.1253900575509175,-0.054697557552408016,-0.025089614368464686,-0.02508961436846456
2023-09-12,0.0,-4951062.023940001,10716374.0,5765311.976059999,5765311.976059999,0.0,4951062.023940001,4951062.023940001,1.1644596549554085,0.03906959740449101,0.01838231870224849,0.018382318702248365
2023-09-13,0.0,-4951062.023940001,11296684.0,6345621.976059999,6345621.976059999,0.0,4951062.023940001,4951062.023940001,1.2816688511226169,0.11720919616720837,0.054151712136959684,0.05415171213695976
2023-09-14,0.0,-4951062.023940001,11374058.0,6422995.976059999,6422995.976059999,0.0,4951062.023940001,4951062.023940001,1.2972966092936662,0.015627758171049333,0.006849266563533352,0.006849266563533157
2023-09-15,0.0,-4951062.023940001,11451433.0,6500370.976059999,6500370.976059999,0.0,4951062.023940001,4951062.023940001,1.3129245694415832,0.01562796014791701,0.006802761160528581,0.006802761160528635
2023-09-18,0.0,-4951062.023940001,11141935.0,6190872.976059999,6190872.976059999,0.0,4951062.023940001,4951062.023940001,1.2504131328036505,-0.06251143663793268,-0.02702701050602141,-0.027027010506021385
2023-09-19,0.0,-4951062.023940001,11025873.0,6074810.976059999,6074810.976059999,0.0,4951062.023940001,4951062.023940001,1.2269712935702088,-0.023441839233441675,-0.010416682560075996,-0.010416682560075965
2023-09-20,0.0,-4951062.023940001,10522938.0,5571875.976059999,5571875.976059999,0.0,4951062.023940001,4951062.023940001,1.1253900575509175,-0.10158123601929137,-0.04561407518479499,-0.04561407518479489
2023-09-21,0.0,-4951062.023940001,10213440.0,5262377.976059999,5262377.976059999,0.0,4951062.023940001,4951062.023940001,1.0628786209129848,-0.06251143663793268,-0.02941174793579515,-0.029411747935795117
2023-09-22,0.0,-4951062.023940001,10755061.0,5803998.976059999,5803998.976059999,0.0,4951062.023940001,4951062.023940001,1.1722735340409332,0.10939491312794836,0.05303022292195392,0.05303022292195382
2023-09-25,0.0,-4951062.023940001,10909810.0,5958747.976059999,5958747.976059999,0.0,4951062.023940001,4951062.023940001,1.2035292523598995,0.03125571831896634,0.014388481850544865,0.014388481850544595
2023-09-26,0.0,-4951062.023940001,10871123.0,5920060.976059999,5920060.976059999,0.0,4951062.023940001,4951062.023940001,1.1957153732743748,-0.007813879085524666,-0.003546074587916892,-0.0035460745879167463
2023-09-27,0.0,-4951062.023940001,10522938.0,5571875.976059999,5571875.976059999,0.0,4951062.023940001,4951062.023940001,1.1253900575509175,-0.07032531572345735,-0.03202842981355292,-0.03202842981355284
2023-09-28,0.0,-4951062.023940001,10561625.0,5610562.976059999,5610562.976059999,0.0,4951062.023940001,4951062.023940001,1.1332039366364421,0.007813879085524666,0.0036764447343509143,0.003676444734350806
2023-10-02,0.0,-4951062.023940001,10909810.0,5958747.976059999,5958747.976059999,0.0,4951062.023940001,4951062.023940001,1.2035292523598995,0.07032531572345735,0.03296699134839587,0.03296699134839572
2023-10-03,0.0,-4951062.023940001,11064560.0,6113497.976059999,6113497.976059999,0.0,4951062.023940001,4951062.023940001,1.2347851726557335,0.03125592029583402,0.014184481672916416,0.014184481672916393
2023-10-04,0.0,-4951062.023940001,10832436.0,5881373.976059999,5881373.976059999,0.0,4951062.023940001,4951062.023940001,1.1879014941888502,-0.04688367846688335,-0.020979053843984907,-0.020979053843984758
2023-10-05,0.0,-4951062.023940001,11025873.0,6074810.976059999,6074810.976059999,0.0,4951062.023940001,4951062.023940001,1.2269712935702088,0.03906979938135868,0.017857202202717914,0.017857202202717838
2023-10-06,0.0,-4951062.023940001,11103247.0,6152184.976059999,6152184.976059999,0.0,4951062.023940001,4951062.023940001,1.2425990517412582,0.015627758171049333,0.007017494215650899,0.00701749421565077
2023-10-11,0.0,-4951062.023940001,12186490.0,7235427.976059999,7235427.976059999,0.0,4951062.023940001,4951062.023940001,1.4613890799740226,0.2187900282327644,0.09756092069283873,0.09756092069283877
2023-10-12,0.0,-4951062.023940001,13114985.0,8163922.976059999,8163922.976059999,0.0,4951062.023940001,4951062.023940001,1.6489235918646883,0.18753451189066572,0.07619051917328123,0.07619051917328123
2023-10-13,0.0,-4951062.023940001,13114985.0,8163922.976059999,8163922.976059999,0.0,4951062.023940001,4951062.023940001,1.6489235918646883,0.0,0.0,0.0
2023-10-16,0.0,-4951062.023940001,13269734.0,8318671.976059999,8318671.976059999,0.0,4951062.023940001,4951062.023940001,1.6801793101836546,0.03125571831896634,0.011799403506751904,0.011799403506752008
2023-10-17,0.0,-4951062.023940001,13037611.0,8086548.976059999,8086548.976059999,0.0,4951062.023940001,4951062.023940001,1.633295833693639,-0.046883476490015674,-0.017492664133282543,-0.01749266413328255
2023-10-18,0.0,-4951062.023940001,12650738.0,7699675.976059999,7699675.976059999,0.0,4951062.023940001,4951062.023940001,1.5551564369077893,-0.07813939678584969,-0.029673611216042506,-0.029673611216042572
2023-10-19,0.0,-4951062.023940001,12612051.0,7660988.976059999,7660988.976059999,0.0,4951062.023940001,4951062.023940001,1.5473425578222646,-0.007813879085524666,-0.003058082461276257,-0.0030580824612761724
2023-10-20,0.0,-4951062.023940001,12302552.0,7351489.976059999,7351489.976059999,0.0,4951062.023940001,4951062.023940001,1.4848309192074642,-0.06251163861480036,-0.024539941996745585,-0.02453994199674581
2023-10-23,0.0,-4951062.023940001,11219309.0,6268246.976059999,6268246.976059999,0.0,4951062.023940001,4951062.023940001,1.2660408909746999,-0.2187900282327644,-0.08805026794440718,-0.08805026794440698
2023-10-24,0.0,-4951062.023940001,11335371.0,6384308.976059999,6384308.976059999,0.0,4951062.023940001,4951062.023940001,1.2894827302081415,0.023441839233441675,0.010344843875857324,0.010344843875857239
2023-10-25,0.0,-4951062.023940001,11528807.0,6577744.976059999,6577744.976059999,0.0,4951062.023940001,4951062.023940001,1.3285523276126325,0.03906959740449101,0.01706481419972916,0.017064814199729324
2023-10-26,0.0,-4951062.023940001,11025873.0,6074810.976059999,6074810.976059999,0.0,4951062.023940001,4951062.023940001,1.2269712935702088,-0.10158103404242369,-0.04362411479349071,-0.04362411479349077
2023-10-27,0.0,-4951062.023940001,11451433.0,6500370.976059999,6500370.976059999,0.0,4951062.023940001,4951062.023940001,1.3129245694415832,0.08595327587137436,0.03859649027337797,0.0385964902733779
2023-10-30,0.0,-4951062.023940001,11606182.0,6655119.976059999,6655119.976059999,0.0,4951062.023940001,4951062.023940001,1.3441802877605495,0.03125571831896634,0.013513505253010427,0.013513505253010693
2023-10-31,0.0,-4951062.023940001,11103247.0,6152184.976059999,6152184.976059999,0.0,4951062.023940001,4951062.023940001,1.2425990517412582,-0.10158123601929137,-0.04333337181857033,-0.043333371818570485
2023-11-01,0.0,-4951062.023940001,11490120.0,6539057.976059999,6539057.976059999,0.0,4951062.023940001,4951062.023940001,1.3207384485271079,0.07813939678584969,0.03484323099360043,0.034843230993600344
2023-11-02,0.0,-4951062.023940001,11760931.0,6809868.976059999,6809868.976059999,0.0,4951062.023940001,4951062.023940001,1.3754360060795159,0.054697557552408016,0.023569031480959346,0.023569031480959294
2023-11-03,0.0,-4951062.023940001,11799618.0,6848555.976059999,6848555.976059999,0.0,4951062.023940001,4951062.023940001,1.3832498851650405,0.007813879085524666,0.0032894504695248905,0.003289450469524904
2023-11-06,0.0,-4951062.023940001,12070429.0,7119366.976059999,7119366.976059999,0.0,4951062.023940001,4951062.023940001,1.4379474427174486,0.054697557552408016,0.022950827730185974,0.022950827730185842
2023-11-07,0.0,-4951062.023940001,12031741.0,7080678.976059999,7080678.976059999,0.0,4951062.023940001,4951062.023940001,1.4301333616550562,-0.007814081062392342,-0.003205188481701926,-0.003205188481701852
2023-11-08,0.0,-4951062.023940001,12534676.0,7583613.976059999,7583613.976059999,0.0,4951062.023940001,4951062.023940001,1.5317145976743476,0.10158123601929137,0.04180068370820145,0.041800683708201496
2023-11-09,0.0,-4951062.023940001,12882862.0,7931799.976059999,7931799.976059999,0.0,4951062.023940001,4951062.023940001,1.6020401153746726,0.07032551770032502,0.02777782209927082,0.027777822099270856
2023-11-10,0.0,-4951062.023940001,12921549.0,7970486.976059999,7970486.976059999,0.0,4951062.023940001,4951062.023940001,1.6098539944601973,0.007813879085524666,0.0030029817908472367,0.0030029817908474063
2023-11-13,0.0,-4951062.023940001,13153672.0,8202609.976059999,8202609.976059999,0.0,4951062.023940001,4951062.023940001,1.656737470950213,0.046883476490015674,0.01796402273442599,0.017964022734426034
2023-11-14,0.0,-4951062.023940001,13424483.0,8473420.97606,8473420.97606,0.0,4951062.023940001,4951062.023940001,1.711435028502621,0.054697557552408016,0.02058824334375986,0.020588243343759825
2023-11-15,0.0,-4951062.023940001,12960236.0,8009173.976059999,8009173.976059999,0.0,4951062.023940001,4951062.023940001,1.617667873545722,-0.09376715495689902,-0.03458211388848276,-0.03458211388848271
2023-11-16,0.0,-4951062.023940001,12960236.0,8009173.976059999,8009173.976059999,0.0,4951062.023940001,4951062.023940001,1.617667873545722,0.0,0.0,0.0
2023-11-17,0.0,-4951062.023940001,13424483.0,8473420.97606,8473420.97606,0.0,4951062.023940001,4951062.023940001,1.711435028502621,0.09376715495689902,0.03582087548405766,0.035820875484057546
2023-11-20,0.0,-4951062.023940001,13269734.0,8318671.976059999,8318671.976059999,0.0,4951062.023940001,4951062.023940001,1.6801793101836546,-0.03125571831896634,-0.011527371296160882,-0.011527371296160903
2023-11-21,0.0,-4951062.023940001,13463170.0,8512107.97606,8512107.97606,0.0,4951062.023940001,4951062.023940001,1.7192489075881456,0.03906959740449101,0.014577232670978768,0.014577232670978936
2023-11-22,0.0,-4951062.023940001,13811356.0,8860293.97606,8860293.97606,0.0,4951062.023940001,4951062.023940001,1.7895744252884707,0.07032551770032502,0.025862111226405027,0.025862111226405075
2023-11-23,0.0,-4951062.023940001,13114985.0,8163922.976059999,8163922.976059999,0.0,4951062.023940001,4951062.023940001,1.6489235918646883,-0.14065083342378237,-0.05042017597692794,-0.050420175976927974
2023-11-24,0.0,-4951062.023940001,12805487.0,7854424.976059999,7854424.976059999,0.0,4951062.023940001,4951062.023940001,1.5864121552267556,-0.06251143663793268,-0.02359880701350403,-0.023598807013504017
2023-11-27,0.0,-4951062.023940001,12457302.0,7506239.976059999,7506239.976059999,0.0,4951062.023940001,4951062.023940001,1.5160868395032983,-0.07032531572345735,-0.027190297409227737,-0.02719029740922778
2023-11-28,0.0,-4951062.023940001,12728113.0,7777050.976059999,7777050.976059999,0.0,4951062.023940001,4951062.023940001,1.5707843970557065,0.05469755755240824,0.021739137415148102,0.02173913741514816
2023-11-29,0.0,-4951062.023940001,12573364.0,7622301.976059999,7622301.976059999,0.0,4951062.023940001,4951062.023940001,1.5395286787367402,-0.03125571831896634,-0.012158047308347908,-0.012158047308348064
2023-11-30,0.0,-4951062.023940001,12766800.0,7815737.976059999,7815737.976059999,0.0,4951062.023940001,4951062.023940001,1.578598276141231,0.039069597404490786,0.015384586018506896,0.01538458601850706
2023-12-01,0.0,-4951062.023940001,12612051.0,7660988.976059999,7660988.976059999,0.0,4951062.023940001,4951062.023940001,1.5473425578222646,-0.03125571831896634,-0.012121205000470092,-0.012121205000469969
2023-12-04,0.0,-4951062.023940001,12341240.0,7390177.976059999,7390177.976059999,0.0,4951062.023940001,4951062.023940001,1.4926450002698566,-0.054697557552408016,-0.02147239969137449,-0.021472399691374544
2023-12-05,0.0,-4951062.023940001,12612051.0,7660988.976059999,7660988.976059999,0.0,4951062.023940001,4951062.023940001,1.5473425578222646,0.054697557552408016,0.021943581033996518,0.021943581033996584
2023-12-06,0.0,-4951062.023940001,12998923.0,8047860.976059999,8047860.976059999,0.0,4951062.023940001,4951062.023940001,1.6254817526312466,0.07813919480898202,0.030674788739754044,0.03067478873975375
2023-12-07,0.0,-4951062.023940001,13347109.0,8396046.97606,8396046.97606,0.0,4951062.023940001,4951062.023940001,1.6958072703315716,0.07032551770032502,0.026785757558529966,0.026785757558530042
2023-12-08,0.0,-4951062.023940001,14662476.0,9711413.97606,9711413.97606,0.0,4951062.023940001,4951062.023940001,1.9614809770312194,0.26567370669964774,0.09855070487549034,0.09855070487549027
2023-12-11,0.0,-4951062.023940001,14120854.0,9169791.97606,9169791.97606,0.0,4951062.023940001,4951062.023940001,1.8520858619264033,-0.10939511510481603,-0.03693932730051863,-0.03693932730051869
2023-12-12,0.0,-4951062.023940001,13850044.0,8898981.97606,8898981.97606,0.0,4951062.023940001,4951062.023940001,1.7973885063508632,-0.05469735557554012,-0.019178018553268728,-0.019178018553268804
2023-12-13,0.0,-4951062.023940001,14004793.0,9053730.97606,9053730.97606,0.0,4951062.023940001,4951062.023940001,1.8286442246698296,0.03125571831896634,0.01117317750037472,0.011173177500374729
2023-12-14,0.0,-4951062.023940001,13966105.0,9015042.97606,9015042.97606,0.0,4951062.023940001,4951062.023940001,1.820830143607437,-0.007814081062392564,-0.002762482815704681,-0.0027624828157045947
2023-12-15,0.0,-4951062.023940001,13656607.0,8705544.97606,8705544.97606,0.0,4951062.023940001,4951062.023940001,1.7583187069695043,-0.06251143663793268,-0.022160652522661084,-0.022160652522661115
2023-12-18,0.0,-4951062.023940001,13385796.0,8434733.97606,8434733.97606,0.0,4951062.023940001,4951062.023940001,1.7036211494170963,-0.054697557552408016,-0.01983003538140904,-0.01983003538140916
2023-12-19,0.0,-4951062.023940001,13192360.0,8241297.976059999,8241297.976059999,0.0,4951062.023940001,4951062.023940001,1.6645515520126053,-0.03906959740449101,-0.014450840278755317,-0.014450840278755182
2023-12-20,0.0,-4951062.023940001,13037611.0,8086548.976059999,8086548.976059999,0.0,4951062.023940001,4951062.023940001,1.633295833693639,-0.03125571831896634,-0.011730198387551627,-0.011730198387551584
2023-12-21,0.0,-4951062.023940001,13114985.0,8163922.976059999,8163922.976059999,0.0,4951062.023940001,4951062.023940001,1.6489235918646883,0.015627758171049333,0.005934676222507429,0.005934676222507329
2023-12-22,0.0,-4951062.023940001,13540545.0,8589482.97606,8589482.97606,0.0,4951062.023940001,4951062.023940001,1.7348768677360626,0.08595327587137436,0.03244837870573236,0.03244837870573241
2023-12-25,0.0,-4951062.023940001,13385796.0,8434733.97606,8434733.97606,0.0,4951062.023940001,4951062.023940001,1.7036211494170963,-0.03125571831896634,-0.011428565098376642,-0.011428565098376763
2023-12-26,0.0,-4951062.023940001,13656607.0,8705544.97606,8705544.97606,0.0,4951062.023940001,4951062.023940001,1.7583187069695043,0.054697557552408016,0.02023122121388954,0.02023122121388971
2023-12-27,0.0,-4951062.023940001,13617920.0,8666857.97606,8666857.97606,0.0,4951062.023940001,4951062.023940001,1.7505048278839797,-0.007813879085524666,-0.0028328412760212363,-0.0028328412760211964
2023-12-28,0.0,-4951062.023940001,13308421.0,8357358.976059999,8357358.976059999,0.0,4951062.023940001,4951062.023940001,1.6879931892691793,-0.06251163861480036,-0.02272733280853445,-0.022727332808534638
2023-12-29,0.0,-4951062.023940001,13463170.0,8512107.97606,8512107.97606,0.0,4951062.023940001,4951062.023940001,1.7192489075881456,0.03125571831896634,0.011627900860665452,0.01162790086066559
2024-01-02,0.0,-4951062.023940001,12921549.0,7970486.976059999,7970486.976059999,0.0,4951062.023940001,4951062.023940001,1.6098539944601973,-0.10939491312794836,-0.0402298270021102,-0.040229827002110204
2024-01-03,0.0,-4951062.023940001,12689425.0,7738362.976059999,7738362.976059999,0.0,4951062.023940001,4951062.023940001,1.562970315993314,-0.04688367846688335,-0.017964100124528204,-0.017964100124528412
2024-01-04,0.0,-4951062.023940001,12612051.0,7660988.976059999,7660988.976059999,0.0,4951062.023940001,4951062.023940001,1.5473425578222646,-0.015627758171049333,-0.0060975182090601265,-0.006097518209059906
2024-01-05,0.0,-4951062.023940001,12805487.0,7854424.976059999,7854424.976059999,0.0,4951062.023940001,4951062.023940001,1.5864121552267556,0.03906959740449101,0.015337394369876911,0.015337394369876875
2024-01-08,0.0,-4951062.023940001,12882862.0,7931799.976059999,7931799.976059999,0.0,4951062.023940001,4951062.023940001,1.6020401153746726,0.01562796014791701,0.006042331697341918,0.006042331697341929
2024-01-09,0.0,-4951062.023940001,13076298.0,8125235.976059999,8125235.976059999,0.0,4951062.023940001,4951062.023940001,1.6411097127791636,0.03906959740449101,0.015014986576740608,0.01501498657674048
2024-01-10,0.0,-4951062.023940001,13850044.0,8898981.97606,8898981.97606,0.0,4951062.023940001,4951062.023940001,1.7973885063508632,0.1562787935716996,0.05917164016910603,0.05917164016910596
2024-01-11,0.0,-4951062.023940001,14391665.0,9440602.97606,9440602.97606,0.0,4951062.023940001,4951062.023940001,1.9067834194788114,0.10939491312794813,0.039106085150343306,0.0391060851503432
2024-01-12,0.0,-4951062.023940001,14004793.0,9053730.97606,9053730.97606,0.0,4951062.023940001,4951062.023940001,1.8286442246698296,-0.0781391948089818,-0.026881670744837383,-0.026881670744837376
2024-01-15,0.0,-4951062.023940001,13617920.0,8666857.97606,8666857.97606,0.0,4951062.023940001,4951062.023940001,1.7505048278839797,-0.07813939678584991,-0.02762432832816608,-0.027624328328165935
2024-01-16,0.0,-4951062.023940001,13424483.0,8473420.97606,8473420.97606,0.0,4951062.023940001,4951062.023940001,1.711435028502621,-0.03906979938135868,-0.01420459218441572,-0.014204592184415828
2024-01-17,0.0,-4951062.023940001,12998923.0,8047860.976059999,8047860.976059999,0.0,4951062.023940001,4951062.023940001,1.6254817526312466,-0.08595327587137436,-0.031700289687133454,-0.03170028968713357
2024-01-18,0.0,-4951062.023940001,13347109.0,8396046.97606,8396046.97606,0.0,4951062.023940001,4951062.023940001,1.6958072703315716,0.07032551770032502,0.026785757558529966,0.026785757558530042
2024-01-19,0.0,-4951062.023940001,12960236.0,8009173.976059999,8009173.976059999,0.0,4951062.023940001,4951062.023940001,1.617667873545722,-0.07813939678584969,-0.028985527877235406,-0.028985527877235438
2024-01-22,0.0,-4951062.023940001,13269734.0,8318671.976059999,8318671.976059999,0.0,4951062.023940001,4951062.023940001,1.6801793101836546,0.06251143663793268,0.02388058365603829,0.023880583656038363
2024-01-23,0.0,-4951062.023940001,13192360.0,8241297.976059999,8241297.976059999,0.0,4951062.023940001,4951062.023940001,1.6645515520126053,-0.015627758171049333,-0.005830862924607216,-0.00583086292460723
2024-01-24,0.0,-4951062.023940001,12844174.0,7893111.976059999,7893111.976059999,0.0,4951062.023940001,4951062.023940001,1.5942260343122803,-0.07032551770032502,-0.026393003223077693,-0.0263930032230776
2024-01-25,0.0,-4951062.023940001,12031741.0,7080678.976059999,7080678.976059999,0.0,4951062.023940001,4951062.023940001,1.4301333616550562,-0.16409267265722405,-0.06325303596790255,-0.06325303596790265
2024-01-26,0.0,-4951062.023940001,11954367.0,7003304.976059999,7003304.976059999,0.0,4951062.023940001,4951062.023940001,1.414505603484007,-0.015627758171049333,-0.006430823269882535,-0.006430823269882555
2024-01-29,0.0,-4951062.023940001,12070429.0,7119366.976059999,7119366.976059999,0.0,4951062.023940001,4951062.023940001,1.4379474427174486,0.023441839233441675,0.009708753294925598,0.009708753294925612
2024-01-30,0.0,-4951062.023940001,12109116.0,7158053.976059999,7158053.976059999,0.0,4951062.023940001,4951062.023940001,1.4457613218029732,0.007813879085524666,0.0032051056346049656,0.0032051056346050336
2024-01-31,0.0,-4951062.023940001,11954367.0,7003304.976059999,7003304.976059999,0.0,4951062.023940001,4951062.023940001,1.414505603484007,-0.03125571831896634,-0.012779545591932506,-0.012779545591932557
2024-02-01,0.0,-4951062.023940001,11954367.0,7003304.976059999,7003304.976059999,0.0,4951062.023940001,4951062.023940001,1.414505603484007,0.0,0.0,0.0
2024-02-02,0.0,-4951062.023940001,12302552.0,7351489.976059999,7351489.976059999,0.0,4951062.023940001,4951062.023940001,1.4848309192074642,0.07032531572345735,0.02912617623333813,0.02912617623333799
2024-02-05,0.0,-4951062.023940001,11103247.0,6152184.976059999,6152184.976059999,0.0,4951062.023940001,4951062.023940001,1.2425990517412582,-0.24223186746620606,-0.097484245545152,-0.09748424554515193
2024-02-15,0.0,-4951062.023940001,11296684.0,6345621.976059999,6345621.976059999,0.0,4951062.023940001,4951062.023940001,1.2816688511226169,0.03906979938135868,0.017421660528672334,0.01742166052867238
2024-02-16,0.0,-4951062.023940001,11760931.0,6809868.976059999,6809868.976059999,0.0,4951062.023940001,4951062.023940001,1.3754360060795159,0.09376715495689902,0.04109586494585504,0.041095864945854904
2024-02-19,0.0,-4951062.023940001,11799618.0,6848555.976059999,6848555.976059999,0.0,4951062.023940001,4951062.023940001,1.3832498851650405,0.007813879085524666,0.0032894504695248905,0.003289450469524904
2024-02-20,0.0,-4951062.023940001,12070429.0,7119366.976059999,7119366.976059999,0.0,4951062.023940001,4951062.023940001,1.4379474427174486,0.054697557552408016,0.022950827730185974,0.022950827730185842
2024-02-21,0.0,-4951062.023940001,11374058.0,6422995.976059999,6422995.976059999,0.0,4951062.023940001,4951062.023940001,1.2972966092936662,-0.14065083342378237,-0.05769231565837463,-0.057692315658374696
2024-02-22,0.0,-4951062.023940001,11335371.0,6384308.976059999,6384308.976059999,0.0,4951062.023940001,4951062.023940001,1.2894827302081415,-0.007813879085524666,-0.0034013366205800644,-0.0034013366205799195
2024-02-23,0.0,-4951062.023940001,11257996.0,6306933.976059999,6306933.976059999,0.0,4951062.023940001,4951062.023940001,1.2738547700602245,-0.01562796014791701,-0.00682597861155132,-0.0068259786115514
2024-02-26,0.0,-4951062.023940001,11180622.0,6229559.976059999,6229559.976059999,0.0,4951062.023940001,4951062.023940001,1.2582270118891752,-0.015627758171049333,-0.006872804005259914,-0.006872804005259906
2024-02-27,0.0,-4951062.023940001,11374058.0,6422995.976059999,6422995.976059999,0.0,4951062.023940001,4951062.023940001,1.2972966092936662,0.03906959740449101,0.01730100525713163,0.01730100525713149
2024-02-29,0.0,-4951062.023940001,12302552.0,7351489.976059999,7351489.976059999,0.0,4951062.023940001,4951062.023940001,1.4848309192074642,0.18753430991379805,0.08163260641013093,0.08163260641013084
2024-03-01,0.0,-4951062.023940001,12225178.0,7274115.976059999,7274115.976059999,0.0,4951062.023940001,4951062.023940001,1.469203161036415,-0.015627758171049333,-0.00628926421119802,-0.006289264211197807
2024-03-04,0.0,-4951062.023940001,11954367.0,7003304.976059999,7003304.976059999,0.0,4951062.023940001,4951062.023940001,1.414505603484007,-0.054697557552408016,-0.022151906499847995,-0.0221519064998481
2024-03-05,0.0,-4951062.023940001,12109116.0,7158053.976059999,7158053.976059999,0.0,4951062.023940001,4951062.023940001,1.4457613218029732,0.03125571831896634,0.012944976509421169,0.012944976509421202
2024-03-06,0.0,-4951062.023940001,11799618.0,6848555.976059999,6848555.976059999,0.0,4951062.023940001,4951062.023940001,1.3832498851650405,-0.06251143663793268,-0.025559091183865124,-0.025559091183865113
2024-03-07,0.0,-4951062.023940001,11993054.0,7041991.976059999,7041991.976059999,0.0,4951062.023940001,4951062.023940001,1.4223194825695316,0.03906959740449101,0.01639341205791589,0.016393412057915772
2024-03-08,0.0,-4951062.023940001,11528807.0,6577744.976059999,6577744.976059999,0.0,4951062.023940001,4951062.023940001,1.3285523276126325,-0.09376715495689902,-0.03870965643946922,-0.038709656439469046
2024-03-11,0.0,-4951062.023940001,11412745.0,6461682.976059999,6461682.976059999,0.0,4951062.023940001,4951062.023940001,1.3051104883791909,-0.023441839233441675,-0.010067130102880406,-0.01006713010288055
2024-03-12,0.0,-4951062.023940001,11180622.0,6229559.976059999,6229559.976059999,0.0,4951062.023940001,4951062.023940001,1.2582270118891752,-0.046883476490015674,-0.0203389281018721,-0.020338928101872072
2024-03-13,0.0,-4951062.023940001,10290814.0,5339751.976059999,5339751.976059999,0.0,4951062.023940001,4951062.023940001,1.0785063790840341,-0.17972063280514106,-0.07958483883991407,-0.07958483883991427
2024-03-14,0.0,-4951062.023940001,10368189.0,5417126.976059999,5417126.976059999,0.0,4951062.023940001,4951062.023940001,1.0941343392319511,0.01562796014791701,0.007518841561027001,0.007518841561027145
2024-03-15,0.0,-4951062.023940001,10368189.0,5417126.976059999,5417126.976059999,0.0,4951062.023940001,4951062.023940001,1.0941343392319511,0.0,0.0,0.0
2024-03-18,0.0,-4951062.023940001,10484251.0,5533188.976059999,5533188.976059999,0.0,4951062.023940001,4951062.023940001,1.1175761784653928,0.023441839233441675,0.011194047485052483,0.011194047485052597
2024-03-19,0.0,-4951062.023940001,10213440.0,5262377.976059999,5262377.976059999,0.0,4951062.023940001,4951062.023940001,1.0628786209129848,-0.054697557552408016,-0.025830266749622965,-0.02583026674962284
2024-03-20,0.0,-4951062.023940001,10020004.0,5068941.976059999,5068941.976059999,0.0,4951062.023940001,4951062.023940001,1.0238090235084938,-0.03906959740449101,-0.018939358335683054,-0.01893935833568318
2024-03-21,0.0,-4951062.023940001,10058691.0,5107628.976059999,5107628.976059999,0.0,4951062.023940001,4951062.023940001,1.0316229025940185,0.007813879085524666,0.0038609765026043075,0.0038609765026041904
2024-03-22,0.0,-4951062.023940001,10213440.0,5262377.976059999,5262377.976059999,0.0,4951062.023940001,4951062.023940001,1.0628786209129848,0.03125571831896634,0.015384606207706097,0.01538460620770635
2024-03-25,0.0,-4951062.023940001,10020004.0,5068941.976059999,5068941.976059999,0.0,4951062.023940001,4951062.023940001,1.0238090235084938,-0.03906959740449101,-0.018939358335683054,-0.01893935833568318
2024-03-26,0.0,-4951062.023940001,9787880.0,4836817.976059999,4836817.976059999,0.0,4951062.023940001,4951062.023940001,0.9769253450416104,-0.04688367846688335,-0.0231660586163438,-0.023166058616343865
2024-03-27,0.0,-4951062.023940001,9594443.0,4643380.976059999,4643380.976059999,0.0,4951062.023940001,4951062.023940001,0.9378555456602516,-0.039069799381358794,-0.019762910865274264,-0.019762910865274198
2024-03-28,0.0,-4951062.023940001,9439694.0,4488631.976059999,4488631.976059999,0.0,4951062.023940001,4951062.023940001,0.9065998273412853,-0.03125571831896634,-0.01612902385266135,-0.01612902385266138
2024-03-29,0.0,-4951062.023940001,9633130.0,4682067.976059999,4682067.976059999,0.0,4951062.023940001,4951062.023940001,0.9456694247457763,0.03906959740449101,0.02049176594071822,0.020491765940717995
2024-04-01,0.0,-4951062.023940001,10020004.0,5068941.976059999,5068941.976059999,0.0,4951062.023940001,4951062.023940001,1.0238090235084938,0.07813959876271748,0.040160778480099246,0.040160778480099406
2024-04-02,0.0,-4951062.023940001,10639000.0,5687937.976059999,5687937.976059999,0.0,4951062.023940001,4951062.023940001,1.1488318967843592,0.12502287327586536,0.061776023243104605,0.061776023243104494
2024-04-03,0.0,-4951062.023940001,10716374.0,5765311.976059999,5765311.976059999,0.0,4951062.023940001,4951062.023940001,1.1644596549554085,0.015627758171049333,0.007272676003383882,0.007272676003383776
2024-04-08,0.0,-4951062.023940001,10058691.0,5107628.976059999,5107628.976059999,0.0,4951062.023940001,4951062.023940001,1.0316229025940185,-0.13283675236139003,-0.061371784896644965,-0.061371784896645076
2024-04-09,0.0,-4951062.023940001,10174753.0,5223690.976059999,5223690.976059999,0.0,4951062.023940001,4951062.023940001,1.0550647418274601,0.023441839233441675,0.011538479509908273,0.011538479509908396
2024-04-10,0.0,-4951062.023940001,10213440.0,5262377.976059999,5262377.976059999,0.0,4951062.023940001,4951062.023940001,1.0628786209129848,0.007813879085524666,0.003802254462589749,0.0038022544625899027
2024-04-11,0.0,-4951062.023940001,10252127.0,5301064.976059999,5301064.976059999,0.0,4951062.023940001,4951062.023940001,1.0706924999985095,0.007813879085524666,0.0037878520850957997,0.003787852085095717
2024-04-12,0.0,-4951062.023940001,9710505.0,4759442.976059999,4759442.976059999,0.0,4951062.023940001,4951062.023940001,0.9612973848936933,-0.10939511510481614,-0.05283020781931391,-0.05283020781931398
2024-04-15,0.0,-4951062.023940001,8975447.0,4024384.9760599993,4024384.9760599993,0.0,4951062.023940001,4951062.023940001,0.8128326723843864,-0.14846471250930693,-0.07569719597487468,-0.07569719597487463
2024-04-16,0.0,-4951062.023940001,9168883.0,4217820.976059999,4217820.976059999,0.0,4951062.023940001,4951062.023940001,0.8519022697888773,0.0390695974044909,0.02155168427823151,0.02155168427823149
2024-04-17,0.0,-4951062.023940001,9284945.0,4333882.976059999,4333882.976059999,0.0,4951062.023940001,4951062.023940001,0.875344109022319,0.023441839233441675,0.01265824855655806,0.012658248556558088
2024-04-18,0.0,-4951062.023940001,9401007.0,4449944.976059999,4449944.976059999,0.0,4951062.023940001,4951062.023940001,0.8987859482557607,0.023441839233441786,0.012500020193980887,0.012500020193980686
2024-04-19,0.0,-4951062.023940001,8936760.0,3985697.9760599993,3985697.9760599993,0.0,4951062.023940001,4951062.023940001,0.8050187932988617,-0.09376715495689902,-0.049382688471564795,-0.0493826884715648
2024-04-22,0.0,-4951062.023940001,8549887.0,3598824.9760599993,3598824.9760599993,0.0,4951062.023940001,4951062.023940001,0.7268793965130119,-0.0781393967858498,-0.0432900738075096,-0.043290073807509655
2024-04-23,0.0,-4951062.023940001,8704636.0,3753573.9760599993,3753573.9760599993,0.0,4951062.023940001,4951062.023940001,0.7581351148319783,0.03125571831896634,0.018099537455875225,0.01809953745587515
2024-04-24,0.0,-4951062.023940001,9207571.0,4256508.976059999,4256508.976059999,0.0,4951062.023940001,4951062.023940001,0.8597163508512697,0.10158123601929148,0.057777832410223606,0.0577778324102237
2024-04-25,0.0,-4951062.023940001,9284945.0,4333882.976059999,4333882.976059999,0.0,4951062.023940001,4951062.023940001,0.875344109022319,0.015627758171049222,0.008403302021781744,0.008403302021781857
2024-04-26,0.0,-4951062.023940001,10213440.0,5262377.976059999,5262377.976059999,0.0,4951062.023940001,4951062.023940001,1.0628786209129848,0.18753451189066583,0.10000005385061517,0.10000005385061517
2024-04-29,0.0,-4951062.023940001,10522938.0,5571875.976059999,5571875.976059999,0.0,4951062.023940001,4951062.023940001,1.1253900575509175,0.06251143663793268,0.030303012501174953,0.03030301250117492
2024-04-30,0.0,-4951062.023940001,10600312.0,5649249.976059999,5649249.976059999,0.0,4951062.023940001,4951062.023940001,1.1410178157219668,0.015627758171049333,0.007352889468701829,0.007352889468701612
2024-05-02,0.0,-4951062.023940001,10639000.0,5687937.976059999,5687937.976059999,0.0,4951062.023940001,4951062.023940001,1.1488318967843592,0.007814081062392342,0.003649703895507894,0.0036497038955079814
2024-05-03,0.0,-4951062.023940001,10406876.0,5455813.976059999,5455813.976059999,0.0,4951062.023940001,4951062.023940001,1.1019482183174758,-0.04688367846688335,-0.02181821599774414,-0.02181821599774415
2024-05-06,0.0,-4951062.023940001,10445563.0,5494500.976059999,5494500.976059999,0.0,4951062.023940001,4951062.023940001,1.1097620974030005,0.007813879085524666,0.0037174460424049816,0.0037174460424050405
2024-05-07,0.0,-4951062.023940001,10174753.0,5223690.976059999,5223690.976059999,0.0,4951062.023940001,4951062.023940001,1.0550647418274601,-0.05469735557554034,-0.025925840474084527,-0.025925840474084548
2024-05-08,0.0,-4951062.023940001,10174753.0,5223690.976059999,5223690.976059999,0.0,4951062.023940001,4951062.023940001,1.0550647418274601,0.0,0.0,0.0
2024-05-09,0.0,-4951062.023940001,9865255.0,4914192.976059999,4914192.976059999,0.0,4951062.023940001,4951062.023940001,0.9925533051895276,-0.06251143663793257,-0.030418232265687406,-0.030418232265687434
2024-05-10,0.0,-4951062.023940001,9826567.0,4875504.976059999,4875504.976059999,0.0,4951062.023940001,4951062.023940001,0.9847392241271351,-0.007814081062392453,-0.003921642167384332,-0.003921642167384422
2024-05-13,0.0,-4951062.023940001,10329502.0,5378439.976059999,5378439.976059999,0.0,4951062.023940001,4951062.023940001,1.0863204601464265,0.10158123601929137,0.05118115003947965,0.051181150039479706
2024-05-14,0.0,-4951062.023940001,10600312.0,5649249.976059999,5649249.976059999,0.0,4951062.023940001,4951062.023940001,1.1410178157219668,0.05469735557554034,0.026217139993777172,0.026217139993777047
2024-05-15,0.0,-4951062.023940001,10909810.0,5958747.976059999,5958747.976059999,0.0,4951062.023940001,4951062.023940001,1.2035292523598995,0.06251143663793268,0.029197065142988254,0.029197065142988244
2024-05-16,0.0,-4951062.023940001,10987185.0,6036122.976059999,6036122.976059999,0.0,4951062.023940001,4951062.023940001,1.2191572125078165,0.01562796014791701,0.007092240836458208,0.007092240836458197
2024-05-17,0.0,-4951062.023940001,11064560.0,6113497.976059999,6113497.976059999,0.0,4951062.023940001,4951062.023940001,1.2347851726557335,0.01562796014791701,0.0070422951829789415,0.0070422951829790794
2024-05-20,0.0,-4951062.023940001,11296684.0,6345621.976059999,6345621.976059999,0.0,4951062.023940001,4951062.023940001,1.2816688511226169,0.04688367846688335,0.020979053843984463,0.020979053843984758
2024-05-21,0.0,-4951062.023940001,11103247.0,6152184.976059999,6152184.976059999,0.0,4951062.023940001,4951062.023940001,1.2425990517412582,-0.03906979938135868,-0.01712334345193678,-0.01712334345193687
2024-05-22,0.0,-4951062.023940001,11180622.0,6229559.976059999,6229559.976059999,0.0,4951062.023940001,4951062.023940001,1.2582270118891752,0.01562796014791701,0.00696868222421787,0.006968682224217835
2024-05-23,0.0,-4951062.023940001,11064560.0,6113497.976059999,6113497.976059999,0.0,4951062.023940001,4951062.023940001,1.2347851726557335,-0.023441839233441675,-0.010380638930463704,-0.010380638930463797
2024-05-24,0.0,-4951062.023940001,11335371.0,6384308.976059999,6384308.976059999,0.0,4951062.023940001,4951062.023940001,1.2894827302081415,0.054697557552408016,0.02447553269176539,0.02447553269176542
2024-05-27,0.0,-4951062.023940001,11567494.0,6616431.976059999,6616431.976059999,0.0,4951062.023940001,4951062.023940001,1.3363662066981572,0.046883476490015674,0.020477759395788775,0.020477759395788633
2024-05-28,0.0,-4951062.023940001,11838305.0,6887242.976059999,6887242.976059999,0.0,4951062.023940001,4951062.023940001,1.3910637642505652,0.054697557552408016,0.023411380200413223,0.02341138020041333
2024-05-29,0.0,-4951062.023940001,11838305.0,6887242.976059999,6887242.976059999,0.0,4951062.023940001,4951062.023940001,1.3910637642505652,0.0,0.0,0.0
2024-05-30,0.0,-4951062.023940001,11683556.0,6732493.976059999,6732493.976059999,0.0,4951062.023940001,4951062.023940001,1.3598080459315989,-0.03125571831896634,-0.013071888247514929,-0.013071888247515163
2024-05-31,0.0,-4951062.023940001,11257996.0,6306933.976059999,6306933.976059999,0.0,4951062.023940001,4951062.023940001,1.2738547700602245,-0.08595327587137436,-0.03642384219325012,-0.03642384219325007
2024-06-03,0.0,-4951062.023940001,12265828.0,7314765.976059999,7314765.976059999,0.0,4951062.023940001,4951062.023940001,1.4774135207134789,0.20355875065325435,0.08952143880669339,0.08952143880669348
2024-06-04,0.0,-4951062.023940001,11992387.0,7041324.976059999,7041324.976059999,0.0,4951062.023940001,4951062.023940001,1.4221847639986926,-0.05522875671478622,-0.022292910026131207,-0.022292910026131135
2024-06-05,0.0,-4951062.023940001,12343954.0,7392891.976059999,7392891.976059999,0.0,4951062.023940001,4951062.023940001,1.4931931654891322,0.07100840149043952,0.029315848462862393,0.029315848462862313
2024-06-06,0.0,-4951062.023940001,12070513.0,7119450.976059999,7119450.976059999,0.0,4951062.023940001,4951062.023940001,1.437964408774346,-0.05522875671478622,-0.022151816184668216,-0.02215181618466822
2024-06-07,0.0,-4951062.023940001,12539270.0,7588207.976059999,7588207.976059999,0.0,4951062.023940001,4951062.023940001,1.5326424794051332,0.09467807063078726,0.03883488630516374,0.038834886305163664
2024-06-11,0.0,-4951062.023940001,12187703.0,7236640.976059999,7236640.976059999,0.0,4951062.023940001,4951062.023940001,1.4616340779146935,-0.07100840149043974,-0.0280372780871615,-0.028037278087161374
2024-06-12,0.0,-4951062.023940001,12383018.0,7431955.976059999,7431955.976059999,0.0,4951062.023940001,4951062.023940001,1.5010831898538266,0.03944911193913314,0.016025579225223963,0.016025579225223983
2024-06-13,0.0,-4951062.023940001,12109576.0,7158513.976059999,7158513.976059999,0.0,4951062.023940001,4951062.023940001,1.4458542311621725,-0.05522895869165412,-0.022082015870444338,-0.022082015870444508
2024-06-14,0.0,-4951062.023940001,12226766.0,7275703.976059999,7275703.976059999,0.0,4951062.023940001,4951062.023940001,1.4695239003025202,0.023669669140347738,0.009677465173016708,0.009677465173016793
2024-06-17,0.0,-4951062.023940001,12031450.0,7080387.976059999,7080387.976059999,0.0,4951062.023940001,4951062.023940001,1.4300745863865192,-0.03944931391600104,-0.01597446127618707,-0.015974461276187013
2024-06-18,0.0,-4951062.023940001,13125218.0,8174155.976059999,8174155.976059999,0.0,4951062.023940001,4951062.023940001,1.6509904211531359,0.2209158347666167,0.09090907579718155,0.09090907579718155
2024-06-19,0.0,-4951062.023940001,12617397.0,7666334.976059999,7666334.976059999,0.0,4951062.023940001,4951062.023940001,1.5484223261576542,-0.1025680949954817,-0.03869048117905538,-0.038690481179055464
2024-06-20,0.0,-4951062.023940001,12695523.0,7744460.976059999,7744460.976059999,0.0,4951062.023940001,4951062.023940001,1.5642019709333075,0.0157796447756533,0.006191926908537537,0.006191926908537474
2024-06-21,0.0,-4951062.023940001,12734586.0,7783523.976059999,7783523.976059999,0.0,4951062.023940001,4951062.023940001,1.572091793321134,0.00788982238782654,0.0030769114435063027,0.0030769114435065022
2024-06-24,0.0,-4951062.023940001,12109576.0,7158513.976059999,7158513.976059999,0.0,4951062.023940001,4951062.023940001,1.4458542311621725,-0.12623756215896154,-0.04907972665935101,-0.049079726659351154
2024-06-25,0.0,-4951062.023940001,12383018.0,7431955.976059999,7431955.976059999,0.0,4951062.023940001,4951062.023940001,1.5010831898538266,0.05522895869165412,0.02258064196467302,0.022580641964673246
2024-06-26,0.0,-4951062.023940001,12304891.0,7353828.976059999,7353828.976059999,0.0,4951062.023940001,4951062.023940001,1.4853033431013056,-0.015779846752520976,-0.006309205074239488,-0.0063092050742395754
2024-06-27,0.0,-4951062.023940001,12031450.0,7080387.976059999,7080387.976059999,0.0,4951062.023940001,4951062.023940001,1.4300745863865192,-0.05522875671478644,-0.02222213914775839,-0.0222221391477584
2024-06-28,0.0,-4951062.023940001,12539270.0,7588207.976059999,7588207.976059999,0.0,4951062.023940001,4951062.023940001,1.5326424794051332,0.10256789301861402,0.04220771394969036,0.04220771394969019
2024-07-01,0.0,-4951062.023940001,12343954.0,7392891.976059999,7392891.976059999,0.0,4951062.023940001,4951062.023940001,1.4931931654891322,-0.03944931391600104,-0.01557634535343766,-0.01557634535343764
2024-07-02,0.0,-4951062.023940001,12031450.0,7080387.976059999,7080387.976059999,0.0,4951062.023940001,4951062.023940001,1.4300745863865192,-0.06311857910261298,-0.02531636135390658,-0.025316361353906535
2024-07-03,0.0,-4951062.023940001,12500207.0,7549144.976059999,7549144.976059999,0.0,4951062.023940001,4951062.023940001,1.5247526570173064,0.09467807063078726,0.03896097311629121,0.038960973116291056
2024-07-04,0.0,-4951062.023940001,12617397.0,7666334.976059999,7666334.976059999,0.0,4951062.023940001,4951062.023940001,1.5484223261576542,0.023669669140347738,0.009375044749258876,0.009375044749258953
2024-07-05,0.0,-4951062.023940001,12500207.0,7549144.976059999,7549144.976059999,0.0,4951062.023940001,4951062.023940001,1.5247526570173064,-0.023669669140347738,-0.009287969618456127,-0.009287969618456168
2024-07-08,0.0,-4951062.023940001,12109576.0,7158513.976059999,7158513.976059999,0.0,4951062.023940001,4951062.023940001,1.4458542311621725,-0.07889842585513396,-0.031249962500620954,-0.03124996250062099
2024-07-09,0.0,-4951062.023940001,12773649.0,7822586.976059999,7822586.976059999,0.0,4951062.023940001,4951062.023940001,1.5799816157089608,0.1341273845467883,0.054838666523088886,0.05483866652308884
2024-07-10,0.0,-4951062.023940001,12539270.0,7588207.976059999,7588207.976059999,0.0,4951062.023940001,4951062.023940001,1.5326424794051332,-0.04733913630382758,-0.018348633190093055,-0.018348633190093135
2024-07-11,0.0,-4951062.023940001,12461144.0,7510081.976059999,7510081.976059999,0.0,4951062.023940001,4951062.023940001,1.51686283462948,-0.0157796447756533,-0.006230506241591494,-0.006230506241591416
2024-07-12,0.0,-4951062.023940001,12304891.0,7353828.976059999,7353828.976059999,0.0,4951062.023940001,4951062.023940001,1.4853033431013056,-0.03155949152817428,-0.012539217908082878,-0.012539217908082918
2024-07-15,0.0,-4951062.023940001,12148639.0,7197576.976059999,7197576.976059999,0.0,4951062.023940001,4951062.023940001,1.453744053549999,-0.0315592895513066,-0.012698365227290509,-0.012698365227290514
2024-07-16,0.0,-4951062.023940001,12226766.0,7275703.976059999,7275703.976059999,0.0,4951062.023940001,4951062.023940001,1.4695239003025202,0.0157798467525212,0.006430926130902348,0.0064309261309024
2024-07-17,0.0,-4951062.023940001,11836134.0,6885071.976059999,6885071.976059999,0.0,4951062.023940001,4951062.023940001,1.3906252724705184,-0.07889862783200186,-0.03194892255237414,-0.031948922552374026
2024-07-18,0.0,-4951062.023940001,11484565.0,6533502.976059999,6533502.976059999,0.0,4951062.023940001,4951062.023940001,1.319616467026343,-0.07100880544417532,-0.029703026342892014,-0.029703026342892028
2024-07-19,0.0,-4951062.023940001,11250186.0,6299123.976059999,6299123.976059999,0.0,4951062.023940001,4951062.023940001,1.2722773307225155,-0.04733913630382758,-0.020408173927353723,-0.0204081739273538
2024-07-22,0.0,-4951062.023940001,11211123.0,6260060.976059999,6260060.976059999,0.0,4951062.023940001,4951062.023940001,1.264387508334689,-0.00788982238782654,-0.0034722092594734466,-0.0034722092594735767
2024-07-23,0.0,-4951062.023940001,11172060.0,6220997.976059999,6220997.976059999,0.0,4951062.023940001,4951062.023940001,1.2564976859468622,-0.007889822387826761,-0.0034843075042527705,-0.0034843075042526963
2024-07-26,0.0,-4951062.023940001,10429860.0,5478797.976059999,5478797.976059999,0.0,4951062.023940001,4951062.023940001,1.106590454647553,-0.14990723129930927,-0.06643358521167986,-0.06643358521167986
2024-07-29,0.0,-4951062.023940001,9414219.0,4463156.976059999,4463156.976059999,0.0,4951062.023940001,4951062.023940001,0.9014544666334574,-0.2051359880140955,-0.09737820066616432,-0.09737820066616426
2024-07-30,0.0,-4951062.023940001,8554829.0,3603766.9760599993,3603766.9760599993,0.0,4951062.023940001,4951062.023940001,0.7278775661938004,-0.173576900439657,-0.09128638286404855,-0.09128638286404853
2024-07-31,0.0,-4951062.023940001,8984524.0,4033461.9760599993,4033461.9760599993,0.0,4951062.023940001,4951062.023940001,0.8146660164136289,0.0867884502198285,0.050228356405487506,0.05022835640548747
2024-08-01,0.0,-4951062.023940001,8906398.0,3955335.9760599993,3955335.9760599993,0.0,4951062.023940001,4951062.023940001,0.7988863716379757,-0.01577964477565319,-0.008695619267086396,-0.00869561926708638
2024-08-02,0.0,-4951062.023940001,8281387.0,3330324.9760599993,3330324.9760599993,0.0,4951062.023940001,4951062.023940001,0.6726486075021463,-0.12623776413582943,-0.07017550753963608,-0.07017550753963611
2024-08-05,0.0,-4951062.023940001,7453249.0,2502186.9760599993,2502186.9760599993,0.0,4951062.023940001,4951062.023940001,0.5053838881357391,-0.1672647193664072,-0.0999999154730965,-0.09999991547309647
2024-08-06,0.0,-4951062.023940001,7359497.0,2408434.9760599993,2408434.9760599993,0.0,4951062.023940001,4951062.023940001,0.48644815282346093,-0.018935735312278157,-0.012578675420611862,-0.01257867542061187
2024-08-07,0.0,-4951062.023940001,7929819.0,2978756.9760599993,2978756.9760599993,0.0,4951062.023940001,4951062.023940001,0.6016400040348389,0.11519185121137793,0.07749469834691136,0.07749469834691149
2024-08-08,0.0,-4951062.023940001,7797004.0,2845941.9760599993,2845941.9760599993,0.0,4951062.023940001,4951062.023940001,0.5748144463347341,-0.026825557700104752,-0.016748805994184823,-0.016748805994184737
2024-08-09,0.0,-4951062.023940001,8086071.0,3135008.9760599993,3135008.9760599993,0.0,4951062.023940001,4951062.023940001,0.6331992935861454,0.05838484725141124,0.037074112056374675,0.037074112056374474
2024-08-12,0.0,-4951062.023940001,8281387.0,3330324.9760599993,3330324.9760599993,0.0,4951062.023940001,4951062.023940001,0.6726486075021463,0.03944931391600093,0.0241546234258887,0.02415462342588879
2024-08-13,0.0,-4951062.023940001,8203261.0,3252198.9760599993,3252198.9760599993,0.0,4951062.023940001,4951062.023940001,0.656868962726493,-0.0157796447756533,-0.009433926949676485,-0.009433926949676425
2024-08-14,0.0,-4951062.023940001,8476703.0,3525640.9760599993,3525640.9760599993,0.0,4951062.023940001,4951062.023940001,0.7120979214181472,0.05522895869165423,0.03333332926990851,0.03333332926990864
2024-08-15,0.0,-4951062.023940001,8711082.0,3760019.9760599993,3760019.9760599993,0.0,4951062.023940001,4951062.023940001,0.7594370577219747,0.04733913630382747,0.027649783176312726,0.02764978317631277
2024-08-16,0.0,-4951062.023940001,9023588.0,4072525.9760599993,4072525.9760599993,0.0,4951062.023940001,4951062.023940001,0.8225560407783233,0.06311898305634867,0.03587453315213884,0.03587453315213885
2024-08-19,0.0,-4951062.023940001,9218903.0,4267840.976059999,4267840.976059999,0.0,4951062.023940001,4951062.023940001,0.8620051527174565,0.03944911193913314,0.02164493768997411,0.02164493768997432
2024-08-20,0.0,-4951062.023940001,9218903.0,4267840.976059999,4267840.976059999,0.0,4951062.023940001,4951062.023940001,0.8620051527174565,0.0,0.0,0.0
2024-08-21,0.0,-4951062.023940001,9101713.0,4150650.9760599993,4150650.9760599993,0.0,4951062.023940001,4951062.023940001,0.8383354835771087,-0.023669669140347738,-0.012711924618362902,-0.012711924618362944
2024-08-22,0.0,-4951062.023940001,9179839.0,4228776.976059999,4228776.976059999,0.0,4951062.023940001,4951062.023940001,0.854115128352762,0.0157796447756533,0.008583658922227011,0.008583658922227058
2024-08-23,0.0,-4951062.023940001,8984524.0,4033461.9760599993,4033461.9760599993,0.0,4951062.023940001,4951062.023940001,0.8146660164136289,-0.03944911193913314,-0.021276516941092227,-0.02127651694109232
2024-08-26,0.0,-4951062.023940001,8828272.0,3877209.9760599993,3877209.9760599993,0.0,4951062.023940001,4951062.023940001,0.7831067268623224,-0.03155928955130649,-0.017391238534172793,-0.01739123853417276
2024-08-27,0.0,-4951062.023940001,8867335.0,3916272.9760599993,3916272.9760599993,0.0,4951062.023940001,4951062.023940001,0.7909965492501491,0.00788982238782665,0.004424761720073889,0.004424761720073871
2024-08-28,0.0,-4951062.023940001,8750145.0,3799082.9760599993,3799082.9760599993,0.0,4951062.023940001,4951062.023940001,0.7673268801098013,-0.023669669140347738,-0.01321592113075698,-0.013215921130756873
2024-08-29,0.0,-4951062.023940001,8632956.0,3681893.9760599993,3681893.9760599993,0.0,4951062.023940001,4951062.023940001,0.7436574129463215,-0.02366946716347984,-0.013392806633490073,-0.013392806633490073
2024-08-30,0.0,-4951062.023940001,8711082.0,3760019.9760599993,3760019.9760599993,0.0,4951062.023940001,4951062.023940001,0.7594370577219747,0.01577964477565319,0.009049739162344972,0.009049739162344856
2024-09-02,0.0,-4951062.023940001,8554829.0,3603766.9760599993,3603766.9760599993,0.0,4951062.023940001,4951062.023940001,0.7278775661938004,-0.03155949152817428,-0.01793726657606942,-0.017937266576069425
2024-09-03,0.0,-4951062.023940001,8359514.0,3408451.9760599993,3408451.9760599993,0.0,4951062.023940001,4951062.023940001,0.6884284542546674,-0.03944911193913303,-0.02283096482700009,-0.022830964827000047
2024-09-04,0.0,-4951062.023940001,7711065.0,2760002.9760599993,2760002.9760599993,0.0,4951062.023940001,4951062.023940001,0.5574567562907684,-0.13097169796389896,-0.07757017931903687,-0.07757017931903697
2024-09-05,0.0,-4951062.023940001,7695440.0,2744377.9760599993,2744377.9760599993,0.0,4951062.023940001,4951062.023940001,0.5543008677310113,-0.003155888559757125,-0.0020263089469483297,-0.0020263089469483137
2024-09-06,0.0,-4951062.023940001,7968883.0,3017820.9760599993,3017820.9760599993,0.0,4951062.023940001,4951062.023940001,0.6095300283995333,0.055229160668522015,0.035533120913164185,0.03553312091316416
2024-09-09,0.0,-4951062.023940001,7968883.0,3017820.9760599993,3017820.9760599993,0.0,4951062.023940001,4951062.023940001,0.6095300283995333,0.0,0.0,0.0
2024-09-10,0.0,-4951062.023940001,7804817.0,2853754.9760599993,2853754.9760599993,0.0,4951062.023940001,4951062.023940001,0.5763924916030465,-0.03313753679648679,-0.020588330886524564,-0.020588330886524498
2024-09-11,0.0,-4951062.023940001,7929819.0,2978756.9760599993,2978756.9760599993,0.0,4951062.023940001,4951062.023940001,0.6016400040348389,0.02524751243179235,0.016016006525201076,0.016016006525201038
2024-09-12,0.0,-4951062.023940001,8281387.0,3330324.9760599993,3330324.9760599993,0.0,4951062.023940001,4951062.023940001,0.6726486075021463,0.07100860346730742,0.044334933748172656,0.044334933748172566
2024-09-13,0.0,-4951062.023940001,8125134.0,3174071.9760599993,3174071.9760599993,0.0,4951062.023940001,4951062.023940001,0.6410891159739719,-0.03155949152817439,-0.01886797465207224,-0.01886797465207217
2024-09-16,0.0,-4951062.023940001,8164198.0,3213135.9760599993,3213135.9760599993,0.0,4951062.023940001,4951062.023940001,0.6489791403386663,0.007890024364694437,0.004807797631399158,0.004807797631399064
2024-09-18,0.0,-4951062.023940001,7797004.0,2845941.9760599993,2845941.9760599993,0.0,4951062.023940001,4951062.023940001,0.5748144463347341,-0.07416469400393222,-0.04497612625269498,-0.044976126252694995
2024-09-19,0.0,-4951062.023940001,7968883.0,3017820.9760599993,3017820.9760599993,0.0,4951062.023940001,4951062.023940001,0.6095300283995333,0.03471558206479919,0.02204423647852427,0.022044236478524316
2024-09-20,0.0,-4951062.023940001,8125134.0,3174071.9760599993,3174071.9760599993,0.0,4951062.023940001,4951062.023940001,0.6410891159739719,0.031559087574438593,0.019607641372071827,0.019607641372071844
2024-09-23,0.0,-4951062.023940001,8164198.0,3213135.9760599993,3213135.9760599993,0.0,4951062.023940001,4951062.023940001,0.6489791403386663,0.007890024364694437,0.004807797631399158,0.004807797631399064
2024-09-24,0.0,-4951062.023940001,8320450.0,3369387.9760599993,3369387.9760599993,0.0,4951062.023940001,4951062.023940001,0.6805384298899728,0.03155928955130649,0.019138683309738447,0.019138683309738447
2024-09-25,0.0,-4951062.023940001,9140776.0,4189713.9760599993,4189713.9760599993,0.0,4951062.023940001,4951062.023940001,0.8462253059649354,0.16568687607496257,0.09859154252474323,0.09859154252474325
2024-09-26,0.0,-4951062.023940001,8789208.0,3838145.9760599993,3838145.9760599993,0.0,4951062.023940001,4951062.023940001,0.775216702497628,-0.07100860346730742,-0.03846150480003008,-0.038461504800030105
2024-09-27,0.0,-4951062.023940001,8750145.0,3799082.9760599993,3799082.9760599993,0.0,4951062.023940001,4951062.023940001,0.7673268801098013,-0.00788982238782665,-0.004444427757313352,-0.004444427757313287
2024-09-30,0.0,-4951062.023940001,8593893.0,3642830.9760599993,3642830.9760599993,0.0,4951062.023940001,4951062.023940001,0.7357675905584948,-0.03155928955130649,-0.017857075511319986,-0.017857075511320097
2024-10-01,0.0,-4951062.023940001,8281387.0,3330324.9760599993,3330324.9760599993,0.0,4951062.023940001,4951062.023940001,0.6726486075021463,-0.06311898305634855,-0.036363729452996374,-0.03636372945299645
2024-10-04,0.0,-4951062.023940001,8125134.0,3174071.9760599993,3174071.9760599993,0.0,4951062.023940001,4951062.023940001,0.6410891159739719,-0.03155949152817439,-0.01886797465207224,-0.01886797465207217
2024-10-07,0.0,-4951062.023940001,8672019.0,3720956.9760599993,3720956.9760599993,0.0,4951062.023940001,4951062.023940001,0.7515472353341481,0.11045811936017624,0.06730781301576094,0.06730781301576072
2024-10-08,0.0,-4951062.023940001,9140776.0,4189713.9760599993,4189713.9760599993,0.0,4951062.023940001,4951062.023940001,0.8462253059649354,0.09467807063078726,0.054053963673280636,0.0540539636732807
2024-10-09,0.0,-4951062.023940001,9218903.0,4267840.976059999,4267840.976059999,0.0,4951062.023940001,4951062.023940001,0.8620051527174565,0.015779846752521087,0.008547086155486161,0.008547086155486142
2024-10-11,0.0,-4951062.023940001,9336092.0,4385029.976059999,4385029.976059999,0.0,4951062.023940001,4951062.023940001,0.8856746198809363,0.02366946716347984,0.01271181614558703,0.012711816145586953
2024-10-14,0.0,-4951062.023940001,9492345.0,4541282.976059999,4541282.976059999,0.0,4951062.023940001,4951062.023940001,0.9172341114091106,0.03155949152817428,0.016736446041877073,0.016736446041877052
2024-10-15,0.0,-4951062.023940001,9492345.0,4541282.976059999,4541282.976059999,0.0,4951062.023940001,4951062.023940001,0.9172341114091106,0.0,0.0,0.0
2024-10-16,0.0,-4951062.023940001,9453282.0,4502219.976059999,4502219.976059999,0.0,4951062.023940001,4951062.023940001,0.9093442890212841,-0.00788982238782654,-0.0041152107303303875,-0.004115210730330598
2024-10-17,0.0,-4951062.023940001,9492345.0,4541282.976059999,4541282.976059999,0.0,4951062.023940001,4951062.023940001,0.9172341114091106,0.00788982238782654,0.0041322156685899,0.00413221566859002
2024-10-18,0.0,-4951062.023940001,9375155.0,4424092.976059999,4424092.976059999,0.0,4951062.023940001,4951062.023940001,0.893564442268763,-0.023669669140347627,-0.012345737539037893,-0.012345737539038035
2024-10-21,0.0,-4951062.023940001,9882977.0,4931914.976059999,4931914.976059999,0.0,4951062.023940001,4951062.023940001,0.9961327392411125,0.10256829697234948,0.05416678444249734,0.054166784442497215
2024-10-22,0.0,-4951062.023940001,10000166.0,5049103.976059999,5049103.976059999,0.0,4951062.023940001,4951062.023940001,1.0198022064045924,0.02366946716347995,0.011857661917051843,0.011857661917051917
2024-10-23,0.0,-4951062.023940001,10273608.0,5322545.976059999,5322545.976059999,0.0,4951062.023940001,4951062.023940001,1.0750311650962465,0.05522895869165412,0.027343746093814847,0.027343746093814843
2024-10-24,0.0,-4951062.023940001,10000166.0,5049103.976059999,5049103.976059999,0.0,4951062.023940001,4951062.023940001,1.0198022064045924,-0.05522895869165412,-0.026615965880730452,-0.026615965880730508
2024-10-25,0.0,-4951062.023940001,10039229.0,5088166.976059999,5088166.976059999,0.0,4951062.023940001,4951062.023940001,1.027692028792419,0.00788982238782654,0.0039062351564964626,0.0039062351564964023
2024-10-28,0.0,-4951062.023940001,9843913.0,4892850.976059999,4892850.976059999,0.0,4951062.023940001,4951062.023940001,0.988242714876418,-0.03944931391600093,-0.019455278886456373,-0.01945527888645632
2024-10-29,0.0,-4951062.023940001,9648598.0,4697535.976059999,4697535.976059999,0.0,4951062.023940001,4951062.023940001,0.948793602937285,-0.03944911193913303,-0.019841195264525435,-0.019841195264525397
2024-10-30,0.0,-4951062.023940001,9648598.0,4697535.976059999,4697535.976059999,0.0,4951062.023940001,4951062.023940001,0.948793602937285,0.0,0.0,0.0
2024-11-01,0.0,-4951062.023940001,9218903.0,4267840.976059999,4267840.976059999,0.0,4951062.023940001,4951062.023940001,0.8620051527174565,-0.0867884502198285,-0.044534449460947645,-0.04453444946094759
2024-11-04,0.0,-4951062.023940001,9648598.0,4697535.976059999,4697535.976059999,0.0,4951062.023940001,4951062.023940001,0.948793602937285,0.0867884502198285,0.04661020947937078,0.046610209479370814
2024-11-05,0.0,-4951062.023940001,9492345.0,4541282.976059999,4541282.976059999,0.0,4951062.023940001,4951062.023940001,0.9172341114091106,-0.03155949152817439,-0.016194373524526684,-0.01619437352452657
2024-11-06,0.0,-4951062.023940001,9804850.0,4853787.976059999,4853787.976059999,0.0,4951062.023940001,4951062.023940001,0.9803528924885914,0.06311878107948077,0.03292179119069116,0.032921791190691024
2024-11-07,0.0,-4951062.023940001,10039229.0,5088166.976059999,5088166.976059999,0.0,4951062.023940001,4951062.023940001,1.027692028792419,0.04733913630382758,0.02390439425386437,0.023904394253864158
2024-11-08,0.0,-4951062.023940001,10000166.0,5049103.976059999,5049103.976059999,0.0,4951062.023940001,4951062.023940001,1.0198022064045924,-0.00788982238782654,-0.003891035855442704,-0.003891035855442684
2024-11-11,0.0,-4951062.023940001,9882977.0,4931914.976059999,4931914.976059999,0.0,4951062.023940001,4951062.023940001,0.9961327392411125,-0.02366946716347995,-0.011718705469489166,-0.011718705469489207
2024-11-12,0.0,-4951062.023940001,9726724.0,4775661.976059999,4775661.976059999,0.0,4951062.023940001,4951062.023940001,0.9645732477129382,-0.03155949152817428,-0.015810317073489122,-0.01581031707348909
2024-11-13,0.0,-4951062.023940001,9336092.0,4385029.976059999,4385029.976059999,0.0,4951062.023940001,4951062.023940001,0.8856746198809363,-0.07889862783200186,-0.040160695420164205,-0.04016069542016407
2024-11-14,0.0,-4951062.023940001,9609534.0,4658471.976059999,4658471.976059999,0.0,4951062.023940001,4951062.023940001,0.9409035785725904,0.05522895869165412,0.02928870023988628,0.02928870023988624
2024-11-15,0.0,-4951062.023940001,9531408.0,4580345.976059999,4580345.976059999,0.0,4951062.023940001,4951062.023940001,0.9251239337969372,-0.01577964477565319,-0.008130050843256242,-0.008130050843256291
2024-11-18,0.0,-4951062.023940001,9218903.0,4267840.976059999,4267840.976059999,0.0,4951062.023940001,4951062.023940001,0.8620051527174565,-0.06311878107948077,-0.03278686632657002,-0.03278686632657001
2024-11-19,0.0,-4951062.023940001,9726724.0,4775661.976059999,4775661.976059999,0.0,4951062.023940001,4951062.023940001,0.9645732477129382,0.1025680949954817,0.055084753576428946,0.05508475357642878
2024-11-20,0.0,-4951062.023940001,9492345.0,4541282.976059999,4541282.976059999,0.0,4951062.023940001,4951062.023940001,0.9172341114091106,-0.04733913630382758,-0.024096396690191035,-0.02409639669019086
2024-11-21,0.0,-4951062.023940001,9882977.0,4931914.976059999,4931914.976059999,0.0,4951062.023940001,4951062.023940001,0.9961327392411125,0.07889862783200186,0.04115231799939867,0.04115231799939846
2024-11-22,0.0,-4951062.023940001,9726724.0,4775661.976059999,4775661.976059999,0.0,4951062.023940001,4951062.023940001,0.9645732477129382,-0.03155949152817428,-0.015810317073489122,-0.01581031707348909
2024-11-25,0.0,-4951062.023940001,9961103.0,5010040.976059999,5010040.976059999,0.0,4951062.023940001,4951062.023940001,1.0119123840167656,0.04733913630382747,0.024096396690190813,0.02409639669019086
2024-11-26,0.0,-4951062.023940001,9531408.0,4580345.976059999,4580345.976059999,0.0,4951062.023940001,4951062.023940001,0.9251239337969372,-0.0867884502198284,-0.0431372911212744,-0.04313729112127442
2024-11-27,0.0,-4951062.023940001,9218903.0,4267840.976059999,4267840.976059999,0.0,4951062.023940001,4951062.023940001,0.8620051527174565,-0.06311878107948077,-0.03278686632657002,-0.03278686632657001
2024-11-28,0.0,-4951062.023940001,8984524.0,4033461.9760599993,4033461.9760599993,0.0,4951062.023940001,4951062.023940001,0.8146660164136289,-0.04733913630382758,-0.02542374076394982,-0.025423740763949897
2024-11-29,0.0,-4951062.023940001,9297029.0,4345966.976059999,4345966.976059999,0.0,4951062.023940001,4951062.023940001,0.8777847974931097,0.06311878107948077,0.03478258837084747,0.034782588370847474
2024-12-02,0.0,-4951062.023940001,9179839.0,4228776.976059999,4228776.976059999,0.0,4951062.023940001,4951062.023940001,0.854115128352762,-0.023669669140347627,-0.012605102124560452,-0.012605102124560438
2024-12-03,0.0,-4951062.023940001,9297029.0,4345966.976059999,4345966.976059999,0.0,4951062.023940001,4951062.023940001,0.8777847974931097,0.023669669140347627,0.012766019099027748,0.012766019099027772
2024-12-04,0.0,-4951062.023940001,9492345.0,4541282.976059999,4541282.976059999,0.0,4951062.023940001,4951062.023940001,0.9172341114091106,0.03944931391600093,0.021008431833438257,0.021008431833438403
2024-12-05,0.0,-4951062.023940001,9570471.0,4619408.976059999,4619408.976059999,0.0,4951062.023940001,4951062.023940001,0.9330137561847639,0.0157796447756533,0.008230421460661441,0.008230421460661197
2024-12-06,0.0,-4951062.023940001,9531408.0,4580345.976059999,4580345.976059999,0.0,4951062.023940001,4951062.023940001,0.9251239337969372,-0.00788982238782665,-0.004081617299712903,-0.004081617299712835
2024-12-09,0.0,-4951062.023940001,9570471.0,4619408.976059999,4619408.976059999,0.0,4951062.023940001,4951062.023940001,0.9330137561847639,0.00788982238782665,0.004098345176284601,0.0040983451762845536
2024-12-10,0.0,-4951062.023940001,9922040.0,4970977.976059999,4970977.976059999,0.0,4951062.023940001,4951062.023940001,1.004022561628939,0.0710088054441752,0.03673476467354608,0.03673476467354637
2024-12-11,0.0,-4951062.023940001,9765787.0,4814724.976059999,4814724.976059999,0.0,4951062.023940001,4951062.023940001,0.9724630701007648,-0.03155949152817428,-0.015748071969070798,-0.015748071969070878
2024-12-12,0.0,-4951062.023940001,10351734.0,5400671.976059999,5400671.976059999,0.0,4951062.023940001,4951062.023940001,1.0908108098718998,0.118347739771135,0.05999997747237362,0.059999977472373706
2024-12-13,0.0,-4951062.023940001,10351734.0,5400671.976059999,5400671.976059999,0.0,4951062.023940001,4951062.023940001,1.0908108098718998,0.0,0.0,0.0
2024-12-16,0.0,-4951062.023940001,10664239.0,5713176.976059999,5713176.976059999,0.0,4951062.023940001,4951062.023940001,1.1539295909513805,0.06311878107948066,0.0301886621120675,0.03018866211206741
2024-12-17,0.0,-4951062.023940001,11601755.0,6650692.976059999,6650692.976059999,0.0,4951062.023940001,4951062.023940001,1.3432861361666908,0.1893565452153103,0.08791213325207736,0.08791213325207733
2024-12-18,0.0,-4951062.023940001,11172060.0,6220997.976059999,6220997.976059999,0.0,4951062.023940001,4951062.023940001,1.2564976859468622,-0.08678845021982862,-0.03703706896068737,-0.03703706896068741
2024-12-19,0.0,-4951062.023940001,10859555.0,5908492.976059999,5908492.976059999,0.0,4951062.023940001,4951062.023940001,1.1933789048673815,-0.06311878107948066,-0.027972012323600137,-0.027972012323600123
2024-12-20,0.0,-4951062.023940001,10547050.0,5595987.976059999,5595987.976059999,0.0,4951062.023940001,4951062.023940001,1.1302601237879006,-0.06311878107948088,-0.028776961855251026,-0.028776961855250974
2024-12-23,0.0,-4951062.023940001,10586113.0,5635050.976059999,5635050.976059999,0.0,4951062.023940001,4951062.023940001,1.1381499461757274,0.007889822387826761,0.003703689657297504,0.003703689657297538
2024-12-24,0.0,-4951062.023940001,10312671.0,5361608.976059999,5361608.976059999,0.0,4951062.023940001,4951062.023940001,1.082920987484073,-0.05522895869165434,-0.025830255165423033,-0.025830255165422852
2024-12-25,0.0,-4951062.023940001,10312671.0,5361608.976059999,5361608.976059999,0.0,4951062.023940001,4951062.023940001,1.082920987484073,0.0,0.0,0.0
2024-12-26,0.0,-4951062.023940001,10507987.0,5556924.976059999,5556924.976059999,0.0,4951062.023940001,4951062.023940001,1.122370301400074,0.03944931391600104,0.01893941928332632,0.01893941928332631
2024-12-27,0.0,-4951062.023940001,10781429.0,5830366.976059999,5830366.976059999,0.0,4951062.023940001,4951062.023940001,1.1775992600917282,0.05522895869165412,0.02602230094117952,0.026022300941179313
2024-12-30,0.0,-4951062.023940001,10351734.0,5400671.976059999,5400671.976059999,0.0,4951062.023940001,4951062.023940001,1.0908108098718998,-0.0867884502198284,-0.03985510640565382,-0.03985510640565365
2024-12-31,0.0,-4951062.023940001,10625176.0,5674113.976059999,5674113.976059999,0.0,4951062.023940001,4951062.023940001,1.146039768563554,0.05522895869165412,0.02641509142333076,0.026415091423330622
2025-01-02,0.0,-4951062.023940001,10039229.0,5088166.976059999,5088166.976059999,0.0,4951062.023940001,4951062.023940001,1.027692028792419,-0.118347739771135,-0.05514703944668775,-0.05514703944668775
2025-01-03,0.0,-4951062.023940001,9922040.0,4970977.976059999,4970977.976059999,0.0,4951062.023940001,4951062.023940001,1.004022561628939,-0.02366946716347984,-0.011673107566328222,-0.011673107566328052
2025-01-06,0.0,-4951062.023940001,10468924.0,5517861.976059999,5517861.976059999,0.0,4951062.023940001,4951062.023940001,1.1144804790122476,0.11045791738330846,0.055118100713160034,0.05511810071315979
2025-01-07,0.0,-4951062.023940001,10468924.0,5517861.976059999,5517861.976059999,0.0,4951062.023940001,4951062.023940001,1.1144804790122476,0.0,0.0,0.0
2025-01-08,0.0,-4951062.023940001,10078293.0,5127230.976059999,5127230.976059999,0.0,4951062.023940001,4951062.023940001,1.0355820531571134,-0.07889842585513418,-0.0373133857882626,-0.03731338578826248
2025-01-09,0.0,-4951062.023940001,10117355.0,5166292.976059999,5166292.976059999,0.0,4951062.023940001,4951062.023940001,1.0434716735680722,0.007889620410958864,0.0038758547702475443,0.0038758547702473028
2025-01-10,0.0,-4951062.023940001,9922040.0,4970977.976059999,4970977.976059999,0.0,4951062.023940001,4951062.023940001,1.004022561628939,-0.03944911193913314,-0.019304946796865563,-0.019304946796865386
2025-01-13,0.0,-4951062.023940001,9218903.0,4267840.976059999,4267840.976059999,0.0,4951062.023940001,4951062.023940001,0.8620051527174565,-0.14201740891148262,-0.07086617268223061,-0.07086617268223067
2025-01-14,0.0,-4951062.023940001,9414219.0,4463156.976059999,4463156.976059999,0.0,4951062.023940001,4951062.023940001,0.9014544666334574,0.03944931391600093,0.02118646871542107,0.021186468715420913
2025-01-15,0.0,-4951062.023940001,9336092.0,4385029.976059999,4385029.976059999,0.0,4951062.023940001,4951062.023940001,0.8856746198809363,-0.015779846752521087,-0.008298829674559416,-0.008298829674559301
2025-01-16,0.0,-4951062.023940001,9804850.0,4853787.976059999,4853787.976059999,0.0,4951062.023940001,4951062.023940001,0.9803528924885914,0.09467827260765505,0.05020923101443309,0.05020923101443302
2025-01-17,0.0,-4951062.023940001,9570471.0,4619408.976059999,4619408.976059999,0.0,4951062.023940001,4951062.023940001,0.9330137561847639,-0.04733913630382747,-0.023904394253864036,-0.023904394253864158
2025-01-20,0.0,-4951062.023940001,10351734.0,5400671.976059999,5400671.976059999,0.0,4951062.023940001,4951062.023940001,1.0908108098718998,0.15779705368713592,0.08163265945845288,0.08163265945845298
2025-01-21,0.0,-4951062.023940001,10390797.0,5439734.976059999,5439734.976059999,0.0,4951062.023940001,4951062.023940001,1.0987006322597264,0.00788982238782654,0.0037735706887369602,0.0037735706887367854
2025-01-22,0.0,-4951062.023940001,10312671.0,5361608.976059999,5361608.976059999,0.0,4951062.023940001,4951062.023940001,1.082920987484073,-0.0157796447756533,-0.007518768772020179,-0.007518768772020086
2025-02-03,0.0,-4951062.023940001,10000166.0,5049103.976059999,5049103.976059999,0.0,4951062.023940001,4951062.023940001,1.0198022064045924,-0.06311878107948066,-0.030303012672468488,-0.030303012672468654
2025-02-04,0.0,-4951062.023940001,10273608.0,5322545.976059999,5322545.976059999,0.0,4951062.023940001,4951062.023940001,1.0750311650962465,0.05522895869165412,0.027343746093814847,0.027343746093814843
2025-02-05,0.0,-4951062.023940001,10547050.0,5595987.976059999,5595987.976059999,0.0,4951062.023940001,4951062.023940001,1.1302601237879006,0.05522895869165412,0.026615965880730563,0.026615965880730508
2025-02-06,0.0,-4951062.023940001,10351734.0,5400671.976059999,5400671.976059999,0.0,4951062.023940001,4951062.023940001,1.0908108098718998,-0.03944931391600082,-0.018518543099729334,-0.018518543099729307
2025-02-07,0.0,-4951062.023940001,10781429.0,5830366.976059999,5830366.976059999,0.0,4951062.023940001,4951062.023940001,1.1775992600917282,0.0867884502198284,0.041509470780451085,0.04150947078045089
2025-02-10,0.0,-4951062.023940001,10429860.0,5478797.976059999,5478797.976059999,0.0,4951062.023940001,4951062.023940001,1.106590454647553,-0.07100880544417532,-0.032608757150837775,-0.032608757150837796
2025-02-11,0.0,-4951062.023940001,10547050.0,5595987.976059999,5595987.976059999,0.0,4951062.023940001,4951062.023940001,1.1302601237879006,0.023669669140347738,0.01123600892054144,0.011236008920541598
2025-02-12,0.0,-4951062.023940001,10429860.0,5478797.976059999,5478797.976059999,0.0,4951062.023940001,4951062.023940001,1.106590454647553,-0.023669669140347738,-0.011111163785134104,-0.011111163785134232
2025-02-13,0.0,-4951062.023940001,10429860.0,5478797.976059999,5478797.976059999,0.0,4951062.023940001,4951062.023940001,1.106590454647553,0.0,0.0,0.0
2025-02-14,0.0,-4951062.023940001,10312671.0,5361608.976059999,5361608.976059999,0.0,4951062.023940001,4951062.023940001,1.082920987484073,-0.02366946716347984,-0.011235913041977796,-0.011235913041977554
2025-02-17,0.0,-4951062.023940001,11054871.0,6103808.976059999,6103808.976059999,0.0,4951062.023940001,4951062.023940001,1.2328282187833823,0.14990723129930927,0.07196971570216881,0.07196971570216872
2025-02-18,0.0,-4951062.023940001,11328313.0,6377250.976059999,6377250.976059999,0.0,4951062.023940001,4951062.023940001,1.2880571774750367,0.05522895869165434,0.02473497881612574,0.024734978816125488
2025-02-19,0.0,-4951062.023940001,11093934.0,6142871.976059999,6142871.976059999,0.0,4951062.023940001,4951062.023940001,1.240718041171209,-0.04733913630382758,-0.02068966491303703,-0.02068966491303692
2025-02-20,0.0,-4951062.023940001,11054871.0,6103808.976059999,6103808.976059999,0.0,4951062.023940001,4951062.023940001,1.2328282187833823,-0.007889822387826761,-0.003521113430096201,-0.003521113430096123
2025-02-21,0.0,-4951062.023940001,10976745.0,6025682.976059999,6025682.976059999,0.0,4951062.023940001,4951062.023940001,1.2170485740077293,-0.01577964477565308,-0.007067110959503409,-0.007067110959503734
2025-02-24,0.0,-4951062.023940001,11054871.0,6103808.976059999,6103808.976059999,0.0,4951062.023940001,4951062.023940001,1.2328282187833823,0.01577964477565308,0.0071174104891746914,0.00711741048917507
2025-02-25,0.0,-4951062.023940001,11015808.0,6064745.976059999,6064745.976059999,0.0,4951062.023940001,4951062.023940001,1.2249383963955558,-0.00788982238782654,-0.00353355547975176,-0.003533555479751867
2025-02-26,0.0,-4951062.023940001,10898618.0,5947555.976059999,5947555.976059999,0.0,4951062.023940001,4951062.023940001,1.201268727255208,-0.023669669140347738,-0.01063834809030817,-0.010638348090308038
2025-02-27,0.0,-4951062.023940001,10468924.0,5517861.976059999,5517861.976059999,0.0,4951062.023940001,4951062.023940001,1.1144804790122476,-0.0867882482429605,-0.03942646673183681,-0.03942646673183701
2025-03-03,0.0,-4951062.023940001,10312671.0,5361608.976059999,5361608.976059999,0.0,4951062.023940001,4951062.023940001,1.082920987484073,-0.0315594915281745,-0.01492541162778549,-0.014925411627785243
2025-03-04,0.0,-4951062.023940001,10039229.0,5088166.976059999,5088166.976059999,0.0,4951062.023940001,4951062.023940001,1.027692028792419,-0.05522895869165412,-0.026515148209421024,-0.026515148209421205
2025-03-05,0.0,-4951062.023940001,10273608.0,5322545.976059999,5322545.976059999,0.0,4951062.023940001,4951062.023940001,1.0750311650962465,0.04733913630382758,0.023346314741898855,0.023346314741899004
2025-03-06,0.0,-4951062.023940001,10429860.0,5478797.976059999,5478797.976059999,0.0,4951062.023940001,4951062.023940001,1.106590454647553,0.03155928955130638,0.015209067739395898,0.015209067739395935
2025-03-07,0.0,-4951062.023940001,10078293.0,5127230.976059999,5127230.976059999,0.0,4951062.023940001,4951062.023940001,1.0355820531571134,-0.07100840149043952,-0.033707739125932834,-0.03370773912593266
2025-03-10,0.0,-4951062.023940001,9804850.0,4853787.976059999,4853787.976059999,0.0,4951062.023940001,4951062.023940001,0.9803528924885914,-0.055229160668522015,-0.02713187640010062,-0.02713187640010069
2025-03-11,0.0,-4951062.023940001,9453282.0,4502219.976059999,4502219.976059999,0.0,4951062.023940001,4951062.023940001,0.9093442890212841,-0.07100860346730731,-0.03585654038562536,-0.03585654038562548
2025-03-12,0.0,-4951062.023940001,9453282.0,4502219.976059999,4502219.976059999,0.0,4951062.023940001,4951062.023940001,0.9093442890212841,0.0,0.0,0.0
2025-03-13,0.0,-4951062.023940001,9179839.0,4228776.976059999,4228776.976059999,0.0,4951062.023940001,4951062.023940001,0.854115128352762,-0.055229160668522015,-0.028925721246864433,-0.028925721246864315
2025-03-14,0.0,-4951062.023940001,9414219.0,4463156.976059999,4463156.976059999,0.0,4951062.023940001,4951062.023940001,0.9014544666334574,0.047339338280695364,0.025532038198055496,0.025532038198055544
2025-03-17,0.0,-4951062.023940001,9375155.0,4424092.976059999,4424092.976059999,0.0,4951062.023940001,4951062.023940001,0.893564442268763,-0.007890024364694437,-0.0041494679484299635,-0.004149467948429923
2025-03-18,0.0,-4951062.023940001,9336092.0,4385029.976059999,4385029.976059999,0.0,4951062.023940001,4951062.023940001,0.8856746198809363,-0.00788982238782665,-0.00416665111136838,-0.004166651111368292
2025-03-19,9336092.1731,0.0,0.0,4385030.14916,0.0,4385030.14916,-0.0,4951062.023940001,0.8856746548431322,3.496219591614391e-08,1.8540948554246484e-08,1.85409484233188e-08
