,cashflow,entry_cost,market_value,profit_loss,unrealized,realized,position,invest,PNL/COST,return,return_pct,value_pct
2022-11-13,0.0,0.0,0.0,0.0,0.0,0.0,0.0,0.0,,,,
2022-11-14,-4784835.688475,-4784835.688475,4947160.0,162324.31152500026,162324.31152500026,0.0,4784835.688475,4784835.688475,0.033924741013778785,0.033924741013778785,0.03392474101377885,0.033924741013778785
2022-11-15,0.0,-4784835.688475,4947160.0,162324.31152500026,162324.31152500026,0.0,4784835.688475,4784835.688475,0.033924741013778785,0.0,0.0,0.0
2022-11-16,0.0,-4784835.688475,4975701.0,190865.31152500026,190865.31152500026,0.0,4784835.688475,4784835.688475,0.039889627136983664,0.005964886123204879,0.00576916857348464,0.005769168573484585
2022-11-17,0.0,-4784835.688475,5061325.0,276489.31152500026,276489.31152500026,0.0,4784835.688475,4784835.688475,0.0577844945001908,0.017894867363207133,0.017208429525809477,0.01720842952580953
2022-11-18,0.0,-4784835.688475,5346738.0,561902.3115250003,561902.3115250003,0.0,4784835.688475,4784835.688475,0.11743398271301707,0.05964948821282627,0.05639096481652528,0.056390964816525314
2022-11-21,5375279.6683249995,0.0,0.0,590443.9798499999,0.0,590443.9798499999,-0.0,4784835.688475,0.12339900851186457,0.005965025798847501,0.005338146048113668,0.005338146048113752
2022-11-22,-5225041.0885499995,-5225041.0885499995,5013757.0,379159.89130000037,-211284.08854999952,590443.9798499999,5225041.0885499995,4784835.688475,0.03787857730379466,-0.04415702070165317,-0.039306622461904084,-0.03930662246190404
2022-11-23,5127921.094974999,0.0,0.0,493323.98627499986,0.0,493323.98627499986,-0.0,4784835.688475,0.049283722193992775,0.023859564341985856,0.02210770578931709,0.02210770578931706
2022-11-24,0.0,0.0,0.0,493323.98627499986,0.0,493323.98627499986,-0.0,4784835.688475,0.049283722193992775,0.0,0.0,0.0
2022-11-25,-5003980.8259275,-5003980.8259275,4606567.0,95910.16034750018,-397413.8259274997,493323.98627499986,5003980.8259275,4784835.688475,0.00638810909786698,-0.08305694318505669,-0.07529401352306042,-0.07529401352306062
2022-11-28,4512380.866717501,0.0,0.0,1724.0270650004386,0.0,1724.0270650004386,-0.0,4784835.688475,0.00011482905397087328,-0.019684298357279285,-0.019297487761060772,-0.019297487761060644
2022-11-29,0.0,0.0,0.0,1724.0270650004386,0.0,1724.0270650004386,-0.0,4784835.688475,0.00011482905397087328,0.0,0.0,0.0
2022-11-30,0.0,0.0,0.0,1724.0270650004386,0.0,1724.0270650004386,-0.0,4784835.688475,0.00011482905397087328,0.0,0.0,0.0
2022-12-01,0.0,0.0,0.0,1724.0270650004386,0.0,1724.0270650004386,-0.0,4784835.688475,0.00011482905397087328,0.0,0.0,0.0
2022-12-02,0.0,0.0,0.0,1724.0270650004386,0.0,1724.0270650004386,-0.0,4784835.688475,0.00011482905397087328,0.0,0.0,0.0
2022-12-05,0.0,0.0,0.0,1724.0270650004386,0.0,1724.0270650004386,-0.0,4784835.688475,0.00011482905397087328,0.0,0.0,0.0
2022-12-06,0.0,0.0,0.0,1724.0270650004386,0.0,1724.0270650004386,-0.0,4784835.688475,0.00011482905397087328,0.0,0.0,0.0
2022-12-07,0.0,0.0,0.0,1724.0270650004386,0.0,1724.0270650004386,-0.0,4784835.688475,0.00011482905397087328,0.0,0.0,0.0
2022-12-08,0.0,0.0,0.0,1724.0270650004386,0.0,1724.0270650004386,-0.0,4784835.688475,0.00011482905397087328,0.0,0.0,0.0
2022-12-09,0.0,0.0,0.0,1724.0270650004386,0.0,1724.0270650004386,-0.0,4784835.688475,0.00011482905397087328,0.0,0.0,0.0
2022-12-12,0.0,0.0,0.0,1724.0270650004386,0.0,1724.0270650004386,-0.0,4784835.688475,0.00011482905397087328,0.0,0.0,0.0
2022-12-13,0.0,0.0,0.0,1724.0270650004386,0.0,1724.0270650004386,-0.0,4784835.688475,0.00011482905397087328,0.0,0.0,0.0
2022-12-14,0.0,0.0,0.0,1724.0270650004386,0.0,1724.0270650004386,-0.0,4784835.688475,0.00011482905397087328,0.0,0.0,0.0
2022-12-15,0.0,0.0,0.0,1724.0270650004386,0.0,1724.0270650004386,-0.0,4784835.688475,0.00011482905397087328,0.0,0.0,0.0
2022-12-16,0.0,0.0,0.0,1724.0270650004386,0.0,1724.0270650004386,-0.0,4784835.688475,0.00011482905397087328,0.0,0.0,0.0
2022-12-19,0.0,0.0,0.0,1724.0270650004386,0.0,1724.0270650004386,-0.0,4784835.688475,0.00011482905397087328,0.0,0.0,0.0
2022-12-20,0.0,0.0,0.0,1724.0270650004386,0.0,1724.0270650004386,-0.0,4784835.688475,0.00011482905397087328,0.0,0.0,0.0
2022-12-21,0.0,0.0,0.0,1724.0270650004386,0.0,1724.0270650004386,-0.0,4784835.688475,0.00011482905397087328,0.0,0.0,0.0
2022-12-22,0.0,0.0,0.0,1724.0270650004386,0.0,1724.0270650004386,-0.0,4784835.688475,0.00011482905397087328,0.0,0.0,0.0
2022-12-23,0.0,0.0,0.0,1724.0270650004386,0.0,1724.0270650004386,-0.0,4784835.688475,0.00011482905397087328,0.0,0.0,0.0
2022-12-26,0.0,0.0,0.0,1724.0270650004386,0.0,1724.0270650004386,-0.0,4784835.688475,0.00011482905397087328,0.0,0.0,0.0
2022-12-27,0.0,0.0,0.0,1724.0270650004386,0.0,1724.0270650004386,-0.0,4784835.688475,0.00011482905397087328,0.0,0.0,0.0
2022-12-28,0.0,0.0,0.0,1724.0270650004386,0.0,1724.0270650004386,-0.0,4784835.688475,0.00011482905397087328,0.0,0.0,0.0
2022-12-29,0.0,0.0,0.0,1724.0270650004386,0.0,1724.0270650004386,-0.0,4784835.688475,0.00011482905397087328,0.0,0.0,0.0
2022-12-30,0.0,0.0,0.0,1724.0270650004386,0.0,1724.0270650004386,-0.0,4784835.688475,0.00011482905397087328,0.0,0.0,0.0
2023-01-03,0.0,0.0,0.0,1724.0270650004386,0.0,1724.0270650004386,-0.0,4784835.688475,0.00011482905397087328,0.0,0.0,0.0
2023-01-04,0.0,0.0,0.0,1724.0270650004386,0.0,1724.0270650004386,-0.0,4784835.688475,0.00011482905397087328,0.0,0.0,0.0
2023-01-05,0.0,0.0,0.0,1724.0270650004386,0.0,1724.0270650004386,-0.0,4784835.688475,0.00011482905397087328,0.0,0.0,0.0
2023-01-06,0.0,0.0,0.0,1724.0270650004386,0.0,1724.0270650004386,-0.0,4784835.688475,0.00011482905397087328,0.0,0.0,0.0
2023-01-09,0.0,0.0,0.0,1724.0270650004386,0.0,1724.0270650004386,-0.0,4784835.688475,0.00011482905397087328,0.0,0.0,0.0
2023-01-10,-4745600.257545,-4745600.257545,4700753.0,-43123.2304799995,-44847.25754499994,1724.0270650004386,4745600.257545,4784835.688475,-0.0021824095976949926,-0.009372789467571759,-0.009369413568454887,-0.009369413568454867
2023-01-11,0.0,-4745600.257545,4392507.0,-351369.2304799995,-353093.25754499994,1724.0270650004386,4745600.257545,4784835.688475,-0.017782331527548947,-0.06442143891010868,-0.06500731597089282,-0.06500731597089286
2023-01-12,4401069.50871,0.0,0.0,-342806.7217699994,0.0,-342806.7217699994,-0.0,4784835.688475,-0.01734899429884299,0.0017895094560141656,0.0019313349477494413,0.0019313349477493077
2023-01-13,-4487218.787880001,-4487218.787880001,4426757.0,-403268.5096500001,-60461.78788000066,-342806.7217699994,4487218.787880001,4830025.50965,-0.016631908590944378,-0.011847595787200738,-0.012761915685406855,-0.013474223285770739
2023-01-16,4469568.254550001,0.0,0.0,-360457.25509999937,0.0,-360457.25509999937,-0.0,4830025.50965,-0.01486625405730067,0.008863566965529951,0.009671019789430524,0.009671019789430663
2023-01-17,0.0,0.0,0.0,-360457.25509999937,0.0,-360457.25509999937,-0.0,4830025.50965,-0.01486625405730067,0.0,0.0,0.0
2023-01-30,0.0,0.0,0.0,-360457.25509999937,0.0,-360457.25509999937,-0.0,4830025.50965,-0.01486625405730067,0.0,0.0,0.0
2023-01-31,-4521669.4101599995,-4521669.4101599995,4495255.0,-386871.6652599989,-26414.410159999505,-360457.25509999937,4521669.4101599995,4882126.665259999,-0.013447824371717335,-0.004614010223099693,-0.004986116289122711,-0.005841738473990921
2023-02-01,4572317.2693275,0.0,0.0,-309809.39593249926,0.0,-309809.39593249926,-0.0,4882126.665259999,-0.010769106965763784,0.015784569842453203,0.017143025107029475,0.017143025107029437
2023-02-02,0.0,0.0,0.0,-309809.39593249926,0.0,-309809.39593249926,-0.0,4882126.665259999,-0.010769106965763784,0.0,0.0,0.0
2023-02-03,0.0,0.0,0.0,-309809.39593249926,0.0,-309809.39593249926,-0.0,4882126.665259999,-0.010769106965763784,0.0,0.0,0.0
2023-02-06,0.0,0.0,0.0,-309809.39593249926,0.0,-309809.39593249926,-0.0,4882126.665259999,-0.010769106965763784,0.0,0.0,0.0
2023-02-07,0.0,0.0,0.0,-309809.39593249926,0.0,-309809.39593249926,-0.0,4882126.665259999,-0.010769106965763784,0.0,0.0,0.0
2023-02-08,0.0,0.0,0.0,-309809.39593249926,0.0,-309809.39593249926,-0.0,4882126.665259999,-0.010769106965763784,0.0,0.0,0.0
2023-02-09,-4371426.017980001,-4371426.017980001,4543776.0,-137459.4139125002,172349.98201999906,-309809.39593249926,4371426.017980001,4882126.665259999,-0.00414786841608674,0.03530223483270082,0.0376942307079553,0.03769423070795532
2023-02-10,0.0,-4371426.017980001,4429610.0,-251625.4139125002,58183.982019999065,-309809.39593249926,4371426.017980001,4882126.665259999,-0.00759285288177342,-0.023384481359809223,-0.024061961345672067,-0.02406196134567214
2023-02-13,4391555.395780001,0.0,0.0,-289680.01813249907,0.0,-289680.01813249907,-0.0,4882126.665259999,-0.00874115903584513,-0.0077946777765488875,-0.008218247259716094,-0.008218247259716168
2023-02-14,-4379081.711820001,-4379081.711820001,4262168.0,-406593.72995249985,-116913.71182000078,-289680.01813249907,4379081.711820001,4882126.665259999,-0.01083705094634013,-0.02394729179231045,-0.02545782690652021,-0.025457826906520164
2023-02-15,4231724.192360001,0.0,0.0,-437037.5375924994,0.0,-437037.5375924994,-0.0,4882126.665259999,-0.011648477857507198,-0.006235767674081488,-0.006802275411678549,-0.00680227541167851
2023-02-16,0.0,0.0,0.0,-437037.5375924994,0.0,-437037.5375924994,-0.0,4882126.665259999,-0.011648477857507198,0.0,0.0,0.0
2023-02-17,0.0,0.0,0.0,-437037.5375924994,0.0,-437037.5375924994,-0.0,4882126.665259999,-0.011648477857507198,0.0,0.0,0.0
2023-02-20,0.0,0.0,0.0,-437037.5375924994,0.0,-437037.5375924994,-0.0,4882126.665259999,-0.011648477857507198,0.0,0.0,0.0
2023-02-21,0.0,0.0,0.0,-437037.5375924994,0.0,-437037.5375924994,-0.0,4882126.665259999,-0.011648477857507198,0.0,0.0,0.0
2023-02-22,0.0,0.0,0.0,-437037.5375924994,0.0,-437037.5375924994,-0.0,4882126.665259999,-0.011648477857507198,0.0,0.0,0.0
2023-02-23,0.0,0.0,0.0,-437037.5375924994,0.0,-437037.5375924994,-0.0,4882126.665259999,-0.011648477857507198,0.0,0.0,0.0
2023-02-24,0.0,0.0,0.0,-437037.5375924994,0.0,-437037.5375924994,-0.0,4882126.665259999,-0.011648477857507198,0.0,0.0,0.0
2023-03-01,0.0,0.0,0.0,-437037.5375924994,0.0,-437037.5375924994,-0.0,4882126.665259999,-0.011648477857507198,0.0,0.0,0.0
2023-03-02,0.0,0.0,0.0,-437037.5375924994,0.0,-437037.5375924994,-0.0,4882126.665259999,-0.011648477857507198,0.0,0.0,0.0
2023-03-03,0.0,0.0,0.0,-437037.5375924994,0.0,-437037.5375924994,-0.0,4882126.665259999,-0.011648477857507198,0.0,0.0,0.0
2023-03-06,0.0,0.0,0.0,-437037.5375924994,0.0,-437037.5375924994,-0.0,4882126.665259999,-0.011648477857507198,0.0,0.0,0.0
2023-03-07,0.0,0.0,0.0,-437037.5375924994,0.0,-437037.5375924994,-0.0,4882126.665259999,-0.011648477857507198,0.0,0.0,0.0
2023-03-08,-4356114.6303,-4356114.6303,4406777.0,-386375.1678924997,50662.36969999969,-437037.5375924994,4356114.6303,4882126.665259999,-0.009226876639757268,0.010377110872706458,0.011397379950080833,0.011397379950080794
2023-03-09,4361111.50874,0.0,0.0,-432040.6591524993,0.0,-432040.6591524993,-0.0,4882126.665259999,-0.010317396656476255,-0.00935360640782712,-0.010157476739259041,-0.010157476739259085
2023-03-10,0.0,0.0,0.0,-432040.6591524993,0.0,-432040.6591524993,-0.0,4882126.665259999,-0.010317396656476255,0.0,0.0,0.0
2023-03-13,0.0,0.0,0.0,-432040.6591524993,0.0,-432040.6591524993,-0.0,4882126.665259999,-0.010317396656476255,0.0,0.0,0.0
2023-03-14,0.0,0.0,0.0,-432040.6591524993,0.0,-432040.6591524993,-0.0,4882126.665259999,-0.010317396656476255,0.0,0.0,0.0
2023-03-15,0.0,0.0,0.0,-432040.6591524993,0.0,-432040.6591524993,-0.0,4882126.665259999,-0.010317396656476255,0.0,0.0,0.0
2023-03-16,0.0,0.0,0.0,-432040.6591524993,0.0,-432040.6591524993,-0.0,4882126.665259999,-0.010317396656476255,0.0,0.0,0.0
2023-03-17,0.0,0.0,0.0,-432040.6591524993,0.0,-432040.6591524993,-0.0,4882126.665259999,-0.010317396656476255,0.0,0.0,0.0
2023-03-20,0.0,0.0,0.0,-432040.6591524993,0.0,-432040.6591524993,-0.0,4882126.665259999,-0.010317396656476255,0.0,0.0,0.0
2023-03-21,0.0,0.0,0.0,-432040.6591524993,0.0,-432040.6591524993,-0.0,4882126.665259999,-0.010317396656476255,0.0,0.0,0.0
2023-03-22,0.0,0.0,0.0,-432040.6591524993,0.0,-432040.6591524993,-0.0,4882126.665259999,-0.010317396656476255,0.0,0.0,0.0
2023-03-23,0.0,0.0,0.0,-432040.6591524993,0.0,-432040.6591524993,-0.0,4882126.665259999,-0.010317396656476255,0.0,0.0,0.0
2023-03-24,0.0,0.0,0.0,-432040.6591524993,0.0,-432040.6591524993,-0.0,4882126.665259999,-0.010317396656476255,0.0,0.0,0.0
2023-03-27,0.0,0.0,0.0,-432040.6591524993,0.0,-432040.6591524993,-0.0,4882126.665259999,-0.010317396656476255,0.0,0.0,0.0
2023-03-28,0.0,0.0,0.0,-432040.6591524993,0.0,-432040.6591524993,-0.0,4882126.665259999,-0.010317396656476255,0.0,0.0,0.0
2023-03-29,0.0,0.0,0.0,-432040.6591524993,0.0,-432040.6591524993,-0.0,4882126.665259999,-0.010317396656476255,0.0,0.0,0.0
2023-03-30,0.0,0.0,0.0,-432040.6591524993,0.0,-432040.6591524993,-0.0,4882126.665259999,-0.010317396656476255,0.0,0.0,0.0
2023-03-31,0.0,0.0,0.0,-432040.6591524993,0.0,-432040.6591524993,-0.0,4882126.665259999,-0.010317396656476255,0.0,0.0,0.0
2023-04-06,0.0,0.0,0.0,-432040.6591524993,0.0,-432040.6591524993,-0.0,4882126.665259999,-0.010317396656476255,0.0,0.0,0.0
2023-04-07,0.0,0.0,0.0,-432040.6591524993,0.0,-432040.6591524993,-0.0,4882126.665259999,-0.010317396656476255,0.0,0.0,0.0
2023-04-10,0.0,0.0,0.0,-432040.6591524993,0.0,-432040.6591524993,-0.0,4882126.665259999,-0.010317396656476255,0.0,0.0,0.0
2023-04-11,0.0,0.0,0.0,-432040.6591524993,0.0,-432040.6591524993,-0.0,4882126.665259999,-0.010317396656476255,0.0,0.0,0.0
2023-04-12,0.0,0.0,0.0,-432040.6591524993,0.0,-432040.6591524993,-0.0,4882126.665259999,-0.010317396656476255,0.0,0.0,0.0
2023-04-13,0.0,0.0,0.0,-432040.6591524993,0.0,-432040.6591524993,-0.0,4882126.665259999,-0.010317396656476255,0.0,0.0,0.0
2023-04-14,0.0,0.0,0.0,-432040.6591524993,0.0,-432040.6591524993,-0.0,4882126.665259999,-0.010317396656476255,0.0,0.0,0.0
2023-04-17,0.0,0.0,0.0,-432040.6591524993,0.0,-432040.6591524993,-0.0,4882126.665259999,-0.010317396656476255,0.0,0.0,0.0
2023-04-18,0.0,0.0,0.0,-432040.6591524993,0.0,-432040.6591524993,-0.0,4882126.665259999,-0.010317396656476255,0.0,0.0,0.0
2023-04-19,0.0,0.0,0.0,-432040.6591524993,0.0,-432040.6591524993,-0.0,4882126.665259999,-0.010317396656476255,0.0,0.0,0.0
2023-04-20,0.0,0.0,0.0,-432040.6591524993,0.0,-432040.6591524993,-0.0,4882126.665259999,-0.010317396656476255,0.0,0.0,0.0
2023-04-21,0.0,0.0,0.0,-432040.6591524993,0.0,-432040.6591524993,-0.0,4882126.665259999,-0.010317396656476255,0.0,0.0,0.0
2023-04-24,0.0,0.0,0.0,-432040.6591524993,0.0,-432040.6591524993,-0.0,4882126.665259999,-0.010317396656476255,0.0,0.0,0.0
2023-04-25,0.0,0.0,0.0,-432040.6591524993,0.0,-432040.6591524993,-0.0,4882126.665259999,-0.010317396656476255,0.0,0.0,0.0
2023-04-26,0.0,0.0,0.0,-432040.6591524993,0.0,-432040.6591524993,-0.0,4882126.665259999,-0.010317396656476255,0.0,0.0,0.0
2023-04-27,0.0,0.0,0.0,-432040.6591524993,0.0,-432040.6591524993,-0.0,4882126.665259999,-0.010317396656476255,0.0,0.0,0.0
2023-04-28,0.0,0.0,0.0,-432040.6591524993,0.0,-432040.6591524993,-0.0,4882126.665259999,-0.010317396656476255,0.0,0.0,0.0
2023-05-02,0.0,0.0,0.0,-432040.6591524993,0.0,-432040.6591524993,-0.0,4882126.665259999,-0.010317396656476255,0.0,0.0,0.0
2023-05-03,0.0,0.0,0.0,-432040.6591524993,0.0,-432040.6591524993,-0.0,4882126.665259999,-0.010317396656476255,0.0,0.0,0.0
2023-05-04,0.0,0.0,0.0,-432040.6591524993,0.0,-432040.6591524993,-0.0,4882126.665259999,-0.010317396656476255,0.0,0.0,0.0
2023-05-05,0.0,0.0,0.0,-432040.6591524993,0.0,-432040.6591524993,-0.0,4882126.665259999,-0.010317396656476255,0.0,0.0,0.0
2023-05-08,0.0,0.0,0.0,-432040.6591524993,0.0,-432040.6591524993,-0.0,4882126.665259999,-0.010317396656476255,0.0,0.0,0.0
2023-05-09,0.0,0.0,0.0,-432040.6591524993,0.0,-432040.6591524993,-0.0,4882126.665259999,-0.010317396656476255,0.0,0.0,0.0
2023-05-10,0.0,0.0,0.0,-432040.6591524993,0.0,-432040.6591524993,-0.0,4882126.665259999,-0.010317396656476255,0.0,0.0,0.0
2023-05-11,0.0,0.0,0.0,-432040.6591524993,0.0,-432040.6591524993,-0.0,4882126.665259999,-0.010317396656476255,0.0,0.0,0.0
2023-05-12,0.0,0.0,0.0,-432040.6591524993,0.0,-432040.6591524993,-0.0,4882126.665259999,-0.010317396656476255,0.0,0.0,0.0
2023-05-15,0.0,0.0,0.0,-432040.6591524993,0.0,-432040.6591524993,-0.0,4882126.665259999,-0.010317396656476255,0.0,0.0,0.0
2023-05-16,0.0,0.0,0.0,-432040.6591524993,0.0,-432040.6591524993,-0.0,4882126.665259999,-0.010317396656476255,0.0,0.0,0.0
2023-05-17,0.0,0.0,0.0,-432040.6591524993,0.0,-432040.6591524993,-0.0,4882126.665259999,-0.010317396656476255,0.0,0.0,0.0
2023-05-18,0.0,0.0,0.0,-432040.6591524993,0.0,-432040.6591524993,-0.0,4882126.665259999,-0.010317396656476255,0.0,0.0,0.0
2023-05-19,0.0,0.0,0.0,-432040.6591524993,0.0,-432040.6591524993,-0.0,4882126.665259999,-0.010317396656476255,0.0,0.0,0.0
2023-05-22,-4717848.367374999,-4717848.367374999,4533311.0,-616578.0265274987,-184537.36737499945,-432040.6591524993,4717848.367374999,5149889.026527499,-0.013233327990433922,-0.031232111722351158,-0.03426430977801331,-0.03911473048839754
2023-05-23,0.0,-4717848.367374999,4699802.0,-450087.02652749873,-18046.36737499945,-432040.6591524993,4717848.367374999,5149889.026527499,-0.00966000893645516,0.03232904614883762,0.03672613681258574,0.03672613681258577
2023-05-24,0.0,-4717848.367374999,4723586.0,-426303.02652749873,5737.632625000551,-432040.6591524993,4717848.367374999,5149889.026527499,-0.00914954398411641,0.004618351944573301,0.005060638724780242,0.005060638724780321
2023-05-25,0.0,-4717848.367374999,4718829.0,-431060.02652749873,980.6326250005513,-432040.6591524993,4717848.367374999,5149889.026527499,-0.009251641267091326,-0.0009237092247029594,-0.0010070738629507359,-0.0010070738629507328
2023-05-26,0.0,-4717848.367374999,4766398.0,-383491.02652749873,48549.63262500055,-432040.6591524993,4717848.367374999,5149889.026527499,-0.00823068989987799,0.009236898068088112,0.010080678914196728,0.010080678914196721
2023-05-29,4852022.3730999995,0.0,0.0,-297866.65342749946,0.0,-297866.65342749946,-0.0,5149889.026527499,-0.006392973723729044,0.016626450134933225,0.017964167721621127,0.01796416772162108
2023-05-30,-4452768.1656,-4452768.1656,4358258.0,-392376.8190274994,-94510.16559999995,-297866.65342749946,4452768.1656,5149889.026527499,-0.0076867924894864865,-0.01835188391694858,-0.01947850985271049,-0.019478509852710463
2023-05-31,4358257.79256,0.0,0.0,-392377.0264674992,0.0,-392377.0264674992,-0.0,5149889.026527499,-0.00768679655330513,-4.0280479576826345e-08,-4.360262051417152e-08,-4.360262060233242e-08
2023-06-01,0.0,0.0,0.0,-392377.0264674992,0.0,-392377.0264674992,-0.0,5149889.026527499,-0.00768679655330513,0.0,0.0,0.0
2023-06-02,0.0,0.0,0.0,-392377.0264674992,0.0,-392377.0264674992,-0.0,5149889.026527499,-0.00768679655330513,0.0,0.0,0.0
2023-06-05,0.0,0.0,0.0,-392377.0264674992,0.0,-392377.0264674992,-0.0,5149889.026527499,-0.00768679655330513,0.0,0.0,0.0
2023-06-06,0.0,0.0,0.0,-392377.0264674992,0.0,-392377.0264674992,-0.0,5149889.026527499,-0.00768679655330513,0.0,0.0,0.0
2023-06-07,0.0,0.0,0.0,-392377.0264674992,0.0,-392377.0264674992,-0.0,5149889.026527499,-0.00768679655330513,0.0,0.0,0.0
2023-06-08,0.0,0.0,0.0,-392377.0264674992,0.0,-392377.0264674992,-0.0,5149889.026527499,-0.00768679655330513,0.0,0.0,0.0
2023-06-09,0.0,0.0,0.0,-392377.0264674992,0.0,-392377.0264674992,-0.0,5149889.026527499,-0.00768679655330513,0.0,0.0,0.0
2023-06-12,0.0,0.0,0.0,-392377.0264674992,0.0,-392377.0264674992,-0.0,5149889.026527499,-0.00768679655330513,0.0,0.0,0.0
2023-06-13,0.0,0.0,0.0,-392377.0264674992,0.0,-392377.0264674992,-0.0,5149889.026527499,-0.00768679655330513,0.0,0.0,0.0
2023-06-14,0.0,0.0,0.0,-392377.0264674992,0.0,-392377.0264674992,-0.0,5149889.026527499,-0.00768679655330513,0.0,0.0,0.0
2023-06-15,0.0,0.0,0.0,-392377.0264674992,0.0,-392377.0264674992,-0.0,5149889.026527499,-0.00768679655330513,0.0,0.0,0.0
2023-06-16,-4607796.867142499,-4607796.867142499,4512381.0,-487792.89360999863,-95415.86714249942,-392377.0264674992,4607796.867142499,5149889.026527499,-0.008764838320132669,-0.018527752083783655,-0.020055833204686846,-0.020055833204686836
2023-06-19,0.0,-4607796.867142499,4546630.0,-453543.89360999863,-61166.867142499425,-392377.0264674992,4607796.867142499,5149889.026527499,-0.008149439958330723,0.006650434567343225,0.0073462663625014635,0.007346266362501467
2023-06-20,0.0,-4607796.867142499,4435319.0,-564854.8936099986,-172477.86714249942,-392377.0264674992,4607796.867142499,5149889.026527499,-0.010149516078817054,-0.021614252157013084,-0.02370162261282749,-0.023701622612827544
2023-06-21,4461005.91132,0.0,0.0,-539167.982289999,0.0,-539167.982289999,-0.0,5149889.026527499,-0.009687964408809768,0.0049878572504541835,0.005602338079794267,0.0056023380797941376
2023-06-26,0.0,0.0,0.0,-539167.982289999,0.0,-539167.982289999,-0.0,5149889.026527499,-0.009687964408809768,0.0,0.0,0.0
2023-06-27,0.0,0.0,0.0,-539167.982289999,0.0,-539167.982289999,-0.0,5149889.026527499,-0.009687964408809768,0.0,0.0,0.0
2023-06-28,0.0,0.0,0.0,-539167.982289999,0.0,-539167.982289999,-0.0,5149889.026527499,-0.009687964408809768,0.0,0.0,0.0
2023-06-29,0.0,0.0,0.0,-539167.982289999,0.0,-539167.982289999,-0.0,5149889.026527499,-0.009687964408809768,0.0,0.0,0.0
2023-06-30,0.0,0.0,0.0,-539167.982289999,0.0,-539167.982289999,-0.0,5149889.026527499,-0.009687964408809768,0.0,0.0,0.0
2023-07-03,0.0,0.0,0.0,-539167.982289999,0.0,-539167.982289999,-0.0,5149889.026527499,-0.009687964408809768,0.0,0.0,0.0
2023-07-04,0.0,0.0,0.0,-539167.982289999,0.0,-539167.982289999,-0.0,5149889.026527499,-0.009687964408809768,0.0,0.0,0.0
2023-07-05,0.0,0.0,0.0,-539167.982289999,0.0,-539167.982289999,-0.0,5149889.026527499,-0.009687964408809768,0.0,0.0,0.0
2023-07-06,0.0,0.0,0.0,-539167.982289999,0.0,-539167.982289999,-0.0,5149889.026527499,-0.009687964408809768,0.0,0.0,0.0
2023-07-07,0.0,0.0,0.0,-539167.982289999,0.0,-539167.982289999,-0.0,5149889.026527499,-0.009687964408809768,0.0,0.0,0.0
2023-07-10,0.0,0.0,0.0,-539167.982289999,0.0,-539167.982289999,-0.0,5149889.026527499,-0.009687964408809768,0.0,0.0,0.0
2023-07-11,0.0,0.0,0.0,-539167.982289999,0.0,-539167.982289999,-0.0,5149889.026527499,-0.009687964408809768,0.0,0.0,0.0
2023-07-12,0.0,0.0,0.0,-539167.982289999,0.0,-539167.982289999,-0.0,5149889.026527499,-0.009687964408809768,0.0,0.0,0.0
2023-07-13,0.0,0.0,0.0,-539167.982289999,0.0,-539167.982289999,-0.0,5149889.026527499,-0.009687964408809768,0.0,0.0,0.0
2023-07-14,0.0,0.0,0.0,-539167.982289999,0.0,-539167.982289999,-0.0,5149889.026527499,-0.009687964408809768,0.0,0.0,0.0
2023-07-17,0.0,0.0,0.0,-539167.982289999,0.0,-539167.982289999,-0.0,5149889.026527499,-0.009687964408809768,0.0,0.0,0.0
2023-07-18,0.0,0.0,0.0,-539167.982289999,0.0,-539167.982289999,-0.0,5149889.026527499,-0.009687964408809768,0.0,0.0,0.0
2023-07-19,0.0,0.0,0.0,-539167.982289999,0.0,-539167.982289999,-0.0,5149889.026527499,-0.009687964408809768,0.0,0.0,0.0
2023-07-20,0.0,0.0,0.0,-539167.982289999,0.0,-539167.982289999,-0.0,5149889.026527499,-0.009687964408809768,0.0,0.0,0.0
2023-07-21,0.0,0.0,0.0,-539167.982289999,0.0,-539167.982289999,-0.0,5149889.026527499,-0.009687964408809768,0.0,0.0,0.0
2023-07-24,0.0,0.0,0.0,-539167.982289999,0.0,-539167.982289999,-0.0,5149889.026527499,-0.009687964408809768,0.0,0.0,0.0
2023-07-25,0.0,0.0,0.0,-539167.982289999,0.0,-539167.982289999,-0.0,5149889.026527499,-0.009687964408809768,0.0,0.0,0.0
2023-07-26,0.0,0.0,0.0,-539167.982289999,0.0,-539167.982289999,-0.0,5149889.026527499,-0.009687964408809768,0.0,0.0,0.0
2023-07-27,0.0,0.0,0.0,-539167.982289999,0.0,-539167.982289999,-0.0,5149889.026527499,-0.009687964408809768,0.0,0.0,0.0
2023-07-28,0.0,0.0,0.0,-539167.982289999,0.0,-539167.982289999,-0.0,5149889.026527499,-0.009687964408809768,0.0,0.0,0.0
2023-07-31,0.0,0.0,0.0,-539167.982289999,0.0,-539167.982289999,-0.0,5149889.026527499,-0.009687964408809768,0.0,0.0,0.0
2023-08-01,0.0,0.0,0.0,-539167.982289999,0.0,-539167.982289999,-0.0,5149889.026527499,-0.009687964408809768,0.0,0.0,0.0
2023-08-02,0.0,0.0,0.0,-539167.982289999,0.0,-539167.982289999,-0.0,5149889.026527499,-0.009687964408809768,0.0,0.0,0.0
2023-08-04,0.0,0.0,0.0,-539167.982289999,0.0,-539167.982289999,-0.0,5149889.026527499,-0.009687964408809768,0.0,0.0,0.0
2023-08-07,0.0,0.0,0.0,-539167.982289999,0.0,-539167.982289999,-0.0,5149889.026527499,-0.009687964408809768,0.0,0.0,0.0
2023-08-08,0.0,0.0,0.0,-539167.982289999,0.0,-539167.982289999,-0.0,5149889.026527499,-0.009687964408809768,0.0,0.0,0.0
2023-08-09,0.0,0.0,0.0,-539167.982289999,0.0,-539167.982289999,-0.0,5149889.026527499,-0.009687964408809768,0.0,0.0,0.0
2023-08-10,0.0,0.0,0.0,-539167.982289999,0.0,-539167.982289999,-0.0,5149889.026527499,-0.009687964408809768,0.0,0.0,0.0
2023-08-11,0.0,0.0,0.0,-539167.982289999,0.0,-539167.982289999,-0.0,5149889.026527499,-0.009687964408809768,0.0,0.0,0.0
2023-08-14,0.0,0.0,0.0,-539167.982289999,0.0,-539167.982289999,-0.0,5149889.026527499,-0.009687964408809768,0.0,0.0,0.0
2023-08-15,0.0,0.0,0.0,-539167.982289999,0.0,-539167.982289999,-0.0,5149889.026527499,-0.009687964408809768,0.0,0.0,0.0
2023-08-16,0.0,0.0,0.0,-539167.982289999,0.0,-539167.982289999,-0.0,5149889.026527499,-0.009687964408809768,0.0,0.0,0.0
2023-08-17,0.0,0.0,0.0,-539167.982289999,0.0,-539167.982289999,-0.0,5149889.026527499,-0.009687964408809768,0.0,0.0,0.0
2023-08-18,0.0,0.0,0.0,-539167.982289999,0.0,-539167.982289999,-0.0,5149889.026527499,-0.009687964408809768,0.0,0.0,0.0
2023-08-21,0.0,0.0,0.0,-539167.982289999,0.0,-539167.982289999,-0.0,5149889.026527499,-0.009687964408809768,0.0,0.0,0.0
2023-08-22,0.0,0.0,0.0,-539167.982289999,0.0,-539167.982289999,-0.0,5149889.026527499,-0.009687964408809768,0.0,0.0,0.0
2023-08-23,-4329231.376174999,-4329231.376174999,4241911.0,-626488.3584649984,-87320.3761749994,-539167.982289999,4329231.376174999,5149889.026527499,-0.01044449924895823,-0.01695577821681303,-0.018938551115369018,-0.018938551115368994
2023-08-24,0.0,-4329231.376174999,4184653.0,-683746.3584649984,-144578.3761749994,-539167.982289999,4329231.376174999,5149889.026527499,-0.011399075866251052,-0.011118297832256069,-0.012658175607628608,-0.012658175607628675
2023-08-25,4127394.104924999,0.0,0.0,-741005.2535399991,0.0,-741005.2535399991,-0.0,5149889.026527499,-0.012353667405784719,-0.011118471636972271,-0.012820659645393917,-0.012820659645393891
2023-08-28,-4310033.0575,-4310033.0575,4027191.0,-1023847.3110399992,-282842.0575000001,-741005.2535399991,4310033.0575,5149889.026527499,-0.015924796547028143,-0.05492197133628657,-0.06415275885314242,-0.06415275885314249
2023-08-29,4041505.8496750006,0.0,0.0,-1009532.4613649987,0.0,-1009532.4613649987,-0.0,5149889.026527499,-0.015702145116275136,0.002779642357585488,0.0034693904381208895,0.003469390438120959
2023-08-30,0.0,0.0,0.0,-1009532.4613649987,0.0,-1009532.4613649987,-0.0,5149889.026527499,-0.015702145116275136,0.0,0.0,0.0
2023-08-31,0.0,0.0,0.0,-1009532.4613649987,0.0,-1009532.4613649987,-0.0,5149889.026527499,-0.015702145116275136,0.0,0.0,0.0
2023-09-01,0.0,0.0,0.0,-1009532.4613649987,0.0,-1009532.4613649987,-0.0,5149889.026527499,-0.015702145116275136,0.0,0.0,0.0
2023-09-04,0.0,0.0,0.0,-1009532.4613649987,0.0,-1009532.4613649987,-0.0,5149889.026527499,-0.015702145116275136,0.0,0.0,0.0
2023-09-05,0.0,0.0,0.0,-1009532.4613649987,0.0,-1009532.4613649987,-0.0,5149889.026527499,-0.015702145116275136,0.0,0.0,0.0
2023-09-06,0.0,0.0,0.0,-1009532.4613649987,0.0,-1009532.4613649987,-0.0,5149889.026527499,-0.015702145116275136,0.0,0.0,0.0
2023-09-07,0.0,0.0,0.0,-1009532.4613649987,0.0,-1009532.4613649987,-0.0,5149889.026527499,-0.015702145116275136,0.0,0.0,0.0
2023-09-08,0.0,0.0,0.0,-1009532.4613649987,0.0,-1009532.4613649987,-0.0,5149889.026527499,-0.015702145116275136,0.0,0.0,0.0
2023-09-11,0.0,0.0,0.0,-1009532.4613649987,0.0,-1009532.4613649987,-0.0,5149889.026527499,-0.015702145116275136,0.0,0.0,0.0
2023-09-12,0.0,0.0,0.0,-1009532.4613649987,0.0,-1009532.4613649987,-0.0,5149889.026527499,-0.015702145116275136,0.0,0.0,0.0
2023-09-13,0.0,0.0,0.0,-1009532.4613649987,0.0,-1009532.4613649987,-0.0,5149889.026527499,-0.015702145116275136,0.0,0.0,0.0
2023-09-14,0.0,0.0,0.0,-1009532.4613649987,0.0,-1009532.4613649987,-0.0,5149889.026527499,-0.015702145116275136,0.0,0.0,0.0
2023-09-15,0.0,0.0,0.0,-1009532.4613649987,0.0,-1009532.4613649987,-0.0,5149889.026527499,-0.015702145116275136,0.0,0.0,0.0
2023-09-18,0.0,0.0,0.0,-1009532.4613649987,0.0,-1009532.4613649987,-0.0,5149889.026527499,-0.015702145116275136,0.0,0.0,0.0
2023-09-19,0.0,0.0,0.0,-1009532.4613649987,0.0,-1009532.4613649987,-0.0,5149889.026527499,-0.015702145116275136,0.0,0.0,0.0
2023-09-20,0.0,0.0,0.0,-1009532.4613649987,0.0,-1009532.4613649987,-0.0,5149889.026527499,-0.015702145116275136,0.0,0.0,0.0
2023-09-21,0.0,0.0,0.0,-1009532.4613649987,0.0,-1009532.4613649987,-0.0,5149889.026527499,-0.015702145116275136,0.0,0.0,0.0
2023-09-22,0.0,0.0,0.0,-1009532.4613649987,0.0,-1009532.4613649987,-0.0,5149889.026527499,-0.015702145116275136,0.0,0.0,0.0
2023-09-25,0.0,0.0,0.0,-1009532.4613649987,0.0,-1009532.4613649987,-0.0,5149889.026527499,-0.015702145116275136,0.0,0.0,0.0
2023-09-26,0.0,0.0,0.0,-1009532.4613649987,0.0,-1009532.4613649987,-0.0,5149889.026527499,-0.015702145116275136,0.0,0.0,0.0
2023-09-27,0.0,0.0,0.0,-1009532.4613649987,0.0,-1009532.4613649987,-0.0,5149889.026527499,-0.015702145116275136,0.0,0.0,0.0
2023-09-28,0.0,0.0,0.0,-1009532.4613649987,0.0,-1009532.4613649987,-0.0,5149889.026527499,-0.015702145116275136,0.0,0.0,0.0
2023-10-02,0.0,0.0,0.0,-1009532.4613649987,0.0,-1009532.4613649987,-0.0,5149889.026527499,-0.015702145116275136,0.0,0.0,0.0
2023-10-03,0.0,0.0,0.0,-1009532.4613649987,0.0,-1009532.4613649987,-0.0,5149889.026527499,-0.015702145116275136,0.0,0.0,0.0
2023-10-04,0.0,0.0,0.0,-1009532.4613649987,0.0,-1009532.4613649987,-0.0,5149889.026527499,-0.015702145116275136,0.0,0.0,0.0
2023-10-05,0.0,0.0,0.0,-1009532.4613649987,0.0,-1009532.4613649987,-0.0,5149889.026527499,-0.015702145116275136,0.0,0.0,0.0
2023-10-06,0.0,0.0,0.0,-1009532.4613649987,0.0,-1009532.4613649987,-0.0,5149889.026527499,-0.015702145116275136,0.0,0.0,0.0
2023-10-11,0.0,0.0,0.0,-1009532.4613649987,0.0,-1009532.4613649987,-0.0,5149889.026527499,-0.015702145116275136,0.0,0.0,0.0
2023-10-12,0.0,0.0,0.0,-1009532.4613649987,0.0,-1009532.4613649987,-0.0,5149889.026527499,-0.015702145116275136,0.0,0.0,0.0
2023-10-13,0.0,0.0,0.0,-1009532.4613649987,0.0,-1009532.4613649987,-0.0,5149889.026527499,-0.015702145116275136,0.0,0.0,0.0
2023-10-16,0.0,0.0,0.0,-1009532.4613649987,0.0,-1009532.4613649987,-0.0,5149889.026527499,-0.015702145116275136,0.0,0.0,0.0
2023-10-17,0.0,0.0,0.0,-1009532.4613649987,0.0,-1009532.4613649987,-0.0,5149889.026527499,-0.015702145116275136,0.0,0.0,0.0
2023-10-18,0.0,0.0,0.0,-1009532.4613649987,0.0,-1009532.4613649987,-0.0,5149889.026527499,-0.015702145116275136,0.0,0.0,0.0
2023-10-19,0.0,0.0,0.0,-1009532.4613649987,0.0,-1009532.4613649987,-0.0,5149889.026527499,-0.015702145116275136,0.0,0.0,0.0
2023-10-20,0.0,0.0,0.0,-1009532.4613649987,0.0,-1009532.4613649987,-0.0,5149889.026527499,-0.015702145116275136,0.0,0.0,0.0
2023-10-23,0.0,0.0,0.0,-1009532.4613649987,0.0,-1009532.4613649987,-0.0,5149889.026527499,-0.015702145116275136,0.0,0.0,0.0
2023-10-24,0.0,0.0,0.0,-1009532.4613649987,0.0,-1009532.4613649987,-0.0,5149889.026527499,-0.015702145116275136,0.0,0.0,0.0
2023-10-25,0.0,0.0,0.0,-1009532.4613649987,0.0,-1009532.4613649987,-0.0,5149889.026527499,-0.015702145116275136,0.0,0.0,0.0
2023-10-26,0.0,0.0,0.0,-1009532.4613649987,0.0,-1009532.4613649987,-0.0,5149889.026527499,-0.015702145116275136,0.0,0.0,0.0
2023-10-27,0.0,0.0,0.0,-1009532.4613649987,0.0,-1009532.4613649987,-0.0,5149889.026527499,-0.015702145116275136,0.0,0.0,0.0
2023-10-30,0.0,0.0,0.0,-1009532.4613649987,0.0,-1009532.4613649987,-0.0,5149889.026527499,-0.015702145116275136,0.0,0.0,0.0
2023-10-31,0.0,0.0,0.0,-1009532.4613649987,0.0,-1009532.4613649987,-0.0,5149889.026527499,-0.015702145116275136,0.0,0.0,0.0
2023-11-01,0.0,0.0,0.0,-1009532.4613649987,0.0,-1009532.4613649987,-0.0,5149889.026527499,-0.015702145116275136,0.0,0.0,0.0
2023-11-02,0.0,0.0,0.0,-1009532.4613649987,0.0,-1009532.4613649987,-0.0,5149889.026527499,-0.015702145116275136,0.0,0.0,0.0
2023-11-03,0.0,0.0,0.0,-1009532.4613649987,0.0,-1009532.4613649987,-0.0,5149889.026527499,-0.015702145116275136,0.0,0.0,0.0
2023-11-06,0.0,0.0,0.0,-1009532.4613649987,0.0,-1009532.4613649987,-0.0,5149889.026527499,-0.015702145116275136,0.0,0.0,0.0
2023-11-07,0.0,0.0,0.0,-1009532.4613649987,0.0,-1009532.4613649987,-0.0,5149889.026527499,-0.015702145116275136,0.0,0.0,0.0
2023-11-08,-4418984.292085,-4418984.292085,4309190.0,-1119326.753449999,-109794.29208500031,-1009532.4613649987,4418984.292085,5428516.753449999,-0.016290207997972636,-0.010163902346636888,-0.012642140438353322,-0.024846047151979418
2023-11-09,4309189.7835525,0.0,0.0,-1119326.9698974986,0.0,-1119326.9698974986,-0.0,5428516.753449999,-0.016290211148057968,-3.987230939861419e-08,-5.0229277404056916e-08,-5.022927733070051e-08
2023-11-10,0.0,0.0,0.0,-1119326.9698974986,0.0,-1119326.9698974986,-0.0,5428516.753449999,-0.016290211148057968,0.0,0.0,0.0
2023-11-13,0.0,0.0,0.0,-1119326.9698974986,0.0,-1119326.9698974986,-0.0,5428516.753449999,-0.016290211148057968,0.0,0.0,0.0
2023-11-14,0.0,0.0,0.0,-1119326.9698974986,0.0,-1119326.9698974986,-0.0,5428516.753449999,-0.016290211148057968,0.0,0.0,0.0
2023-11-15,0.0,0.0,0.0,-1119326.9698974986,0.0,-1119326.9698974986,-0.0,5428516.753449999,-0.016290211148057968,0.0,0.0,0.0
2023-11-16,0.0,0.0,0.0,-1119326.9698974986,0.0,-1119326.9698974986,-0.0,5428516.753449999,-0.016290211148057968,0.0,0.0,0.0
2023-11-17,0.0,0.0,0.0,-1119326.9698974986,0.0,-1119326.9698974986,-0.0,5428516.753449999,-0.016290211148057968,0.0,0.0,0.0
2023-11-20,-4348429.69485,-4348429.69485,4275312.0,-1192444.6647474982,-73117.69484999962,-1119326.9698974986,4348429.69485,5467756.664747498,-0.016321430078769704,-0.011892750354876108,-0.01498193344662102,-0.016814735428882642
2023-11-21,0.0,-4348429.69485,4447088.0,-1020668.6647474982,98658.30515000038,-1119326.9698974986,4348429.69485,5467756.664747498,-0.013970268590027231,0.03141617495663235,0.04017858813578967,0.04017858813578985
2023-11-22,0.0,-4348429.69485,4886071.0,-581685.6647474982,537641.3051500004,-1119326.9698974986,4348429.69485,5467756.664747498,-0.007961746306281912,0.0802857601235757,0.09871246082829921,0.09871246082829933
2023-11-23,0.0,-4348429.69485,4800183.0,-667573.6647474982,451753.3051500004,-1119326.9698974986,4348429.69485,5467756.664747498,-0.009137327050653147,-0.015708087478316174,-0.01757813179546497,-0.017578131795465107
2023-11-24,0.0,-4348429.69485,4666580.0,-801176.6647474982,318150.3051500004,-1119326.9698974986,4348429.69485,5467756.664747498,-0.010966000604470097,-0.024434701138290285,-0.027832897204127405,-0.027832897204127426
2023-11-27,4666579.604575,0.0,0.0,-801177.0601724986,0.0,-801177.0601724986,-0.0,5467756.664747498,-0.010966006016797968,-7.23194217566725e-08,-8.473550228149662e-08,-8.473550230455774e-08
2023-11-28,-4583609.348975,-4583609.348975,4752468.0,-632318.4091474985,168858.65102500003,-801177.0601724986,4583609.348975,5467756.664747498,-0.008143850136141117,0.03088261994424324,0.0361846717153298,0.036184671715329825
2023-11-29,0.0,-4583609.348975,4809726.0,-575060.4091474985,226116.65102500003,-801177.0601724986,4583609.348975,5467756.664747498,-0.00740640431082687,0.01047193639196893,0.01184132584749431,0.011841325847494501
2023-11-30,4857441.287825,0.0,0.0,-527345.1213224989,0.0,-527345.1213224989,-0.0,5467756.664747498,-0.006791862416066074,0.008726666300392719,0.009752350305904711,0.009752350305904744
2023-12-01,0.0,0.0,0.0,-527345.1213224989,0.0,-527345.1213224989,-0.0,5467756.664747498,-0.006791862416066074,0.0,0.0,0.0
2023-12-04,0.0,0.0,0.0,-527345.1213224989,0.0,-527345.1213224989,-0.0,5467756.664747498,-0.006791862416066074,0.0,0.0,0.0
2023-12-05,0.0,0.0,0.0,-527345.1213224989,0.0,-527345.1213224989,-0.0,5467756.664747498,-0.006791862416066074,0.0,0.0,0.0
2023-12-06,0.0,0.0,0.0,-527345.1213224989,0.0,-527345.1213224989,-0.0,5467756.664747498,-0.006791862416066074,0.0,0.0,0.0
2023-12-07,0.0,0.0,0.0,-527345.1213224989,0.0,-527345.1213224989,-0.0,5467756.664747498,-0.006791862416066074,0.0,0.0,0.0
2023-12-08,0.0,0.0,0.0,-527345.1213224989,0.0,-527345.1213224989,-0.0,5467756.664747498,-0.006791862416066074,0.0,0.0,0.0
2023-12-11,0.0,0.0,0.0,-527345.1213224989,0.0,-527345.1213224989,-0.0,5467756.664747498,-0.006791862416066074,0.0,0.0,0.0
2023-12-12,0.0,0.0,0.0,-527345.1213224989,0.0,-527345.1213224989,-0.0,5467756.664747498,-0.006791862416066074,0.0,0.0,0.0
2023-12-13,0.0,0.0,0.0,-527345.1213224989,0.0,-527345.1213224989,-0.0,5467756.664747498,-0.006791862416066074,0.0,0.0,0.0
2023-12-14,0.0,0.0,0.0,-527345.1213224989,0.0,-527345.1213224989,-0.0,5467756.664747498,-0.006791862416066074,0.0,0.0,0.0
2023-12-15,0.0,0.0,0.0,-527345.1213224989,0.0,-527345.1213224989,-0.0,5467756.664747498,-0.006791862416066074,0.0,0.0,0.0
2023-12-18,0.0,0.0,0.0,-527345.1213224989,0.0,-527345.1213224989,-0.0,5467756.664747498,-0.006791862416066074,0.0,0.0,0.0
2023-12-19,0.0,0.0,0.0,-527345.1213224989,0.0,-527345.1213224989,-0.0,5467756.664747498,-0.006791862416066074,0.0,0.0,0.0
2023-12-20,0.0,0.0,0.0,-527345.1213224989,0.0,-527345.1213224989,-0.0,5467756.664747498,-0.006791862416066074,0.0,0.0,0.0
2023-12-21,0.0,0.0,0.0,-527345.1213224989,0.0,-527345.1213224989,-0.0,5467756.664747498,-0.006791862416066074,0.0,0.0,0.0
2023-12-22,0.0,0.0,0.0,-527345.1213224989,0.0,-527345.1213224989,-0.0,5467756.664747498,-0.006791862416066074,0.0,0.0,0.0
2023-12-25,0.0,0.0,0.0,-527345.1213224989,0.0,-527345.1213224989,-0.0,5467756.664747498,-0.006791862416066074,0.0,0.0,0.0
2023-12-26,0.0,0.0,0.0,-527345.1213224989,0.0,-527345.1213224989,-0.0,5467756.664747498,-0.006791862416066074,0.0,0.0,0.0
2023-12-27,0.0,0.0,0.0,-527345.1213224989,0.0,-527345.1213224989,-0.0,5467756.664747498,-0.006791862416066074,0.0,0.0,0.0
2023-12-28,0.0,0.0,0.0,-527345.1213224989,0.0,-527345.1213224989,-0.0,5467756.664747498,-0.006791862416066074,0.0,0.0,0.0
2023-12-29,0.0,0.0,0.0,-527345.1213224989,0.0,-527345.1213224989,-0.0,5467756.664747498,-0.006791862416066074,0.0,0.0,0.0
2024-01-02,-4607607.497675,-4607607.497675,4542519.0,-592433.6189974986,-65088.49767499976,-527345.1213224989,4607607.497675,5467756.664747498,-0.007202728516640003,-0.011904058952485516,-0.013174711681990026,-0.013174711681990034
2024-01-03,0.0,-4607607.497675,4413688.0,-721264.6189974986,-193919.49767499976,-527345.1213224989,4607607.497675,5467756.664747498,-0.008769038543234166,-0.02356194832711149,-0.02642512071324321,-0.026425120713243152
2024-01-04,4423230.21175,0.0,0.0,-711722.407247499,0.0,-711722.407247499,-0.0,5467756.664747498,-0.008653025612030425,0.0017451785686662946,0.0020103713770138754,0.0020103713770138407
2024-01-05,0.0,0.0,0.0,-711722.407247499,0.0,-711722.407247499,-0.0,5467756.664747498,-0.008653025612030425,0.0,0.0,0.0
2024-01-08,0.0,0.0,0.0,-711722.407247499,0.0,-711722.407247499,-0.0,5467756.664747498,-0.008653025612030425,0.0,0.0,0.0
2024-01-09,0.0,0.0,0.0,-711722.407247499,0.0,-711722.407247499,-0.0,5467756.664747498,-0.008653025612030425,0.0,0.0,0.0
2024-01-10,0.0,0.0,0.0,-711722.407247499,0.0,-711722.407247499,-0.0,5467756.664747498,-0.008653025612030425,0.0,0.0,0.0
2024-01-11,0.0,0.0,0.0,-711722.407247499,0.0,-711722.407247499,-0.0,5467756.664747498,-0.008653025612030425,0.0,0.0,0.0
2024-01-12,0.0,0.0,0.0,-711722.407247499,0.0,-711722.407247499,-0.0,5467756.664747498,-0.008653025612030425,0.0,0.0,0.0
2024-01-15,0.0,0.0,0.0,-711722.407247499,0.0,-711722.407247499,-0.0,5467756.664747498,-0.008653025612030425,0.0,0.0,0.0
2024-01-16,0.0,0.0,0.0,-711722.407247499,0.0,-711722.407247499,-0.0,5467756.664747498,-0.008653025612030425,0.0,0.0,0.0
2024-01-17,0.0,0.0,0.0,-711722.407247499,0.0,-711722.407247499,-0.0,5467756.664747498,-0.008653025612030425,0.0,0.0,0.0
2024-01-18,0.0,0.0,0.0,-711722.407247499,0.0,-711722.407247499,-0.0,5467756.664747498,-0.008653025612030425,0.0,0.0,0.0
2024-01-19,0.0,0.0,0.0,-711722.407247499,0.0,-711722.407247499,-0.0,5467756.664747498,-0.008653025612030425,0.0,0.0,0.0
2024-01-22,0.0,0.0,0.0,-711722.407247499,0.0,-711722.407247499,-0.0,5467756.664747498,-0.008653025612030425,0.0,0.0,0.0
2024-01-23,0.0,0.0,0.0,-711722.407247499,0.0,-711722.407247499,-0.0,5467756.664747498,-0.008653025612030425,0.0,0.0,0.0
2024-01-24,0.0,0.0,0.0,-711722.407247499,0.0,-711722.407247499,-0.0,5467756.664747498,-0.008653025612030425,0.0,0.0,0.0
2024-01-25,0.0,0.0,0.0,-711722.407247499,0.0,-711722.407247499,-0.0,5467756.664747498,-0.008653025612030425,0.0,0.0,0.0
2024-01-26,0.0,0.0,0.0,-711722.407247499,0.0,-711722.407247499,-0.0,5467756.664747498,-0.008653025612030425,0.0,0.0,0.0
2024-01-29,0.0,0.0,0.0,-711722.407247499,0.0,-711722.407247499,-0.0,5467756.664747498,-0.008653025612030425,0.0,0.0,0.0
2024-01-30,0.0,0.0,0.0,-711722.407247499,0.0,-711722.407247499,-0.0,5467756.664747498,-0.008653025612030425,0.0,0.0,0.0
2024-01-31,0.0,0.0,0.0,-711722.407247499,0.0,-711722.407247499,-0.0,5467756.664747498,-0.008653025612030425,0.0,0.0,0.0
2024-02-01,0.0,0.0,0.0,-711722.407247499,0.0,-711722.407247499,-0.0,5467756.664747498,-0.008653025612030425,0.0,0.0,0.0
2024-02-02,0.0,0.0,0.0,-711722.407247499,0.0,-711722.407247499,-0.0,5467756.664747498,-0.008653025612030425,0.0,0.0,0.0
2024-02-05,-4185243.485399999,-4185243.4853999997,3863050.0,-1033915.8926474986,-322193.48539999966,-711722.407247499,4185243.4853999997,5467756.664747498,-0.011961563073252857,-0.05892608342966166,-0.0677441473202004,-0.06774414732020036
2024-02-15,4015739.3731,0.0,0.0,-881226.5195474983,0.0,-881226.5195474983,-0.0,5467756.664747498,-0.010195071640110931,0.02792541483867436,0.03443727029188781,0.03443727029188783
2024-02-16,-4308113.52606,-4308113.526059999,4214236.0,-975104.0456074974,-93877.52605999913,-881226.5195474983,4308113.526059999,5467756.664747498,-0.010745583530152005,-0.017169294797857365,-0.020468093109176633,-0.02046809310917666
2024-02-19,0.0,-4308113.526059999,4031008.0,-1158332.0456074974,-277105.52605999913,-881226.5195474983,4308113.526059999,5467756.664747498,-0.012764744242213306,-0.03351063539117127,-0.04078392333727199,-0.04078392333727199
2024-02-20,0.0,-4308113.526059999,3985202.0,-1204138.0456074974,-322911.52605999913,-881226.5195474983,4308113.526059999,5467756.664747498,-0.013269523400293295,-0.00837747595743002,-0.010629261223541464,-0.010629261223541521
2024-02-21,4000470.43844,0.0,0.0,-1188869.6071674977,0.0,-1188869.6071674977,-0.0,5467756.664747498,-0.01310126619597641,0.0027924502453521016,0.0035810985465389855,0.003581098546539195
2024-02-22,0.0,0.0,0.0,-1188869.6071674977,0.0,-1188869.6071674977,-0.0,5467756.664747498,-0.01310126619597641,0.0,0.0,0.0
2024-02-23,0.0,0.0,0.0,-1188869.6071674977,0.0,-1188869.6071674977,-0.0,5467756.664747498,-0.01310126619597641,0.0,0.0,0.0
2024-02-26,0.0,0.0,0.0,-1188869.6071674977,0.0,-1188869.6071674977,-0.0,5467756.664747498,-0.01310126619597641,0.0,0.0,0.0
2024-02-27,0.0,0.0,0.0,-1188869.6071674977,0.0,-1188869.6071674977,-0.0,5467756.664747498,-0.01310126619597641,0.0,0.0,0.0
2024-02-29,0.0,0.0,0.0,-1188869.6071674977,0.0,-1188869.6071674977,-0.0,5467756.664747498,-0.01310126619597641,0.0,0.0,0.0
2024-03-01,0.0,0.0,0.0,-1188869.6071674977,0.0,-1188869.6071674977,-0.0,5467756.664747498,-0.01310126619597641,0.0,0.0,0.0
2024-03-04,0.0,0.0,0.0,-1188869.6071674977,0.0,-1188869.6071674977,-0.0,5467756.664747498,-0.01310126619597641,0.0,0.0,0.0
2024-03-05,0.0,0.0,0.0,-1188869.6071674977,0.0,-1188869.6071674977,-0.0,5467756.664747498,-0.01310126619597641,0.0,0.0,0.0
2024-03-06,0.0,0.0,0.0,-1188869.6071674977,0.0,-1188869.6071674977,-0.0,5467756.664747498,-0.01310126619597641,0.0,0.0,0.0
2024-03-07,0.0,0.0,0.0,-1188869.6071674977,0.0,-1188869.6071674977,-0.0,5467756.664747498,-0.01310126619597641,0.0,0.0,0.0
2024-03-08,0.0,0.0,0.0,-1188869.6071674977,0.0,-1188869.6071674977,-0.0,5467756.664747498,-0.01310126619597641,0.0,0.0,0.0
2024-03-11,0.0,0.0,0.0,-1188869.6071674977,0.0,-1188869.6071674977,-0.0,5467756.664747498,-0.01310126619597641,0.0,0.0,0.0
2024-03-12,0.0,0.0,0.0,-1188869.6071674977,0.0,-1188869.6071674977,-0.0,5467756.664747498,-0.01310126619597641,0.0,0.0,0.0
2024-03-13,0.0,0.0,0.0,-1188869.6071674977,0.0,-1188869.6071674977,-0.0,5467756.664747498,-0.01310126619597641,0.0,0.0,0.0
2024-03-14,0.0,0.0,0.0,-1188869.6071674977,0.0,-1188869.6071674977,-0.0,5467756.664747498,-0.01310126619597641,0.0,0.0,0.0
2024-03-15,0.0,0.0,0.0,-1188869.6071674977,0.0,-1188869.6071674977,-0.0,5467756.664747498,-0.01310126619597641,0.0,0.0,0.0
2024-03-18,0.0,0.0,0.0,-1188869.6071674977,0.0,-1188869.6071674977,-0.0,5467756.664747498,-0.01310126619597641,0.0,0.0,0.0
2024-03-19,0.0,0.0,0.0,-1188869.6071674977,0.0,-1188869.6071674977,-0.0,5467756.664747498,-0.01310126619597641,0.0,0.0,0.0
2024-03-20,0.0,0.0,0.0,-1188869.6071674977,0.0,-1188869.6071674977,-0.0,5467756.664747498,-0.01310126619597641,0.0,0.0,0.0
2024-03-21,0.0,0.0,0.0,-1188869.6071674977,0.0,-1188869.6071674977,-0.0,5467756.664747498,-0.01310126619597641,0.0,0.0,0.0
2024-03-22,0.0,0.0,0.0,-1188869.6071674977,0.0,-1188869.6071674977,-0.0,5467756.664747498,-0.01310126619597641,0.0,0.0,0.0
2024-03-25,0.0,0.0,0.0,-1188869.6071674977,0.0,-1188869.6071674977,-0.0,5467756.664747498,-0.01310126619597641,0.0,0.0,0.0
2024-03-26,0.0,0.0,0.0,-1188869.6071674977,0.0,-1188869.6071674977,-0.0,5467756.664747498,-0.01310126619597641,0.0,0.0,0.0
2024-03-27,0.0,0.0,0.0,-1188869.6071674977,0.0,-1188869.6071674977,-0.0,5467756.664747498,-0.01310126619597641,0.0,0.0,0.0
2024-03-28,0.0,0.0,0.0,-1188869.6071674977,0.0,-1188869.6071674977,-0.0,5467756.664747498,-0.01310126619597641,0.0,0.0,0.0
2024-03-29,0.0,0.0,0.0,-1188869.6071674977,0.0,-1188869.6071674977,-0.0,5467756.664747498,-0.01310126619597641,0.0,0.0,0.0
2024-04-01,0.0,0.0,0.0,-1188869.6071674977,0.0,-1188869.6071674977,-0.0,5467756.664747498,-0.01310126619597641,0.0,0.0,0.0
2024-04-02,0.0,0.0,0.0,-1188869.6071674977,0.0,-1188869.6071674977,-0.0,5467756.664747498,-0.01310126619597641,0.0,0.0,0.0
2024-04-03,0.0,0.0,0.0,-1188869.6071674977,0.0,-1188869.6071674977,-0.0,5467756.664747498,-0.01310126619597641,0.0,0.0,0.0
2024-04-08,0.0,0.0,0.0,-1188869.6071674977,0.0,-1188869.6071674977,-0.0,5467756.664747498,-0.01310126619597641,0.0,0.0,0.0
2024-04-09,0.0,0.0,0.0,-1188869.6071674977,0.0,-1188869.6071674977,-0.0,5467756.664747498,-0.01310126619597641,0.0,0.0,0.0
2024-04-10,0.0,0.0,0.0,-1188869.6071674977,0.0,-1188869.6071674977,-0.0,5467756.664747498,-0.01310126619597641,0.0,0.0,0.0
2024-04-11,0.0,0.0,0.0,-1188869.6071674977,0.0,-1188869.6071674977,-0.0,5467756.664747498,-0.01310126619597641,0.0,0.0,0.0
2024-04-12,0.0,0.0,0.0,-1188869.6071674977,0.0,-1188869.6071674977,-0.0,5467756.664747498,-0.01310126619597641,0.0,0.0,0.0
2024-04-15,0.0,0.0,0.0,-1188869.6071674977,0.0,-1188869.6071674977,-0.0,5467756.664747498,-0.01310126619597641,0.0,0.0,0.0
2024-04-16,0.0,0.0,0.0,-1188869.6071674977,0.0,-1188869.6071674977,-0.0,5467756.664747498,-0.01310126619597641,0.0,0.0,0.0
2024-04-17,0.0,0.0,0.0,-1188869.6071674977,0.0,-1188869.6071674977,-0.0,5467756.664747498,-0.01310126619597641,0.0,0.0,0.0
2024-04-18,0.0,0.0,0.0,-1188869.6071674977,0.0,-1188869.6071674977,-0.0,5467756.664747498,-0.01310126619597641,0.0,0.0,0.0
2024-04-19,0.0,0.0,0.0,-1188869.6071674977,0.0,-1188869.6071674977,-0.0,5467756.664747498,-0.01310126619597641,0.0,0.0,0.0
2024-04-22,0.0,0.0,0.0,-1188869.6071674977,0.0,-1188869.6071674977,-0.0,5467756.664747498,-0.01310126619597641,0.0,0.0,0.0
2024-04-23,0.0,0.0,0.0,-1188869.6071674977,0.0,-1188869.6071674977,-0.0,5467756.664747498,-0.01310126619597641,0.0,0.0,0.0
2024-04-24,0.0,0.0,0.0,-1188869.6071674977,0.0,-1188869.6071674977,-0.0,5467756.664747498,-0.01310126619597641,0.0,0.0,0.0
2024-04-25,0.0,0.0,0.0,-1188869.6071674977,0.0,-1188869.6071674977,-0.0,5467756.664747498,-0.01310126619597641,0.0,0.0,0.0
2024-04-26,0.0,0.0,0.0,-1188869.6071674977,0.0,-1188869.6071674977,-0.0,5467756.664747498,-0.01310126619597641,0.0,0.0,0.0
2024-04-29,0.0,0.0,0.0,-1188869.6071674977,0.0,-1188869.6071674977,-0.0,5467756.664747498,-0.01310126619597641,0.0,0.0,0.0
2024-04-30,0.0,0.0,0.0,-1188869.6071674977,0.0,-1188869.6071674977,-0.0,5467756.664747498,-0.01310126619597641,0.0,0.0,0.0
2024-05-02,0.0,0.0,0.0,-1188869.6071674977,0.0,-1188869.6071674977,-0.0,5467756.664747498,-0.01310126619597641,0.0,0.0,0.0
2024-05-03,0.0,0.0,0.0,-1188869.6071674977,0.0,-1188869.6071674977,-0.0,5467756.664747498,-0.01310126619597641,0.0,0.0,0.0
2024-05-06,0.0,0.0,0.0,-1188869.6071674977,0.0,-1188869.6071674977,-0.0,5467756.664747498,-0.01310126619597641,0.0,0.0,0.0
2024-05-07,0.0,0.0,0.0,-1188869.6071674977,0.0,-1188869.6071674977,-0.0,5467756.664747498,-0.01310126619597641,0.0,0.0,0.0
2024-05-08,0.0,0.0,0.0,-1188869.6071674977,0.0,-1188869.6071674977,-0.0,5467756.664747498,-0.01310126619597641,0.0,0.0,0.0
2024-05-09,0.0,0.0,0.0,-1188869.6071674977,0.0,-1188869.6071674977,-0.0,5467756.664747498,-0.01310126619597641,0.0,0.0,0.0
2024-05-10,0.0,0.0,0.0,-1188869.6071674977,0.0,-1188869.6071674977,-0.0,5467756.664747498,-0.01310126619597641,0.0,0.0,0.0
2024-05-13,0.0,0.0,0.0,-1188869.6071674977,0.0,-1188869.6071674977,-0.0,5467756.664747498,-0.01310126619597641,0.0,0.0,0.0
2024-05-14,0.0,0.0,0.0,-1188869.6071674977,0.0,-1188869.6071674977,-0.0,5467756.664747498,-0.01310126619597641,0.0,0.0,0.0
2024-05-15,0.0,0.0,0.0,-1188869.6071674977,0.0,-1188869.6071674977,-0.0,5467756.664747498,-0.01310126619597641,0.0,0.0,0.0
2024-05-16,0.0,0.0,0.0,-1188869.6071674977,0.0,-1188869.6071674977,-0.0,5467756.664747498,-0.01310126619597641,0.0,0.0,0.0
2024-05-17,0.0,0.0,0.0,-1188869.6071674977,0.0,-1188869.6071674977,-0.0,5467756.664747498,-0.01310126619597641,0.0,0.0,0.0
2024-05-20,0.0,0.0,0.0,-1188869.6071674977,0.0,-1188869.6071674977,-0.0,5467756.664747498,-0.01310126619597641,0.0,0.0,0.0
2024-05-21,0.0,0.0,0.0,-1188869.6071674977,0.0,-1188869.6071674977,-0.0,5467756.664747498,-0.01310126619597641,0.0,0.0,0.0
2024-05-22,0.0,0.0,0.0,-1188869.6071674977,0.0,-1188869.6071674977,-0.0,5467756.664747498,-0.01310126619597641,0.0,0.0,0.0
2024-05-23,0.0,0.0,0.0,-1188869.6071674977,0.0,-1188869.6071674977,-0.0,5467756.664747498,-0.01310126619597641,0.0,0.0,0.0
2024-05-24,0.0,0.0,0.0,-1188869.6071674977,0.0,-1188869.6071674977,-0.0,5467756.664747498,-0.01310126619597641,0.0,0.0,0.0
2024-05-27,0.0,0.0,0.0,-1188869.6071674977,0.0,-1188869.6071674977,-0.0,5467756.664747498,-0.01310126619597641,0.0,0.0,0.0
2024-05-28,0.0,0.0,0.0,-1188869.6071674977,0.0,-1188869.6071674977,-0.0,5467756.664747498,-0.01310126619597641,0.0,0.0,0.0
2024-05-29,-4334510.5883475,-4334510.5883475,4251454.0,-1271926.195514998,-83056.58834750019,-1188869.6071674977,4334510.5883475,5523380.1955149975,-0.01337755193021481,-0.012847605296488818,-0.016417254893764666,-0.019161699263299043
2024-05-30,4246205.42808,0.0,0.0,-1277174.767434998,0.0,-1277174.767434998,-0.0,5523380.1955149975,-0.013432754066680628,-0.0009502463589708965,-0.00123453574236021,-0.001234535742360147
2024-05-31,0.0,0.0,0.0,-1277174.767434998,0.0,-1277174.767434998,-0.0,5523380.1955149975,-0.013432754066680628,0.0,0.0,0.0
2024-06-03,0.0,0.0,0.0,-1277174.767434998,0.0,-1277174.767434998,-0.0,5523380.1955149975,-0.013432754066680628,0.0,0.0,0.0
2024-06-04,0.0,0.0,0.0,-1277174.767434998,0.0,-1277174.767434998,-0.0,5523380.1955149975,-0.013432754066680628,0.0,0.0,0.0
2024-06-05,0.0,0.0,0.0,-1277174.767434998,0.0,-1277174.767434998,-0.0,5523380.1955149975,-0.013432754066680628,0.0,0.0,0.0
2024-06-06,0.0,0.0,0.0,-1277174.767434998,0.0,-1277174.767434998,-0.0,5523380.1955149975,-0.013432754066680628,0.0,0.0,0.0
2024-06-07,0.0,0.0,0.0,-1277174.767434998,0.0,-1277174.767434998,-0.0,5523380.1955149975,-0.013432754066680628,0.0,0.0,0.0
2024-06-11,0.0,0.0,0.0,-1277174.767434998,0.0,-1277174.767434998,-0.0,5523380.1955149975,-0.013432754066680628,0.0,0.0,0.0
2024-06-12,0.0,0.0,0.0,-1277174.767434998,0.0,-1277174.767434998,-0.0,5523380.1955149975,-0.013432754066680628,0.0,0.0,0.0
2024-06-13,0.0,0.0,0.0,-1277174.767434998,0.0,-1277174.767434998,-0.0,5523380.1955149975,-0.013432754066680628,0.0,0.0,0.0
2024-06-14,0.0,0.0,0.0,-1277174.767434998,0.0,-1277174.767434998,-0.0,5523380.1955149975,-0.013432754066680628,0.0,0.0,0.0
2024-06-17,0.0,0.0,0.0,-1277174.767434998,0.0,-1277174.767434998,-0.0,5523380.1955149975,-0.013432754066680628,0.0,0.0,0.0
2024-06-18,0.0,0.0,0.0,-1277174.767434998,0.0,-1277174.767434998,-0.0,5523380.1955149975,-0.013432754066680628,0.0,0.0,0.0
2024-06-19,-4142047.018025,-4142047.018025,4127394.0,-1291827.785459998,-14653.018025000114,-1277174.767434998,4142047.018025,5523380.1955149975,-0.01301967617276567,-0.002652907731555104,-0.0034508500055367985,-0.003450850005536766
2024-06-20,4127394.104925,0.0,0.0,-1291827.680534998,0.0,-1291827.680534998,-0.0,5523380.1955149975,-0.013019675115279883,1.8996519579594917e-08,2.4795864472793028e-08,2.47958644821357e-08
2024-06-21,0.0,0.0,0.0,-1291827.680534998,0.0,-1291827.680534998,-0.0,5523380.1955149975,-0.013019675115279883,0.0,0.0,0.0
2024-06-24,0.0,0.0,0.0,-1291827.680534998,0.0,-1291827.680534998,-0.0,5523380.1955149975,-0.013019675115279883,0.0,0.0,0.0
2024-06-25,0.0,0.0,0.0,-1291827.680534998,0.0,-1291827.680534998,-0.0,5523380.1955149975,-0.013019675115279883,0.0,0.0,0.0
2024-06-26,0.0,0.0,0.0,-1291827.680534998,0.0,-1291827.680534998,-0.0,5523380.1955149975,-0.013019675115279883,0.0,0.0,0.0
2024-06-27,0.0,0.0,0.0,-1291827.680534998,0.0,-1291827.680534998,-0.0,5523380.1955149975,-0.013019675115279883,0.0,0.0,0.0
2024-06-28,0.0,0.0,0.0,-1291827.680534998,0.0,-1291827.680534998,-0.0,5523380.1955149975,-0.013019675115279883,0.0,0.0,0.0
2024-07-01,0.0,0.0,0.0,-1291827.680534998,0.0,-1291827.680534998,-0.0,5523380.1955149975,-0.013019675115279883,0.0,0.0,0.0
2024-07-02,0.0,0.0,0.0,-1291827.680534998,0.0,-1291827.680534998,-0.0,5523380.1955149975,-0.013019675115279883,0.0,0.0,0.0
2024-07-03,0.0,0.0,0.0,-1291827.680534998,0.0,-1291827.680534998,-0.0,5523380.1955149975,-0.013019675115279883,0.0,0.0,0.0
2024-07-04,0.0,0.0,0.0,-1291827.680534998,0.0,-1291827.680534998,-0.0,5523380.1955149975,-0.013019675115279883,0.0,0.0,0.0
2024-07-05,0.0,0.0,0.0,-1291827.680534998,0.0,-1291827.680534998,-0.0,5523380.1955149975,-0.013019675115279883,0.0,0.0,0.0
2024-07-08,0.0,0.0,0.0,-1291827.680534998,0.0,-1291827.680534998,-0.0,5523380.1955149975,-0.013019675115279883,0.0,0.0,0.0
2024-07-09,0.0,0.0,0.0,-1291827.680534998,0.0,-1291827.680534998,-0.0,5523380.1955149975,-0.013019675115279883,0.0,0.0,0.0
2024-07-10,0.0,0.0,0.0,-1291827.680534998,0.0,-1291827.680534998,-0.0,5523380.1955149975,-0.013019675115279883,0.0,0.0,0.0
2024-07-11,0.0,0.0,0.0,-1291827.680534998,0.0,-1291827.680534998,-0.0,5523380.1955149975,-0.013019675115279883,0.0,0.0,0.0
2024-07-12,0.0,0.0,0.0,-1291827.680534998,0.0,-1291827.680534998,-0.0,5523380.1955149975,-0.013019675115279883,0.0,0.0,0.0
2024-07-15,0.0,0.0,0.0,-1291827.680534998,0.0,-1291827.680534998,-0.0,5523380.1955149975,-0.013019675115279883,0.0,0.0,0.0
2024-07-16,0.0,0.0,0.0,-1291827.680534998,0.0,-1291827.680534998,-0.0,5523380.1955149975,-0.013019675115279883,0.0,0.0,0.0
2024-07-17,0.0,0.0,0.0,-1291827.680534998,0.0,-1291827.680534998,-0.0,5523380.1955149975,-0.013019675115279883,0.0,0.0,0.0
2024-07-18,0.0,0.0,0.0,-1291827.680534998,0.0,-1291827.680534998,-0.0,5523380.1955149975,-0.013019675115279883,0.0,0.0,0.0
2024-07-19,0.0,0.0,0.0,-1291827.680534998,0.0,-1291827.680534998,-0.0,5523380.1955149975,-0.013019675115279883,0.0,0.0,0.0
2024-07-22,0.0,0.0,0.0,-1291827.680534998,0.0,-1291827.680534998,-0.0,5523380.1955149975,-0.013019675115279883,0.0,0.0,0.0
2024-07-23,0.0,0.0,0.0,-1291827.680534998,0.0,-1291827.680534998,-0.0,5523380.1955149975,-0.013019675115279883,0.0,0.0,0.0
2024-07-26,0.0,0.0,0.0,-1291827.680534998,0.0,-1291827.680534998,-0.0,5523380.1955149975,-0.013019675115279883,0.0,0.0,0.0
2024-07-29,0.0,0.0,0.0,-1291827.680534998,0.0,-1291827.680534998,-0.0,5523380.1955149975,-0.013019675115279883,0.0,0.0,0.0
2024-07-30,0.0,0.0,0.0,-1291827.680534998,0.0,-1291827.680534998,-0.0,5523380.1955149975,-0.013019675115279883,0.0,0.0,0.0
2024-07-31,0.0,0.0,0.0,-1291827.680534998,0.0,-1291827.680534998,-0.0,5523380.1955149975,-0.013019675115279883,0.0,0.0,0.0
2024-08-01,0.0,0.0,0.0,-1291827.680534998,0.0,-1291827.680534998,-0.0,5523380.1955149975,-0.013019675115279883,0.0,0.0,0.0
2024-08-02,0.0,0.0,0.0,-1291827.680534998,0.0,-1291827.680534998,-0.0,5523380.1955149975,-0.013019675115279883,0.0,0.0,0.0
2024-08-05,0.0,0.0,0.0,-1291827.680534998,0.0,-1291827.680534998,-0.0,5523380.1955149975,-0.013019675115279883,0.0,0.0,0.0
2024-08-06,0.0,0.0,0.0,-1291827.680534998,0.0,-1291827.680534998,-0.0,5523380.1955149975,-0.013019675115279883,0.0,0.0,0.0
2024-08-07,0.0,0.0,0.0,-1291827.680534998,0.0,-1291827.680534998,-0.0,5523380.1955149975,-0.013019675115279883,0.0,0.0,0.0
2024-08-08,0.0,0.0,0.0,-1291827.680534998,0.0,-1291827.680534998,-0.0,5523380.1955149975,-0.013019675115279883,0.0,0.0,0.0
2024-08-09,0.0,0.0,0.0,-1291827.680534998,0.0,-1291827.680534998,-0.0,5523380.1955149975,-0.013019675115279883,0.0,0.0,0.0
2024-08-12,0.0,0.0,0.0,-1291827.680534998,0.0,-1291827.680534998,-0.0,5523380.1955149975,-0.013019675115279883,0.0,0.0,0.0
2024-08-13,0.0,0.0,0.0,-1291827.680534998,0.0,-1291827.680534998,-0.0,5523380.1955149975,-0.013019675115279883,0.0,0.0,0.0
2024-08-14,0.0,0.0,0.0,-1291827.680534998,0.0,-1291827.680534998,-0.0,5523380.1955149975,-0.013019675115279883,0.0,0.0,0.0
2024-08-15,0.0,0.0,0.0,-1291827.680534998,0.0,-1291827.680534998,-0.0,5523380.1955149975,-0.013019675115279883,0.0,0.0,0.0
2024-08-16,0.0,0.0,0.0,-1291827.680534998,0.0,-1291827.680534998,-0.0,5523380.1955149975,-0.013019675115279883,0.0,0.0,0.0
2024-08-19,0.0,0.0,0.0,-1291827.680534998,0.0,-1291827.680534998,-0.0,5523380.1955149975,-0.013019675115279883,0.0,0.0,0.0
2024-08-20,-4308113.52606,-4308113.52606,4351657.0,-1248284.206594998,43543.47393999994,-1291827.680534998,4308113.52606,5599941.206594998,-0.01205730303920164,0.010973299811876419,0.014323278901964276,0.010107318128132703
2024-08-21,0.0,-4308113.52606,4317301.0,-1282640.206594998,9187.473939999938,-1291827.680534998,4308113.52606,5599941.206594998,-0.012389151107955755,-0.006135064410951185,-0.007894923703775425,-0.007894923703775366
2024-08-22,0.0,-4308113.52606,4219962.0,-1379979.206594998,-88151.52606000006,-1291827.680534998,4308113.52606,5599941.206594998,-0.013329358325456533,-0.01738214677778488,-0.022546262120709093,-0.02254626212070921
2024-08-23,4191333.3163799997,0.0,0.0,-1408607.8902149983,0.0,-1408607.8902149983,-0.0,5599941.206594998,-0.013605885667704454,-0.005112318605467597,-0.006784109340321254,-0.006784109340321135
2024-08-26,0.0,0.0,0.0,-1408607.8902149983,0.0,-1408607.8902149983,-0.0,5599941.206594998,-0.013605885667704454,0.0,0.0,0.0
2024-08-27,0.0,0.0,0.0,-1408607.8902149983,0.0,-1408607.8902149983,-0.0,5599941.206594998,-0.013605885667704454,0.0,0.0,0.0
2024-08-28,0.0,0.0,0.0,-1408607.8902149983,0.0,-1408607.8902149983,-0.0,5599941.206594998,-0.013605885667704454,0.0,0.0,0.0
2024-08-29,0.0,0.0,0.0,-1408607.8902149983,0.0,-1408607.8902149983,-0.0,5599941.206594998,-0.013605885667704454,0.0,0.0,0.0
2024-08-30,0.0,0.0,0.0,-1408607.8902149983,0.0,-1408607.8902149983,-0.0,5599941.206594998,-0.013605885667704454,0.0,0.0,0.0
2024-09-02,0.0,0.0,0.0,-1408607.8902149983,0.0,-1408607.8902149983,-0.0,5599941.206594998,-0.013605885667704454,0.0,0.0,0.0
2024-09-03,0.0,0.0,0.0,-1408607.8902149983,0.0,-1408607.8902149983,-0.0,5599941.206594998,-0.013605885667704454,0.0,0.0,0.0
2024-09-04,0.0,0.0,0.0,-1408607.8902149983,0.0,-1408607.8902149983,-0.0,5599941.206594998,-0.013605885667704454,0.0,0.0,0.0
2024-09-05,0.0,0.0,0.0,-1408607.8902149983,0.0,-1408607.8902149983,-0.0,5599941.206594998,-0.013605885667704454,0.0,0.0,0.0
2024-09-06,0.0,0.0,0.0,-1408607.8902149983,0.0,-1408607.8902149983,-0.0,5599941.206594998,-0.013605885667704454,0.0,0.0,0.0
2024-09-09,0.0,0.0,0.0,-1408607.8902149983,0.0,-1408607.8902149983,-0.0,5599941.206594998,-0.013605885667704454,0.0,0.0,0.0
2024-09-10,0.0,0.0,0.0,-1408607.8902149983,0.0,-1408607.8902149983,-0.0,5599941.206594998,-0.013605885667704454,0.0,0.0,0.0
2024-09-11,0.0,0.0,0.0,-1408607.8902149983,0.0,-1408607.8902149983,-0.0,5599941.206594998,-0.013605885667704454,0.0,0.0,0.0
2024-09-12,0.0,0.0,0.0,-1408607.8902149983,0.0,-1408607.8902149983,-0.0,5599941.206594998,-0.013605885667704454,0.0,0.0,0.0
2024-09-13,0.0,0.0,0.0,-1408607.8902149983,0.0,-1408607.8902149983,-0.0,5599941.206594998,-0.013605885667704454,0.0,0.0,0.0
2024-09-16,0.0,0.0,0.0,-1408607.8902149983,0.0,-1408607.8902149983,-0.0,5599941.206594998,-0.013605885667704454,0.0,0.0,0.0
2024-09-18,0.0,0.0,0.0,-1408607.8902149983,0.0,-1408607.8902149983,-0.0,5599941.206594998,-0.013605885667704454,0.0,0.0,0.0
2024-09-19,0.0,0.0,0.0,-1408607.8902149983,0.0,-1408607.8902149983,-0.0,5599941.206594998,-0.013605885667704454,0.0,0.0,0.0
2024-09-20,0.0,0.0,0.0,-1408607.8902149983,0.0,-1408607.8902149983,-0.0,5599941.206594998,-0.013605885667704454,0.0,0.0,0.0
2024-09-23,0.0,0.0,0.0,-1408607.8902149983,0.0,-1408607.8902149983,-0.0,5599941.206594998,-0.013605885667704454,0.0,0.0,0.0
2024-09-24,0.0,0.0,0.0,-1408607.8902149983,0.0,-1408607.8902149983,-0.0,5599941.206594998,-0.013605885667704454,0.0,0.0,0.0
2024-09-25,0.0,0.0,0.0,-1408607.8902149983,0.0,-1408607.8902149983,-0.0,5599941.206594998,-0.013605885667704454,0.0,0.0,0.0
2024-09-26,0.0,0.0,0.0,-1408607.8902149983,0.0,-1408607.8902149983,-0.0,5599941.206594998,-0.013605885667704454,0.0,0.0,0.0
2024-09-27,0.0,0.0,0.0,-1408607.8902149983,0.0,-1408607.8902149983,-0.0,5599941.206594998,-0.013605885667704454,0.0,0.0,0.0
2024-09-30,-3964942.403069999,-3964942.4030699995,3915537.0,-1458013.2932849978,-49405.403069999535,-1408607.8902149983,3964942.4030699995,5599941.206594998,-0.01356364015182616,-0.008822486031070331,-0.01178751469775019,-0.011787514697750247
2024-10-01,0.0,-3964942.4030699995,3857801.0,-1515749.2932849978,-107141.40306999953,-1408607.8902149983,3964942.4030699995,5599941.206594998,-0.014100747962442508,-0.010310108243994587,-0.013939402425249048,-0.013939402425249013
2024-10-04,0.0,-3964942.4030699995,4093993.0,-1279557.2932849978,129050.59693000047,-1408607.8902149983,3964942.4030699995,5599941.206594998,-0.011903495502883546,0.04217758567212079,0.05783077901659639,0.05783077901659624
2024-10-07,0.0,-3964942.4030699995,4093993.0,-1279557.2932849978,129050.59693000047,-1408607.8902149983,3964942.4030699995,5599941.206594998,-0.011903495502883546,0.0,0.0,0.0
2024-10-08,0.0,-3964942.4030699995,4240956.0,-1132594.2932849978,276013.59693000047,-1408607.8902149983,3964942.4030699995,5599941.206594998,-0.01053632467061927,0.02624366838475431,0.03401618998423839,0.03401618998423832
2024-10-09,4282947.123454999,0.0,0.0,-1090603.1698299982,0.0,-1090603.1698299982,-0.0,5599941.206594998,-0.010145688665626967,0.007498493628030789,0.009399566290652528,0.009399566290652604
2024-10-11,-4313392.437805,-4313392.437805,4293444.0,-1110551.607634998,-19948.43780499976,-1090603.1698299982,4313392.437805,5599941.206594998,-0.009932698757722966,-0.0035622584361254817,-0.004423806253236795,-0.0044238062532368444
2024-10-14,0.0,-4313392.437805,4261952.0,-1142043.607634998,-51440.43780499976,-1090603.1698299982,4313392.437805,5599941.206594998,-0.010214361084018945,-0.00562363047006853,-0.007014762097567906,-0.007014762097567863
2024-10-15,4309189.7835524995,0.0,0.0,-1094805.8240824982,0.0,-1094805.8240824982,-0.0,5599941.206594998,-0.009791869530466837,0.008435407053357658,0.010596426343108423,0.010596426343108464
2024-10-16,0.0,0.0,0.0,-1094805.8240824982,0.0,-1094805.8240824982,-0.0,5599941.206594998,-0.009791869530466837,0.0,0.0,0.0
2024-10-17,0.0,0.0,0.0,-1094805.8240824982,0.0,-1094805.8240824982,-0.0,5599941.206594998,-0.009791869530466837,0.0,0.0,0.0
2024-10-18,0.0,0.0,0.0,-1094805.8240824982,0.0,-1094805.8240824982,-0.0,5599941.206594998,-0.009791869530466837,0.0,0.0,0.0
2024-10-21,0.0,0.0,0.0,-1094805.8240824982,0.0,-1094805.8240824982,-0.0,5599941.206594998,-0.009791869530466837,0.0,0.0,0.0
2024-10-22,0.0,0.0,0.0,-1094805.8240824982,0.0,-1094805.8240824982,-0.0,5599941.206594998,-0.009791869530466837,0.0,0.0,0.0
2024-10-23,0.0,0.0,0.0,-1094805.8240824982,0.0,-1094805.8240824982,-0.0,5599941.206594998,-0.009791869530466837,0.0,0.0,0.0
2024-10-24,0.0,0.0,0.0,-1094805.8240824982,0.0,-1094805.8240824982,-0.0,5599941.206594998,-0.009791869530466837,0.0,0.0,0.0
2024-10-25,0.0,0.0,0.0,-1094805.8240824982,0.0,-1094805.8240824982,-0.0,5599941.206594998,-0.009791869530466837,0.0,0.0,0.0
2024-10-28,0.0,0.0,0.0,-1094805.8240824982,0.0,-1094805.8240824982,-0.0,5599941.206594998,-0.009791869530466837,0.0,0.0,0.0
2024-10-29,0.0,0.0,0.0,-1094805.8240824982,0.0,-1094805.8240824982,-0.0,5599941.206594998,-0.009791869530466837,0.0,0.0,0.0
2024-10-30,0.0,0.0,0.0,-1094805.8240824982,0.0,-1094805.8240824982,-0.0,5599941.206594998,-0.009791869530466837,0.0,0.0,0.0
2024-11-01,0.0,0.0,0.0,-1094805.8240824982,0.0,-1094805.8240824982,-0.0,5599941.206594998,-0.009791869530466837,0.0,0.0,0.0
2024-11-04,0.0,0.0,0.0,-1094805.8240824982,0.0,-1094805.8240824982,-0.0,5599941.206594998,-0.009791869530466837,0.0,0.0,0.0
2024-11-05,0.0,0.0,0.0,-1094805.8240824982,0.0,-1094805.8240824982,-0.0,5599941.206594998,-0.009791869530466837,0.0,0.0,0.0
2024-11-06,0.0,0.0,0.0,-1094805.8240824982,0.0,-1094805.8240824982,-0.0,5599941.206594998,-0.009791869530466837,0.0,0.0,0.0
2024-11-07,0.0,0.0,0.0,-1094805.8240824982,0.0,-1094805.8240824982,-0.0,5599941.206594998,-0.009791869530466837,0.0,0.0,0.0
2024-11-08,0.0,0.0,0.0,-1094805.8240824982,0.0,-1094805.8240824982,-0.0,5599941.206594998,-0.009791869530466837,0.0,0.0,0.0
2024-11-11,0.0,0.0,0.0,-1094805.8240824982,0.0,-1094805.8240824982,-0.0,5599941.206594998,-0.009791869530466837,0.0,0.0,0.0
2024-11-12,0.0,0.0,0.0,-1094805.8240824982,0.0,-1094805.8240824982,-0.0,5599941.206594998,-0.009791869530466837,0.0,0.0,0.0
2024-11-13,0.0,0.0,0.0,-1094805.8240824982,0.0,-1094805.8240824982,-0.0,5599941.206594998,-0.009791869530466837,0.0,0.0,0.0
2024-11-14,0.0,0.0,0.0,-1094805.8240824982,0.0,-1094805.8240824982,-0.0,5599941.206594998,-0.009791869530466837,0.0,0.0,0.0
2024-11-15,0.0,0.0,0.0,-1094805.8240824982,0.0,-1094805.8240824982,-0.0,5599941.206594998,-0.009791869530466837,0.0,0.0,0.0
2024-11-18,0.0,0.0,0.0,-1094805.8240824982,0.0,-1094805.8240824982,-0.0,5599941.206594998,-0.009791869530466837,0.0,0.0,0.0
2024-11-19,0.0,0.0,0.0,-1094805.8240824982,0.0,-1094805.8240824982,-0.0,5599941.206594998,-0.009791869530466837,0.0,0.0,0.0
2024-11-20,0.0,0.0,0.0,-1094805.8240824982,0.0,-1094805.8240824982,-0.0,5599941.206594998,-0.009791869530466837,0.0,0.0,0.0
2024-11-21,0.0,0.0,0.0,-1094805.8240824982,0.0,-1094805.8240824982,-0.0,5599941.206594998,-0.009791869530466837,0.0,0.0,0.0
2024-11-22,0.0,0.0,0.0,-1094805.8240824982,0.0,-1094805.8240824982,-0.0,5599941.206594998,-0.009791869530466837,0.0,0.0,0.0
2024-11-25,0.0,0.0,0.0,-1094805.8240824982,0.0,-1094805.8240824982,-0.0,5599941.206594998,-0.009791869530466837,0.0,0.0,0.0
2024-11-26,0.0,0.0,0.0,-1094805.8240824982,0.0,-1094805.8240824982,-0.0,5599941.206594998,-0.009791869530466837,0.0,0.0,0.0
2024-11-27,0.0,0.0,0.0,-1094805.8240824982,0.0,-1094805.8240824982,-0.0,5599941.206594998,-0.009791869530466837,0.0,0.0,0.0
2024-11-28,0.0,0.0,0.0,-1094805.8240824982,0.0,-1094805.8240824982,-0.0,5599941.206594998,-0.009791869530466837,0.0,0.0,0.0
2024-11-29,0.0,0.0,0.0,-1094805.8240824982,0.0,-1094805.8240824982,-0.0,5599941.206594998,-0.009791869530466837,0.0,0.0,0.0
2024-12-02,0.0,0.0,0.0,-1094805.8240824982,0.0,-1094805.8240824982,-0.0,5599941.206594998,-0.009791869530466837,0.0,0.0,0.0
2024-12-03,0.0,0.0,0.0,-1094805.8240824982,0.0,-1094805.8240824982,-0.0,5599941.206594998,-0.009791869530466837,0.0,0.0,0.0
2024-12-04,0.0,0.0,0.0,-1094805.8240824982,0.0,-1094805.8240824982,-0.0,5599941.206594998,-0.009791869530466837,0.0,0.0,0.0
2024-12-05,-4102210.93238,-4102210.9323800006,4093993.0,-1103023.7564624988,-8217.932380000595,-1094805.8240824982,4102210.9323800006,5599941.206594998,-0.00951622098481003,-0.0014675033320568354,-0.0018241255106117293,-0.0018241255106117322
2024-12-06,0.0,-4102210.9323800006,4031009.0,-1166007.7564624988,-71201.9323800006,-1094805.8240824982,4102210.9323800006,5599941.206594998,-0.010059608793998753,-0.011247260940137088,-0.014006038736188997,-0.014006038736188988
2024-12-09,4036257.5765050002,0.0,0.0,-1160759.1799574983,0.0,-1160759.1799574983,-0.0,5599941.206594998,-0.010014327254426615,0.0009372556445448599,0.001183729202079764,0.0011837292020798432
2024-12-10,-4255317.799205001,-4255317.7992050005,4261952.0,-1154124.9791624988,6634.200794999488,-1160759.1799574983,4255317.7992050005,5599941.206594998,-0.009604488477527609,0.0011846911512546632,0.001494464690835029,0.0014944646908350873
2024-12-11,0.0,-4255317.7992050005,4130734.0,-1285342.9791624988,-124583.79920500051,-1160759.1799574983,4255317.7992050005,5599941.206594998,-0.010696468801841144,-0.02343203172302341,-0.029514940179112936,-0.02951494017911299
2024-12-12,4151729.4424375007,0.0,0.0,-1264347.5367249984,0.0,-1264347.5367249984,-0.0,5599941.206594998,-0.01052174726941413,0.0037492255120061546,0.00486614079244041,0.0048661407924404316
2024-12-13,0.0,0.0,0.0,-1264347.5367249984,0.0,-1264347.5367249984,-0.0,5599941.206594998,-0.01052174726941413,0.0,0.0,0.0
2024-12-16,0.0,0.0,0.0,-1264347.5367249984,0.0,-1264347.5367249984,-0.0,5599941.206594998,-0.01052174726941413,0.0,0.0,0.0
2024-12-17,0.0,0.0,0.0,-1264347.5367249984,0.0,-1264347.5367249984,-0.0,5599941.206594998,-0.01052174726941413,0.0,0.0,0.0
2024-12-18,0.0,0.0,0.0,-1264347.5367249984,0.0,-1264347.5367249984,-0.0,5599941.206594998,-0.01052174726941413,0.0,0.0,0.0
2024-12-19,0.0,0.0,0.0,-1264347.5367249984,0.0,-1264347.5367249984,-0.0,5599941.206594998,-0.01052174726941413,0.0,0.0,0.0
2024-12-20,0.0,0.0,0.0,-1264347.5367249984,0.0,-1264347.5367249984,-0.0,5599941.206594998,-0.01052174726941413,0.0,0.0,0.0
2024-12-23,0.0,0.0,0.0,-1264347.5367249984,0.0,-1264347.5367249984,-0.0,5599941.206594998,-0.01052174726941413,0.0,0.0,0.0
2024-12-24,0.0,0.0,0.0,-1264347.5367249984,0.0,-1264347.5367249984,-0.0,5599941.206594998,-0.01052174726941413,0.0,0.0,0.0
2024-12-25,0.0,0.0,0.0,-1264347.5367249984,0.0,-1264347.5367249984,-0.0,5599941.206594998,-0.01052174726941413,0.0,0.0,0.0
2024-12-26,0.0,0.0,0.0,-1264347.5367249984,0.0,-1264347.5367249984,-0.0,5599941.206594998,-0.01052174726941413,0.0,0.0,0.0
2024-12-27,0.0,0.0,0.0,-1264347.5367249984,0.0,-1264347.5367249984,-0.0,5599941.206594998,-0.01052174726941413,0.0,0.0,0.0
2024-12-30,-3993260.2986499993,-3993260.29865,3874502.0,-1383105.8353749982,-118758.29864999978,-1264347.5367249984,3993260.29865,5599941.206594998,-0.011139846447716237,-0.021207061693815504,-0.02739147339274539,-0.02739147339274547
2024-12-31,3869730.3347499995,0.0,0.0,-1387877.5006249982,0.0,-1387877.5006249982,-0.0,5599941.206594998,-0.011178278516199625,-0.000852092026319945,-0.0011315749442264433,-0.0011315749442263752
2025-01-02,0.0,0.0,0.0,-1387877.5006249982,0.0,-1387877.5006249982,-0.0,5599941.206594998,-0.011178278516199625,0.0,0.0,0.0
2025-01-03,0.0,0.0,0.0,-1387877.5006249982,0.0,-1387877.5006249982,-0.0,5599941.206594998,-0.011178278516199625,0.0,0.0,0.0
2025-01-06,0.0,0.0,0.0,-1387877.5006249982,0.0,-1387877.5006249982,-0.0,5599941.206594998,-0.011178278516199625,0.0,0.0,0.0
2025-01-07,0.0,0.0,0.0,-1387877.5006249982,0.0,-1387877.5006249982,-0.0,5599941.206594998,-0.011178278516199625,0.0,0.0,0.0
2025-01-08,0.0,0.0,0.0,-1387877.5006249982,0.0,-1387877.5006249982,-0.0,5599941.206594998,-0.011178278516199625,0.0,0.0,0.0
2025-01-09,0.0,0.0,0.0,-1387877.5006249982,0.0,-1387877.5006249982,-0.0,5599941.206594998,-0.011178278516199625,0.0,0.0,0.0
2025-01-10,0.0,0.0,0.0,-1387877.5006249982,0.0,-1387877.5006249982,-0.0,5599941.206594998,-0.011178278516199625,0.0,0.0,0.0
2025-01-13,0.0,0.0,0.0,-1387877.5006249982,0.0,-1387877.5006249982,-0.0,5599941.206594998,-0.011178278516199625,0.0,0.0,0.0
2025-01-14,0.0,0.0,0.0,-1387877.5006249982,0.0,-1387877.5006249982,-0.0,5599941.206594998,-0.011178278516199625,0.0,0.0,0.0
2025-01-15,0.0,0.0,0.0,-1387877.5006249982,0.0,-1387877.5006249982,-0.0,5599941.206594998,-0.011178278516199625,0.0,0.0,0.0
2025-01-16,0.0,0.0,0.0,-1387877.5006249982,0.0,-1387877.5006249982,-0.0,5599941.206594998,-0.011178278516199625,0.0,0.0,0.0
2025-01-17,0.0,0.0,0.0,-1387877.5006249982,0.0,-1387877.5006249982,-0.0,5599941.206594998,-0.011178278516199625,0.0,0.0,0.0
2025-01-20,0.0,0.0,0.0,-1387877.5006249982,0.0,-1387877.5006249982,-0.0,5599941.206594998,-0.011178278516199625,0.0,0.0,0.0
2025-01-21,0.0,0.0,0.0,-1387877.5006249982,0.0,-1387877.5006249982,-0.0,5599941.206594998,-0.011178278516199625,0.0,0.0,0.0
2025-01-22,0.0,0.0,0.0,-1387877.5006249982,0.0,-1387877.5006249982,-0.0,5599941.206594998,-0.011178278516199625,0.0,0.0,0.0
2025-02-03,0.0,0.0,0.0,-1387877.5006249982,0.0,-1387877.5006249982,-0.0,5599941.206594998,-0.011178278516199625,0.0,0.0,0.0
2025-02-04,0.0,0.0,0.0,-1387877.5006249982,0.0,-1387877.5006249982,-0.0,5599941.206594998,-0.011178278516199625,0.0,0.0,0.0
2025-02-05,0.0,0.0,0.0,-1387877.5006249982,0.0,-1387877.5006249982,-0.0,5599941.206594998,-0.011178278516199625,0.0,0.0,0.0
2025-02-06,-4127648.529375,-4127648.529375,4136937.0,-1378589.0299999982,9288.470625000075,-1387877.5006249982,4127648.529375,5599941.206594998,-0.01074620921821211,0.0016586728828618946,0.002205206585986552,0.0022052065859865778
2025-02-07,0.0,-4127648.529375,4246683.0,-1268843.0299999982,119034.47062500007,-1387877.5006249982,4127648.529375,5599941.206594998,-0.009890730572148962,0.019597705752830624,0.025997830886624218,0.025997830886624253
2025-02-10,0.0,-4127648.529375,4189424.0,-1326102.0299999982,61775.470625000075,-1387877.5006249982,4127648.529375,5599941.206594998,-0.010337068951633678,-0.010224928778281933,-0.01322043455616495,-0.013220434556165056
2025-02-11,0.0,-4127648.529375,4175109.0,-1340417.0299999982,47460.470625000075,-1387877.5006249982,4127648.529375,5599941.206594998,-0.010448655495274394,-0.002556276837896332,-0.0033494475127642254,-0.0033494475127641256
2025-02-12,0.0,-4127648.529375,4198967.0,-1316559.0299999982,71318.47062500007,-1387877.5006249982,4127648.529375,5599941.206594998,-0.01026268052089925,0.004260401872059422,0.005601095101442022,0.005601095101441995
2025-02-13,4218053.155575,0.0,0.0,-1297472.8744249984,0.0,-1297472.8744249984,-0.0,5599941.206594998,-0.010113902446711112,0.0034082778498678024,0.004455860996781746,0.004455860996781744
2025-02-14,-3948143.69898,-3948143.6989800003,3809132.0,-1436484.5734049988,-139011.69898000034,-1297472.8744249984,3948143.6989800003,5599941.206594998,-0.01086318321357196,-0.02482377829543772,-0.032309755295720666,-0.03230975529572072
2025-02-17,3834897.55488,0.0,0.0,-1410719.0185249983,0.0,-1410719.0185249983,-0.0,5599941.206594998,-0.01066833535481819,0.004601040248361277,0.006188500841969535,0.0061885008419696455
2025-02-18,0.0,0.0,0.0,-1410719.0185249983,0.0,-1410719.0185249983,-0.0,5599941.206594998,-0.01066833535481819,0.0,0.0,0.0
2025-02-19,0.0,0.0,0.0,-1410719.0185249983,0.0,-1410719.0185249983,-0.0,5599941.206594998,-0.01066833535481819,0.0,0.0,0.0
2025-02-20,0.0,0.0,0.0,-1410719.0185249983,0.0,-1410719.0185249983,-0.0,5599941.206594998,-0.01066833535481819,0.0,0.0,0.0
2025-02-21,0.0,0.0,0.0,-1410719.0185249983,0.0,-1410719.0185249983,-0.0,5599941.206594998,-0.01066833535481819,0.0,0.0,0.0
2025-02-24,0.0,0.0,0.0,-1410719.0185249983,0.0,-1410719.0185249983,-0.0,5599941.206594998,-0.01066833535481819,0.0,0.0,0.0
2025-02-25,0.0,0.0,0.0,-1410719.0185249983,0.0,-1410719.0185249983,-0.0,5599941.206594998,-0.01066833535481819,0.0,0.0,0.0
2025-02-26,0.0,0.0,0.0,-1410719.0185249983,0.0,-1410719.0185249983,-0.0,5599941.206594998,-0.01066833535481819,0.0,0.0,0.0
2025-02-27,0.0,0.0,0.0,-1410719.0185249983,0.0,-1410719.0185249983,-0.0,5599941.206594998,-0.01066833535481819,0.0,0.0,0.0
2025-03-03,0.0,0.0,0.0,-1410719.0185249983,0.0,-1410719.0185249983,-0.0,5599941.206594998,-0.01066833535481819,0.0,0.0,0.0
2025-03-04,0.0,0.0,0.0,-1410719.0185249983,0.0,-1410719.0185249983,-0.0,5599941.206594998,-0.01066833535481819,0.0,0.0,0.0
2025-03-05,0.0,0.0,0.0,-1410719.0185249983,0.0,-1410719.0185249983,-0.0,5599941.206594998,-0.01066833535481819,0.0,0.0,0.0
2025-03-06,0.0,0.0,0.0,-1410719.0185249983,0.0,-1410719.0185249983,-0.0,5599941.206594998,-0.01066833535481819,0.0,0.0,0.0
2025-03-07,0.0,0.0,0.0,-1410719.0185249983,0.0,-1410719.0185249983,-0.0,5599941.206594998,-0.01066833535481819,0.0,0.0,0.0
2025-03-10,0.0,0.0,0.0,-1410719.0185249983,0.0,-1410719.0185249983,-0.0,5599941.206594998,-0.01066833535481819,0.0,0.0,0.0
2025-03-11,0.0,0.0,0.0,-1410719.0185249983,0.0,-1410719.0185249983,-0.0,5599941.206594998,-0.01066833535481819,0.0,0.0,0.0
2025-03-12,0.0,0.0,0.0,-1410719.0185249983,0.0,-1410719.0185249983,-0.0,5599941.206594998,-0.01066833535481819,0.0,0.0,0.0
2025-03-13,0.0,0.0,0.0,-1410719.0185249983,0.0,-1410719.0185249983,-0.0,5599941.206594998,-0.01066833535481819,0.0,0.0,0.0
2025-03-14,0.0,0.0,0.0,-1410719.0185249983,0.0,-1410719.0185249983,-0.0,5599941.206594998,-0.01066833535481819,0.0,0.0,0.0
2025-03-17,0.0,0.0,0.0,-1410719.0185249983,0.0,-1410719.0185249983,-0.0,5599941.206594998,-0.01066833535481819,0.0,0.0,0.0
2025-03-18,0.0,0.0,0.0,-1410719.0185249983,0.0,-1410719.0185249983,-0.0,5599941.206594998,-0.01066833535481819,0.0,0.0,0.0
2025-03-19,0.0,0.0,0.0,-1410719.0185249983,0.0,-1410719.0185249983,-0.0,5599941.206594998,-0.01066833535481819,0.0,0.0,0.0
2025-03-20,0.0,0.0,0.0,-1410719.0185249983,0.0,-1410719.0185249983,-0.0,5599941.206594998,-0.01066833535481819,0.0,0.0,0.0
2025-03-21,0.0,0.0,0.0,-1410719.0185249983,0.0,-1410719.0185249983,-0.0,5599941.206594998,-0.01066833535481819,0.0,0.0,0.0
2025-03-24,0.0,0.0,0.0,-1410719.0185249983,0.0,-1410719.0185249983,-0.0,5599941.206594998,-0.01066833535481819,0.0,0.0,0.0
2025-03-25,0.0,0.0,0.0,-1410719.0185249983,0.0,-1410719.0185249983,-0.0,5599941.206594998,-0.01066833535481819,0.0,0.0,0.0
2025-03-26,0.0,0.0,0.0,-1410719.0185249983,0.0,-1410719.0185249983,-0.0,5599941.206594998,-0.01066833535481819,0.0,0.0,0.0
2025-03-27,0.0,0.0,0.0,-1410719.0185249983,0.0,-1410719.0185249983,-0.0,5599941.206594998,-0.01066833535481819,0.0,0.0,0.0
2025-03-28,0.0,0.0,0.0,-1410719.0185249983,0.0,-1410719.0185249983,-0.0,5599941.206594998,-0.01066833535481819,0.0,0.0,0.0
2025-03-31,0.0,0.0,0.0,-1410719.0185249983,0.0,-1410719.0185249983,-0.0,5599941.206594998,-0.01066833535481819,0.0,0.0,0.0
2025-04-01,0.0,0.0,0.0,-1410719.0185249983,0.0,-1410719.0185249983,-0.0,5599941.206594998,-0.01066833535481819,0.0,0.0,0.0
2025-04-02,0.0,0.0,0.0,-1410719.0185249983,0.0,-1410719.0185249983,-0.0,5599941.206594998,-0.01066833535481819,0.0,0.0,0.0
2025-04-07,0.0,0.0,0.0,-1410719.0185249983,0.0,-1410719.0185249983,-0.0,5599941.206594998,-0.01066833535481819,0.0,0.0,0.0
2025-04-08,0.0,0.0,0.0,-1410719.0185249983,0.0,-1410719.0185249983,-0.0,5599941.206594998,-0.01066833535481819,0.0,0.0,0.0
2025-04-09,0.0,0.0,0.0,-1410719.0185249983,0.0,-1410719.0185249983,-0.0,5599941.206594998,-0.01066833535481819,0.0,0.0,0.0
2025-04-10,0.0,0.0,0.0,-1410719.0185249983,0.0,-1410719.0185249983,-0.0,5599941.206594998,-0.01066833535481819,0.0,0.0,0.0
2025-04-11,0.0,0.0,0.0,-1410719.0185249983,0.0,-1410719.0185249983,-0.0,5599941.206594998,-0.01066833535481819,0.0,0.0,0.0
2025-04-14,0.0,0.0,0.0,-1410719.0185249983,0.0,-1410719.0185249983,-0.0,5599941.206594998,-0.01066833535481819,0.0,0.0,0.0
2025-04-15,0.0,0.0,0.0,-1410719.0185249983,0.0,-1410719.0185249983,-0.0,5599941.206594998,-0.01066833535481819,0.0,0.0,0.0
2025-04-16,0.0,0.0,0.0,-1410719.0185249983,0.0,-1410719.0185249983,-0.0,5599941.206594998,-0.01066833535481819,0.0,0.0,0.0
2025-04-17,0.0,0.0,0.0,-1410719.0185249983,0.0,-1410719.0185249983,-0.0,5599941.206594998,-0.01066833535481819,0.0,0.0,0.0
2025-04-18,0.0,0.0,0.0,-1410719.0185249983,0.0,-1410719.0185249983,-0.0,5599941.206594998,-0.01066833535481819,0.0,0.0,0.0
2025-04-21,0.0,0.0,0.0,-1410719.0185249983,0.0,-1410719.0185249983,-0.0,5599941.206594998,-0.01066833535481819,0.0,0.0,0.0
2025-04-22,0.0,0.0,0.0,-1410719.0185249983,0.0,-1410719.0185249983,-0.0,5599941.206594998,-0.01066833535481819,0.0,0.0,0.0
2025-04-23,0.0,0.0,0.0,-1410719.0185249983,0.0,-1410719.0185249983,-0.0,5599941.206594998,-0.01066833535481819,0.0,0.0,0.0
2025-04-24,0.0,0.0,0.0,-1410719.0185249983,0.0,-1410719.0185249983,-0.0,5599941.206594998,-0.01066833535481819,0.0,0.0,0.0
2025-04-25,0.0,0.0,0.0,-1410719.0185249983,0.0,-1410719.0185249983,-0.0,5599941.206594998,-0.01066833535481819,0.0,0.0,0.0
2025-04-28,0.0,0.0,0.0,-1410719.0185249983,0.0,-1410719.0185249983,-0.0,5599941.206594998,-0.01066833535481819,0.0,0.0,0.0
2025-04-29,0.0,0.0,0.0,-1410719.0185249983,0.0,-1410719.0185249983,-0.0,5599941.206594998,-0.01066833535481819,0.0,0.0,0.0
2025-04-30,0.0,0.0,0.0,-1410719.0185249983,0.0,-1410719.0185249983,-0.0,5599941.206594998,-0.01066833535481819,0.0,0.0,0.0
2025-05-02,0.0,0.0,0.0,-1410719.0185249983,0.0,-1410719.0185249983,-0.0,5599941.206594998,-0.01066833535481819,0.0,0.0,0.0
2025-05-05,0.0,0.0,0.0,-1410719.0185249983,0.0,-1410719.0185249983,-0.0,5599941.206594998,-0.01066833535481819,0.0,0.0,0.0
2025-05-06,0.0,0.0,0.0,-1410719.0185249983,0.0,-1410719.0185249983,-0.0,5599941.206594998,-0.01066833535481819,0.0,0.0,0.0
2025-05-07,0.0,0.0,0.0,-1410719.0185249983,0.0,-1410719.0185249983,-0.0,5599941.206594998,-0.01066833535481819,0.0,0.0,0.0
2025-05-08,0.0,0.0,0.0,-1410719.0185249983,0.0,-1410719.0185249983,-0.0,5599941.206594998,-0.01066833535481819,0.0,0.0,0.0
2025-05-09,0.0,0.0,0.0,-1410719.0185249983,0.0,-1410719.0185249983,-0.0,5599941.206594998,-0.01066833535481819,0.0,0.0,0.0
2025-05-12,0.0,0.0,0.0,-1410719.0185249983,0.0,-1410719.0185249983,-0.0,5599941.206594998,-0.01066833535481819,0.0,0.0,0.0
2025-05-13,0.0,0.0,0.0,-1410719.0185249983,0.0,-1410719.0185249983,-0.0,5599941.206594998,-0.01066833535481819,0.0,0.0,0.0
2025-05-14,0.0,0.0,0.0,-1410719.0185249983,0.0,-1410719.0185249983,-0.0,5599941.206594998,-0.01066833535481819,0.0,0.0,0.0
2025-05-15,0.0,0.0,0.0,-1410719.0185249983,0.0,-1410719.0185249983,-0.0,5599941.206594998,-0.01066833535481819,0.0,0.0,0.0
2025-05-16,0.0,0.0,0.0,-1410719.0185249983,0.0,-1410719.0185249983,-0.0,5599941.206594998,-0.01066833535481819,0.0,0.0,0.0
2025-05-19,0.0,0.0,0.0,-1410719.0185249983,0.0,-1410719.0185249983,-0.0,5599941.206594998,-0.01066833535481819,0.0,0.0,0.0
2025-05-20,0.0,0.0,0.0,-1410719.0185249983,0.0,-1410719.0185249983,-0.0,5599941.206594998,-0.01066833535481819,0.0,0.0,0.0
2025-05-21,0.0,0.0,0.0,-1410719.0185249983,0.0,-1410719.0185249983,-0.0,5599941.206594998,-0.01066833535481819,0.0,0.0,0.0
2025-05-22,0.0,0.0,0.0,-1410719.0185249983,0.0,-1410719.0185249983,-0.0,5599941.206594998,-0.01066833535481819,0.0,0.0,0.0
2025-05-23,0.0,0.0,0.0,-1410719.0185249983,0.0,-1410719.0185249983,-0.0,5599941.206594998,-0.01066833535481819,0.0,0.0,0.0
2025-05-26,0.0,0.0,0.0,-1410719.0185249983,0.0,-1410719.0185249983,-0.0,5599941.206594998,-0.01066833535481819,0.0,0.0,0.0
2025-05-27,0.0,0.0,0.0,-1410719.0185249983,0.0,-1410719.0185249983,-0.0,5599941.206594998,-0.01066833535481819,0.0,0.0,0.0
2025-05-28,0.0,0.0,0.0,-1410719.0185249983,0.0,-1410719.0185249983,-0.0,5599941.206594998,-0.01066833535481819,0.0,0.0,0.0
2025-05-29,0.0,0.0,0.0,-1410719.0185249983,0.0,-1410719.0185249983,-0.0,5599941.206594998,-0.01066833535481819,0.0,0.0,0.0
2025-06-02,0.0,0.0,0.0,-1410719.0185249983,0.0,-1410719.0185249983,-0.0,5599941.206594998,-0.01066833535481819,0.0,0.0,0.0
2025-06-03,0.0,0.0,0.0,-1410719.0185249983,0.0,-1410719.0185249983,-0.0,5599941.206594998,-0.01066833535481819,0.0,0.0,0.0
2025-06-04,0.0,0.0,0.0,-1410719.0185249983,0.0,-1410719.0185249983,-0.0,5599941.206594998,-0.01066833535481819,0.0,0.0,0.0
2025-06-05,0.0,0.0,0.0,-1410719.0185249983,0.0,-1410719.0185249983,-0.0,5599941.206594998,-0.01066833535481819,0.0,0.0,0.0
2025-06-06,0.0,0.0,0.0,-1410719.0185249983,0.0,-1410719.0185249983,-0.0,5599941.206594998,-0.01066833535481819,0.0,0.0,0.0
2025-06-09,0.0,0.0,0.0,-1410719.0185249983,0.0,-1410719.0185249983,-0.0,5599941.206594998,-0.01066833535481819,0.0,0.0,0.0
2025-06-10,0.0,0.0,0.0,-1410719.0185249983,0.0,-1410719.0185249983,-0.0,5599941.206594998,-0.01066833535481819,0.0,0.0,0.0
2025-06-11,0.0,0.0,0.0,-1410719.0185249983,0.0,-1410719.0185249983,-0.0,5599941.206594998,-0.01066833535481819,0.0,0.0,0.0
2025-06-12,0.0,0.0,0.0,-1410719.0185249983,0.0,-1410719.0185249983,-0.0,5599941.206594998,-0.01066833535481819,0.0,0.0,0.0
2025-06-13,0.0,0.0,0.0,-1410719.0185249983,0.0,-1410719.0185249983,-0.0,5599941.206594998,-0.01066833535481819,0.0,0.0,0.0
2025-06-16,0.0,0.0,0.0,-1410719.0185249983,0.0,-1410719.0185249983,-0.0,5599941.206594998,-0.01066833535481819,0.0,0.0,0.0
2025-06-17,0.0,0.0,0.0,-1410719.0185249983,0.0,-1410719.0185249983,-0.0,5599941.206594998,-0.01066833535481819,0.0,0.0,0.0
2025-06-18,0.0,0.0,0.0,-1410719.0185249983,0.0,-1410719.0185249983,-0.0,5599941.206594998,-0.01066833535481819,0.0,0.0,0.0
2025-06-19,0.0,0.0,0.0,-1410719.0185249983,0.0,-1410719.0185249983,-0.0,5599941.206594998,-0.01066833535481819,0.0,0.0,0.0
2025-06-20,0.0,0.0,0.0,-1410719.0185249983,0.0,-1410719.0185249983,-0.0,5599941.206594998,-0.01066833535481819,0.0,0.0,0.0
2025-06-23,0.0,0.0,0.0,-1410719.0185249983,0.0,-1410719.0185249983,-0.0,5599941.206594998,-0.01066833535481819,0.0,0.0,0.0
2025-06-24,0.0,0.0,0.0,-1410719.0185249983,0.0,-1410719.0185249983,-0.0,5599941.206594998,-0.01066833535481819,0.0,0.0,0.0
2025-06-25,0.0,0.0,0.0,-1410719.0185249983,0.0,-1410719.0185249983,-0.0,5599941.206594998,-0.01066833535481819,0.0,0.0,0.0
2025-06-26,0.0,0.0,0.0,-1410719.0185249983,0.0,-1410719.0185249983,-0.0,5599941.206594998,-0.01066833535481819,0.0,0.0,0.0
2025-06-27,0.0,0.0,0.0,-1410719.0185249983,0.0,-1410719.0185249983,-0.0,5599941.206594998,-0.01066833535481819,0.0,0.0,0.0
2025-06-30,-4152606.8443649993,-4152606.844365,3941303.0,-1622022.8628899981,-211303.8443649998,-1410719.0185249983,4152606.844365,5599941.206594998,-0.011892811678439877,-0.03773322550532304,-0.05043987520326498,-0.05043987520326507
2025-07-01,0.0,-4152606.844365,3801019.0,-1762306.8628899981,-351587.8443649998,-1410719.0185249983,4152606.844365,5599941.206594998,-0.012921386078757318,-0.02505097729147382,-0.03526568116261053,-0.03526568116261045
2025-07-02,3801019.1332049994,0.0,0.0,-1762306.7296849983,0.0,-1762306.7296849983,-0.0,5599941.206594998,-0.012921385102086758,2.3786856817586965e-08,3.4710185392583526e-08,3.4710185472457945e-08
2025-07-03,0.0,0.0,0.0,-1762306.7296849983,0.0,-1762306.7296849983,-0.0,5599941.206594998,-0.012921385102086758,0.0,0.0,0.0
2025-07-04,0.0,0.0,0.0,-1762306.7296849983,0.0,-1762306.7296849983,-0.0,5599941.206594998,-0.012921385102086758,0.0,0.0,0.0
2025-07-07,0.0,0.0,0.0,-1762306.7296849983,0.0,-1762306.7296849983,-0.0,5599941.206594998,-0.012921385102086758,0.0,0.0,0.0
2025-07-08,0.0,0.0,0.0,-1762306.7296849983,0.0,-1762306.7296849983,-0.0,5599941.206594998,-0.012921385102086758,0.0,0.0,0.0
2025-07-09,0.0,0.0,0.0,-1762306.7296849983,0.0,-1762306.7296849983,-0.0,5599941.206594998,-0.012921385102086758,0.0,0.0,0.0
2025-07-10,0.0,0.0,0.0,-1762306.7296849983,0.0,-1762306.7296849983,-0.0,5599941.206594998,-0.012921385102086758,0.0,0.0,0.0
2025-07-11,0.0,0.0,0.0,-1762306.7296849983,0.0,-1762306.7296849983,-0.0,5599941.206594998,-0.012921385102086758,0.0,0.0,0.0
2025-07-14,0.0,0.0,0.0,-1762306.7296849983,0.0,-1762306.7296849983,-0.0,5599941.206594998,-0.012921385102086758,0.0,0.0,0.0
2025-07-15,0.0,0.0,0.0,-1762306.7296849983,0.0,-1762306.7296849983,-0.0,5599941.206594998,-0.012921385102086758,0.0,0.0,0.0
2025-07-16,0.0,0.0,0.0,-1762306.7296849983,0.0,-1762306.7296849983,-0.0,5599941.206594998,-0.012921385102086758,0.0,0.0,0.0
2025-07-17,0.0,0.0,0.0,-1762306.7296849983,0.0,-1762306.7296849983,-0.0,5599941.206594998,-0.012921385102086758,0.0,0.0,0.0
2025-07-18,0.0,0.0,0.0,-1762306.7296849983,0.0,-1762306.7296849983,-0.0,5599941.206594998,-0.012921385102086758,0.0,0.0,0.0
2025-07-21,0.0,0.0,0.0,-1762306.7296849983,0.0,-1762306.7296849983,-0.0,5599941.206594998,-0.012921385102086758,0.0,0.0,0.0
2025-07-22,-4038855.6796124997,-4038855.679612499,3843486.0,-1957676.4092974975,-195369.6796124992,-1762306.7296849983,4038855.679612499,5801162.409297498,-0.013941013891318823,-0.022761848368771653,-0.03321447453775861,-0.048372532992128
2025-07-23,3958003.4899124997,0.0,0.0,-1843158.9193849985,0.0,-1843158.9193849985,-0.0,5801162.409297498,-0.01312551143642537,0.019740438524693316,0.02979521452985634,0.02979521452985622
2025-07-24,0.0,0.0,0.0,-1843158.9193849985,0.0,-1843158.9193849985,-0.0,5801162.409297498,-0.01312551143642537,0.0,0.0,0.0
2025-07-25,0.0,0.0,0.0,-1843158.9193849985,0.0,-1843158.9193849985,-0.0,5801162.409297498,-0.01312551143642537,0.0,0.0,0.0
2025-07-28,0.0,0.0,0.0,-1843158.9193849985,0.0,-1843158.9193849985,-0.0,5801162.409297498,-0.01312551143642537,0.0,0.0,0.0
2025-07-29,0.0,0.0,0.0,-1843158.9193849985,0.0,-1843158.9193849985,-0.0,5801162.409297498,-0.01312551143642537,0.0,0.0,0.0
2025-07-30,0.0,0.0,0.0,-1843158.9193849985,0.0,-1843158.9193849985,-0.0,5801162.409297498,-0.01312551143642537,0.0,0.0,0.0
2025-07-31,0.0,0.0,0.0,-1843158.9193849985,0.0,-1843158.9193849985,-0.0,5801162.409297498,-0.01312551143642537,0.0,0.0,0.0
2025-08-01,0.0,0.0,0.0,-1843158.9193849985,0.0,-1843158.9193849985,-0.0,5801162.409297498,-0.01312551143642537,0.0,0.0,0.0
2025-08-04,0.0,0.0,0.0,-1843158.9193849985,0.0,-1843158.9193849985,-0.0,5801162.409297498,-0.01312551143642537,0.0,0.0,0.0
2025-08-05,0.0,0.0,0.0,-1843158.9193849985,0.0,-1843158.9193849985,-0.0,5801162.409297498,-0.01312551143642537,0.0,0.0,0.0
2025-08-06,0.0,0.0,0.0,-1843158.9193849985,0.0,-1843158.9193849985,-0.0,5801162.409297498,-0.01312551143642537,0.0,0.0,0.0
2025-08-07,0.0,0.0,0.0,-1843158.9193849985,0.0,-1843158.9193849985,-0.0,5801162.409297498,-0.01312551143642537,0.0,0.0,0.0
2025-08-08,0.0,0.0,0.0,-1843158.9193849985,0.0,-1843158.9193849985,-0.0,5801162.409297498,-0.01312551143642537,0.0,0.0,0.0
2025-08-11,0.0,0.0,0.0,-1843158.9193849985,0.0,-1843158.9193849985,-0.0,5801162.409297498,-0.01312551143642537,0.0,0.0,0.0
2025-08-12,0.0,0.0,0.0,-1843158.9193849985,0.0,-1843158.9193849985,-0.0,5801162.409297498,-0.01312551143642537,0.0,0.0,0.0
2025-08-13,0.0,0.0,0.0,-1843158.9193849985,0.0,-1843158.9193849985,-0.0,5801162.409297498,-0.01312551143642537,0.0,0.0,0.0
2025-08-14,0.0,0.0,0.0,-1843158.9193849985,0.0,-1843158.9193849985,-0.0,5801162.409297498,-0.01312551143642537,0.0,0.0,0.0
2025-08-15,0.0,0.0,0.0,-1843158.9193849985,0.0,-1843158.9193849985,-0.0,5801162.409297498,-0.01312551143642537,0.0,0.0,0.0
2025-08-18,0.0,0.0,0.0,-1843158.9193849985,0.0,-1843158.9193849985,-0.0,5801162.409297498,-0.01312551143642537,0.0,0.0,0.0
2025-08-19,0.0,0.0,0.0,-1843158.9193849985,0.0,-1843158.9193849985,-0.0,5801162.409297498,-0.01312551143642537,0.0,0.0,0.0
2025-08-20,0.0,0.0,0.0,-1843158.9193849985,0.0,-1843158.9193849985,-0.0,5801162.409297498,-0.01312551143642537,0.0,0.0,0.0
2025-08-21,0.0,0.0,0.0,-1843158.9193849985,0.0,-1843158.9193849985,-0.0,5801162.409297498,-0.01312551143642537,0.0,0.0,0.0
2025-08-22,0.0,0.0,0.0,-1843158.9193849985,0.0,-1843158.9193849985,-0.0,5801162.409297498,-0.01312551143642537,0.0,0.0,0.0
2025-08-25,0.0,0.0,0.0,-1843158.9193849985,0.0,-1843158.9193849985,-0.0,5801162.409297498,-0.01312551143642537,0.0,0.0,0.0
2025-08-26,0.0,0.0,0.0,-1843158.9193849985,0.0,-1843158.9193849985,-0.0,5801162.409297498,-0.01312551143642537,0.0,0.0,0.0
2025-08-27,0.0,0.0,0.0,-1843158.9193849985,0.0,-1843158.9193849985,-0.0,5801162.409297498,-0.01312551143642537,0.0,0.0,0.0
2025-08-28,-3836793.450665,-3836793.450665,3780979.0,-1898973.3700499984,-55814.450664999895,-1843158.9193849985,3836793.450665,5801162.409297498,-0.013163321506313464,-0.009621252901926391,-0.014101667875546453,-0.014101667875546465
2025-08-29,3827739.76886,0.0,0.0,-1852212.6011899982,0.0,-1852212.6011899982,-0.0,5801162.409297498,-0.012839184767960789,0.008060586062037634,0.01198321464944141,0.01198321464944137
2025-09-01,-3850231.5727400007,-3850231.5727400007,3801019.0,-1901425.173929999,-49212.57274000067,-1852212.6011899982,3850231.5727400007,5801162.409297498,-0.012837690893305992,-0.008483226165350577,-0.012462192514821058,-0.01246219251482089
2025-09-02,3841100.78359,0.0,0.0,-1861343.3903399983,0.0,-1861343.3903399983,-0.0,5801162.409297498,-0.01256707411845953,0.006909267619496728,0.010278072898474155,0.010278072898473992
2025-09-03,0.0,0.0,0.0,-1861343.3903399983,0.0,-1861343.3903399983,-0.0,5801162.409297498,-0.01256707411845953,0.0,0.0,0.0
2025-09-04,-3843512.5117025003,-3843512.5117025007,3659781.0,-2045074.902042499,-183731.51170250075,-1861343.3903399983,3843512.5117025007,5801162.409297498,-0.01345831637136143,-0.03167149938916297,-0.0466345054984576,-0.04663450549845745
2025-09-05,3696999.864285,0.0,0.0,-2007856.0377574987,0.0,-2007856.0377574987,-0.0,5801162.409297498,-0.013213384877639596,0.006415759749347827,0.009908944936216413,0.00990894493621647
2025-09-08,-3905907.6983224996,-3905907.6983225,3833467.0,-2080296.7360799988,-72440.6983225001,-2007856.0377574987,3905907.6983225,5913763.736079998,-0.013347031432643548,-0.0056593312733549395,-0.008654903303109696,-0.018546443981154948
2025-09-09,0.0,-3905907.6983225,3802451.0,-2111312.736079999,-103456.6983225001,-2007856.0377574987,3905907.6983225,5913763.736079998,-0.013546027816060915,-0.005244714091428904,-0.00809084831041984,-0.008090848310419785
2025-09-10,0.0,-3905907.6983225,3821060.0,-2092703.7360799988,-84847.6983225001,-2007856.0377574987,3905907.6983225,5913763.736079998,-0.013426633835566533,0.003146726996627547,0.004893948666268022,0.004893948666268152
2025-09-11,3895496.014865,0.0,0.0,-2018267.7212149985,0.0,-2018267.7212149985,-0.0,5913763.736079998,-0.012949057818216248,0.012586910500137938,0.01948046219242827,0.01948046219242835
2025-09-12,0.0,0.0,0.0,-2018267.7212149985,0.0,-2018267.7212149985,-0.0,5913763.736079998,-0.012949057818216248,0.0,0.0,0.0
2025-09-15,0.0,0.0,0.0,-2018267.7212149985,0.0,-2018267.7212149985,-0.0,5913763.736079998,-0.012949057818216248,0.0,0.0,0.0
2025-09-16,0.0,0.0,0.0,-2018267.7212149985,0.0,-2018267.7212149985,-0.0,5913763.736079998,-0.012949057818216248,0.0,0.0,0.0
2025-09-17,0.0,0.0,0.0,-2018267.7212149985,0.0,-2018267.7212149985,-0.0,5913763.736079998,-0.012949057818216248,0.0,0.0,0.0
2025-09-18,0.0,0.0,0.0,-2018267.7212149985,0.0,-2018267.7212149985,-0.0,5913763.736079998,-0.012949057818216248,0.0,0.0,0.0
2025-09-19,-3726402.9680700004,-3726402.9680700004,3647375.0,-2097295.689284999,-79027.96807000041,-2018267.7212149985,3726402.9680700004,5913763.736079998,-0.013141894735670394,-0.013363396239157999,-0.02028701037517011,-0.020287010375170198
2025-09-22,3647375.4284100006,0.0,0.0,-2097295.2608749983,0.0,-2097295.2608749983,-0.0,5913763.736079998,-0.013141892051204317,7.244286714946924e-08,1.1225300333705945e-07,1.1225300340015143e-07
2025-09-23,0.0,0.0,0.0,-2097295.2608749983,0.0,-2097295.2608749983,-0.0,5913763.736079998,-0.013141892051204317,0.0,0.0,0.0
2025-09-24,-3686085.5975699998,-3686085.59757,3550036.0,-2233344.8584449985,-136049.59757000022,-2097295.2608749983,3686085.59757,5913763.736079998,-0.013678457132873873,-0.02300558555289567,-0.03564803389675386,-0.03564803389675382
2025-09-25,3550035.6712800004,0.0,0.0,-2233345.1871649977,0.0,-2233345.1871649977,-0.0,5913763.736079998,-0.013678459146169043,-5.558558197060748e-08,-8.931592010430478e-08,-8.931592030816637e-08
2025-09-26,0.0,0.0,0.0,-2233345.1871649977,0.0,-2233345.1871649977,-0.0,5913763.736079998,-0.013678459146169043,0.0,0.0,0.0
2025-09-30,0.0,0.0,0.0,-2233345.1871649977,0.0,-2233345.1871649977,-0.0,5913763.736079998,-0.013678459146169043,0.0,0.0,0.0
2025-10-01,0.0,0.0,0.0,-2233345.1871649977,0.0,-2233345.1871649977,-0.0,5913763.736079998,-0.013678459146169043,0.0,0.0,0.0
2025-10-02,0.0,0.0,0.0,-2233345.1871649977,0.0,-2233345.1871649977,-0.0,5913763.736079998,-0.013678459146169043,0.0,0.0,0.0
2025-10-03,0.0,0.0,0.0,-2233345.1871649977,0.0,-2233345.1871649977,-0.0,5913763.736079998,-0.013678459146169043,0.0,0.0,0.0
2025-10-07,0.0,0.0,0.0,-2233345.1871649977,0.0,-2233345.1871649977,-0.0,5913763.736079998,-0.013678459146169043,0.0,0.0,0.0
2025-10-08,0.0,0.0,0.0,-2233345.1871649977,0.0,-2233345.1871649977,-0.0,5913763.736079998,-0.013678459146169043,0.0,0.0,0.0
2025-10-09,0.0,0.0,0.0,-2233345.1871649977,0.0,-2233345.1871649977,-0.0,5913763.736079998,-0.013678459146169043,0.0,0.0,0.0
2025-10-13,0.0,0.0,0.0,-2233345.1871649977,0.0,-2233345.1871649977,-0.0,5913763.736079998,-0.013678459146169043,0.0,0.0,0.0
2025-10-14,0.0,0.0,0.0,-2233345.1871649977,0.0,-2233345.1871649977,-0.0,5913763.736079998,-0.013678459146169043,0.0,0.0,0.0
2025-10-15,0.0,0.0,0.0,-2233345.1871649977,0.0,-2233345.1871649977,-0.0,5913763.736079998,-0.013678459146169043,0.0,0.0,0.0
2025-10-16,0.0,0.0,0.0,-2233345.1871649977,0.0,-2233345.1871649977,-0.0,5913763.736079998,-0.013678459146169043,0.0,0.0,0.0
2025-10-17,0.0,0.0,0.0,-2233345.1871649977,0.0,-2233345.1871649977,-0.0,5913763.736079998,-0.013678459146169043,0.0,0.0,0.0
2025-10-20,0.0,0.0,0.0,-2233345.1871649977,0.0,-2233345.1871649977,-0.0,5913763.736079998,-0.013678459146169043,0.0,0.0,0.0
2025-10-21,0.0,0.0,0.0,-2233345.1871649977,0.0,-2233345.1871649977,-0.0,5913763.736079998,-0.013678459146169043,0.0,0.0,0.0
2025-10-22,0.0,0.0,0.0,-2233345.1871649977,0.0,-2233345.1871649977,-0.0,5913763.736079998,-0.013678459146169043,0.0,0.0,0.0
2025-10-23,0.0,0.0,0.0,-2233345.1871649977,0.0,-2233345.1871649977,-0.0,5913763.736079998,-0.013678459146169043,0.0,0.0,0.0
2025-10-27,0.0,0.0,0.0,-2233345.1871649977,0.0,-2233345.1871649977,-0.0,5913763.736079998,-0.013678459146169043,0.0,0.0,0.0
2025-10-28,0.0,0.0,0.0,-2233345.1871649977,0.0,-2233345.1871649977,-0.0,5913763.736079998,-0.013678459146169043,0.0,0.0,0.0
2025-10-29,0.0,0.0,0.0,-2233345.1871649977,0.0,-2233345.1871649977,-0.0,5913763.736079998,-0.013678459146169043,0.0,0.0,0.0
2025-10-30,0.0,0.0,0.0,-2233345.1871649977,0.0,-2233345.1871649977,-0.0,5913763.736079998,-0.013678459146169043,0.0,0.0,0.0
2025-10-31,0.0,0.0,0.0,-2233345.1871649977,0.0,-2233345.1871649977,-0.0,5913763.736079998,-0.013678459146169043,0.0,0.0,0.0
2025-11-03,0.0,0.0,0.0,-2233345.1871649977,0.0,-2233345.1871649977,-0.0,5913763.736079998,-0.013678459146169043,0.0,0.0,0.0
2025-11-04,0.0,0.0,0.0,-2233345.1871649977,0.0,-2233345.1871649977,-0.0,5913763.736079998,-0.013678459146169043,0.0,0.0,0.0
2025-11-05,0.0,0.0,0.0,-2233345.1871649977,0.0,-2233345.1871649977,-0.0,5913763.736079998,-0.013678459146169043,0.0,0.0,0.0
2025-11-06,0.0,0.0,0.0,-2233345.1871649977,0.0,-2233345.1871649977,-0.0,5913763.736079998,-0.013678459146169043,0.0,0.0,0.0
2025-11-07,0.0,0.0,0.0,-2233345.1871649977,0.0,-2233345.1871649977,-0.0,5913763.736079998,-0.013678459146169043,0.0,0.0,0.0
2025-11-10,0.0,0.0,0.0,-2233345.1871649977,0.0,-2233345.1871649977,-0.0,5913763.736079998,-0.013678459146169043,0.0,0.0,0.0
2025-11-11,0.0,0.0,0.0,-2233345.1871649977,0.0,-2233345.1871649977,-0.0,5913763.736079998,-0.013678459146169043,0.0,0.0,0.0
2025-11-12,0.0,0.0,0.0,-2233345.1871649977,0.0,-2233345.1871649977,-0.0,5913763.736079998,-0.013678459146169043,0.0,0.0,0.0
2025-11-13,0.0,0.0,0.0,-2233345.1871649977,0.0,-2233345.1871649977,-0.0,5913763.736079998,-0.013678459146169043,0.0,0.0,0.0
2025-11-14,0.0,0.0,0.0,-2233345.1871649977,0.0,-2233345.1871649977,-0.0,5913763.736079998,-0.013678459146169043,0.0,0.0,0.0
2025-11-17,0.0,0.0,0.0,-2233345.1871649977,0.0,-2233345.1871649977,-0.0,5913763.736079998,-0.013678459146169043,0.0,0.0,0.0
2025-11-18,0.0,0.0,0.0,-2233345.1871649977,0.0,-2233345.1871649977,-0.0,5913763.736079998,-0.013678459146169043,0.0,0.0,0.0
2025-11-19,0.0,0.0,0.0,-2233345.1871649977,0.0,-2233345.1871649977,-0.0,5913763.736079998,-0.013678459146169043,0.0,0.0,0.0
2025-11-20,0.0,0.0,0.0,-2233345.1871649977,0.0,-2233345.1871649977,-0.0,5913763.736079998,-0.013678459146169043,0.0,0.0,0.0
2025-11-21,0.0,0.0,0.0,-2233345.1871649977,0.0,-2233345.1871649977,-0.0,5913763.736079998,-0.013678459146169043,0.0,0.0,0.0
2025-11-24,0.0,0.0,0.0,-2233345.1871649977,0.0,-2233345.1871649977,-0.0,5913763.736079998,-0.013678459146169043,0.0,0.0,0.0
2025-11-25,0.0,0.0,0.0,-2233345.1871649977,0.0,-2233345.1871649977,-0.0,5913763.736079998,-0.013678459146169043,0.0,0.0,0.0
2025-11-26,0.0,0.0,0.0,-2233345.1871649977,0.0,-2233345.1871649977,-0.0,5913763.736079998,-0.013678459146169043,0.0,0.0,0.0
2025-11-27,0.0,0.0,0.0,-2233345.1871649977,0.0,-2233345.1871649977,-0.0,5913763.736079998,-0.013678459146169043,0.0,0.0,0.0
2025-11-28,0.0,0.0,0.0,-2233345.1871649977,0.0,-2233345.1871649977,-0.0,5913763.736079998,-0.013678459146169043,0.0,0.0,0.0
2025-12-01,-3872031.1929949997,-3872031.1929949997,3829152.0,-2276224.3801599974,-42879.1929949997,-2233345.1871649977,3872031.1929949997,6105376.380159997,-0.013618127529826551,0.004829140602692961,0.007759551310015045,-0.011074082531301311
2025-12-02,3808891.343845,0.0,0.0,-2296485.0363149974,0.0,-2296485.0363149974,-0.0,6105376.380159997,-0.013739342380946528,-0.003318494207963818,-0.005291160067555478,-0.005291160067555421
2025-12-03,0.0,0.0,0.0,-2296485.0363149974,0.0,-2296485.0363149974,-0.0,6105376.380159997,-0.013739342380946528,0.0,0.0,0.0
2025-12-04,0.0,0.0,0.0,-2296485.0363149974,0.0,-2296485.0363149974,-0.0,6105376.380159997,-0.013739342380946528,0.0,0.0,0.0
2025-12-05,0.0,0.0,0.0,-2296485.0363149974,0.0,-2296485.0363149974,-0.0,6105376.380159997,-0.013739342380946528,0.0,0.0,0.0
2025-12-08,0.0,0.0,0.0,-2296485.0363149974,0.0,-2296485.0363149974,-0.0,6105376.380159997,-0.013739342380946528,0.0,0.0,0.0
2025-12-09,0.0,0.0,0.0,-2296485.0363149974,0.0,-2296485.0363149974,-0.0,6105376.380159997,-0.013739342380946528,0.0,0.0,0.0
2025-12-10,0.0,0.0,0.0,-2296485.0363149974,0.0,-2296485.0363149974,-0.0,6105376.380159997,-0.013739342380946528,0.0,0.0,0.0
2025-12-11,0.0,0.0,0.0,-2296485.0363149974,0.0,-2296485.0363149974,-0.0,6105376.380159997,-0.013739342380946528,0.0,0.0,0.0
2025-12-12,0.0,0.0,0.0,-2296485.0363149974,0.0,-2296485.0363149974,-0.0,6105376.380159997,-0.013739342380946528,0.0,0.0,0.0
2025-12-15,0.0,0.0,0.0,-2296485.0363149974,0.0,-2296485.0363149974,-0.0,6105376.380159997,-0.013739342380946528,0.0,0.0,0.0
2025-12-16,0.0,0.0,0.0,-2296485.0363149974,0.0,-2296485.0363149974,-0.0,6105376.380159997,-0.013739342380946528,0.0,0.0,0.0
2025-12-17,0.0,0.0,0.0,-2296485.0363149974,0.0,-2296485.0363149974,-0.0,6105376.380159997,-0.013739342380946528,0.0,0.0,0.0
2025-12-18,0.0,0.0,0.0,-2296485.0363149974,0.0,-2296485.0363149974,-0.0,6105376.380159997,-0.013739342380946528,0.0,0.0,0.0
2025-12-19,0.0,0.0,0.0,-2296485.0363149974,0.0,-2296485.0363149974,-0.0,6105376.380159997,-0.013739342380946528,0.0,0.0,0.0
2025-12-22,0.0,0.0,0.0,-2296485.0363149974,0.0,-2296485.0363149974,-0.0,6105376.380159997,-0.013739342380946528,0.0,0.0,0.0
2025-12-23,0.0,0.0,0.0,-2296485.0363149974,0.0,-2296485.0363149974,-0.0,6105376.380159997,-0.013739342380946528,0.0,0.0,0.0
2025-12-24,0.0,0.0,0.0,-2296485.0363149974,0.0,-2296485.0363149974,-0.0,6105376.380159997,-0.013739342380946528,0.0,0.0,0.0
2025-12-26,0.0,0.0,0.0,-2296485.0363149974,0.0,-2296485.0363149974,-0.0,6105376.380159997,-0.013739342380946528,0.0,0.0,0.0
2025-12-29,0.0,0.0,0.0,-2296485.0363149974,0.0,-2296485.0363149974,-0.0,6105376.380159997,-0.013739342380946528,0.0,0.0,0.0
2025-12-30,0.0,0.0,0.0,-2296485.0363149974,0.0,-2296485.0363149974,-0.0,6105376.380159997,-0.013739342380946528,0.0,0.0,0.0
2025-12-31,0.0,0.0,0.0,-2296485.0363149974,0.0,-2296485.0363149974,-0.0,6105376.380159997,-0.013739342380946528,0.0,0.0,0.0
2026-01-02,0.0,0.0,0.0,-2296485.0363149974,0.0,-2296485.0363149974,-0.0,6105376.380159997,-0.013739342380946528,0.0,0.0,0.0
2026-01-05,0.0,0.0,0.0,-2296485.0363149974,0.0,-2296485.0363149974,-0.0,6105376.380159997,-0.013739342380946528,0.0,0.0,0.0
2026-01-06,0.0,0.0,0.0,-2296485.0363149974,0.0,-2296485.0363149974,-0.0,6105376.380159997,-0.013739342380946528,0.0,0.0,0.0
2026-01-07,0.0,0.0,0.0,-2296485.0363149974,0.0,-2296485.0363149974,-0.0,6105376.380159997,-0.013739342380946528,0.0,0.0,0.0
2026-01-08,0.0,0.0,0.0,-2296485.0363149974,0.0,-2296485.0363149974,-0.0,6105376.380159997,-0.013739342380946528,0.0,0.0,0.0
2026-01-09,-3741022.371075,-3741022.371075,3574454.0,-2463053.4073899975,-166568.37107500015,-2296485.0363149974,3741022.371075,6105376.380159997,-0.014413289091345066,-0.027282244484759355,-0.04373145780180032,-0.04373145780180032
2026-01-12,3617869.2734625,0.0,0.0,-2419638.1339274975,0.0,-2419638.1339274975,-0.0,6105376.380159997,-0.014159231714628292,0.00711099050397318,0.011919666044739152,0.01191966604473916
2026-01-13,0.0,0.0,0.0,-2419638.1339274975,0.0,-2419638.1339274975,-0.0,6105376.380159997,-0.014159231714628292,0.0,0.0,0.0
2026-01-14,0.0,0.0,0.0,-2419638.1339274975,0.0,-2419638.1339274975,-0.0,6105376.380159997,-0.014159231714628292,0.0,0.0,0.0
2026-01-15,0.0,0.0,0.0,-2419638.1339274975,0.0,-2419638.1339274975,-0.0,6105376.380159997,-0.014159231714628292,0.0,0.0,0.0
2026-01-16,0.0,0.0,0.0,-2419638.1339274975,0.0,-2419638.1339274975,-0.0,6105376.380159997,-0.014159231714628292,0.0,0.0,0.0
2026-01-19,0.0,0.0,0.0,-2419638.1339274975,0.0,-2419638.1339274975,-0.0,6105376.380159997,-0.014159231714628292,0.0,0.0,0.0
2026-01-20,0.0,0.0,0.0,-2419638.1339274975,0.0,-2419638.1339274975,-0.0,6105376.380159997,-0.014159231714628292,0.0,0.0,0.0
2026-01-21,0.0,0.0,0.0,-2419638.1339274975,0.0,-2419638.1339274975,-0.0,6105376.380159997,-0.014159231714628292,0.0,0.0,0.0
2026-01-22,0.0,0.0,0.0,-2419638.1339274975,0.0,-2419638.1339274975,-0.0,6105376.380159997,-0.014159231714628292,0.0,0.0,0.0
2026-01-23,0.0,0.0,0.0,-2419638.1339274975,0.0,-2419638.1339274975,-0.0,6105376.380159997,-0.014159231714628292,0.0,0.0,0.0
2026-01-26,0.0,0.0,0.0,-2419638.1339274975,0.0,-2419638.1339274975,-0.0,6105376.380159997,-0.014159231714628292,0.0,0.0,0.0
2026-01-27,0.0,0.0,0.0,-2419638.1339274975,0.0,-2419638.1339274975,-0.0,6105376.380159997,-0.014159231714628292,0.0,0.0,0.0
2026-01-28,0.0,0.0,0.0,-2419638.1339274975,0.0,-2419638.1339274975,-0.0,6105376.380159997,-0.014159231714628292,0.0,0.0,0.0
2026-01-29,0.0,0.0,0.0,-2419638.1339274975,0.0,-2419638.1339274975,-0.0,6105376.380159997,-0.014159231714628292,0.0,0.0,0.0
2026-01-30,0.0,0.0,0.0,-2419638.1339274975,0.0,-2419638.1339274975,-0.0,6105376.380159997,-0.014159231714628292,0.0,0.0,0.0
2026-02-02,0.0,0.0,0.0,-2419638.1339274975,0.0,-2419638.1339274975,-0.0,6105376.380159997,-0.014159231714628292,0.0,0.0,0.0
2026-02-03,0.0,0.0,0.0,-2419638.1339274975,0.0,-2419638.1339274975,-0.0,6105376.380159997,-0.014159231714628292,0.0,0.0,0.0
2026-02-04,0.0,0.0,0.0,-2419638.1339274975,0.0,-2419638.1339274975,-0.0,6105376.380159997,-0.014159231714628292,0.0,0.0,0.0
2026-02-05,0.0,0.0,0.0,-2419638.1339274975,0.0,-2419638.1339274975,-0.0,6105376.380159997,-0.014159231714628292,0.0,0.0,0.0
2026-02-06,0.0,0.0,0.0,-2419638.1339274975,0.0,-2419638.1339274975,-0.0,6105376.380159997,-0.014159231714628292,0.0,0.0,0.0
2026-02-09,0.0,0.0,0.0,-2419638.1339274975,0.0,-2419638.1339274975,-0.0,6105376.380159997,-0.014159231714628292,0.0,0.0,0.0
2026-02-10,0.0,0.0,0.0,-2419638.1339274975,0.0,-2419638.1339274975,-0.0,6105376.380159997,-0.014159231714628292,0.0,0.0,0.0
2026-02-11,0.0,0.0,0.0,-2419638.1339274975,0.0,-2419638.1339274975,-0.0,6105376.380159997,-0.014159231714628292,0.0,0.0,0.0
2026-02-23,0.0,0.0,0.0,-2419638.1339274975,0.0,-2419638.1339274975,-0.0,6105376.380159997,-0.014159231714628292,0.0,0.0,0.0
2026-02-24,0.0,0.0,0.0,-2419638.1339274975,0.0,-2419638.1339274975,-0.0,6105376.380159997,-0.014159231714628292,0.0,0.0,0.0
2026-02-25,0.0,0.0,0.0,-2419638.1339274975,0.0,-2419638.1339274975,-0.0,6105376.380159997,-0.014159231714628292,0.0,0.0,0.0
2026-02-26,0.0,0.0,0.0,-2419638.1339274975,0.0,-2419638.1339274975,-0.0,6105376.380159997,-0.014159231714628292,0.0,0.0,0.0
2026-03-02,0.0,0.0,0.0,-2419638.1339274975,0.0,-2419638.1339274975,-0.0,6105376.380159997,-0.014159231714628292,0.0,0.0,0.0
2026-03-03,0.0,0.0,0.0,-2419638.1339274975,0.0,-2419638.1339274975,-0.0,6105376.380159997,-0.014159231714628292,0.0,0.0,0.0
2026-03-04,0.0,0.0,0.0,-2419638.1339274975,0.0,-2419638.1339274975,-0.0,6105376.380159997,-0.014159231714628292,0.0,0.0,0.0
2026-03-05,0.0,0.0,0.0,-2419638.1339274975,0.0,-2419638.1339274975,-0.0,6105376.380159997,-0.014159231714628292,0.0,0.0,0.0
2026-03-06,0.0,0.0,0.0,-2419638.1339274975,0.0,-2419638.1339274975,-0.0,6105376.380159997,-0.014159231714628292,0.0,0.0,0.0
2026-03-09,0.0,0.0,0.0,-2419638.1339274975,0.0,-2419638.1339274975,-0.0,6105376.380159997,-0.014159231714628292,0.0,0.0,0.0
2026-03-10,0.0,0.0,0.0,-2419638.1339274975,0.0,-2419638.1339274975,-0.0,6105376.380159997,-0.014159231714628292,0.0,0.0,0.0
2026-03-11,0.0,0.0,0.0,-2419638.1339274975,0.0,-2419638.1339274975,-0.0,6105376.380159997,-0.014159231714628292,0.0,0.0,0.0
2026-03-12,0.0,0.0,0.0,-2419638.1339274975,0.0,-2419638.1339274975,-0.0,6105376.380159997,-0.014159231714628292,0.0,0.0,0.0
2026-03-13,0.0,0.0,0.0,-2419638.1339274975,0.0,-2419638.1339274975,-0.0,6105376.380159997,-0.014159231714628292,0.0,0.0,0.0
2026-03-16,0.0,0.0,0.0,-2419638.1339274975,0.0,-2419638.1339274975,-0.0,6105376.380159997,-0.014159231714628292,0.0,0.0,0.0
2026-03-17,0.0,0.0,0.0,-2419638.1339274975,0.0,-2419638.1339274975,-0.0,6105376.380159997,-0.014159231714628292,0.0,0.0,0.0
2026-03-18,0.0,0.0,0.0,-2419638.1339274975,0.0,-2419638.1339274975,-0.0,6105376.380159997,-0.014159231714628292,0.0,0.0,0.0
2026-03-19,0.0,0.0,0.0,-2419638.1339274975,0.0,-2419638.1339274975,-0.0,6105376.380159997,-0.014159231714628292,0.0,0.0,0.0
2026-03-20,0.0,0.0,0.0,-2419638.1339274975,0.0,-2419638.1339274975,-0.0,6105376.380159997,-0.014159231714628292,0.0,0.0,0.0
2026-03-23,0.0,0.0,0.0,-2419638.1339274975,0.0,-2419638.1339274975,-0.0,6105376.380159997,-0.014159231714628292,0.0,0.0,0.0
2026-03-24,-3615837.2361,-3615837.2361000003,3247399.0,-2788076.370027498,-368438.23610000033,-2419638.1339274975,3615837.2361000003,6105376.380159997,-0.01597719378109224,-0.06034652299197729,-0.09996321265532404,-0.099963212655324
2026-03-25,3325543.86276,0.0,0.0,-2709931.5072674975,0.0,-2709931.5072674975,-0.0,6105376.380159997,-0.015529381221603035,0.01279935222567763,0.023556766804724294,0.023556766804724162
2026-03-26,0.0,0.0,0.0,-2709931.5072674975,0.0,-2709931.5072674975,-0.0,6105376.380159997,-0.015529381221603035,0.0,0.0,0.0
2026-03-27,0.0,0.0,0.0,-2709931.5072674975,0.0,-2709931.5072674975,-0.0,6105376.380159997,-0.015529381221603035,0.0,0.0,0.0
2026-03-30,0.0,0.0,0.0,-2709931.5072674975,0.0,-2709931.5072674975,-0.0,6105376.380159997,-0.015529381221603035,0.0,0.0,0.0
2026-03-31,0.0,0.0,0.0,-2709931.5072674975,0.0,-2709931.5072674975,-0.0,6105376.380159997,-0.015529381221603035,0.0,0.0,0.0
2026-04-01,0.0,0.0,0.0,-2709931.5072674975,0.0,-2709931.5072674975,-0.0,6105376.380159997,-0.015529381221603035,0.0,0.0,0.0
2026-04-02,0.0,0.0,0.0,-2709931.5072674975,0.0,-2709931.5072674975,-0.0,6105376.380159997,-0.015529381221603035,0.0,0.0,0.0
2026-04-07,0.0,0.0,0.0,-2709931.5072674975,0.0,-2709931.5072674975,-0.0,6105376.380159997,-0.015529381221603035,0.0,0.0,0.0
2026-04-08,0.0,0.0,0.0,-2709931.5072674975,0.0,-2709931.5072674975,-0.0,6105376.380159997,-0.015529381221603035,0.0,0.0,0.0
2026-04-09,0.0,0.0,0.0,-2709931.5072674975,0.0,-2709931.5072674975,-0.0,6105376.380159997,-0.015529381221603035,0.0,0.0,0.0
2026-04-10,0.0,0.0,0.0,-2709931.5072674975,0.0,-2709931.5072674975,-0.0,6105376.380159997,-0.015529381221603035,0.0,0.0,0.0
2026-04-13,0.0,0.0,0.0,-2709931.5072674975,0.0,-2709931.5072674975,-0.0,6105376.380159997,-0.015529381221603035,0.0,0.0,0.0
2026-04-14,0.0,0.0,0.0,-2709931.5072674975,0.0,-2709931.5072674975,-0.0,6105376.380159997,-0.015529381221603035,0.0,0.0,0.0
2026-04-15,-3549361.9436024996,-3549361.9436024996,3647775.0,-2611518.450869997,98413.05639750045,-2709931.5072674975,3549361.9436024996,6259293.450869997,-0.01466709548157805,0.02663729815698923,0.04789673727213839,0.027726971202495638
2026-04-16,0.0,-3549361.9436024996,4005222.0,-2254071.450869997,455860.05639750045,-2709931.5072674975,3549361.9436024996,6259293.450869997,-0.012659562554955579,0.05710660521121874,0.09799041881695003,0.09799041881695006
2026-04-17,0.0,-3549361.9436024996,4307676.0,-1951617.450869997,758314.0563975004,-2709931.5072674975,3549361.9436024996,6259293.450869997,-0.010960887328170424,0.04832078929898409,0.0755149152781045,0.07551491527810443
2026-04-20,0.0,-3549361.9436024996,4307676.0,-1951617.450869997,758314.0563975004,-2709931.5072674975,3549361.9436024996,6259293.450869997,-0.010960887328170424,0.0,0.0,0.0
2026-04-21,0.0,-3549361.9436024996,4225188.0,-2034105.450869997,675826.0563975004,-2709931.5072674975,3549361.9436024996,6259293.450869997,-0.011424165453462382,-0.0131784842246907,-0.019149072492917307,-0.019149072492917293
2026-04-22,4271013.4646025,0.0,0.0,-1988279.9862674973,0.0,-1988279.9862674973,-0.0,6259293.450869997,-0.011166795468353287,0.00732118808012272,0.01084578120606694,0.01084578120606698
2026-04-23,-3857474.0786249996,-3857474.0786249996,3422503.0,-2423251.064892497,-434971.0786249996,-1988279.9862674973,3857474.0786249996,6259293.450869997,-0.013321128448679049,-0.06949204124061986,-0.10184259127955753,-0.10184259127955758
2026-04-24,0.0,-3857474.0786249996,3574454.0,-2271300.064892497,-283020.0786249996,-1988279.9862674973,3857474.0786249996,6259293.450869997,-0.012485821361340566,0.02427606265670129,0.03961139755792331,0.03961139755792345
2026-04-27,0.0,-3857474.0786249996,3465918.0,-2379836.064892497,-391556.0786249996,-1988279.9862674973,3857474.0786249996,6259293.450869997,-0.013082466924919415,-0.01733997628516909,-0.027215692077532383,-0.027215692077532536
2026-04-28,3342909.8766,0.0,0.0,-2502844.188292497,0.0,-2502844.188292497,-0.0,6259293.450869997,-0.013758668840512116,-0.019652078044511967,-0.031707558857230644,-0.03170755885723069
2026-04-29,0.0,0.0,0.0,-2502844.188292497,0.0,-2502844.188292497,-0.0,6259293.450869997,-0.013758668840512116,0.0,0.0,0.0
2026-04-30,0.0,0.0,0.0,-2502844.188292497,0.0,-2502844.188292497,-0.0,6259293.450869997,-0.013758668840512116,0.0,0.0,0.0
2026-05-04,0.0,0.0,0.0,-2502844.188292497,0.0,-2502844.188292497,-0.0,6259293.450869997,-0.013758668840512116,0.0,0.0,0.0
2026-05-05,0.0,0.0,0.0,-2502844.188292497,0.0,-2502844.188292497,-0.0,6259293.450869997,-0.013758668840512116,0.0,0.0,0.0
2026-05-06,0.0,0.0,0.0,-2502844.188292497,0.0,-2502844.188292497,-0.0,6259293.450869997,-0.013758668840512116,0.0,0.0,0.0
2026-05-07,0.0,0.0,0.0,-2502844.188292497,0.0,-2502844.188292497,-0.0,6259293.450869997,-0.013758668840512116,0.0,0.0,0.0
2026-05-08,0.0,0.0,0.0,-2502844.188292497,0.0,-2502844.188292497,-0.0,6259293.450869997,-0.013758668840512116,0.0,0.0,0.0
2026-05-11,0.0,0.0,0.0,-2502844.188292497,0.0,-2502844.188292497,-0.0,6259293.450869997,-0.013758668840512116,0.0,0.0,0.0
2026-05-12,0.0,0.0,0.0,-2502844.188292497,0.0,-2502844.188292497,-0.0,6259293.450869997,-0.013758668840512116,0.0,0.0,0.0
2026-05-13,0.0,0.0,0.0,-2502844.188292497,0.0,-2502844.188292497,-0.0,6259293.450869997,-0.013758668840512116,0.0,0.0,0.0
2026-05-14,0.0,0.0,0.0,-2502844.188292497,0.0,-2502844.188292497,-0.0,6259293.450869997,-0.013758668840512116,0.0,0.0,0.0
2026-05-15,0.0,0.0,0.0,-2502844.188292497,0.0,-2502844.188292497,-0.0,6259293.450869997,-0.013758668840512116,0.0,0.0,0.0
2026-05-18,0.0,0.0,0.0,-2502844.188292497,0.0,-2502844.188292497,-0.0,6259293.450869997,-0.013758668840512116,0.0,0.0,0.0
2026-05-19,0.0,0.0,0.0,-2502844.188292497,0.0,-2502844.188292497,-0.0,6259293.450869997,-0.013758668840512116,0.0,0.0,0.0
2026-05-20,0.0,0.0,0.0,-2502844.188292497,0.0,-2502844.188292497,-0.0,6259293.450869997,-0.013758668840512116,0.0,0.0,0.0
2026-05-21,0.0,0.0,0.0,-2502844.188292497,0.0,-2502844.188292497,-0.0,6259293.450869997,-0.013758668840512116,0.0,0.0,0.0
2026-05-22,0.0,0.0,0.0,-2502844.188292497,0.0,-2502844.188292497,-0.0,6259293.450869997,-0.013758668840512116,0.0,0.0,0.0
2026-05-25,0.0,0.0,0.0,-2502844.188292497,0.0,-2502844.188292497,-0.0,6259293.450869997,-0.013758668840512116,0.0,0.0,0.0
2026-05-26,0.0,0.0,0.0,-2502844.188292497,0.0,-2502844.188292497,-0.0,6259293.450869997,-0.013758668840512116,0.0,0.0,0.0
2026-05-27,0.0,0.0,0.0,-2502844.188292497,0.0,-2502844.188292497,-0.0,6259293.450869997,-0.013758668840512116,0.0,0.0,0.0
2026-05-28,0.0,0.0,0.0,-2502844.188292497,0.0,-2502844.188292497,-0.0,6259293.450869997,-0.013758668840512116,0.0,0.0,0.0
2026-05-29,0.0,0.0,0.0,-2502844.188292497,0.0,-2502844.188292497,-0.0,6259293.450869997,-0.013758668840512116,0.0,0.0,0.0
2026-06-01,0.0,0.0,0.0,-2502844.188292497,0.0,-2502844.188292497,-0.0,6259293.450869997,-0.013758668840512116,0.0,0.0,0.0
2026-06-02,0.0,0.0,0.0,-2502844.188292497,0.0,-2502844.188292497,-0.0,6259293.450869997,-0.013758668840512116,0.0,0.0,0.0
2026-06-03,0.0,0.0,0.0,-2502844.188292497,0.0,-2502844.188292497,-0.0,6259293.450869997,-0.013758668840512116,0.0,0.0,0.0
2026-06-04,0.0,0.0,0.0,-2502844.188292497,0.0,-2502844.188292497,-0.0,6259293.450869997,-0.013758668840512116,0.0,0.0,0.0
2026-06-05,0.0,0.0,0.0,-2502844.188292497,0.0,-2502844.188292497,-0.0,6259293.450869997,-0.013758668840512116,0.0,0.0,0.0
2026-06-08,0.0,0.0,0.0,-2502844.188292497,0.0,-2502844.188292497,-0.0,6259293.450869997,-0.013758668840512116,0.0,0.0,0.0
2026-06-09,0.0,0.0,0.0,-2502844.188292497,0.0,-2502844.188292497,-0.0,6259293.450869997,-0.013758668840512116,0.0,0.0,0.0
2026-06-10,0.0,0.0,0.0,-2502844.188292497,0.0,-2502844.188292497,-0.0,6259293.450869997,-0.013758668840512116,0.0,0.0,0.0
2026-06-11,0.0,0.0,0.0,-2502844.188292497,0.0,-2502844.188292497,-0.0,6259293.450869997,-0.013758668840512116,0.0,0.0,0.0
2026-06-12,0.0,0.0,0.0,-2502844.188292497,0.0,-2502844.188292497,-0.0,6259293.450869997,-0.013758668840512116,0.0,0.0,0.0
2026-06-15,0.0,0.0,0.0,-2502844.188292497,0.0,-2502844.188292497,-0.0,6259293.450869997,-0.013758668840512116,0.0,0.0,0.0
2026-06-16,0.0,0.0,0.0,-2502844.188292497,0.0,-2502844.188292497,-0.0,6259293.450869997,-0.013758668840512116,0.0,0.0,0.0
2026-06-17,0.0,0.0,0.0,-2502844.188292497,0.0,-2502844.188292497,-0.0,6259293.450869997,-0.013758668840512116,0.0,0.0,0.0
2026-06-18,0.0,0.0,0.0,-2502844.188292497,0.0,-2502844.188292497,-0.0,6259293.450869997,-0.013758668840512116,0.0,0.0,0.0
2026-06-22,0.0,0.0,0.0,-2502844.188292497,0.0,-2502844.188292497,-0.0,6259293.450869997,-0.013758668840512116,0.0,0.0,0.0
2026-06-23,0.0,0.0,0.0,-2502844.188292497,0.0,-2502844.188292497,-0.0,6259293.450869997,-0.013758668840512116,0.0,0.0,0.0
2026-06-24,0.0,0.0,0.0,-2502844.188292497,0.0,-2502844.188292497,-0.0,6259293.450869997,-0.013758668840512116,0.0,0.0,0.0
2026-06-25,0.0,0.0,0.0,-2502844.188292497,0.0,-2502844.188292497,-0.0,6259293.450869997,-0.013758668840512116,0.0,0.0,0.0
2026-06-26,0.0,0.0,0.0,-2502844.188292497,0.0,-2502844.188292497,-0.0,6259293.450869997,-0.013758668840512116,0.0,0.0,0.0
2026-06-29,0.0,0.0,0.0,-2502844.188292497,0.0,-2502844.188292497,-0.0,6259293.450869997,-0.013758668840512116,0.0,0.0,0.0
2026-06-30,0.0,0.0,0.0,-2502844.188292497,0.0,-2502844.188292497,-0.0,6259293.450869997,-0.013758668840512116,0.0,0.0,0.0
2026-07-01,0.0,0.0,0.0,-2502844.188292497,0.0,-2502844.188292497,-0.0,6259293.450869997,-0.013758668840512116,0.0,0.0,0.0
2026-07-02,0.0,0.0,0.0,-2502844.188292497,0.0,-2502844.188292497,-0.0,6259293.450869997,-0.013758668840512116,0.0,0.0,0.0
2026-07-03,0.0,0.0,0.0,-2502844.188292497,0.0,-2502844.188292497,-0.0,6259293.450869997,-0.013758668840512116,0.0,0.0,0.0
2026-07-06,0.0,0.0,0.0,-2502844.188292497,0.0,-2502844.188292497,-0.0,6259293.450869997,-0.013758668840512116,0.0,0.0,0.0
2026-07-07,0.0,0.0,0.0,-2502844.188292497,0.0,-2502844.188292497,-0.0,6259293.450869997,-0.013758668840512116,0.0,0.0,0.0
2026-07-08,0.0,0.0,0.0,-2502844.188292497,0.0,-2502844.188292497,-0.0,6259293.450869997,-0.013758668840512116,0.0,0.0,0.0
2026-07-09,0.0,0.0,0.0,-2502844.188292497,0.0,-2502844.188292497,-0.0,6259293.450869997,-0.013758668840512116,0.0,0.0,0.0
2026-07-13,0.0,0.0,0.0,-2502844.188292497,0.0,-2502844.188292497,-0.0,6259293.450869997,-0.013758668840512116,0.0,0.0,0.0
2026-07-14,-3563432.4655650007,-3563432.465565,3690225.0,-2376051.653857497,126792.5344349998,-2502844.188292497,3563432.465565,6259293.450869997,-0.01281071477086079,0.020256684788820145,0.03375329348864953,0.03375329348864962
2026-07-15,0.0,-3563432.465565,3723027.0,-2343249.653857497,159594.5344349998,-2502844.188292497,3563432.465565,6259293.450869997,-0.012633859581188647,0.005240527586295007,0.008447066063523412,0.008447066063523422
2026-07-16,0.0,-3563432.465565,3739429.0,-2326847.653857497,175996.5344349998,-2502844.188292497,3563432.465565,6259293.450869997,-0.012545426594754817,0.0026204235555883915,0.004188410766118755,0.0041884107661188255
2026-07-17,0.0,-3563432.465565,3444210.0,-2622066.653857497,-119222.4655650002,-2502844.188292497,3563432.465565,6259293.450869997,-0.014137128693401857,-0.04716490803909612,-0.07507261771396301,-0.07507261771396301
2026-07-20,0.0,-3563432.465565,3788631.0,-2277645.653857497,225198.5344349998,-2502844.188292497,3563432.465565,6259293.450869997,-0.012280149201844361,0.0550255396560978,0.09469329772971458,0.09469329772971435
2026-07-21,3903438.7122150008,0.0,0.0,-2162837.9416424967,0.0,-2162837.9416424967,-0.0,6259293.450869997,-0.011661152198015064,0.01834196033723945,0.028834220922589582,0.02883422092258952
2026-07-22,0.0,0.0,0.0,-2162837.9416424967,0.0,-2162837.9416424967,-0.0,6259293.450869997,-0.011661152198015064,0.0,0.0,0.0
2026-07-23,0.0,0.0,0.0,-2162837.9416424967,0.0,-2162837.9416424967,-0.0,6259293.450869997,-0.011661152198015064,0.0,0.0,0.0
2026-07-24,0.0,0.0,0.0,-2162837.9416424967,0.0,-2162837.9416424967,-0.0,6259293.450869997,-0.011661152198015064,0.0,0.0,0.0
2026-07-27,0.0,0.0,0.0,-2162837.9416424967,0.0,-2162837.9416424967,-0.0,6259293.450869997,-0.011661152198015064,0.0,0.0,0.0
2026-07-28,0.0,0.0,0.0,-2162837.9416424967,0.0,-2162837.9416424967,-0.0,6259293.450869997,-0.011661152198015064,0.0,0.0,0.0
2026-07-29,0.0,0.0,0.0,-2162837.9416424967,0.0,-2162837.9416424967,-0.0,6259293.450869997,-0.011661152198015064,0.0,0.0,0.0
2026-07-30,0.0,0.0,0.0,-2162837.9416424967,0.0,-2162837.9416424967,-0.0,6259293.450869997,-0.011661152198015064,0.0,0.0,0.0
2026-07-31,0.0,0.0,0.0,-2162837.9416424967,0.0,-2162837.9416424967,-0.0,6259293.450869997,-0.011661152198015064,0.0,0.0,0.0
2026-08-03,0.0,0.0,0.0,-2162837.9416424967,0.0,-2162837.9416424967,-0.0,6259293.450869997,-0.011661152198015064,0.0,0.0,0.0
2026-08-04,0.0,0.0,0.0,-2162837.9416424967,0.0,-2162837.9416424967,-0.0,6259293.450869997,-0.011661152198015064,0.0,0.0,0.0
2026-08-05,0.0,0.0,0.0,-2162837.9416424967,0.0,-2162837.9416424967,-0.0,6259293.450869997,-0.011661152198015064,0.0,0.0,0.0
2026-08-06,0.0,0.0,0.0,-2162837.9416424967,0.0,-2162837.9416424967,-0.0,6259293.450869997,-0.011661152198015064,0.0,0.0,0.0
2026-08-07,-3761402.0708224997,-3761402.0708224997,4198658.0,-1725582.0124649964,437255.9291775003,-2162837.9416424967,3761402.0708224997,6259293.450869997,-0.00911871683416127,0.06985707454197165,0.10674006545232961,0.10674006545232978
2026-08-10,0.0,-3761402.0708224997,4100252.0,-1823988.0124649964,338849.9291775003,-2162837.9416424967,3761402.0708224997,6259293.450869997,-0.009638736423088618,-0.015721582758885078,-0.021705395532323424,-0.021705395532323535
2026-08-11,0.0,-3761402.0708224997,4100252.0,-1823988.0124649964,338849.9291775003,-2162837.9416424967,3761402.0708224997,6259293.450869997,-0.009638736423088618,0.0,0.0,0.0
2026-08-12,0.0,-3761402.0708224997,4174056.0,-1750184.0124649964,412653.9291775003,-2162837.9416424967,3761402.0708224997,6259293.450869997,-0.009248724373607957,0.01179110718794335,0.016640116678534822,0.016640116678534992
2026-08-13,0.0,-3761402.0708224997,4092050.0,-1832190.0124649964,330647.9291775003,-2162837.9416424967,3761402.0708224997,6259293.450869997,-0.009682079315477113,-0.013101478728178462,-0.01818673978092844,-0.018186739780928413
2026-08-14,4051048.1373774996,0.0,0.0,-1873191.8750874966,0.0,-1873191.8750874966,-0.0,6259293.450869997,-0.009898750776020251,-0.006550557653883626,-0.009261555143891598,-0.009261555143891632
2026-08-17,0.0,0.0,0.0,-1873191.8750874966,0.0,-1873191.8750874966,-0.0,6259293.450869997,-0.009898750776020251,0.0,0.0,0.0
2026-08-18,0.0,0.0,0.0,-1873191.8750874966,0.0,-1873191.8750874966,-0.0,6259293.450869997,-0.009898750776020251,0.0,0.0,0.0
2026-08-19,0.0,0.0,0.0,-1873191.8750874966,0.0,-1873191.8750874966,-0.0,6259293.450869997,-0.009898750776020251,0.0,0.0,0.0
2026-08-20,0.0,0.0,0.0,-1873191.8750874966,0.0,-1873191.8750874966,-0.0,6259293.450869997,-0.009898750776020251,0.0,0.0,0.0
2026-08-21,0.0,0.0,0.0,-1873191.8750874966,0.0,-1873191.8750874966,-0.0,6259293.450869997,-0.009898750776020251,0.0,0.0,0.0
2026-08-24,0.0,0.0,0.0,-1873191.8750874966,0.0,-1873191.8750874966,-0.0,6259293.450869997,-0.009898750776020251,0.0,0.0,0.0
2026-08-25,0.0,0.0,0.0,-1873191.8750874966,0.0,-1873191.8750874966,-0.0,6259293.450869997,-0.009898750776020251,0.0,0.0,0.0
2026-08-26,0.0,0.0,0.0,-1873191.8750874966,0.0,-1873191.8750874966,-0.0,6259293.450869997,-0.009898750776020251,0.0,0.0,0.0
2026-08-27,-3908422.0762124993,-3908422.0762124998,3885590.0,-1896023.9512999963,-22832.076212499756,-1873191.8750874966,3908422.0762124998,6259293.450869997,-0.009816654243915899,-0.003647708226449442,-0.005205551175231582,-0.0052055511752315976
2026-08-28,0.0,-3908422.0762124998,3842177.0,-1939436.9512999963,-66245.07621249976,-1873191.8750874966,3908422.0762124998,6259293.450869997,-0.01004142482785231,-0.006935766846650426,-0.009949648996991467,-0.00994964899699144
2026-08-31,0.0,-3908422.0762124998,3777054.0,-2004559.9512999963,-131368.07621249976,-1873191.8750874966,3908422.0762124998,6259293.450869997,-0.010378598824988903,-0.010404209438518719,-0.015075269284172355,-0.015075269284172368
2026-09-01,0.0,-3908422.0762124998,3798762.0,-1982851.9512999963,-109660.07621249976,-1873191.8750874966,3908422.0762124998,6259293.450869997,-0.01026620576677842,0.0034681230669865726,0.005102082187331991,0.005102082187331801
2026-09-02,3762583.5665249997,0.0,0.0,-2019030.3847749964,0.0,-2019030.3847749964,-0.0,6259293.450869997,-0.010453519419787435,-0.00577995483978655,-0.008459938824987523,-0.008459938824987516
2026-09-03,0.0,0.0,0.0,-2019030.3847749964,0.0,-2019030.3847749964,-0.0,6259293.450869997,-0.010453519419787435,0.0,0.0,0.0
2026-09-04,0.0,0.0,0.0,-2019030.3847749964,0.0,-2019030.3847749964,-0.0,6259293.450869997,-0.010453519419787435,0.0,0.0,0.0
2026-09-07,0.0,0.0,0.0,-2019030.3847749964,0.0,-2019030.3847749964,-0.0,6259293.450869997,-0.010453519419787435,0.0,0.0,0.0
2026-09-08,0.0,0.0,0.0,-2019030.3847749964,0.0,-2019030.3847749964,-0.0,6259293.450869997,-0.010453519419787435,0.0,0.0,0.0
2026-09-09,0.0,0.0,0.0,-2019030.3847749964,0.0,-2019030.3847749964,-0.0,6259293.450869997,-0.010453519419787435,0.0,0.0,0.0
2026-09-10,0.0,0.0,0.0,-2019030.3847749964,0.0,-2019030.3847749964,-0.0,6259293.450869997,-0.010453519419787435,0.0,0.0,0.0
2026-09-11,0.0,0.0,0.0,-2019030.3847749964,0.0,-2019030.3847749964,-0.0,6259293.450869997,-0.010453519419787435,0.0,0.0,0.0
2026-09-14,0.0,0.0,0.0,-2019030.3847749964,0.0,-2019030.3847749964,-0.0,6259293.450869997,-0.010453519419787435,0.0,0.0,0.0
2026-09-15,0.0,0.0,0.0,-2019030.3847749964,0.0,-2019030.3847749964,-0.0,6259293.450869997,-0.010453519419787435,0.0,0.0,0.0
2026-09-16,0.0,0.0,0.0,-2019030.3847749964,0.0,-2019030.3847749964,-0.0,6259293.450869997,-0.010453519419787435,0.0,0.0,0.0
2026-09-17,0.0,0.0,0.0,-2019030.3847749964,0.0,-2019030.3847749964,-0.0,6259293.450869997,-0.010453519419787435,0.0,0.0,0.0
2026-09-18,0.0,0.0,0.0,-2019030.3847749964,0.0,-2019030.3847749964,-0.0,6259293.450869997,-0.010453519419787435,0.0,0.0,0.0
2026-09-21,-3771366.5500000003,-3771366.5500000003,3672676.0,-2117720.9347749967,-98690.55000000028,-2019030.3847749964,3771366.5500000003,6259293.450869997,-0.010754494491624366,-0.015767043161442285,-0.02327462906467448,-0.023274629064674448
2026-09-22,3742366.4250000003,0.0,0.0,-2048030.5097749964,0.0,-2048030.5097749964,-0.0,6259293.450869997,-0.010400583228117356,0.011133912405131563,0.016827044493165078,0.016827044493165095
2026-09-23,0.0,0.0,0.0,-2048030.5097749964,0.0,-2048030.5097749964,-0.0,6259293.450869997,-0.010400583228117356,0.0,0.0,0.0
2026-09-24,0.0,0.0,0.0,-2048030.5097749964,0.0,-2048030.5097749964,-0.0,6259293.450869997,-0.010400583228117356,0.0,0.0,0.0
2026-09-29,-3820436.3749999995,-3820436.375,4230198.0,-1638268.8847749964,409761.625,-2048030.5097749964,3820436.375,6259293.450869997,-0.008161335031231726,0.06546451739581666,0.09730136320897942,0.09730136320897953
2026-09-30,0.0,-3820436.375,4648340.0,-1220126.8847749964,827903.625,-2048030.5097749964,3820436.375,6259293.450869997,-0.006078284450009224,0.06680338656144669,0.09048685935754541,0.09048685935754529
2026-10-01,4822565.3,0.0,0.0,-1045901.5847749964,0.0,-1045901.5847749964,-0.0,6259293.450869997,-0.0052103493647303835,0.02783465919396763,0.034574229233111486,0.03457422923311154
