,cashflow,entry_cost,market_value,profit_loss,unrealized,realized,position,invest,PNL/COST,return,return_pct,value_pct
2022-11-13,0.0,0.0,0.0,0.0,0.0,0.0,0.0,0.0,,,,
2022-11-14,-4784835.688475,-4784835.688475,4947160.0,162324.31152500026,162324.31152500026,0.0,4784835.688475,4784835.688475,0.033924741013778785,0.033924741013778785,0.03392474101377885,0.033924741013778785
2022-11-15,0.0,-4784835.688475,4947160.0,162324.31152500026,162324.31152500026,0.0,4784835.688475,4784835.688475,0.033924741013778785,0.0,0.0,0.0
2022-11-16,0.0,-4784835.688475,4975701.0,190865.31152500026,190865.31152500026,0.0,4784835.688475,4784835.688475,0.039889627136983664,0.005964886123204879,0.00576916857348464,0.005769168573484585
2022-11-17,0.0,-4784835.688475,5061325.0,276489.31152500026,276489.31152500026,0.0,4784835.688475,4784835.688475,0.0577844945001908,0.017894867363207133,0.017208429525809477,0.01720842952580953
2022-11-18,0.0,-4784835.688475,5346738.0,561902.3115250003,561902.3115250003,0.0,4784835.688475,4784835.688475,0.11743398271301707,0.05964948821282627,0.05639096481652528,0.056390964816525314
2022-11-21,0.0,-4784835.688475,5251600.0,466764.31152500026,466764.31152500026,0.0,4784835.688475,4784835.688475,0.09755075031087748,-0.019883232402139586,-0.017793652877698518,-0.017793652877698515
2022-11-22,0.0,-4784835.688475,5013757.0,228921.31152500026,228921.31152500026,0.0,4784835.688475,4784835.688475,0.04784308729271349,-0.04970766301816399,-0.045289626018736984,-0.04528962601873715
2022-11-23,0.0,-4784835.688475,5127921.0,343085.31152500026,343085.31152500026,0.0,4784835.688475,4784835.688475,0.07170263178553302,0.023859544492819525,0.022770150208715645,0.02277015020871574
2022-11-24,0.0,-4784835.688475,5527499.0,742663.3115250003,742663.3115250003,0.0,4784835.688475,4784835.688475,0.1552118734847713,0.08350924169923829,0.07792202726992103,0.0779220272699209
2022-11-25,0.0,-4784835.688475,5118407.0,333571.31152500026,333571.31152500026,0.0,4784835.688475,4784835.688475,0.06971426674660056,-0.08549760673817075,-0.07401032546545916,-0.07401032546545916
2022-11-28,0.0,-4784835.688475,5108894.0,324058.31152500026,324058.31152500026,0.0,4784835.688475,4784835.688475,0.06772611070126058,-0.0019881560453399727,-0.0018585860796143105,-0.0018585860796142238
2022-11-29,0.0,-4784835.688475,5013757.0,228921.31152500026,228921.31152500026,0.0,4784835.688475,4784835.688475,0.04784308729271349,-0.01988302340854709,-0.01862183869933476,-0.018621838699334925
2022-11-30,0.0,-4784835.688475,5032784.0,247948.31152500026,247948.31152500026,0.0,4784835.688475,4784835.688475,0.05181960837698591,0.003976521084272419,0.0037949585510426154,0.0037949585510426613
2022-12-01,0.0,-4784835.688475,5051811.0,266975.31152500026,266975.31152500026,0.0,4784835.688475,4784835.688475,0.05579612946125834,0.003976521084272426,0.0037806112879072984,0.0037806112879074484
2022-12-02,0.0,-4784835.688475,5108894.0,324058.31152500026,324058.31152500026,0.0,4784835.688475,4784835.688475,0.06772611070126058,0.011929981240002246,0.011299512194735684,0.01129951219473571
2022-12-05,0.0,-4784835.688475,5042298.0,257462.31152500026,257462.31152500026,0.0,4784835.688475,4784835.688475,0.05380797341591837,-0.013918137285342212,-0.013035306663242485,-0.013035306663242572
2022-12-06,0.0,-4784835.688475,5032784.0,247948.31152500026,247948.31152500026,0.0,4784835.688475,4784835.688475,0.05181960837698591,-0.0019883650389324603,-0.0018868381043722904,-0.0018868381043722524
2022-12-07,0.0,-4784835.688475,4852022.0,67186.31152500026,67186.31152500026,0.0,4784835.688475,4784835.688475,0.014041508611639194,-0.03777809976534672,-0.03591690006962356,-0.035916900069623496
2022-12-08,0.0,-4784835.688475,4928132.0,143296.31152500026,143296.31152500026,0.0,4784835.688475,4784835.688475,0.029948010935913868,0.015906502324274673,0.015686243796915855,0.015686243796916008
2022-12-09,0.0,-4784835.688475,5099380.0,314544.31152500026,314544.31152500026,0.0,4784835.688475,4784835.688475,0.06573774566232814,0.035789734726414266,0.03474906922136012,0.03474906922136014
2022-12-12,0.0,-4784835.688475,4852022.0,67186.31152500026,67186.31152500026,0.0,4784835.688475,4784835.688475,0.014041508611639194,-0.051696237050688945,-0.04850746561346664,-0.048507465613466735
2022-12-13,0.0,-4784835.688475,4852022.0,67186.31152500026,67186.31152500026,0.0,4784835.688475,4784835.688475,0.014041508611639194,0.0,0.0,0.0
2022-12-14,0.0,-4784835.688475,5175490.0,390654.31152500026,390654.31152500026,0.0,4784835.688475,4784835.688475,0.0816442479866028,0.06760273937496361,0.06666663918671434,0.06666663918671432
2022-12-15,0.0,-4784835.688475,5118407.0,333571.31152500026,333571.31152500026,0.0,4784835.688475,4784835.688475,0.06971426674660056,-0.011929981240002246,-0.011029487063060617,-0.011029487063060697
2022-12-16,0.0,-4784835.688475,5042298.0,257462.31152500026,257462.31152500026,0.0,4784835.688475,4784835.688475,0.05380797341591837,-0.015906293330682185,-0.014869665503349005,-0.014869665503348992
2022-12-19,0.0,-4784835.688475,5156462.0,371626.31152500026,371626.31152500026,0.0,4784835.688475,4784835.688475,0.0776675179087379,0.023859544492819525,0.02264126396337529,0.02264126396337543
2022-12-20,0.0,-4784835.688475,4861536.0,76700.31152500026,76700.31152500026,0.0,4784835.688475,4784835.688475,0.01602987365057165,-0.061637644258166244,-0.057195418098688444,-0.0571954180986886
2022-12-21,0.0,-4784835.688475,4899591.0,114755.31152500026,114755.31152500026,0.0,4784835.688475,4784835.688475,0.02398312481270899,0.00795325116213734,0.007827772950770973,0.007827772950771115
2022-12-22,0.0,-4784835.688475,4785425.0,589.3115250002593,589.3115250002593,0.0,4784835.688475,4784835.688475,0.00012316233270448664,-0.023859962480004503,-0.023301128604407917,-0.023301128604408
2022-12-23,0.0,-4784835.688475,4704559.0,-80276.68847499974,-80276.68847499974,0.0,4784835.688475,4784835.688475,-0.01677731351744393,-0.016900475850148415,-0.016898394604449973,-0.01689839460444997
2022-12-26,0.0,-4784835.688475,4576123.0,-208712.68847499974,-208712.68847499974,0.0,4784835.688475,4784835.688475,-0.043619614562254626,-0.026842301044810696,-0.02730032719326081,-0.027300327193260834
2022-12-27,0.0,-4784835.688475,4785425.0,589.3115250002593,589.3115250002593,0.0,4784835.688475,4784835.688475,0.00012316233270448664,0.04374277689495911,0.04573784402211212,0.045737844022112166
2022-12-28,0.0,-4784835.688475,4595150.0,-189685.68847499974,-189685.68847499974,0.0,4784835.688475,4784835.688475,-0.0396430934779822,-0.039766255810686685,-0.039761358708996664,-0.03976135870899659
2022-12-29,0.0,-4784835.688475,4695045.0,-89790.68847499974,-89790.68847499974,0.0,4784835.688475,4784835.688475,-0.018765678556376387,0.020877414921605813,0.021739225052501032,0.021739225052501008
2022-12-30,0.0,-4784835.688475,4733100.0,-51735.68847499974,-51735.68847499974,0.0,4784835.688475,4784835.688475,-0.010812427394239047,0.00795325116213734,0.00810535362280862,0.008105353622808727
2023-01-03,0.0,-4784835.688475,4966187.0,181351.31152500026,181351.31152500026,0.0,4784835.688475,4784835.688475,0.037901262098051204,0.048713689492290255,0.04924616002197291,0.049246160021972914
2023-01-04,0.0,-4784835.688475,4928132.0,143296.31152500026,143296.31152500026,0.0,4784835.688475,4784835.688475,0.029948010935913868,-0.007953251162137336,-0.0076628205905255875,-0.007662820590525488
2023-01-05,0.0,-4784835.688475,4633205.0,-151630.68847499974,-151630.68847499974,0.0,4784835.688475,4784835.688475,-0.03168984231584487,-0.06163785325175873,-0.05984559666827094,-0.059845596668271064
2023-01-06,0.0,-4784835.688475,4775912.0,-8923.68847499974,-8923.68847499974,0.0,4784835.688475,4784835.688475,-0.0018649937126354816,0.029824848603209386,0.030800925061593487,0.03080092506159343
2023-01-09,0.0,-4784835.688475,5251600.0,466764.31152500026,466764.31152500026,0.0,4784835.688475,4784835.688475,0.09755075031087748,0.09941574402351297,0.09960150019514602,0.09960150019514598
2023-01-10,0.0,-4784835.688475,5223059.0,438223.31152500026,438223.31152500026,0.0,4784835.688475,4784835.688475,0.0915858641876726,-0.005964886123204879,-0.005434724655343115,-0.005434724655343133
2023-01-11,0.0,-4784835.688475,4880564.0,95728.31152500026,95728.31152500026,0.0,4784835.688475,4784835.688475,0.020006603728436562,-0.07157926045923604,-0.06557364180645864,-0.06557364180645862
2023-01-12,0.0,-4784835.688475,4909105.0,124269.31152500026,124269.31152500026,0.0,4784835.688475,4784835.688475,0.025971489851641445,0.005964886123204883,0.005847889711107168,0.005847889711107159
2023-01-13,0.0,-4784835.688475,4918618.0,133782.31152500026,133782.31152500026,0.0,4784835.688475,4784835.688475,0.02795964589698141,0.0019881560453399658,0.0019378277710497827,0.0019378277710499164
2023-01-16,0.0,-4784835.688475,5023270.0,238434.31152500026,238434.31152500026,0.0,4784835.688475,4784835.688475,0.04983124333805346,0.021871597441072047,0.02127670821356742,0.021276708213567308
2023-01-17,0.0,-4784835.688475,5089866.0,305030.31152500026,305030.31152500026,0.0,4784835.688475,4784835.688475,0.06374938062339568,0.01391813728534222,0.013257499596876166,0.013257499596876138
2023-01-30,0.0,-4784835.688475,5127921.0,343085.31152500026,343085.31152500026,0.0,4784835.688475,4784835.688475,0.07170263178553302,0.00795325116213734,0.0074766211919918835,0.007476621191992088
2023-01-31,0.0,-4784835.688475,4994728.0,209892.31152500026,209892.31152500026,0.0,4784835.688475,4784835.688475,0.04386614822125609,-0.027836483564276926,-0.025974074093575106,-0.025974074093575154
2023-02-01,0.0,-4784835.688475,5137435.0,352599.31152500026,352599.31152500026,0.0,4784835.688475,4784835.688475,0.07369099682446548,0.029824848603209386,0.028571525816821097,0.028571525816821257
2023-02-02,0.0,-4784835.688475,5223059.0,438223.31152500026,438223.31152500026,0.0,4784835.688475,4784835.688475,0.0915858641876726,0.017894867363207126,0.016666682887471973,0.016666682887472056
2023-02-03,0.0,-4784835.688475,5289655.0,504819.31152500026,504819.31152500026,0.0,4784835.688475,4784835.688475,0.10550400147301482,0.01391813728534222,0.01275038248658511,0.012750382486584968
2023-02-06,0.0,-4784835.688475,5118407.0,333571.31152500026,333571.31152500026,0.0,4784835.688475,4784835.688475,0.06971426674660056,-0.035789734726414266,-0.032374134040877856,-0.032374134040877904
2023-02-07,0.0,-4784835.688475,5232573.0,447737.31152500026,447737.31152500026,0.0,4784835.688475,4784835.688475,0.09357422922660506,0.023859962480004507,0.02230498668824099,0.022304986688241088
2023-02-08,0.0,-4784835.688475,5432362.0,647526.3115250003,647526.3115250003,0.0,4784835.688475,4784835.688475,0.1353288500762242,0.04175462084961913,0.038181789341495964,0.03818178934149605
2023-02-09,0.0,-4784835.688475,5679720.0,894884.3115250003,894884.3115250003,0.0,4784835.688475,4784835.688475,0.18702508712691315,0.05169623705068896,0.045534152547271445,0.045534152547271334
2023-02-10,0.0,-4784835.688475,5537013.0,752177.3115250003,752177.3115250003,0.0,4784835.688475,4784835.688475,0.15720023852370377,-0.029824848603209386,-0.025125710422344905,-0.025125710422344762
2023-02-13,0.0,-4784835.688475,5384793.0,599957.3115250003,599957.3115250003,0.0,4784835.688475,4784835.688475,0.1253872338751544,-0.03181300464854936,-0.02749135680194348,-0.027491356801943576
2023-02-14,0.0,-4784835.688475,5327710.0,542874.3115250003,542874.3115250003,0.0,4784835.688475,4784835.688475,0.11345725263515216,-0.011929981240002246,-0.010600778897164598,-0.010600778897164664
2023-02-15,0.0,-4784835.688475,5261114.0,476278.31152500026,476278.31152500026,0.0,4784835.688475,4784835.688475,0.09953911534980994,-0.01391813728534222,-0.012499929613286054,-0.012499929613286009
2023-02-16,0.0,-4784835.688475,5403821.0,618985.3115250003,618985.3115250003,0.0,4784835.688475,4784835.688475,0.12936396395301933,0.029824848603209386,0.027124863669557353,0.027124863669557436
2023-02-17,0.0,-4784835.688475,5261114.0,476278.31152500026,476278.31152500026,0.0,4784835.688475,4784835.688475,0.09953911534980994,-0.029824848603209386,-0.026408535737952765,-0.02640853573795283
2023-02-20,0.0,-4784835.688475,5165976.0,381140.31152500026,381140.31152500026,0.0,4784835.688475,4784835.688475,0.07965588294767036,-0.019883232402139586,-0.018083242446371606,-0.018083242446371623
2023-02-21,0.0,-4784835.688475,5118407.0,333571.31152500026,333571.31152500026,0.0,4784835.688475,4784835.688475,0.06971426674660056,-0.0099416162010698,-0.009208134145415992,-0.009208134145416083
2023-02-22,0.0,-4784835.688475,4918618.0,133782.31152500026,133782.31152500026,0.0,4784835.688475,4784835.688475,0.02795964589698141,-0.041754620849619145,-0.03903343364449152,-0.03903343364449134
2023-02-23,0.0,-4784835.688475,5146949.0,362113.31152500026,362113.31152500026,0.0,4784835.688475,4784835.688475,0.07567936186339792,0.04771971596641651,0.0464217794510573,0.04642177945105719
2023-02-24,0.0,-4784835.688475,5118407.0,333571.31152500026,333571.31152500026,0.0,4784835.688475,4784835.688475,0.06971426674660056,-0.005965095116797367,-0.005545421180586763,-0.00554542118058679
2023-03-01,0.0,-4784835.688475,5375280.0,590444.3115250003,590444.3115250003,0.0,4784835.688475,4784835.688475,0.12339907782981444,0.05368481108321388,0.0501861223618989,0.05018612236189893
2023-03-02,0.0,-4784835.688475,5365766.0,580930.3115250003,580930.3115250003,0.0,4784835.688475,4784835.688475,0.12141071279088199,-0.0019883650389324464,-0.0017699543093570025,-0.001769954309356908
2023-03-03,0.0,-4784835.688475,5365766.0,580930.3115250003,580930.3115250003,0.0,4784835.688475,4784835.688475,0.12141071279088199,0.0,0.0,0.0
2023-03-06,0.0,-4784835.688475,5384793.0,599957.3115250003,599957.3115250003,0.0,4784835.688475,4784835.688475,0.1253872338751544,0.003976521084272419,0.0035459988378174767,0.003545998837817378
2023-03-07,0.0,-4784835.688475,5451389.0,666553.3115250003,666553.3115250003,0.0,4784835.688475,4784835.688475,0.13930537116049663,0.01391813728534222,0.012367420623225378,0.012367420623225442
2023-03-08,0.0,-4784835.688475,5508472.0,723636.3115250003,723636.3115250003,0.0,4784835.688475,4784835.688475,0.15123535240049887,0.011929981240002246,0.010471276219693681,0.010471276219693734
2023-03-09,0.0,-4784835.688475,5403821.0,618985.3115250003,618985.3115250003,0.0,4784835.688475,4784835.688475,0.12936396395301933,-0.021871388447479545,-0.018998190423769046,-0.01899819042376906
2023-03-10,0.0,-4784835.688475,5280142.0,495306.31152500026,495306.31152500026,0.0,4784835.688475,4784835.688475,0.10351584542767485,-0.02584811852534448,-0.022887323617862276,-0.02288732361786225
2023-03-13,0.0,-4784835.688475,5375280.0,590444.3115250003,590444.3115250003,0.0,4784835.688475,4784835.688475,0.12339907782981444,0.019883232402139586,0.01801807602901584,0.018018076029015888
2023-03-14,0.0,-4784835.688475,5204032.0,419196.31152500026,419196.31152500026,0.0,4784835.688475,4784835.688475,0.08760934310340018,-0.03578973472641425,-0.031858433421142696,-0.03185843342114271
2023-03-15,0.0,-4784835.688475,5251600.0,466764.31152500026,466764.31152500026,0.0,4784835.688475,4784835.688475,0.09755075031087748,0.009941407207477299,0.009140604823336895,0.009140604823336982
2023-03-16,0.0,-4784835.688475,5204032.0,419196.31152500026,419196.31152500026,0.0,4784835.688475,4784835.688475,0.08760934310340018,-0.009941407207477299,-0.009057810952852408,-0.009057810952852465
2023-03-17,0.0,-4784835.688475,5308683.0,523847.31152500026,523847.31152500026,0.0,4784835.688475,4784835.688475,0.10948073155087973,0.021871388447479545,0.020109599633514774,0.020109599633514937
2023-03-20,0.0,-4784835.688475,5337224.0,552388.3115250003,552388.3115250003,0.0,4784835.688475,4784835.688475,0.11544561767408462,0.005964886123204893,0.005376286359535909,0.005376286359535878
2023-03-21,0.0,-4784835.688475,5204032.0,419196.31152500026,419196.31152500026,0.0,4784835.688475,4784835.688475,0.08760934310340018,-0.02783627457068444,-0.024955295112215614,-0.02495529511221564
2023-03-22,0.0,-4784835.688475,5137435.0,352599.31152500026,352599.31152500026,0.0,4784835.688475,4784835.688475,0.07369099682446548,-0.013918346278934707,-0.012797192638323573,-0.012797192638323514
2023-03-23,0.0,-4784835.688475,5194518.0,409682.31152500026,409682.31152500026,0.0,4784835.688475,4784835.688475,0.08562097806446772,0.011929981240002246,0.011111186808203,0.011111186808202927
2023-03-24,0.0,-4784835.688475,5327710.0,542874.3115250003,542874.3115250003,0.0,4784835.688475,4784835.688475,0.11345725263515216,0.02783627457068444,0.02564087755591582,0.025640877555915677
2023-03-27,0.0,-4784835.688475,5185003.0,400167.31152500026,400167.31152500026,0.0,4784835.688475,4784835.688475,0.08363240403194278,-0.029824848603209386,-0.026785804782918143,-0.02678580478291799
2023-03-28,0.0,-4784835.688475,4937646.0,152810.31152500026,152810.31152500026,0.0,4784835.688475,4784835.688475,0.031936375974846325,-0.05169602805709645,-0.04770624047854932,-0.047706240478549385
2023-03-29,0.0,-4784835.688475,4871050.0,86214.31152500026,86214.31152500026,0.0,4784835.688475,4784835.688475,0.018018238689504106,-0.01391813728534222,-0.01348739865109816,-0.013487398651098114
2023-03-30,0.0,-4784835.688475,4890077.0,105241.31152500026,105241.31152500026,0.0,4784835.688475,4784835.688475,0.02199475977377653,0.003976521084272426,0.0039061393334087757,0.003906139333408608
2023-03-31,0.0,-4784835.688475,4937646.0,152810.31152500026,152810.31152500026,0.0,4784835.688475,4784835.688475,0.031936375974846325,0.009941616201069793,0.009727658685128926,0.009727658685129089
2023-04-06,0.0,-4784835.688475,4861536.0,76700.31152500026,76700.31152500026,0.0,4784835.688475,4784835.688475,0.01602987365057165,-0.015906502324274676,-0.015414227751442633,-0.015414227751442692
2023-04-07,0.0,-4784835.688475,4890077.0,105241.31152500026,105241.31152500026,0.0,4784835.688475,4784835.688475,0.02199475977377653,0.005964886123204883,0.005870778289001732,0.005870778289001666
2023-04-10,0.0,-4784835.688475,4956673.0,171837.31152500026,171837.31152500026,0.0,4784835.688475,4784835.688475,0.03591289705911875,0.01391813728534222,0.013618599461726166,0.013618599461726267
2023-04-11,0.0,-4784835.688475,4852022.0,67186.31152500026,67186.31152500026,0.0,4784835.688475,4784835.688475,0.014041508611639194,-0.02187138844747956,-0.02111315392401303,-0.021113153924013143
2023-04-12,0.0,-4784835.688475,4842509.0,57673.31152500026,57673.31152500026,0.0,4784835.688475,4784835.688475,0.012053352566299226,-0.0019881560453399675,-0.001960625899882662,-0.0019606258998825644
2023-04-13,0.0,-4784835.688475,4690288.0,-94547.68847499974,-94547.68847499974,0.0,4784835.688475,4784835.688475,-0.019759861075842614,-0.03181321364214184,-0.0314343246445179,-0.03143432464451795
2023-04-14,0.0,-4784835.688475,4766398.0,-18437.68847499974,-18437.68847499974,0.0,4784835.688475,4784835.688475,-0.003853358751567938,0.015906502324274676,0.016227148524781354,0.01622714852478142
2023-04-17,0.0,-4784835.688475,4852022.0,67186.31152500026,67186.31152500026,0.0,4784835.688475,4784835.688475,0.014041508611639194,0.017894867363207133,0.017964089444481912,0.017964089444481975
2023-04-18,0.0,-4784835.688475,4737857.0,-46978.68847499974,-46978.68847499974,0.0,4784835.688475,4784835.688475,-0.009818244874772819,-0.023859753486412012,-0.023529365695374005,-0.023529365695374012
2023-04-19,0.0,-4784835.688475,4733100.0,-51735.68847499974,-51735.68847499974,0.0,4784835.688475,4784835.688475,-0.010812427394239047,-0.0009941825194662284,-0.0010040404343145681,-0.0010040404343145013
2023-04-20,0.0,-4784835.688475,4542825.0,-242010.68847499974,-242010.68847499974,0.0,4784835.688475,4784835.688475,-0.050578683204925735,-0.039766255810686685,-0.0402009253977309,-0.040200925397730874
2023-04-21,0.0,-4784835.688475,4538068.0,-246767.68847499974,-246767.68847499974,0.0,4784835.688475,4784835.688475,-0.051572865724391966,-0.0009941825194662302,-0.0010471457738301382,-0.0010471457738301607
2023-04-24,0.0,-4784835.688475,4357306.0,-427529.68847499974,-427529.68847499974,0.0,4784835.688475,4784835.688475,-0.08935096548973868,-0.03777809976534672,-0.03983236919323363,-0.039832369193233776
2023-04-25,0.0,-4784835.688475,4205086.0,-579749.6884749997,-579749.6884749997,0.0,4784835.688475,4784835.688475,-0.12116397013828803,-0.031813004648549345,-0.03493442966824001,-0.034934429668239966
2023-04-26,0.0,-4784835.688475,4200329.0,-584506.6884749997,-584506.6884749997,0.0,4784835.688475,4784835.688475,-0.12215815265775426,-0.0009941825194662302,-0.0011312491587567308,-0.0011312491587568006
2023-04-27,0.0,-4784835.688475,4247898.0,-536937.6884749997,-536937.6884749997,0.0,4784835.688475,4784835.688475,-0.11221653645668447,0.009941616201069786,0.011325065250840982,0.011325065250841065
2023-04-28,0.0,-4784835.688475,4314495.0,-470340.68847499974,-470340.68847499974,0.0,4784835.688475,4784835.688475,-0.09829819017774977,0.013918346278934707,0.015677636327426026,0.015677636327425942
2023-05-02,0.0,-4784835.688475,4404875.0,-379960.68847499974,-379960.68847499974,0.0,4784835.688475,4784835.688475,-0.07940934928866888,0.018888840889080882,0.020947990436887665,0.020947990436887748
2023-05-03,0.0,-4784835.688475,4200329.0,-584506.6884749997,-584506.6884749997,0.0,4784835.688475,4784835.688475,-0.12215815265775426,-0.042748803369085375,-0.046436277987456975,-0.04643627798745708
2023-05-04,0.0,-4784835.688475,4133733.0,-651102.6884749997,-651102.6884749997,0.0,4784835.688475,4784835.688475,-0.13607628994309648,-0.01391813728534222,-0.015854948505224287,-0.015854948505224235
2023-05-05,0.0,-4784835.688475,4252654.0,-532181.6884749997,-532181.6884749997,0.0,4784835.688475,4784835.688475,-0.11122256293081073,0.024853727012285748,0.028768427956038733,0.028768427956038768
2023-05-08,0.0,-4784835.688475,4167031.0,-617804.6884749997,-617804.6884749997,0.0,4784835.688475,4784835.688475,-0.12911722130042538,-0.017894658369614652,-0.020134015135019112,-0.020134015135019213
2023-05-09,0.0,-4784835.688475,4233627.0,-551208.6884749997,-551208.6884749997,0.0,4784835.688475,4784835.688475,-0.11519908401508315,0.013918137285342233,0.01598164256517398,0.015981642565174103
2023-05-10,0.0,-4784835.688475,4138490.0,-646345.6884749997,-646345.6884749997,0.0,4784835.688475,4784835.688475,-0.13508210742363025,-0.0198830234085471,-0.022471748219670684,-0.022471748219670747
2023-05-11,0.0,-4784835.688475,4143247.0,-641588.6884749997,-641588.6884749997,0.0,4784835.688475,4784835.688475,-0.13408792490416402,0.0009941825194662302,0.0011494530613822551,0.0011494530613822915
2023-05-12,0.0,-4784835.688475,4119461.0,-665374.6884749997,-665374.6884749997,0.0,4784835.688475,4784835.688475,-0.13905904649508766,-0.004971121590923638,-0.00574090803661953,-0.005740908036619589
2023-05-15,0.0,-4784835.688475,3991026.0,-793809.6884749997,-793809.6884749997,0.0,4784835.688475,4784835.688475,-0.16590113854630587,-0.026842092051218208,-0.03117762250935263,-0.03117762250935256
2023-05-16,0.0,-4784835.688475,4062379.0,-722456.6884749997,-722456.6884749997,0.0,4784835.688475,4784835.688475,-0.15098881874149742,0.01491231980480845,0.01787836010088628,0.017878360100886337
2023-05-17,0.0,-4784835.688475,4247898.0,-536937.6884749997,-536937.6884749997,0.0,4784835.688475,4784835.688475,-0.11221653645668447,0.03877228228481294,0.045667575575789376,0.04566757557578946
2023-05-18,0.0,-4784835.688475,4266925.0,-517910.68847499974,-517910.68847499974,0.0,4784835.688475,4784835.688475,-0.10824001537241204,0.003976521084272433,0.004479156514586746,0.004479156514586744
2023-05-19,0.0,-4784835.688475,4614178.0,-170657.68847499974,-170657.68847499974,0.0,4784835.688475,4784835.688475,-0.035666363400117286,0.07257365197229476,0.08138249441928314,0.0813824944192832
2023-05-22,0.0,-4784835.688475,4533311.0,-251524.68847499974,-251524.68847499974,0.0,4784835.688475,4784835.688475,-0.052567048243858196,-0.01690068484374091,-0.017525765152536343,-0.017525765152536378
2023-05-23,0.0,-4784835.688475,4699802.0,-85033.68847499974,-85033.68847499974,0.0,4784835.688475,4784835.688475,-0.017771496036910157,0.034795552206948036,0.03672613681258574,0.03672613681258577
2023-05-24,0.0,-4784835.688475,4723586.0,-61249.68847499974,-61249.68847499974,0.0,4784835.688475,4784835.688475,-0.012800792433171504,0.004970703603738653,0.005060638724780464,0.005060638724780321
2023-05-25,0.0,-4784835.688475,4718829.0,-66006.68847499974,-66006.68847499974,0.0,4784835.688475,4784835.688475,-0.013794974952637732,-0.0009941825194662284,-0.0010070738629507359,-0.0010070738629507328
2023-05-26,0.0,-4784835.688475,4766398.0,-18437.68847499974,-18437.68847499974,0.0,4784835.688475,4784835.688475,-0.003853358751567938,0.009941616201069795,0.010080678914196728,0.010080678914196721
2023-05-29,0.0,-4784835.688475,4861536.0,76700.31152500026,76700.31152500026,0.0,4784835.688475,4784835.688475,0.01602987365057165,0.019883232402139586,0.019960146005432167,0.019960146005432194
2023-05-30,0.0,-4784835.688475,4842509.0,57673.31152500026,57673.31152500026,0.0,4784835.688475,4784835.688475,0.012053352566299226,-0.003976521084272423,-0.003913783627232381,-0.003913783627232216
2023-05-31,0.0,-4784835.688475,4766398.0,-18437.68847499974,-18437.68847499974,0.0,4784835.688475,4784835.688475,-0.003853358751567938,-0.015906711317867164,-0.015717265574519246,-0.015717265574519326
2023-06-01,0.0,-4784835.688475,4756884.0,-27951.68847499974,-27951.68847499974,0.0,4784835.688475,4784835.688475,-0.005841723790500394,-0.0019883650389324564,-0.0019960565609502545,-0.0019960565609502185
2023-06-02,0.0,-4784835.688475,4676018.0,-108817.68847499974,-108817.68847499974,0.0,4784835.688475,4784835.688475,-0.02274219964064881,-0.016900475850148415,-0.016999783892144515,-0.016999783892144522
2023-06-05,0.0,-4784835.688475,4690288.0,-94547.68847499974,-94547.68847499974,0.0,4784835.688475,4784835.688475,-0.019759861075842614,0.002982338564806196,0.0030517418880766645,0.0030517418880765643
2023-06-06,0.0,-4784835.688475,4709316.0,-75519.68847499974,-75519.68847499974,0.0,4784835.688475,4784835.688475,-0.0157831309979777,0.003976730077864914,0.004056893734457168,0.004056893734457245
2023-06-07,0.0,-4784835.688475,4671261.0,-113574.68847499974,-113574.68847499974,0.0,4784835.688475,4784835.688475,-0.02373638216011504,-0.00795325116213734,-0.008080791350591143,-0.008080791350591041
2023-06-08,0.0,-4784835.688475,4423902.0,-360933.68847499974,-360933.68847499974,0.0,4784835.688475,4784835.688475,-0.07543282820439647,-0.051696446044281426,-0.05295336740978496,-0.05295336740978507
2023-06-09,0.0,-4784835.688475,4404875.0,-379960.68847499974,-379960.68847499974,0.0,4784835.688475,4784835.688475,-0.07940934928866888,-0.003976521084272419,-0.004300954225477938,-0.00430095422547787
2023-06-12,0.0,-4784835.688475,4571366.0,-213469.68847499974,-213469.68847499974,0.0,4784835.688475,4784835.688475,-0.044613797081720856,0.03479555220694803,0.03779698629359518,0.03779698629359517
2023-06-13,0.0,-4784835.688475,4842509.0,57673.31152500026,57673.31152500026,0.0,4784835.688475,4784835.688475,0.012053352566299226,0.05666714964802008,0.0593133431013837,0.0593133431013837
2023-06-14,0.0,-4784835.688475,4880564.0,95728.31152500026,95728.31152500026,0.0,4784835.688475,4784835.688475,0.020006603728436562,0.007953251162137336,0.007858529534999326,0.007858529534999315
2023-06-15,0.0,-4784835.688475,5051811.0,266975.31152500026,266975.31152500026,0.0,4784835.688475,4784835.688475,0.05579612946125834,0.03578952573282178,0.03508754316099538,0.03508754316099533
2023-06-16,0.0,-4784835.688475,5013757.0,228921.31152500026,228921.31152500026,0.0,4784835.688475,4784835.688475,0.04784308729271349,-0.007953042168544845,-0.007532744198070707,-0.007532744198070751
2023-06-19,0.0,-4784835.688475,5051811.0,266975.31152500026,266975.31152500026,0.0,4784835.688475,4784835.688475,0.05579612946125834,0.007953042168544845,0.007589917102085231,0.007589917102085323
2023-06-20,0.0,-4784835.688475,4928132.0,143296.31152500026,143296.31152500026,0.0,4784835.688475,4784835.688475,0.029948010935913868,-0.02584811852534447,-0.02448211146458179,-0.02448211146458171
2023-06-21,0.0,-4784835.688475,4804453.0,19617.31152500026,19617.31152500026,0.0,4784835.688475,4784835.688475,0.0040998924105694,-0.02584811852534447,-0.025096527446910932,-0.02509652744691092
2023-06-26,0.0,-4784835.688475,4642719.0,-142116.68847499974,-142116.68847499974,0.0,4784835.688475,4784835.688475,-0.029701477276912407,-0.033801369687481805,-0.033663353559707954,-0.033663353559708044
2023-06-27,0.0,-4784835.688475,4575920.0,-208915.68847499974,-208915.68847499974,0.0,4784835.688475,4784835.688475,-0.04366204026152973,-0.013960562984617321,-0.014387905018589331,-0.014387905018589322
2023-06-28,0.0,-4784835.688475,4566377.0,-218458.68847499974,-218458.68847499974,0.0,4784835.688475,4784835.688475,-0.045656466114644335,-0.001994425853114608,-0.0020854822636758863,-0.0020854822636759383
2023-06-29,0.0,-4784835.688475,4604549.0,-180286.68847499974,-180286.68847499974,0.0,4784835.688475,4784835.688475,-0.03767876270218588,0.007977703412458452,0.008359362356634259,0.008359362356634155
2023-06-30,0.0,-4784835.688475,4537747.0,-247088.68847499974,-247088.68847499974,0.0,4784835.688475,4784835.688475,-0.05163995266758067,-0.013961189965394784,-0.014507826933756296,-0.014507826933756162
2023-07-03,0.0,-4784835.688475,4494804.0,-290031.68847499974,-290031.68847499974,0.0,4784835.688475,4784835.688475,-0.06061476450980018,-0.008974811842219516,-0.009463506890093232,-0.009463506890093256
2023-07-04,0.0,-4784835.688475,4561605.0,-223230.68847499974,-223230.68847499974,0.0,4784835.688475,4784835.688475,-0.04665378353799789,0.013960980971802296,0.014861827123051397,0.014861827123051417
2023-07-05,0.0,-4784835.688475,4676122.0,-108713.68847499974,-108713.68847499974,0.0,4784835.688475,4784835.688475,-0.02272046430703004,0.023933319230967847,0.0251045410551769,0.02510454105517685
2023-07-06,0.0,-4784835.688475,4556833.0,-228002.68847499974,-228002.68847499974,0.0,4784835.688475,4784835.688475,-0.04765110096135144,-0.024930636654321398,-0.025510241178480775,-0.025510241178480803
2023-07-07,0.0,-4784835.688475,4470946.0,-313889.68847499974,-313889.68847499974,0.0,4784835.688475,4784835.688475,-0.06560093363938296,-0.017949832678031526,-0.018847958659007347,-0.018847958659007253
2023-07-10,0.0,-4784835.688475,4399372.0,-385463.68847499974,-385463.68847499974,0.0,4784835.688475,4784835.688475,-0.0805594410281313,-0.014958507388748335,-0.016008692567523686,-0.01600869256752374
2023-07-11,0.0,-4784835.688475,4499575.0,-285260.68847499974,-285260.68847499974,0.0,4784835.688475,4784835.688475,-0.05961765608003912,0.02094178494809218,0.022776659941464272,0.022776659941464373
2023-07-12,0.0,-4784835.688475,4408916.0,-375919.68847499974,-375919.68847499974,0.0,4784835.688475,4784835.688475,-0.0785648061814242,-0.018947150101385077,-0.020148347343915796,-0.020148347343915813
2023-07-13,0.0,-4784835.688475,4447088.0,-337747.68847499974,-337747.68847499974,0.0,4784835.688475,4784835.688475,-0.07058710276896574,0.007977703412458459,0.008657910470510233,0.008657910470510212
2023-07-14,0.0,-4784835.688475,4552063.0,-232772.68847499974,-232772.68847499974,0.0,4784835.688475,4784835.688475,-0.048648000397520014,0.021939102371445723,0.023605334547011303,0.02360533454701144
2023-07-17,0.0,-4784835.688475,4447088.0,-337747.68847499974,-337747.68847499974,0.0,4784835.688475,4784835.688475,-0.07058710276896574,-0.021939102371445723,-0.023060972574412975,-0.023060972574412964
2023-07-18,0.0,-4784835.688475,4342114.0,-442721.68847499974,-442721.68847499974,0.0,4784835.688475,4784835.688475,-0.09252599614681897,-0.021938893377853236,-0.023605109680761904,-0.023605109680761883
2023-07-19,0.0,-4784835.688475,4385058.0,-399777.68847499974,-399777.68847499974,0.0,4784835.688475,4784835.688475,-0.08355097531100697,0.008975020835812003,0.009890113433226322,0.009890113433226305
2023-07-20,0.0,-4784835.688475,4294399.0,-490436.68847499974,-490436.68847499974,0.0,4784835.688475,4784835.688475,-0.10249812541239205,-0.018947150101385077,-0.020674526995994036,-0.020674526995994123
2023-07-21,0.0,-4784835.688475,4256225.0,-528610.6884749997,-528610.6884749997,0.0,4784835.688475,4784835.688475,-0.11047624681203547,-0.00797812139964342,-0.008889253187698731,-0.008889253187698674
2023-07-24,0.0,-4784835.688475,4618864.0,-165971.68847499974,-165971.68847499974,0.0,4784835.688475,4784835.688475,-0.03468701942571772,0.07578922738631774,0.0852020276183707,0.08520202761837074
2023-07-25,0.0,-4784835.688475,4566377.0,-218458.68847499974,-218458.68847499974,0.0,4784835.688475,4784835.688475,-0.045656466114644335,-0.010969446688926618,-0.01136361668150443,-0.01136361668150437
2023-07-26,0.0,-4784835.688475,4370743.0,-414092.68847499974,-414092.68847499974,0.0,4784835.688475,4784835.688475,-0.08654271858747513,-0.04088625247283079,-0.042842279557732454,-0.04284227955773253
2023-07-27,0.0,-4784835.688475,4342114.0,-442721.68847499974,-442721.68847499974,0.0,4784835.688475,4784835.688475,-0.09252599614681897,-0.005983277559343844,-0.006550144906712685,-0.006550144906712657
2023-07-28,0.0,-4784835.688475,4485261.0,-299574.68847499974,-299574.68847499974,0.0,4784835.688475,4784835.688475,-0.06260919036291479,0.029916805783904182,0.03296712154494341,0.032967121544943315
2023-07-31,0.0,-4784835.688475,4375514.0,-409321.68847499974,-409321.68847499974,0.0,4784835.688475,4784835.688475,-0.08554561015771407,-0.02293641979479928,-0.024468364271332366,-0.024468364271332258
2023-08-01,0.0,-4784835.688475,4284855.0,-499980.68847499974,-499980.68847499974,0.0,4784835.688475,4784835.688475,-0.10449276025909915,-0.018947150101385077,-0.02071962288316298,-0.020719622883162984
2023-08-02,0.0,-4784835.688475,4065364.0,-719471.6884749997,-719471.6884749997,0.0,4784835.688475,4784835.688475,-0.15036497286792022,-0.04587221260882107,-0.05122483724653448,-0.051224837246534594
2023-08-04,0.0,-4784835.688475,4055820.0,-729015.6884749997,-729015.6884749997,0.0,4784835.688475,4784835.688475,-0.15235960771462734,-0.001994634846707116,-0.0023476372595419015,-0.002347637259541827
2023-08-07,0.0,-4784835.688475,4141708.0,-643127.6884749997,-643127.6884749997,0.0,4784835.688475,4784835.688475,-0.13440956604300333,0.017950041671624006,0.021176482191024082,0.021176482191024255
2023-08-08,0.0,-4784835.688475,4031963.0,-752872.6884749997,-752872.6884749997,0.0,4784835.688475,4784835.688475,-0.15734556785061762,-0.022936001807614292,-0.02649752227824842,-0.02649752227824849
2023-08-09,0.0,-4784835.688475,3960389.0,-824446.6884749997,-824446.6884749997,0.0,4784835.688475,4784835.688475,-0.17230407523936594,-0.014958507388748321,-0.01775165099481324,-0.017751650994813198
2023-08-10,0.0,-4784835.688475,3717040.0,-1067795.6884749997,-1067795.6884749997,0.0,4784835.688475,4784835.688475,-0.22316245697776982,-0.050858381738403874,-0.061445731719788066,-0.061445731719788135
2023-08-11,0.0,-4784835.688475,3936531.0,-848304.6884749997,-848304.6884749997,0.0,4784835.688475,4784835.688475,-0.17729024436894872,0.0458722126088211,0.05904994296537036,0.05904994296537029
2023-08-14,0.0,-4784835.688475,3936531.0,-848304.6884749997,-848304.6884749997,0.0,4784835.688475,4784835.688475,-0.17729024436894872,0.0,0.0,0.0
2023-08-15,0.0,-4784835.688475,3831558.0,-953277.6884749997,-953277.6884749997,0.0,4784835.688475,4784835.688475,-0.19922892875320947,-0.021938684384260748,-0.02666637199097377,-0.02666637199097378
2023-08-16,0.0,-4784835.688475,3817243.0,-967592.6884749997,-967592.6884749997,0.0,4784835.688475,4784835.688475,-0.20222067202967764,-0.002991743276468173,-0.003736078117570041,-0.0037360781175699285
2023-08-17,0.0,-4784835.688475,3998562.0,-786273.6884749997,-786273.6884749997,0.0,4784835.688475,4784835.688475,-0.164326162833315,0.03789450919636264,0.04749998886631013,0.04749998886631006
2023-08-18,0.0,-4784835.688475,3969933.0,-814902.6884749997,-814902.6884749997,0.0,4784835.688475,4784835.688475,-0.17030944039265886,-0.005983277559343858,-0.007159823956712441,-0.0071598239567124385
2023-08-21,0.0,-4784835.688475,3969933.0,-814902.6884749997,-814902.6884749997,0.0,4784835.688475,4784835.688475,-0.17030944039265886,0.0,0.0,0.0
2023-08-22,0.0,-4784835.688475,4218053.0,-566782.6884749997,-566782.6884749997,0.0,4784835.688475,4784835.688475,-0.11845395022449393,0.05185549016816493,0.06249979533659644,0.06249979533659636
2023-08-23,0.0,-4784835.688475,4241911.0,-542924.6884749997,-542924.6884749997,0.0,4784835.688475,4784835.688475,-0.11346778109491115,0.004986169129582774,0.005656164111735862,0.005656164111735912
2023-08-24,0.0,-4784835.688475,4184653.0,-600182.6884749997,-600182.6884749997,0.0,4784835.688475,4784835.688475,-0.12543433621359884,-0.011966555118687688,-0.013498161559730937,-0.01349816155973098
2023-08-25,0.0,-4784835.688475,4246683.0,-538152.6884749997,-538152.6884749997,0.0,4784835.688475,4784835.688475,-0.1124704636715576,0.012963872542041247,0.014823212342815584,0.014823212342815521
2023-08-28,0.0,-4784835.688475,4027191.0,-757644.6884749997,-757644.6884749997,0.0,4784835.688475,4784835.688475,-0.15834288527397117,-0.045872421602413574,-0.05168551549527023,-0.051685515495270076
2023-08-29,0.0,-4784835.688475,3998562.0,-786273.6884749997,-786273.6884749997,0.0,4784835.688475,4784835.688475,-0.164326162833315,-0.00598327755934383,-0.007108925303021318,-0.007108925303021386
2023-08-30,0.0,-4784835.688475,4074906.0,-709929.6884749997,-709929.6884749997,0.0,4784835.688475,4784835.688475,-0.1483707560083981,0.01595540682491689,0.019092863884566436,0.0190928638845665
2023-08-31,0.0,-4784835.688475,4008105.0,-776730.6884749997,-776730.6884749997,0.0,4784835.688475,4784835.688475,-0.1623317369802004,-0.01396098097180229,-0.016393261586893026,-0.016393261586893047
2023-09-01,0.0,-4784835.688475,4060592.0,-724243.6884749997,-724243.6884749997,0.0,4784835.688475,4784835.688475,-0.15136229029127377,0.010969446688926632,0.013095215818946793,0.013095215818946859
2023-09-04,0.0,-4784835.688475,4079678.0,-705157.6884749997,-705157.6884749997,0.0,4784835.688475,4784835.688475,-0.14737343858504456,0.003988851706229202,0.004700299857754775,0.004700299857754732
2023-09-05,0.0,-4784835.688475,4070136.0,-714699.6884749997,-714699.6884749997,0.0,4784835.688475,4784835.688475,-0.14936765544456668,-0.0019942168595221132,-0.0023389100806484597,-0.0023389100806485217
2023-09-06,0.0,-4784835.688475,4070136.0,-714699.6884749997,-714699.6884749997,0.0,4784835.688475,4784835.688475,-0.14936765544456668,0.0,0.0,0.0
2023-09-07,0.0,-4784835.688475,3979476.0,-805359.6884749997,-805359.6884749997,0.0,4784835.688475,4784835.688475,-0.16831501453954423,-0.01894735909497755,-0.022274439969573567,-0.022274439969573498
2023-09-08,0.0,-4784835.688475,3950847.0,-833988.6884749997,-833988.6884749997,0.0,4784835.688475,4784835.688475,-0.17429829209888809,-0.005983277559343858,-0.007194163251644126,-0.007194163251644186
2023-09-11,0.0,-4784835.688475,3817243.0,-967592.6884749997,-967592.6884749997,0.0,4784835.688475,4784835.688475,-0.20222067202967764,-0.027922379930789554,-0.033816546173516815,-0.03381654617351672
2023-09-12,0.0,-4784835.688475,3979476.0,-805359.6884749997,-805359.6884749997,0.0,4784835.688475,4784835.688475,-0.16831501453954423,0.03390565749013341,0.042500045189682645,0.042500045189682714
2023-09-13,0.0,-4784835.688475,3950847.0,-833988.6884749997,-833988.6884749997,0.0,4784835.688475,4784835.688475,-0.17429829209888809,-0.005983277559343858,-0.007194163251644126,-0.007194163251644186
2023-09-14,0.0,-4784835.688475,4051049.0,-733786.6884749997,-733786.6884749997,0.0,4784835.688475,4784835.688475,-0.1533567161443884,0.02094157595449969,0.02536215651985496,0.02536215651985511
2023-09-15,0.0,-4784835.688475,4031963.0,-752872.6884749997,-752872.6884749997,0.0,4784835.688475,4784835.688475,-0.15734556785061762,-0.0039888517062292295,-0.004711372289004645,-0.00471137228900465
2023-09-18,0.0,-4784835.688475,3950847.0,-833988.6884749997,-833988.6884749997,0.0,4784835.688475,4784835.688475,-0.17429829209888809,-0.016952724248270462,-0.02011824017234287,-0.02011824017234285
2023-09-19,0.0,-4784835.688475,3817243.0,-967592.6884749997,-967592.6884749997,0.0,4784835.688475,4784835.688475,-0.20222067202967764,-0.027922379930789554,-0.033816546173516815,-0.03381654617351672
2023-09-20,0.0,-4784835.688475,3879273.0,-905562.6884749997,-905562.6884749997,0.0,4784835.688475,4784835.688475,-0.1892567994876364,0.012963872542041233,0.01624994793362644,0.01624994793362644
2023-09-21,0.0,-4784835.688475,3860187.0,-924648.6884749997,-924648.6884749997,0.0,4784835.688475,4784835.688475,-0.19324565119386564,-0.0039888517062292295,-0.004919994029809138,-0.004919994029809194
2023-09-22,0.0,-4784835.688475,3774299.0,-1010536.6884749997,-1010536.6884749997,0.0,4784835.688475,4784835.688475,-0.21119569286548964,-0.017950041671624006,-0.022249699302132275,-0.022249699302132254
2023-09-25,0.0,-4784835.688475,3736126.0,-1048709.6884749997,-1048709.6884749997,0.0,4784835.688475,4784835.688475,-0.2191736052715406,-0.007977912406050947,-0.010113931090250161,-0.010113931090250137
2023-09-26,0.0,-4784835.688475,3702726.0,-1082109.6884749997,-1082109.6884749997,0.0,4784835.688475,4784835.688475,-0.2261539912606455,-0.006980385989104915,-0.00893974132564046,-0.008939741325640516
2023-09-27,0.0,-4784835.688475,3621609.0,-1163226.6884749997,-1163226.6884749997,0.0,4784835.688475,4784835.688475,-0.24310692450250843,-0.016952933241862922,-0.021907373108353,-0.021907373108353143
2023-09-28,0.0,-4784835.688475,3779070.0,-1005765.6884749997,-1005765.6884749997,0.0,4784835.688475,4784835.688475,-0.21019858443572859,0.03290834006677984,0.043478188838165455,0.04347818883816558
2023-10-02,0.0,-4784835.688475,3855415.0,-929420.6884749997,-929420.6884749997,0.0,4784835.688475,4784835.688475,-0.19424296861721918,0.015955615818509405,0.02020206029525795,0.02020206029525783
2023-10-03,0.0,-4784835.688475,3836329.0,-948506.6884749997,-948506.6884749997,0.0,4784835.688475,4784835.688475,-0.1982318203234484,-0.0039888517062292295,-0.004950439835919251,-0.00495043983591909
2023-10-04,0.0,-4784835.688475,3855415.0,-929420.6884749997,-929420.6884749997,0.0,4784835.688475,4784835.688475,-0.19424296861721918,0.0039888517062292295,0.004975068613771283,0.004975068613771134
2023-10-05,0.0,-4784835.688475,3836329.0,-948506.6884749997,-948506.6884749997,0.0,4784835.688475,4784835.688475,-0.1982318203234484,-0.0039888517062292295,-0.004950439835919251,-0.00495043983591909
2023-10-06,0.0,-4784835.688475,3879273.0,-905562.6884749997,-905562.6884749997,0.0,4784835.688475,4784835.688475,-0.1892567994876364,0.008975020835812003,0.011194034713915446,0.011194034713915307
2023-10-11,0.0,-4784835.688475,3702726.0,-1082109.6884749997,-1082109.6884749997,0.0,4784835.688475,4784835.688475,-0.2261539912606455,-0.0368971917730091,-0.04551033144612404,-0.045510331446124055
2023-10-12,0.0,-4784835.688475,3817243.0,-967592.6884749997,-967592.6884749997,0.0,4784835.688475,4784835.688475,-0.20222067202967764,0.023933319230967864,0.03092775430858241,0.03092775430858238
2023-10-13,0.0,-4784835.688475,3936531.0,-848304.6884749997,-848304.6884749997,0.0,4784835.688475,4784835.688475,-0.17729024436894872,0.02493042766072892,0.031249778963508446,0.03124977896350848
2023-10-16,0.0,-4784835.688475,3893588.0,-891247.6884749997,-891247.6884749997,0.0,4784835.688475,4784835.688475,-0.18626505621116823,-0.008974811842219516,-0.010908843344559105,-0.010908843344558952
2023-10-17,0.0,-4784835.688475,3922217.0,-862618.6884749997,-862618.6884749997,0.0,4784835.688475,4784835.688475,-0.1802817786518244,0.00598327755934383,0.0073528580835979795,0.007352858083597956
2023-10-18,0.0,-4784835.688475,3841101.0,-943734.6884749997,-943734.6884749997,0.0,4784835.688475,4784835.688475,-0.19723450290009487,-0.016952724248270462,-0.020681160680298905,-0.020681160680298922
2023-10-19,0.0,-4784835.688475,3888817.0,-896018.6884749997,-896018.6884749997,0.0,4784835.688475,4784835.688475,-0.18726216464092932,0.009972338259165547,0.012422479908755113,0.012422479908755328
2023-10-20,0.0,-4784835.688475,3802928.0,-981907.6884749997,-981907.6884749997,0.0,4784835.688475,4784835.688475,-0.2052124153061458,-0.017950250665216494,-0.02208615113542245,-0.022086151135422418
2023-10-23,0.0,-4784835.688475,3721812.0,-1063023.6884749997,-1063023.6884749997,0.0,4784835.688475,4784835.688475,-0.22216513955441627,-0.016952724248270462,-0.021329880555193248,-0.021329880555193262
2023-10-24,0.0,-4784835.688475,3707497.0,-1077338.6884749997,-1077338.6884749997,0.0,4784835.688475,4784835.688475,-0.22515688283088442,-0.002991743276468145,-0.003846244786141706,-0.003846244786141804
2023-10-25,0.0,-4784835.688475,3931761.0,-853074.6884749997,-853074.6884749997,0.0,4784835.688475,4784835.688475,-0.17828714380511732,0.046869739025767104,0.06048932743573343,0.0604893274357336
2023-10-26,0.0,-4784835.688475,3779070.0,-1005765.6884749997,-1005765.6884749997,0.0,4784835.688475,4784835.688475,-0.21019858443572859,-0.03191144063061127,-0.038835269997336996,-0.03883526999733707
2023-10-27,0.0,-4784835.688475,3740898.0,-1043937.6884749997,-1043937.6884749997,0.0,4784835.688475,4784835.688475,-0.21817628784818704,-0.007977703412458459,-0.010100897839944722,-0.010100897839944748
2023-10-30,0.0,-4784835.688475,3864959.0,-919876.6884749997,-919876.6884749997,0.0,4784835.688475,4784835.688475,-0.1922483337705121,0.025927954077674953,0.03316342760481561,0.03316342760481574
2023-10-31,0.0,-4784835.688475,3683639.0,-1101196.6884749997,-1101196.6884749997,0.0,4784835.688475,4784835.688475,-0.2301430519604672,-0.0378947181899551,-0.046913822371725034,-0.04691382237172503
2023-11-01,0.0,-4784835.688475,3717040.0,-1067795.6884749997,-1067795.6884749997,0.0,4784835.688475,4784835.688475,-0.22316245697776982,0.0069805949826973746,0.009067392325903922,0.009067392325903815
2023-11-02,0.0,-4784835.688475,3783842.0,-1000993.6884749997,-1000993.6884749997,0.0,4784835.688475,4784835.688475,-0.20920126701237504,0.013961189965394777,0.017971827045175637,0.01797182704517573
2023-11-03,0.0,-4784835.688475,3798156.0,-986679.6884749997,-986679.6884749997,0.0,4784835.688475,4784835.688475,-0.20620973272949936,0.0029915342828756852,0.003782927511243983,0.0037829275112438625
2023-11-06,0.0,-4784835.688475,3912674.0,-872161.6884749997,-872161.6884749997,0.0,4784835.688475,4784835.688475,-0.18227620450493903,0.023933528224560324,0.030150946933195977,0.030150946933196004
2023-11-07,0.0,-4784835.688475,3960389.0,-824446.6884749997,-824446.6884749997,0.0,4784835.688475,4784835.688475,-0.17230407523936594,0.009972129265573088,0.012194984810899312,0.012194984810899145
2023-11-08,0.0,-4784835.688475,3917445.0,-867390.6884749997,-867390.6884749997,0.0,4784835.688475,4784835.688475,-0.18127909607517795,-0.008975020835812003,-0.010843379274106724,-0.01084337927410666
2023-11-09,0.0,-4784835.688475,3922217.0,-862618.6884749997,-862618.6884749997,0.0,4784835.688475,4784835.688475,-0.1802817786518244,0.0009973174233535442,0.0012181409056157833,0.0012181409056157776
2023-11-10,0.0,-4784835.688475,3955618.0,-829217.6884749997,-829217.6884749997,0.0,4784835.688475,4784835.688475,-0.173301183669127,0.006980594982697402,0.008515847032430912,0.008515847032430893
2023-11-13,0.0,-4784835.688475,3874502.0,-910333.6884749997,-910333.6884749997,0.0,4784835.688475,4784835.688475,-0.19025390791739746,-0.016952724248270462,-0.020506530205899653,-0.02050653020589956
2023-11-14,0.0,-4784835.688475,3960389.0,-824446.6884749997,-824446.6884749997,0.0,4784835.688475,4784835.688475,-0.17230407523936594,0.01794983267803152,0.02216723594412917,0.022167235944129077
2023-11-15,0.0,-4784835.688475,3965161.0,-819674.6884749997,-819674.6884749997,0.0,4784835.688475,4784835.688475,-0.1713067578160124,0.0009973174233535442,0.001204932141766868,0.001204932141766882
2023-11-16,0.0,-4784835.688475,3941303.0,-843532.6884749997,-843532.6884749997,0.0,4784835.688475,4784835.688475,-0.17629292694559517,-0.004986169129582774,-0.006016905744810952,-0.006016905744810866
2023-11-17,0.0,-4784835.688475,4213282.0,-571553.6884749997,-571553.6884749997,0.0,4784835.688475,4784835.688475,-0.11945105865425498,0.05684186829134019,0.06900738156898867,0.06900738156898874
2023-11-20,0.0,-4784835.688475,4275312.0,-509523.68847499974,-509523.68847499974,0.0,4784835.688475,4784835.688475,-0.10648718611221375,0.012963872542041233,0.014722489498685265,0.014722489498685348
2023-11-21,0.0,-4784835.688475,4447088.0,-337747.68847499974,-337747.68847499974,0.0,4784835.688475,4784835.688475,-0.07058710276896574,0.03590008334324801,0.040178588135789894,0.04017858813578985
2023-11-22,0.0,-4784835.688475,4886071.0,101235.31152500026,101235.31152500026,0.0,4784835.688475,4784835.688475,0.02115753144226892,0.09174463421123466,0.09871246082829943,0.09871246082829933
2023-11-23,0.0,-4784835.688475,4800183.0,15347.31152500026,15347.31152500026,0.0,4784835.688475,4784835.688475,0.0032074897706449103,-0.01795004167162401,-0.01757813179546519,-0.017578131795465107
2023-11-24,0.0,-4784835.688475,4666580.0,-118255.68847499974,-118255.68847499974,0.0,4784835.688475,4784835.688475,-0.024714681166552167,-0.027922170937197077,-0.027832897204127405,-0.027832897204127426
2023-11-27,0.0,-4784835.688475,4518661.0,-266174.68847499974,-266174.68847499974,0.0,4784835.688475,4784835.688475,-0.0556288043738099,-0.03091412320725773,-0.0316975172396059,-0.03169751723960588
2023-11-28,0.0,-4784835.688475,4752468.0,-32367.68847499974,-32367.68847499974,0.0,4784835.688475,4784835.688475,-0.006764639494928157,0.04886416487888174,0.05174254054464367,0.051742540544643646
2023-11-29,0.0,-4784835.688475,4809726.0,24890.31152500026,24890.31152500026,0.0,4784835.688475,4784835.688475,0.005201915623759524,0.011966555118687681,0.012048055873285168,0.012048055873285207
2023-11-30,0.0,-4784835.688475,4709524.0,-75311.68847499974,-75311.68847499974,0.0,4784835.688475,4784835.688475,-0.01573966033074016,-0.020941575954499685,-0.02083320338830108,-0.020833203388301122
2023-12-01,0.0,-4784835.688475,4595007.0,-189828.68847499974,-189828.68847499974,0.0,4784835.688475,4784835.688475,-0.03967297956170801,-0.02393331923096785,-0.024316045528168018,-0.024316045528168028
2023-12-04,0.0,-4784835.688475,4456631.0,-328204.68847499974,-328204.68847499974,0.0,4784835.688475,4784835.688475,-0.06859267691585112,-0.028919697354143112,-0.030114426376281922,-0.030114426376281908
2023-12-05,0.0,-4784835.688475,4370743.0,-414092.68847499974,-414092.68847499974,0.0,4784835.688475,4784835.688475,-0.08654271858747513,-0.017950041671624006,-0.01927195677631821,-0.019271956776318256
2023-12-06,0.0,-4784835.688475,4542519.0,-242316.68847499974,-242316.68847499974,0.0,4784835.688475,4784835.688475,-0.050642635244227116,0.03590008334324801,0.039301327028379296,0.039301327028379386
2023-12-07,0.0,-4784835.688475,4413688.0,-371147.68847499974,-371147.68847499974,0.0,4784835.688475,4784835.688475,-0.07756748875807064,-0.026924853513843522,-0.028361136188973624,-0.028361136188973565
2023-12-08,0.0,-4784835.688475,4428002.0,-356833.68847499974,-356833.68847499974,0.0,4784835.688475,4784835.688475,-0.07457595447519497,0.0029915342828756714,0.0032430928511484325,0.003243092851148518
2023-12-11,0.0,-4784835.688475,4532976.0,-251859.68847499974,-251859.68847499974,0.0,4784835.688475,4784835.688475,-0.05263706109734173,0.021938893377853236,0.02370685469428424,0.02370685469428424
2023-12-12,0.0,-4784835.688475,4566377.0,-218458.68847499974,-218458.68847499974,0.0,4784835.688475,4784835.688475,-0.045656466114644335,0.006980594982697395,0.007368448454172283,0.00736844845417227
2023-12-13,0.0,-4784835.688475,4590235.0,-194600.68847499974,-194600.68847499974,0.0,4784835.688475,4784835.688475,-0.04067029698506156,0.004986169129582774,0.005224710968892987,0.005224710968892844
2023-12-14,0.0,-4784835.688475,4571149.0,-213686.68847499974,-213686.68847499974,0.0,4784835.688475,4784835.688475,-0.04465914869129079,-0.0039888517062292295,-0.004157957054486405,-0.004157957054486317
2023-12-15,0.0,-4784835.688475,4418458.0,-366377.68847499974,-366377.68847499974,0.0,4784835.688475,4784835.688475,-0.07657058932190207,-0.03191144063061128,-0.03340319906439271,-0.033403199064392784
2023-12-18,0.0,-4784835.688475,4351657.0,-433178.68847499974,-433178.68847499974,0.0,4784835.688475,4784835.688475,-0.09053157029370436,-0.01396098097180229,-0.015118622831766237,-0.015118622831766196
2023-12-19,0.0,-4784835.688475,4337342.0,-447493.68847499974,-447493.68847499974,0.0,4784835.688475,4784835.688475,-0.09352331357017253,-0.002991743276468173,-0.0032895515432397326,-0.003289551543239736
2023-12-20,0.0,-4784835.688475,4332571.0,-452264.68847499974,-452264.68847499974,0.0,4784835.688475,4784835.688475,-0.09452042199993359,-0.0009971084297610566,-0.0010999824316367812,-0.001099982431636703
2023-12-21,0.0,-4784835.688475,4299170.0,-485665.68847499974,-485665.68847499974,0.0,4784835.688475,4784835.688475,-0.10150101698263098,-0.006980594982697388,-0.007709279317061335,-0.007709279317061394
2023-12-22,0.0,-4784835.688475,4303941.0,-480894.68847499974,-480894.68847499974,0.0,4784835.688475,4784835.688475,-0.10050390855286992,0.0009971084297610566,0.0011097490911036179,0.0011097490911036317
2023-12-25,0.0,-4784835.688475,4323028.0,-461807.68847499974,-461807.68847499974,0.0,4784835.688475,4784835.688475,-0.0965148478530482,0.003989060699821717,0.004434772688566069,0.00443477268856613
2023-12-26,0.0,-4784835.688475,4499575.0,-285260.68847499974,-285260.68847499974,0.0,4784835.688475,4784835.688475,-0.05961765608003912,0.03689719177300908,0.04083873618213896,0.040838736182139
2023-12-27,0.0,-4784835.688475,4518661.0,-266174.68847499974,-266174.68847499974,0.0,4784835.688475,4784835.688475,-0.0556288043738099,0.0039888517062292225,0.004241733941538817,0.004241733941538923
2023-12-28,0.0,-4784835.688475,4561605.0,-223230.68847499974,-223230.68847499974,0.0,4784835.688475,4784835.688475,-0.04665378353799789,0.00897502083581201,0.009503700321843223,0.00950370032184313
2023-12-29,0.0,-4784835.688475,4580691.0,-204144.68847499974,-204144.68847499974,0.0,4784835.688475,4784835.688475,-0.042664931831768664,0.0039888517062292225,0.004184053639015195,0.004184053639015215
2024-01-02,0.0,-4784835.688475,4542519.0,-242316.68847499974,-242316.68847499974,0.0,4784835.688475,4784835.688475,-0.050642635244227116,-0.007977703412458452,-0.008333240552571564,-0.008333240552571654
2024-01-03,0.0,-4784835.688475,4413688.0,-371147.68847499974,-371147.68847499974,0.0,4784835.688475,4784835.688475,-0.07756748875807064,-0.026924853513843522,-0.028361136188973624,-0.028361136188973565
2024-01-04,0.0,-4784835.688475,4342114.0,-442721.68847499974,-442721.68847499974,0.0,4784835.688475,4784835.688475,-0.09252599614681897,-0.014958507388748335,-0.016216370527323276,-0.016216370527323182
2024-01-05,0.0,-4784835.688475,4494804.0,-290031.68847499974,-290031.68847499974,0.0,4784835.688475,4784835.688475,-0.06061476450980018,0.03191123163701879,0.035164898940930556,0.03516489894093062
2024-01-08,0.0,-4784835.688475,4494804.0,-290031.68847499974,-290031.68847499974,0.0,4784835.688475,4784835.688475,-0.06061476450980018,0.0,0.0,0.0
2024-01-09,0.0,-4784835.688475,4556833.0,-228002.68847499974,-228002.68847499974,0.0,4784835.688475,4784835.688475,-0.04765110096135144,0.012963663548448745,0.01380015680327773,0.01380015680327774
2024-01-10,0.0,-4784835.688475,4561605.0,-223230.68847499974,-223230.68847499974,0.0,4784835.688475,4784835.688475,-0.04665378353799789,0.0009973174233535512,0.00104721853971812,0.0010472185397182648
2024-01-11,0.0,-4784835.688475,4633179.0,-151656.68847499974,-151656.68847499974,0.0,4784835.688475,4784835.688475,-0.03169527614924956,0.014958507388748328,0.015690529977935297,0.015690529977935398
2024-01-12,0.0,-4784835.688475,4494804.0,-290031.68847499974,-290031.68847499974,0.0,4784835.688475,4784835.688475,-0.06061476450980018,-0.028919488360550624,-0.029866102734213307,-0.029866102734213376
2024-01-15,0.0,-4784835.688475,4590235.0,-194600.68847499974,-194600.68847499974,0.0,4784835.688475,4784835.688475,-0.04067029698506156,0.01994446752473862,0.021231404083470684,0.021231404083470604
2024-01-16,0.0,-4784835.688475,4723838.0,-60997.68847499974,-60997.68847499974,0.0,4784835.688475,4784835.688475,-0.012748126047864485,0.027922170937197077,0.029105917235174195,0.029105917235174233
2024-01-17,0.0,-4784835.688475,4671351.0,-113484.68847499974,-113484.68847499974,0.0,4784835.688475,4784835.688475,-0.023717572736791103,-0.010969446688926618,-0.011111092294020297,-0.011111092294020243
2024-01-18,0.0,-4784835.688475,4661808.0,-123027.68847499974,-123027.68847499974,0.0,4784835.688475,4784835.688475,-0.025711998589905718,-0.0019944258531146147,-0.0020428779597165825,-0.0020428779597165786
2024-01-19,0.0,-4784835.688475,4595007.0,-189828.68847499974,-189828.68847499974,0.0,4784835.688475,4784835.688475,-0.03967297956170801,-0.013960980971802293,-0.014329418972209962,-0.014329418972209924
2024-01-22,0.0,-4784835.688475,4647493.0,-137342.68847499974,-137342.68847499974,0.0,4784835.688475,4784835.688475,-0.02870374186637388,0.01096923769533413,0.011422398268381206,0.01142239826838131
2024-01-23,0.0,-4784835.688475,4704752.0,-80083.68847499974,-80083.68847499974,0.0,4784835.688475,4784835.688475,-0.01673697775409371,0.011966764112280169,0.012320405861827144,0.01232040586182701
2024-01-24,0.0,-4784835.688475,4599778.0,-185057.68847499974,-185057.68847499974,0.0,4784835.688475,4784835.688475,-0.03867587113194695,-0.021938893377853236,-0.022312334422728397,-0.022312334422728338
2024-01-25,0.0,-4784835.688475,4561605.0,-223230.68847499974,-223230.68847499974,0.0,4784835.688475,4784835.688475,-0.04665378353799789,-0.00797791240605094,-0.008298878771975549,-0.008298878771975517
2024-01-26,0.0,-4784835.688475,4504347.0,-280488.68847499974,-280488.68847499974,0.0,4784835.688475,4784835.688475,-0.05862033865668557,-0.011966555118687681,-0.012552160917045696,-0.012552160917045646
2024-01-29,0.0,-4784835.688475,4699980.0,-84855.68847499974,-84855.68847499974,0.0,4784835.688475,4784835.688475,-0.017734295177447262,0.040886043479238306,0.04343204464487305,0.043432044644873054
2024-01-30,0.0,-4784835.688475,4699980.0,-84855.68847499974,-84855.68847499974,0.0,4784835.688475,4784835.688475,-0.017734295177447262,0.0,0.0,0.0
2024-01-31,0.0,-4784835.688475,4719066.0,-65769.68847499974,-65769.68847499974,0.0,4784835.688475,4784835.688475,-0.013745443471218036,0.003988851706229226,0.004060868344120561,0.0040608683441206135
2024-02-01,0.0,-4784835.688475,4676122.0,-108713.68847499974,-108713.68847499974,0.0,4784835.688475,4784835.688475,-0.02272046430703004,-0.008975020835812003,-0.009100105826025606,-0.009100105826025743
2024-02-02,0.0,-4784835.688475,4991045.0,206209.31152500026,206209.31152500026,0.0,4784835.688475,4784835.688475,0.04309642482012215,0.0658168891271522,0.06734704526528601,0.06734704526528607
2024-02-05,0.0,-4784835.688475,4828813.0,43977.31152500026,43977.31152500026,0.0,4784835.688475,4784835.688475,0.009190976323581238,-0.03390544849654091,-0.032504615766838385,-0.032504615766838406
2024-02-15,0.0,-4784835.688475,5305968.0,521132.31152500026,521132.31152500026,0.0,4784835.688475,4784835.688475,0.10891331394727435,0.09972233762369312,0.098814139209781,0.09881413920978095
2024-02-16,0.0,-4784835.688475,5267795.0,482959.31152500026,482959.31152500026,0.0,4784835.688475,4784835.688475,0.10093540154122341,-0.007977912406050947,-0.007194351718668557,-0.007194351718668488
2024-02-19,0.0,-4784835.688475,5038760.0,253924.31152500026,253924.31152500026,0.0,4784835.688475,4784835.688475,0.053068554085695226,-0.04786684745552818,-0.043478343405542574,-0.04347834340554255
2024-02-20,0.0,-4784835.688475,4981502.0,196666.31152500026,196666.31152500026,0.0,4784835.688475,4784835.688475,0.041101998967007544,-0.011966555118687681,-0.011363510069937743,-0.011363510069937842
2024-02-21,0.0,-4784835.688475,4819269.0,34433.31152500026,34433.31152500026,0.0,4784835.688475,4784835.688475,0.007196341476874138,-0.033905657490133405,-0.03256708518836293,-0.03256708518836287
2024-02-22,0.0,-4784835.688475,4723838.0,-60997.68847499974,-60997.68847499974,0.0,4784835.688475,4784835.688475,-0.012748126047864485,-0.01994446752473862,-0.019801965816807376,-0.019801965816807487
2024-02-23,0.0,-4784835.688475,4642722.0,-142113.68847499974,-142113.68847499974,0.0,4784835.688475,4784835.688475,-0.029700850296134944,-0.01695272424827046,-0.017171630356502487,-0.017171630356502487
2024-02-26,0.0,-4784835.688475,4676122.0,-108713.68847499974,-108713.68847499974,0.0,4784835.688475,4784835.688475,-0.02272046430703004,0.006980385989104904,0.007194055556201784,0.007194055556201728
2024-02-27,0.0,-4784835.688475,4633179.0,-151656.68847499974,-151656.68847499974,0.0,4784835.688475,4784835.688475,-0.03169527614924956,-0.008974811842219519,-0.009183464417737652,-0.009183464417737604
2024-02-29,0.0,-4784835.688475,4738152.0,-46683.68847499974,-46683.68847499974,0.0,4784835.688475,4784835.688475,-0.009756591764988809,0.021938684384260748,0.0226567978487342,0.0226567978487341
2024-03-01,0.0,-4784835.688475,4781097.0,-3738.6884749997407,-3738.6884749997407,0.0,4784835.688475,4784835.688475,-0.0007813619355843163,0.008975229829404493,0.009063660262482065,0.009063660262482082
2024-03-04,0.0,-4784835.688475,4866985.0,82149.31152500026,82149.31152500026,0.0,4784835.688475,4784835.688475,0.017168679736039694,0.01795004167162401,0.01796407811847378,0.01796407811847365
2024-03-05,0.0,-4784835.688475,4886071.0,101235.31152500026,101235.31152500026,0.0,4784835.688475,4784835.688475,0.02115753144226892,0.003988851706229226,0.003921524311252256,0.003921524311252244
2024-03-06,0.0,-4784835.688475,4585463.0,-199372.68847499974,-199372.68847499974,0.0,4784835.688475,4784835.688475,-0.04166761440841511,-0.06282514585068404,-0.061523461284128,-0.06152346128412788
2024-03-07,0.0,-4784835.688475,4490032.0,-294803.68847499974,-294803.68847499974,0.0,4784835.688475,4784835.688475,-0.061612081933153734,-0.01994446752473862,-0.0208116388683105,-0.020811638868310573
2024-03-08,0.0,-4784835.688475,4327799.0,-457036.68847499974,-457036.68847499974,0.0,4784835.688475,4784835.688475,-0.09551773942328713,-0.0339056574901334,-0.03613181375990193,-0.03613181375990193
2024-03-11,0.0,-4784835.688475,4299170.0,-485665.68847499974,-485665.68847499974,0.0,4784835.688475,4784835.688475,-0.10150101698263098,-0.005983277559343844,-0.006615140860284807,-0.00661514086028487
2024-03-12,0.0,-4784835.688475,4256225.0,-528610.6884749997,-528610.6884749997,0.0,4784835.688475,4784835.688475,-0.11047624681203547,-0.00897522982940449,-0.00998913743815677,-0.009989137438156668
2024-03-13,0.0,-4784835.688475,4036734.0,-748101.6884749997,-748101.6884749997,0.0,4784835.688475,4784835.688475,-0.15634845942085657,-0.0458722126088211,-0.0515694071624504,-0.051569407162450294
2024-03-14,0.0,-4784835.688475,4046278.0,-738557.6884749997,-738557.6884749997,0.0,4784835.688475,4784835.688475,-0.15435382457414945,0.001994634846707116,0.0023642875651455064,0.0023642875651454865
2024-03-15,0.0,-4784835.688475,4084450.0,-700385.6884749997,-700385.6884749997,0.0,4784835.688475,4784835.688475,-0.146376121161691,0.007977703412458459,0.009433855014410852,0.009433855014410774
2024-03-18,0.0,-4784835.688475,4093994.0,-690841.6884749997,-690841.6884749997,0.0,4784835.688475,4784835.688475,-0.1443814863149839,0.0019946348467070885,0.002336667115523383,0.0023366671155235098
2024-03-19,0.0,-4784835.688475,4022420.0,-762415.6884749997,-762415.6884749997,0.0,4784835.688475,4784835.688475,-0.15933999370373222,-0.014958507388748321,-0.01748268316954049,-0.01748268316954055
2024-03-20,0.0,-4784835.688475,4027191.0,-757644.6884749997,-757644.6884749997,0.0,4784835.688475,4784835.688475,-0.15834288527397117,0.0009971084297610566,0.0011861018988568173,0.001186101898856907
2024-03-21,0.0,-4784835.688475,4189424.0,-595411.6884749997,-595411.6884749997,0.0,4784835.688475,4784835.688475,-0.12443722778383777,0.0339056574901334,0.04028440667452826,0.04028440667452823
2024-03-22,0.0,-4784835.688475,4284855.0,-499980.68847499974,-499980.68847499974,0.0,4784835.688475,4784835.688475,-0.10449276025909915,0.01994446752473862,0.02277902642463503,0.022779026424634984
2024-03-25,0.0,-4784835.688475,4323028.0,-461807.68847499974,-461807.68847499974,0.0,4784835.688475,4784835.688475,-0.0965148478530482,0.007977912406050947,0.008908819551653346,0.00890881955165344
2024-03-26,0.0,-4784835.688475,4160795.0,-624040.6884749997,-624040.6884749997,0.0,4784835.688475,4784835.688475,-0.13042050534318161,-0.03390565749013341,-0.037527631095611746,-0.037527631095611684
2024-03-27,0.0,-4784835.688475,4113080.0,-671755.6884749997,-671755.6884749997,0.0,4784835.688475,4784835.688475,-0.14039263460875467,-0.00997212926557306,-0.011467760367910529,-0.01146776036791046
2024-03-28,0.0,-4784835.688475,4051049.0,-733786.6884749997,-733786.6884749997,0.0,4784835.688475,4784835.688475,-0.1533567161443884,-0.01296408153563372,-0.015081398854386419,-0.015081398854386493
2024-03-29,0.0,-4784835.688475,4093994.0,-690841.6884749997,-690841.6884749997,0.0,4784835.688475,4784835.688475,-0.1443814863149839,0.00897522982940449,0.01060095792472504,0.010600957924725176
2024-04-01,0.0,-4784835.688475,4127394.0,-657441.6884749997,-657441.6884749997,0.0,4784835.688475,4784835.688475,-0.137401100325879,0.006980385989104915,0.008158292366818198,0.00815829236681832
2024-04-02,0.0,-4784835.688475,4103536.0,-681299.6884749997,-681299.6884749997,0.0,4784835.688475,4784835.688475,-0.14238726945546176,-0.004986169129582774,-0.005780402840145582,-0.005780402840145622
2024-04-03,0.0,-4784835.688475,4117851.0,-666984.6884749997,-666984.6884749997,0.0,4784835.688475,4784835.688475,-0.13939552617899362,0.002991743276468145,0.0034884548350495592,0.0034884548350495766
2024-04-08,0.0,-4784835.688475,4036734.0,-748101.6884749997,-748101.6884749997,0.0,4784835.688475,4784835.688475,-0.15634845942085657,-0.01695293324186295,-0.019698867200391712,-0.01969886720039166
2024-04-09,0.0,-4784835.688475,4031963.0,-752872.6884749997,-752872.6884749997,0.0,4784835.688475,4784835.688475,-0.15734556785061762,-0.0009971084297610566,-0.001181896057555365,-0.0011818960575554396
2024-04-10,0.0,-4784835.688475,4074906.0,-709929.6884749997,-709929.6884749997,0.0,4784835.688475,4784835.688475,-0.1483707560083981,0.008974811842219516,0.010650643371479251,0.010650643371479352
2024-04-11,0.0,-4784835.688475,4184653.0,-600182.6884749997,-600182.6884749997,0.0,4784835.688475,4784835.688475,-0.12543433621359884,0.022936419794799268,0.026932400403837597,0.026932400403837535
2024-04-12,0.0,-4784835.688475,4027191.0,-757644.6884749997,-757644.6884749997,0.0,4784835.688475,4784835.688475,-0.15834288527397117,-0.03290854906037233,-0.03762844852368896,-0.03762844852368882
2024-04-15,0.0,-4784835.688475,3879273.0,-905562.6884749997,-905562.6884749997,0.0,4784835.688475,4784835.688475,-0.1892567994876364,-0.03091391421366524,-0.03672981986699908,-0.03672981986699911
2024-04-16,0.0,-4784835.688475,3864959.0,-919876.6884749997,-919876.6884749997,0.0,4784835.688475,4784835.688475,-0.1922483337705121,-0.0029915342828756852,-0.0036898666322272566,-0.003689866632227224
2024-04-17,0.0,-4784835.688475,3826786.0,-958049.6884749997,-958049.6884749997,0.0,4784835.688475,4784835.688475,-0.20022624617656304,-0.007977912406050947,-0.009876689506926217,-0.009876689506926205
2024-04-18,0.0,-4784835.688475,3750442.0,-1034393.6884749997,-1034393.6884749997,0.0,4784835.688475,4784835.688475,-0.21618165300147993,-0.01595540682491689,-0.019949900517039598,-0.019949900517039626
2024-04-19,0.0,-4784835.688475,3717040.0,-1067795.6884749997,-1067795.6884749997,0.0,4784835.688475,4784835.688475,-0.22316245697776982,-0.00698080397628989,-0.008906150261755785,-0.008906150261755815
2024-04-22,0.0,-4784835.688475,3592980.0,-1191855.6884749997,-1191855.6884749997,0.0,4784835.688475,4784835.688475,-0.24909020206185228,-0.025927745084082465,-0.03337601962852166,-0.033376019628521617
2024-04-23,0.0,-4784835.688475,3678868.0,-1105967.6884749997,-1105967.6884749997,0.0,4784835.688475,4784835.688475,-0.23114016039022828,0.017950041671624006,0.023904391340892506,0.02390439134089252
2024-04-24,0.0,-4784835.688475,3717040.0,-1067795.6884749997,-1067795.6884749997,0.0,4784835.688475,4784835.688475,-0.22316245697776982,0.007977703412458459,0.010376017840270535,0.010376017840270431
2024-04-25,0.0,-4784835.688475,3550036.0,-1234799.6884749997,-1234799.6884749997,0.0,4784835.688475,4784835.688475,-0.25806522289766426,-0.03490276591989444,-0.044929298581667165,-0.04492929858166713
2024-04-26,0.0,-4784835.688475,3626381.0,-1158454.6884749997,-1158454.6884749997,0.0,4784835.688475,4784835.688475,-0.24210960707915488,0.015955615818509378,0.021505415719728083,0.021505415719727913
2024-04-29,0.0,-4784835.688475,3712269.0,-1072566.6884749997,-1072566.6884749997,0.0,4784835.688475,4784835.688475,-0.22415956540753088,0.017950041671624006,0.023684218508755572,0.023684218508755697
2024-04-30,0.0,-4784835.688475,3693183.0,-1091652.6884749997,-1091652.6884749997,0.0,4784835.688475,4784835.688475,-0.2281484171137601,-0.0039888517062292295,-0.005141330005988265,-0.005141330005988251
2024-05-02,0.0,-4784835.688475,3655010.0,-1129825.6884749997,-1129825.6884749997,0.0,4784835.688475,4784835.688475,-0.23612632951981105,-0.007977912406050947,-0.010336070538611297,-0.010336070538611275
2024-05-03,0.0,-4784835.688475,3645467.0,-1139368.6884749997,-1139368.6884749997,0.0,4784835.688475,4784835.688475,-0.23812075537292565,-0.001994425853114601,-0.00261093676898283,-0.0026109367689828482
2024-05-06,0.0,-4784835.688475,3697954.0,-1086881.6884749997,-1086881.6884749997,0.0,4784835.688475,4784835.688475,-0.22715130868399905,0.010969446688926604,0.014397880984795552,0.014397880984795637
2024-05-07,0.0,-4784835.688475,3635924.0,-1148911.6884749997,-1148911.6884749997,0.0,4784835.688475,4784835.688475,-0.24011518122604028,-0.012963872542041233,-0.0167741405112124,-0.016774140511212416
2024-05-08,0.0,-4784835.688475,3702726.0,-1082109.6884749997,-1082109.6884749997,0.0,4784835.688475,4784835.688475,-0.2261539912606455,0.013961189965394777,0.018372771268046373,0.018372771268046307
2024-05-09,0.0,-4784835.688475,3583437.0,-1201398.6884749997,-1201398.6884749997,0.0,4784835.688475,4784835.688475,-0.2510846279149669,-0.02493063665432138,-0.03221653452078277,-0.0322165345207828
2024-05-10,0.0,-4784835.688475,3550036.0,-1234799.6884749997,-1234799.6884749997,0.0,4784835.688475,4784835.688475,-0.25806522289766426,-0.0069805949826973746,-0.00932093964537406,-0.00932093964537398
2024-05-13,0.0,-4784835.688475,3659781.0,-1125054.6884749997,-1125054.6884749997,0.0,4784835.688475,4784835.688475,-0.23512922109005,0.022936001807614265,0.030913771015279812,0.030913771015279846
2024-05-14,0.0,-4784835.688475,3740898.0,-1043937.6884749997,-1043937.6884749997,0.0,4784835.688475,4784835.688475,-0.21817628784818704,0.01695293324186295,0.022164440987042733,0.022164440987042667
2024-05-15,0.0,-4784835.688475,3731355.0,-1053480.6884749997,-1053480.6884749997,0.0,4784835.688475,4784835.688475,-0.22017071370130165,-0.001994425853114601,-0.002550991767217403,-0.00255099176721739
2024-05-16,0.0,-4784835.688475,3759984.0,-1024851.6884749997,-1024851.6884749997,0.0,4784835.688475,4784835.688475,-0.21418743614195782,0.00598327755934383,0.007672547908199601,0.0076725479081995685
2024-05-17,0.0,-4784835.688475,3740898.0,-1043937.6884749997,-1043937.6884749997,0.0,4784835.688475,4784835.688475,-0.21817628784818704,-0.0039888517062292295,-0.005076085430150701,-0.005076085430150767
2024-05-20,0.0,-4784835.688475,3731355.0,-1053480.6884749997,-1053480.6884749997,0.0,4784835.688475,4784835.688475,-0.22017071370130165,-0.001994425853114601,-0.002550991767217403,-0.00255099176721739
2024-05-21,0.0,-4784835.688475,3688411.0,-1096424.6884749997,-1096424.6884749997,0.0,4784835.688475,4784835.688475,-0.22914573453711365,-0.008975020835812003,-0.011508955861878611,-0.011508955861878594
2024-05-22,0.0,-4784835.688475,3745670.0,-1039165.6884749997,-1039165.6884749997,0.0,4784835.688475,4784835.688475,-0.21717897042483347,0.011966764112280176,0.015524029182214294,0.015524029182214238
2024-05-23,0.0,-4784835.688475,3664553.0,-1120282.6884749997,-1120282.6884749997,0.0,4784835.688475,4784835.688475,-0.23413190366669642,-0.01695293324186295,-0.021656205698846964,-0.021656205698846936
2024-05-24,0.0,-4784835.688475,3721812.0,-1063023.6884749997,-1063023.6884749997,0.0,4784835.688475,4784835.688475,-0.22216513955441627,0.011966764112280148,0.01562509806789536,0.015625098067895322
2024-05-27,0.0,-4784835.688475,3745670.0,-1039165.6884749997,-1039165.6884749997,0.0,4784835.688475,4784835.688475,-0.21717897042483347,0.0049861691295828015,0.00641031841479367,0.006410318414793654
2024-05-28,0.0,-4784835.688475,3893588.0,-891247.6884749997,-891247.6884749997,0.0,4784835.688475,4784835.688475,-0.18626505621116823,0.03091391421366524,0.03949039824650846,0.039490398246508636
2024-05-29,0.0,-4784835.688475,3864959.0,-919876.6884749997,-919876.6884749997,0.0,4784835.688475,4784835.688475,-0.1922483337705121,-0.005983277559343858,-0.0073528580835978685,-0.007352858083597956
2024-05-30,0.0,-4784835.688475,3869730.0,-915105.6884749997,-915105.6884749997,0.0,4784835.688475,4784835.688475,-0.19125122534075104,0.0009971084297610566,0.0012344244790178927,0.0012344244790177593
2024-05-31,0.0,-4784835.688475,3807700.0,-977135.6884749997,-977135.6884749997,0.0,4784835.688475,4784835.688475,-0.20421509788279227,-0.012963872542041233,-0.0160295421127572,-0.01602954211275722
2024-06-03,0.0,-4784835.688475,3893588.0,-891247.6884749997,-891247.6884749997,0.0,4784835.688475,4784835.688475,-0.18626505621116823,0.017950041671624034,0.022556398875961836,0.022556398875961867
2024-06-04,0.0,-4784835.688475,4027191.0,-757644.6884749997,-757644.6884749997,0.0,4784835.688475,4784835.688475,-0.15834288527397117,0.027922170937197066,0.03431359455597249,0.034313594555972535
2024-06-05,0.0,-4784835.688475,4008105.0,-776730.6884749997,-776730.6884749997,0.0,4784835.688475,4784835.688475,-0.1623317369802004,-0.0039888517062292295,-0.004739283535347583,-0.004739283535347591
2024-06-06,0.0,-4784835.688475,3979476.0,-805359.6884749997,-805359.6884749997,0.0,4784835.688475,4784835.688475,-0.16831501453954423,-0.00598327755934383,-0.00714277694820864,-0.007142776948208692
2024-06-07,0.0,-4784835.688475,3989019.0,-795816.6884749997,-795816.6884749997,0.0,4784835.688475,4784835.688475,-0.16632058868642963,0.001994425853114601,0.0023980544172146345,0.0023980544172147286
2024-06-11,0.0,-4784835.688475,3903131.0,-881704.6884749997,-881704.6884749997,0.0,4784835.688475,4784835.688475,-0.18427063035805363,-0.017950041671624006,-0.02153110827499194,-0.021531108274991922
2024-06-12,0.0,-4784835.688475,3912674.0,-872161.6884749997,-872161.6884749997,0.0,4784835.688475,4784835.688475,-0.18227620450493903,0.001994425853114601,0.0024449602127112335,0.002444960212711282
2024-06-13,0.0,-4784835.688475,4027191.0,-757644.6884749997,-757644.6884749997,0.0,4784835.688475,4784835.688475,-0.15834288527397117,0.023933319230967864,0.029268219125845985,0.029268219125845905
2024-06-14,0.0,-4784835.688475,4036734.0,-748101.6884749997,-748101.6884749997,0.0,4784835.688475,4784835.688475,-0.15634845942085657,0.001994425853114601,0.002369641767673736,0.0023696417676737956
2024-06-17,0.0,-4784835.688475,4036734.0,-748101.6884749997,-748101.6884749997,0.0,4784835.688475,4784835.688475,-0.15634845942085657,0.0,0.0,0.0
2024-06-18,0.0,-4784835.688475,4103536.0,-681299.6884749997,-681299.6884749997,0.0,4784835.688475,4784835.688475,-0.14238726945546176,0.013961189965394805,0.01654852660591466,0.016548526605914583
2024-06-19,0.0,-4784835.688475,4127394.0,-657441.6884749997,-657441.6884749997,0.0,4784835.688475,4784835.688475,-0.137401100325879,0.004986169129582774,0.0058140101609927,0.005814010160992861
2024-06-20,0.0,-4784835.688475,4127394.0,-657441.6884749997,-657441.6884749997,0.0,4784835.688475,4784835.688475,-0.137401100325879,0.0,0.0,0.0
2024-06-21,0.0,-4784835.688475,4098764.0,-686071.6884749997,-686071.6884749997,0.0,4784835.688475,4784835.688475,-0.14338458687881533,-0.005983486552936346,-0.006936580321626584,-0.006936580321626673
2024-06-24,0.0,-4784835.688475,4136937.0,-647898.6884749997,-647898.6884749997,0.0,4784835.688475,4784835.688475,-0.1354066744727644,0.007977912406050947,0.009313295422717527,0.009313295422717678
2024-06-25,0.0,-4784835.688475,4012877.0,-771958.6884749997,-771958.6884749997,0.0,4784835.688475,4784835.688475,-0.16133441955684685,-0.025927745084082465,-0.029988370622999527,-0.029988370622999576
2024-06-26,0.0,-4784835.688475,4027191.0,-757644.6884749997,-757644.6884749997,0.0,4784835.688475,4784835.688475,-0.15834288527397117,0.0029915342828756852,0.0035670168809061042,0.003567016880906143
2024-06-27,0.0,-4784835.688475,3965161.0,-819674.6884749997,-819674.6884749997,0.0,4784835.688475,4784835.688475,-0.1713067578160124,-0.012963872542041233,-0.015402795645897971,-0.015402795645898096
2024-06-28,0.0,-4784835.688475,4127394.0,-657441.6884749997,-657441.6884749997,0.0,4784835.688475,4784835.688475,-0.137401100325879,0.03390565749013341,0.04091460598951713,0.0409146059895172
2024-07-01,0.0,-4784835.688475,4036734.0,-748101.6884749997,-748101.6884749997,0.0,4784835.688475,4784835.688475,-0.15634845942085657,-0.01894735909497758,-0.021965433879101437,-0.021965433879101437
2024-07-02,0.0,-4784835.688475,4008105.0,-776730.6884749997,-776730.6884749997,0.0,4784835.688475,4784835.688475,-0.1623317369802004,-0.00598327755934383,-0.007092119520384466,-0.007092119520384549
2024-07-03,0.0,-4784835.688475,4060592.0,-724243.6884749997,-724243.6884749997,0.0,4784835.688475,4784835.688475,-0.15136229029127377,0.010969446688926632,0.013095215818946793,0.013095215818946859
2024-07-04,0.0,-4784835.688475,4093994.0,-690841.6884749997,-690841.6884749997,0.0,4784835.688475,4784835.688475,-0.1443814863149839,0.006980803976289862,0.008225894155335034,0.008225894155334985
2024-07-05,0.0,-4784835.688475,4117851.0,-666984.6884749997,-666984.6884749997,0.0,4784835.688475,4784835.688475,-0.13939552617899362,0.004985960135990286,0.005827316796263027,0.005827316796263014
2024-07-08,0.0,-4784835.688475,4103536.0,-681299.6884749997,-681299.6884749997,0.0,4784835.688475,4784835.688475,-0.14238726945546176,-0.002991743276468145,-0.00347632782244911,-0.0034763278224491365
2024-07-09,0.0,-4784835.688475,4108308.0,-676527.6884749997,-676527.6884749997,0.0,4784835.688475,4784835.688475,-0.14138995203210822,0.0009973174233535442,0.0011628995091061967,0.0011628995091062927
2024-07-10,0.0,-4784835.688475,4098764.0,-686071.6884749997,-686071.6884749997,0.0,4784835.688475,4784835.688475,-0.14338458687881533,-0.001994634846707116,-0.0023230974892826106,-0.0023230974892826926
2024-07-11,0.0,-4784835.688475,3969933.0,-814902.6884749997,-814902.6884749997,0.0,4784835.688475,4784835.688475,-0.17030944039265886,-0.026924853513843522,-0.03143167062070418,-0.03143167062070419
2024-07-12,0.0,-4784835.688475,4051049.0,-733786.6884749997,-733786.6884749997,0.0,4784835.688475,4784835.688475,-0.1533567161443884,0.016952724248270462,0.020432586645668716,0.02043258664566883
2024-07-15,0.0,-4784835.688475,3969933.0,-814902.6884749997,-814902.6884749997,0.0,4784835.688475,4784835.688475,-0.17030944039265886,-0.016952724248270462,-0.02002345565309127,-0.020023455653091334
2024-07-16,0.0,-4784835.688475,4012877.0,-771958.6884749997,-771958.6884749997,0.0,4784835.688475,4784835.688475,-0.16133441955684685,0.008975020835812003,0.010817311022629283,0.01081731102262935
2024-07-17,0.0,-4784835.688475,3974705.0,-810130.6884749997,-810130.6884749997,0.0,4784835.688475,4784835.688475,-0.1693121229693053,-0.007977703412458459,-0.009512377279443096,-0.009512377279443153
2024-07-18,0.0,-4784835.688475,3879273.0,-905562.6884749997,-905562.6884749997,0.0,4784835.688475,4784835.688475,-0.1892567994876364,-0.019944676518331095,-0.024009832176224433,-0.024009832176224398
2024-07-19,0.0,-4784835.688475,3774299.0,-1010536.6884749997,-1010536.6884749997,0.0,4784835.688475,4784835.688475,-0.21119569286548964,-0.021938893377853236,-0.0270602249442099,-0.02706022494420991
2024-07-22,0.0,-4784835.688475,3717040.0,-1067795.6884749997,-1067795.6884749997,0.0,4784835.688475,4784835.688475,-0.22316245697776982,-0.011966764112280176,-0.01517076416044405,-0.015170764160444099
2024-07-23,0.0,-4784835.688475,3755212.0,-1029623.6884749997,-1029623.6884749997,0.0,4784835.688475,4784835.688475,-0.21518475356531136,0.007977703412458459,0.010269461722230755,0.010269461722230592
2024-07-26,0.0,-4784835.688475,3626381.0,-1158454.6884749997,-1158454.6884749997,0.0,4784835.688475,4784835.688475,-0.24210960707915488,-0.026924853513843522,-0.03430725082898123,-0.03430725082898116
2024-07-29,0.0,-4784835.688475,3521407.0,-1263428.6884749997,-1263428.6884749997,0.0,4784835.688475,4784835.688475,-0.2640485004570081,-0.021938893377853236,-0.028947316898031428,-0.0289473168980314
2024-07-30,0.0,-4784835.688475,3616837.0,-1167998.6884749997,-1167998.6884749997,0.0,4784835.688475,4784835.688475,-0.244104241925862,0.01994425853114612,0.027099963168131458,0.027099963168131375
2024-07-31,0.0,-4784835.688475,3554807.0,-1230028.6884749997,-1230028.6884749997,0.0,4784835.688475,4784835.688475,-0.25706811446790323,-0.012963872542041233,-0.017150344347837576,-0.017150344347837628
2024-08-01,0.0,-4784835.688475,3650239.0,-1134596.6884749997,-1134596.6884749997,0.0,4784835.688475,4784835.688475,-0.2371234379495721,0.019944676518331123,0.026845901901284552,0.026845901901284656
2024-08-02,0.0,-4784835.688475,3359174.0,-1425661.6884749997,-1425661.6884749997,0.0,4784835.688475,4784835.688475,-0.29795415794714153,-0.06083071999756942,-0.07973861437566143,-0.07973861437566143
2024-08-05,0.0,-4784835.688475,3025165.0,-1759670.6884749997,-1759670.6884749997,0.0,4784835.688475,4784835.688475,-0.36775989878052295,-0.06980574083338142,-0.09943188414771009,-0.09943188414771012
2024-08-06,0.0,-4784835.688475,2781816.0,-2003019.6884749997,-2003019.6884749997,0.0,4784835.688475,4784835.688475,-0.4186182805189268,-0.050858381738403846,-0.08044156269162173,-0.08044156269162178
2024-08-07,0.0,-4784835.688475,3058566.0,-1726269.6884749997,-1726269.6884749997,0.0,4784835.688475,4784835.688475,-0.3607793037978256,0.05783897672110122,0.09948537214538988,0.09948537214538992
2024-08-08,0.0,-4784835.688475,3072881.0,-1711954.6884749997,-1711954.6884749997,0.0,4784835.688475,4784835.688475,-0.3577875605213574,0.002991743276468173,0.00468029789123392,0.004680297891233996
2024-08-09,0.0,-4784835.688475,3187398.0,-1597437.6884749997,-1597437.6884749997,0.0,4784835.688475,4784835.688475,-0.33385424129038954,0.023933319230967864,0.03726698170218756,0.03726698170218762
2024-08-12,0.0,-4784835.688475,3230342.0,-1554493.6884749997,-1554493.6884749997,0.0,4784835.688475,4784835.688475,-0.32487922045457757,0.008975020835811975,0.013473058588855169,0.013473058588855235
2024-08-13,0.0,-4784835.688475,3282829.0,-1502006.6884749997,-1502006.6884749997,0.0,4784835.688475,4784835.688475,-0.31390977376565093,0.010969446688926632,0.01624812481155269,0.01624812481155246
2024-08-14,0.0,-4784835.688475,3392575.0,-1392260.6884749997,-1392260.6884749997,0.0,4784835.688475,4784835.688475,-0.29097356296444415,0.02293621080120678,0.033430312696762554,0.03343031269676246
2024-08-15,0.0,-4784835.688475,3383032.0,-1401803.6884749997,-1401803.6884749997,0.0,4784835.688475,4784835.688475,-0.29296798881755876,-0.001994425853114601,-0.0028129075996845554,-0.0028129075996846053
2024-08-16,0.0,-4784835.688475,3449834.0,-1335001.6884749997,-1335001.6884749997,0.0,4784835.688475,4784835.688475,-0.27900679885216395,0.013961189965394805,0.019746192173174748,0.01974619217317483
2024-08-19,0.0,-4784835.688475,3550036.0,-1234799.6884749997,-1234799.6884749997,0.0,4784835.688475,4784835.688475,-0.25806522289766426,0.02094157595449969,0.029045455520468444,0.02904545552046852
2024-08-20,0.0,-4784835.688475,3626381.0,-1158454.6884749997,-1158454.6884749997,0.0,4784835.688475,4784835.688475,-0.24210960707915488,0.015955615818509378,0.021505415719728083,0.021505415719727913
2024-08-21,0.0,-4784835.688475,3597751.0,-1187084.6884749997,-1187084.6884749997,0.0,4784835.688475,4784835.688475,-0.24809309363209123,-0.005983486552936346,-0.007894923340928672,-0.007894923340928601
2024-08-22,0.0,-4784835.688475,3516635.0,-1268200.6884749997,-1268200.6884749997,0.0,4784835.688475,4784835.688475,-0.2650458178803617,-0.016952724248270462,-0.022546307401485,-0.022546307401484982
2024-08-23,0.0,-4784835.688475,3516635.0,-1268200.6884749997,-1268200.6884749997,0.0,4784835.688475,4784835.688475,-0.2650458178803617,0.0,0.0,0.0
2024-08-26,0.0,-4784835.688475,3559579.0,-1225256.6884749997,-1225256.6884749997,0.0,4784835.688475,4784835.688475,-0.25607079704454966,0.008975020835812031,0.012211673943983259,0.012211673943983382
2024-08-27,0.0,-4784835.688475,3459376.0,-1325459.6884749997,-1325459.6884749997,0.0,4784835.688475,4784835.688475,-0.27701258199264184,-0.02094178494809218,-0.02815023911535608,-0.02815023911535606
2024-08-28,0.0,-4784835.688475,3483234.0,-1301601.6884749997,-1301601.6884749997,0.0,4784835.688475,4784835.688475,-0.27202641286305906,0.004986169129582774,0.006896619505945667,0.006896619505945581
2024-08-29,0.0,-4784835.688475,3416432.0,-1368403.6884749997,-1368403.6884749997,0.0,4784835.688475,4784835.688475,-0.28598760282845387,-0.013961189965394805,-0.019178154554072457,-0.01917815455407245
2024-08-30,0.0,-4784835.688475,3511864.0,-1272971.6884749997,-1272971.6884749997,0.0,4784835.688475,4784835.688475,-0.2660429263101227,0.01994467651833115,0.02793323560954808,0.027933235609548208
2024-09-02,0.0,-4784835.688475,3445062.0,-1339773.6884749997,-1339773.6884749997,0.0,4784835.688475,4784835.688475,-0.2800041162755175,-0.013961189965394805,-0.01902180722260327,-0.019021807222603153
2024-09-03,0.0,-4784835.688475,3349631.0,-1435204.6884749997,-1435204.6884749997,0.0,4784835.688475,4784835.688475,-0.29994858380025613,-0.019944467524738607,-0.027700807706798836,-0.02770080770679889
2024-09-04,0.0,-4784835.688475,3058566.0,-1726269.6884749997,-1726269.6884749997,0.0,4784835.688475,4784835.688475,-0.3607793037978256,-0.06083071999756945,-0.08689464600727659,-0.08689464600727662
2024-09-05,0.0,-4784835.688475,3235113.0,-1549722.6884749997,-1549722.6884749997,0.0,4784835.688475,4784835.688475,-0.3238821120248165,0.0368971917730091,0.05772214822240218,0.057722148222402264
2024-09-06,0.0,-4784835.688475,3244657.0,-1540178.6884749997,-1540178.6884749997,0.0,4784835.688475,4784835.688475,-0.3218874771781094,0.0019946348467070885,0.0029501287899371675,0.0029501287899371675
2024-09-09,0.0,-4784835.688475,3168312.0,-1616523.6884749997,-1616523.6884749997,0.0,4784835.688475,4784835.688475,-0.33784309299661874,-0.01595561581850935,-0.023529451649280553,-0.023529451649280646
2024-09-10,0.0,-4784835.688475,3120596.0,-1664239.6884749997,-1664239.6884749997,0.0,4784835.688475,4784835.688475,-0.34781543125578435,-0.009972338259165603,-0.015060385467087989,-0.015060385467087838
2024-09-11,0.0,-4784835.688475,3244657.0,-1540178.6884749997,-1540178.6884749997,0.0,4784835.688475,4784835.688475,-0.3218874771781094,0.025927954077674953,0.03975554669684911,0.039755546696848935
2024-09-12,0.0,-4784835.688475,3363945.0,-1420890.6884749997,-1420890.6884749997,0.0,4784835.688475,4784835.688475,-0.29695704951738044,0.02493042766072895,0.03676444074057761,0.03676444074057751
2024-09-13,0.0,-4784835.688475,3311459.0,-1473376.6884749997,-1473376.6884749997,0.0,4784835.688475,4784835.688475,-0.3079262872127146,-0.010969237695334144,-0.015602514309835724,-0.015602514309835624
2024-09-16,0.0,-4784835.688475,3311459.0,-1473376.6884749997,-1473376.6884749997,0.0,4784835.688475,4784835.688475,-0.3079262872127146,0.0,0.0,0.0
2024-09-18,0.0,-4784835.688475,3216027.0,-1568808.6884749997,-1568808.6884749997,0.0,4784835.688475,4784835.688475,-0.3278709637310457,-0.019944676518331095,-0.02881871706700878,-0.028818717067008833
2024-09-19,0.0,-4784835.688475,3316229.0,-1468606.6884749997,-1468606.6884749997,0.0,4784835.688475,4784835.688475,-0.306929387776546,0.02094157595449969,0.031157076728522526,0.03115707672852249
2024-09-20,0.0,-4784835.688475,3321001.0,-1463834.6884749997,-1463834.6884749997,0.0,4784835.688475,4784835.688475,-0.3059320703531925,0.0009973174233535165,0.001438983857869891,0.0014389838578698878
2024-09-23,0.0,-4784835.688475,3344859.0,-1439976.6884749997,-1439976.6884749997,0.0,4784835.688475,4784835.688475,-0.3009459012236097,0.004986169129582774,0.007183978565498794,0.007183978565498776
2024-09-24,0.0,-4784835.688475,3282829.0,-1502006.6884749997,-1502006.6884749997,0.0,4784835.688475,4784835.688475,-0.31390977376565093,-0.012963872542041233,-0.018544877377491664,-0.018544877377491848
2024-09-25,0.0,-4784835.688475,3368717.0,-1416118.6884749997,-1416118.6884749997,0.0,4784835.688475,4784835.688475,-0.29595973209402693,0.017950041671624006,0.026162800438280343,0.02616280043828052
2024-09-26,0.0,-4784835.688475,3359174.0,-1425661.6884749997,-1425661.6884749997,0.0,4784835.688475,4784835.688475,-0.29795415794714153,-0.001994425853114601,-0.0028328292343939854,-0.0028328292343939845
2024-09-27,0.0,-4784835.688475,3583437.0,-1201398.6884749997,-1201398.6884749997,0.0,4784835.688475,4784835.688475,-0.2510846279149669,0.046869530032174644,0.0667613526420483,0.06676135264204831
2024-09-30,0.0,-4784835.688475,3559579.0,-1225256.6884749997,-1225256.6884749997,0.0,4784835.688475,4784835.688475,-0.25607079704454966,-0.004986169129582774,-0.006657853898366373,-0.006657853898366289
2024-10-01,0.0,-4784835.688475,3507092.0,-1277743.6884749997,-1277743.6884749997,0.0,4784835.688475,4784835.688475,-0.2670402437334763,-0.010969446688926632,-0.014745283079824811,-0.01474528307982489
2024-10-04,0.0,-4784835.688475,3721812.0,-1063023.6884749997,-1063023.6884749997,0.0,4784835.688475,4784835.688475,-0.22216513955441627,0.044875104179060016,0.06122451307236876,0.061224513072368786
2024-10-07,0.0,-4784835.688475,3721812.0,-1063023.6884749997,-1063023.6884749997,0.0,4784835.688475,4784835.688475,-0.22216513955441627,0.0,0.0,0.0
2024-10-08,0.0,-4784835.688475,3855415.0,-929420.6884749997,-929420.6884749997,0.0,4784835.688475,4784835.688475,-0.19424296861721918,0.027922170937197094,0.035897299487454015,0.03589729948745396
2024-10-09,0.0,-4784835.688475,3769528.0,-1015307.6884749997,-1015307.6884749997,0.0,4784835.688475,4784835.688475,-0.2121928012952507,-0.01794983267803152,-0.022276979261636076,-0.022276979261635906
2024-10-11,0.0,-4784835.688475,3903131.0,-881704.6884749997,-881704.6884749997,0.0,4784835.688475,4784835.688475,-0.18427063035805363,0.027922170937197066,0.03544289895180519,0.03544289895180511
2024-10-14,0.0,-4784835.688475,3874502.0,-910333.6884749997,-910333.6884749997,0.0,4784835.688475,4784835.688475,-0.19025390791739746,-0.00598327755934383,-0.007334880638133812,-0.007334880638133847
2024-10-15,0.0,-4784835.688475,3855415.0,-929420.6884749997,-929420.6884749997,0.0,4784835.688475,4784835.688475,-0.19424296861721918,-0.003989060699821717,-0.004926310529714484,-0.004926310529714529
2024-10-16,0.0,-4784835.688475,3826786.0,-958049.6884749997,-958049.6884749997,0.0,4784835.688475,4784835.688475,-0.20022624617656304,-0.005983277559343858,-0.007425659753878766,-0.007425659753878636
2024-10-17,0.0,-4784835.688475,3798156.0,-986679.6884749997,-986679.6884749997,0.0,4784835.688475,4784835.688475,-0.20620973272949936,-0.005983486552936318,-0.007481474009782607,-0.007481474009782622
2024-10-18,0.0,-4784835.688475,3740898.0,-1043937.6884749997,-1043937.6884749997,0.0,4784835.688475,4784835.688475,-0.21817628784818704,-0.011966555118687688,-0.01507521018094038,-0.015075210180940435
2024-10-21,0.0,-4784835.688475,3860187.0,-924648.6884749997,-924648.6884749997,0.0,4784835.688475,4784835.688475,-0.19324565119386564,0.02493063665432141,0.03188779806345954,0.03188779806345963
2024-10-22,0.0,-4784835.688475,3788614.0,-996221.6884749997,-996221.6884749997,0.0,4784835.688475,4784835.688475,-0.20820394958902147,-0.014958298395155833,-0.01854132973350775,-0.01854132973350773
2024-10-23,0.0,-4784835.688475,3826786.0,-958049.6884749997,-958049.6884749997,0.0,4784835.688475,4784835.688475,-0.20022624617656304,0.007977703412458431,0.010075452394991968,0.010075452394991942
2024-10-24,0.0,-4784835.688475,3779070.0,-1005765.6884749997,-1005765.6884749997,0.0,4784835.688475,4784835.688475,-0.21019858443572859,-0.009972338259165547,-0.012468949139042507,-0.012468949139042527
2024-10-25,0.0,-4784835.688475,3783842.0,-1000993.6884749997,-1000993.6884749997,0.0,4784835.688475,4784835.688475,-0.20920126701237504,0.0009973174233535442,0.0012627445376771629,0.0012627445376772592
2024-10-28,0.0,-4784835.688475,3869730.0,-915105.6884749997,-915105.6884749997,0.0,4784835.688475,4784835.688475,-0.19125122534075104,0.017950041671624006,0.022698622194055718,0.022698622194055672
2024-10-29,0.0,-4784835.688475,3841101.0,-943734.6884749997,-943734.6884749997,0.0,4784835.688475,4784835.688475,-0.19723450290009487,-0.00598327755934383,-0.007398190571435204,-0.007398190571435217
2024-10-30,0.0,-4784835.688475,3788614.0,-996221.6884749997,-996221.6884749997,0.0,4784835.688475,4784835.688475,-0.20820394958902147,-0.010969446688926604,-0.013664571694417815,-0.013664571694417824
2024-11-01,0.0,-4784835.688475,3888817.0,-896018.6884749997,-896018.6884749997,0.0,4784835.688475,4784835.688475,-0.18726216464092932,0.02094178494809215,0.026448458460006652,0.026448458460006746
2024-11-04,0.0,-4784835.688475,3907903.0,-876932.6884749997,-876932.6884749997,0.0,4784835.688475,4784835.688475,-0.1832733129347001,0.0039888517062292295,0.004907919297822527,0.004907919297822448
2024-11-05,0.0,-4784835.688475,3903131.0,-881704.6884749997,-881704.6884749997,0.0,4784835.688475,4784835.688475,-0.18427063035805363,-0.0009973174233535442,-0.0012211152630964284,-0.001221115263096346
2024-11-06,0.0,-4784835.688475,3922217.0,-862618.6884749997,-862618.6884749997,0.0,4784835.688475,4784835.688475,-0.1802817786518244,0.0039888517062292295,0.004889920425422689,0.004889920425422564
2024-11-07,0.0,-4784835.688475,3941303.0,-843532.6884749997,-843532.6884749997,0.0,4784835.688475,4784835.688475,-0.17629292694559517,0.0039888517062292295,0.004866125459147108,0.004866125459147212
2024-11-08,0.0,-4784835.688475,3941303.0,-843532.6884749997,-843532.6884749997,0.0,4784835.688475,4784835.688475,-0.17629292694559517,0.0,0.0,0.0
2024-11-11,0.0,-4784835.688475,3941303.0,-843532.6884749997,-843532.6884749997,0.0,4784835.688475,4784835.688475,-0.17629292694559517,0.0,0.0,0.0
2024-11-12,0.0,-4784835.688475,3745670.0,-1039165.6884749997,-1039165.6884749997,0.0,4784835.688475,4784835.688475,-0.21717897042483347,-0.0408860434792383,-0.04963663032251009,-0.049636630322510096
2024-11-13,0.0,-4784835.688475,3626381.0,-1158454.6884749997,-1158454.6884749997,0.0,4784835.688475,4784835.688475,-0.24210960707915488,-0.02493063665432141,-0.031847172868939344,-0.03184717286893934
2024-11-14,0.0,-4784835.688475,3678868.0,-1105967.6884749997,-1105967.6884749997,0.0,4784835.688475,4784835.688475,-0.23114016039022828,0.010969446688926604,0.014473658449015492,0.0144736584490157
2024-11-15,0.0,-4784835.688475,3631153.0,-1153682.6884749997,-1153682.6884749997,0.0,4784835.688475,4784835.688475,-0.24111228965580134,-0.00997212926557306,-0.012970022300337947,-0.012970022300338039
2024-11-18,0.0,-4784835.688475,3483234.0,-1301601.6884749997,-1301601.6884749997,0.0,4784835.688475,4784835.688475,-0.27202641286305906,-0.030914123207257727,-0.04073609677146628,-0.04073609677146625
2024-11-19,0.0,-4784835.688475,3530950.0,-1253885.6884749997,-1253885.6884749997,0.0,4784835.688475,4784835.688475,-0.2620540746038935,0.009972338259165547,0.013698763849916418,0.013698763849916485
2024-11-20,0.0,-4784835.688475,3445062.0,-1339773.6884749997,-1339773.6884749997,0.0,4784835.688475,4784835.688475,-0.2800041162755175,-0.017950041671624006,-0.02432433197864603,-0.024324331978645974
2024-11-21,0.0,-4784835.688475,3588209.0,-1196626.6884749997,-1196626.6884749997,0.0,4784835.688475,4784835.688475,-0.2500873104916133,0.02991680578390421,0.0415513566954675,0.041551356695467306
2024-11-22,0.0,-4784835.688475,3554807.0,-1230028.6884749997,-1230028.6884749997,0.0,4784835.688475,4784835.688475,-0.25706811446790323,-0.006980803976289918,-0.00930882231218988,-0.00930882231218973
2024-11-25,0.0,-4784835.688475,3616837.0,-1167998.6884749997,-1167998.6884749997,0.0,4784835.688475,4784835.688475,-0.244104241925862,0.012963872542041233,0.01744961118845545,0.01744961118845552
2024-11-26,0.0,-4784835.688475,3564351.0,-1220484.6884749997,-1220484.6884749997,0.0,4784835.688475,4784835.688475,-0.25507347962119614,-0.010969237695334144,-0.01451157461616337,-0.01451157461616324
2024-11-27,0.0,-4784835.688475,3449834.0,-1335001.6884749997,-1335001.6884749997,0.0,4784835.688475,4784835.688475,-0.27900679885216395,-0.02393331923096781,-0.03212842955141049,-0.03212842955141062
2024-11-28,0.0,-4784835.688475,3425976.0,-1358859.6884749997,-1358859.6884749997,0.0,4784835.688475,4784835.688475,-0.2839929679817467,-0.004986169129582774,-0.006915695074023898,-0.006915695074023852
2024-11-29,0.0,-4784835.688475,3492778.0,-1292057.6884749997,-1292057.6884749997,0.0,4784835.688475,4784835.688475,-0.270031778016352,0.013961189965394749,0.019498677165280975,0.019498677165280785
2024-12-02,0.0,-4784835.688475,3511864.0,-1272971.6884749997,-1272971.6884749997,0.0,4784835.688475,4784835.688475,-0.2660429263101227,0.003988851706229257,0.005464418293976925,0.005464418293976886
2024-12-03,0.0,-4784835.688475,3607295.0,-1177540.6884749997,-1177540.6884749997,0.0,4784835.688475,4784835.688475,-0.2460984587853841,0.019944467524738607,0.02717388828268974,0.027173888282689764
2024-12-04,0.0,-4784835.688475,3674097.0,-1110738.6884749997,-1110738.6884749997,0.0,4784835.688475,4784835.688475,-0.23213726881998933,0.013961189965394777,0.01851858525571104,0.018518585255710998
2024-12-05,0.0,-4784835.688475,3721812.0,-1063023.6884749997,-1063023.6884749997,0.0,4784835.688475,4784835.688475,-0.22216513955441627,0.00997212926557306,0.012986864527528619,0.012986864527528804
2024-12-06,0.0,-4784835.688475,3664553.0,-1120282.6884749997,-1120282.6884749997,0.0,4784835.688475,4784835.688475,-0.23413190366669642,-0.011966764112280148,-0.015384710458239081,-0.01538471045823916
2024-12-09,0.0,-4784835.688475,3845872.0,-938963.6884749997,-938963.6884749997,0.0,4784835.688475,4784835.688475,-0.1962373944703338,0.037894509196362614,0.04947915884966059,0.04947915884966052
2024-12-10,0.0,-4784835.688475,3874502.0,-910333.6884749997,-910333.6884749997,0.0,4784835.688475,4784835.688475,-0.19025390791739746,0.005983486552936346,0.00744434552163975,0.007444345521639826
2024-12-11,0.0,-4784835.688475,3755212.0,-1029623.6884749997,-1029623.6884749997,0.0,4784835.688475,4784835.688475,-0.21518475356531136,-0.024930845647913896,-0.030788472944393797,-0.030788472944393887
2024-12-12,0.0,-4784835.688475,3788614.0,-996221.6884749997,-996221.6884749997,0.0,4784835.688475,4784835.688475,-0.20820394958902147,0.00698080397628989,0.008894837362044994,0.008894837362045072
2024-12-13,0.0,-4784835.688475,3812472.0,-972363.6884749997,-972363.6884749997,0.0,4784835.688475,4784835.688475,-0.2032177804594387,0.004986169129582774,0.006297289721254096,0.006297289721254263
2024-12-16,0.0,-4784835.688475,3817243.0,-967592.6884749997,-967592.6884749997,0.0,4784835.688475,4784835.688475,-0.20222067202967764,0.0009971084297610566,0.001251419026815137,0.0012514190268151477
2024-12-17,0.0,-4784835.688475,3836329.0,-948506.6884749997,-948506.6884749997,0.0,4784835.688475,4784835.688475,-0.1982318203234484,0.0039888517062292295,0.004999943676627261,0.004999943676627346
2024-12-18,0.0,-4784835.688475,3759984.0,-1024851.6884749997,-1024851.6884749997,0.0,4784835.688475,4784835.688475,-0.21418743614195782,-0.015955615818509405,-0.01990053512094503,-0.01990053512094505
2024-12-19,0.0,-4784835.688475,3798156.0,-986679.6884749997,-986679.6884749997,0.0,4784835.688475,4784835.688475,-0.20620973272949936,0.007977703412458459,0.010152170860301402,0.010152170860301533
2024-12-20,0.0,-4784835.688475,3693183.0,-1091652.6884749997,-1091652.6884749997,0.0,4784835.688475,4784835.688475,-0.2281484171137601,-0.021938684384260748,-0.027637885331724066,-0.02763788533172413
2024-12-23,0.0,-4784835.688475,3759984.0,-1024851.6884749997,-1024851.6884749997,0.0,4784835.688475,4784835.688475,-0.21418743614195782,0.01396098097180229,0.018087649596567612,0.018087649596567515
2024-12-24,0.0,-4784835.688475,3888817.0,-896018.6884749997,-896018.6884749997,0.0,4784835.688475,4784835.688475,-0.18726216464092932,0.026925271501028497,0.03426424154996388,0.03426424154996404
2024-12-25,0.0,-4784835.688475,3888817.0,-896018.6884749997,-896018.6884749997,0.0,4784835.688475,4784835.688475,-0.18726216464092932,0.0,0.0,0.0
2024-12-26,0.0,-4784835.688475,3974705.0,-810130.6884749997,-810130.6884749997,0.0,4784835.688475,4784835.688475,-0.1693121229693053,0.017950041671624006,0.02208589398781169,0.022085893987811717
2024-12-27,0.0,-4784835.688475,3950847.0,-833988.6884749997,-833988.6884749997,0.0,4784835.688475,4784835.688475,-0.17429829209888809,-0.004986169129582774,-0.00600245804405608,-0.0060024580440560995
2024-12-30,0.0,-4784835.688475,3874502.0,-910333.6884749997,-910333.6884749997,0.0,4784835.688475,4784835.688475,-0.19025390791739746,-0.015955615818509378,-0.019323704511969297,-0.019323704511969207
2024-12-31,0.0,-4784835.688475,3955618.0,-829217.6884749997,-829217.6884749997,0.0,4784835.688475,4784835.688475,-0.173301183669127,0.016952724248270462,0.02093585188496494,0.02093585188496483
2025-01-02,0.0,-4784835.688475,3769528.0,-1015307.6884749997,-1015307.6884749997,0.0,4784835.688475,4784835.688475,-0.2121928012952507,-0.0388916176261237,-0.04704448205059253,-0.04704448205059235
2025-01-03,0.0,-4784835.688475,3831558.0,-953277.6884749997,-953277.6884749997,0.0,4784835.688475,4784835.688475,-0.19922892875320947,0.012963872542041233,0.016455641130666887,0.01645564113066676
2025-01-06,0.0,-4784835.688475,3936531.0,-848304.6884749997,-848304.6884749997,0.0,4784835.688475,4784835.688475,-0.17729024436894872,0.021938684384260748,0.02739694923057412,0.02739694923057409
2025-01-07,0.0,-4784835.688475,4027191.0,-757644.6884749997,-757644.6884749997,0.0,4784835.688475,4784835.688475,-0.15834288527397117,0.01894735909497755,0.02303042958381374,0.02303042958381377
2025-01-08,0.0,-4784835.688475,3912674.0,-872161.6884749997,-872161.6884749997,0.0,4784835.688475,4784835.688475,-0.18227620450493903,-0.023933319230967864,-0.028435949524122428,-0.028435949524122397
2025-01-09,0.0,-4784835.688475,3798156.0,-986679.6884749997,-986679.6884749997,0.0,4784835.688475,4784835.688475,-0.20620973272949936,-0.023933528224560324,-0.029268474705533842,-0.029268474705533863
2025-01-10,0.0,-4784835.688475,3702726.0,-1082109.6884749997,-1082109.6884749997,0.0,4784835.688475,4784835.688475,-0.2261539912606455,-0.019944258531146147,-0.025125350301567373,-0.025125350301567394
2025-01-13,0.0,-4784835.688475,3440290.0,-1344545.6884749997,-1344545.6884749997,0.0,4784835.688475,4784835.688475,-0.2810014336988711,-0.05484744243822559,-0.07087642995998089,-0.07087642995998084
2025-01-14,0.0,-4784835.688475,3464148.0,-1320687.6884749997,-1320687.6884749997,0.0,4784835.688475,4784835.688475,-0.27601526456928827,0.004986169129582829,0.006934880489726236,0.006934880489726157
2025-01-15,0.0,-4784835.688475,3454604.0,-1330231.6884749997,-1330231.6884749997,0.0,4784835.688475,4784835.688475,-0.2780098994159954,-0.001994634846707144,-0.0027550785936397704,-0.002755078593639764
2025-01-16,0.0,-4784835.688475,3621609.0,-1163226.6884749997,-1163226.6884749997,0.0,4784835.688475,4784835.688475,-0.24310692450250843,0.034902974913486984,0.04834273334946659,0.04834273334946639
2025-01-17,0.0,-4784835.688475,3511864.0,-1272971.6884749997,-1272971.6884749997,0.0,4784835.688475,4784835.688475,-0.2660429263101227,-0.022936001807614292,-0.030302829488219274,-0.030302829488219187
2025-01-20,0.0,-4784835.688475,3669325.0,-1115510.6884749997,-1115510.6884749997,0.0,4784835.688475,4784835.688475,-0.23313458624334288,0.03290834006677984,0.04483687295407779,0.04483687295407795
2025-01-21,0.0,-4784835.688475,3674097.0,-1110738.6884749997,-1110738.6884749997,0.0,4784835.688475,4784835.688475,-0.23213726881998933,0.0009973174233535442,0.0013005116744906342,0.0013005116744905399
2025-01-22,0.0,-4784835.688475,3650239.0,-1134596.6884749997,-1134596.6884749997,0.0,4784835.688475,4784835.688475,-0.2371234379495721,-0.004986169129582774,-0.0064935683516249565,-0.006493568351624903
2025-02-03,0.0,-4784835.688475,3635924.0,-1148911.6884749997,-1148911.6884749997,0.0,4784835.688475,4784835.688475,-0.24011518122604028,-0.002991743276468173,-0.003921661020004352,-0.003921661020004443
2025-02-04,0.0,-4784835.688475,3717040.0,-1067795.6884749997,-1067795.6884749997,0.0,4784835.688475,4784835.688475,-0.22316245697776982,0.016952724248270462,0.022309597230305123,0.022309597230305143
2025-02-05,0.0,-4784835.688475,4084450.0,-700385.6884749997,-700385.6884749997,0.0,4784835.688475,4784835.688475,-0.146376121161691,0.07678633581607883,0.0988447797171943,0.09884477971719433
2025-02-06,0.0,-4784835.688475,4136937.0,-647898.6884749997,-647898.6884749997,0.0,4784835.688475,4784835.688475,-0.1354066744727644,0.010969446688926604,0.01285044498035215,0.012850444980352312
2025-02-07,0.0,-4784835.688475,4246683.0,-538152.6884749997,-538152.6884749997,0.0,4784835.688475,4784835.688475,-0.1124704636715576,0.022936210801206794,0.026528322766336654,0.026528322766336543
2025-02-10,0.0,-4784835.688475,4189424.0,-595411.6884749997,-595411.6884749997,0.0,4784835.688475,4784835.688475,-0.12443722778383777,-0.011966764112280176,-0.013483229146136089,-0.013483229146135938
2025-02-11,0.0,-4784835.688475,4175109.0,-609726.6884749997,-609726.6884749997,0.0,4784835.688475,4784835.688475,-0.12742897106030593,-0.002991743276468159,-0.0034169375073995756,-0.003416937507399585
2025-02-12,0.0,-4784835.688475,4198967.0,-585868.6884749997,-585868.6884749997,0.0,4784835.688475,4784835.688475,-0.12244280193072316,0.004986169129582774,0.0057143418291594195,0.005714341829159431
2025-02-13,0.0,-4784835.688475,4356428.0,-428407.68847499974,-428407.68847499974,0.0,4784835.688475,4784835.688475,-0.0895344618639433,0.032908340066779854,0.0374999374846241,0.03749993748462419
2025-02-14,0.0,-4784835.688475,4232369.0,-552466.6884749997,-552466.6884749997,0.0,4784835.688475,4784835.688475,-0.11546199795443328,-0.025927536090489978,-0.028477229510048052,-0.02847722951004814
2025-02-17,0.0,-4784835.688475,4275312.0,-509523.68847499974,-509523.68847499974,0.0,4784835.688475,4784835.688475,-0.10648718611221375,0.00897481184221953,0.010146327033394353,0.0101463270333943
2025-02-18,0.0,-4784835.688475,4370743.0,-414092.68847499974,-414092.68847499974,0.0,4784835.688475,4784835.688475,-0.08654271858747513,0.01994446752473862,0.022321411864210106,0.022321411864210144
2025-02-19,0.0,-4784835.688475,4222825.0,-562010.6884749997,-562010.6884749997,0.0,4784835.688475,4784835.688475,-0.11745663280114037,-0.03091391421366524,-0.033842758542426354,-0.03384275854242631
2025-02-20,0.0,-4784835.688475,4108308.0,-676527.6884749997,-676527.6884749997,0.0,4784835.688475,4784835.688475,-0.14138995203210822,-0.02393331923096785,-0.027118575834897296,-0.027118575834897254
2025-02-21,0.0,-4784835.688475,4117851.0,-666984.6884749997,-666984.6884749997,0.0,4784835.688475,4784835.688475,-0.13939552617899362,0.001994425853114601,0.002322854080073933,0.0023228540800738404
2025-02-24,0.0,-4784835.688475,4041506.0,-743329.6884749997,-743329.6884749997,0.0,4784835.688475,4784835.688475,-0.155351141997503,-0.015955615818509378,-0.01854001031120356,-0.018540010311203586
2025-02-25,0.0,-4784835.688475,3955618.0,-829217.6884749997,-829217.6884749997,0.0,4784835.688475,4784835.688475,-0.173301183669127,-0.017950041671624006,-0.02125148397651755,-0.021251483976517663
2025-02-26,0.0,-4784835.688475,3874502.0,-910333.6884749997,-910333.6884749997,0.0,4784835.688475,4784835.688475,-0.19025390791739746,-0.016952724248270462,-0.020506530205899653,-0.02050653020589956
2025-02-27,0.0,-4784835.688475,3864959.0,-919876.6884749997,-919876.6884749997,0.0,4784835.688475,4784835.688475,-0.1922483337705121,-0.0019944258531146286,-0.0024630262160143523,-0.002463026216014342
2025-03-03,0.0,-4784835.688475,3655010.0,-1129825.6884749997,-1129825.6884749997,0.0,4784835.688475,4784835.688475,-0.23612632951981105,-0.04387799574929896,-0.0543211454507021,-0.05432114545070207
2025-03-04,0.0,-4784835.688475,3759984.0,-1024851.6884749997,-1024851.6884749997,0.0,4784835.688475,4784835.688475,-0.21418743614195782,0.021938893377853236,0.028720578055874135,0.028720578055873993
2025-03-05,0.0,-4784835.688475,3879273.0,-905562.6884749997,-905562.6884749997,0.0,4784835.688475,4784835.688475,-0.1892567994876364,0.02493063665432141,0.03172593287630998,0.03172593287631011
2025-03-06,0.0,-4784835.688475,3702726.0,-1082109.6884749997,-1082109.6884749997,0.0,4784835.688475,4784835.688475,-0.2261539912606455,-0.0368971917730091,-0.04551033144612404,-0.045510331446124055
2025-03-07,0.0,-4784835.688475,3597751.0,-1187084.6884749997,-1187084.6884749997,0.0,4784835.688475,4784835.688475,-0.24809309363209123,-0.021939102371445723,-0.028350734026768354,-0.028350734026768385
2025-03-10,0.0,-4784835.688475,3530950.0,-1253885.6884749997,-1253885.6884749997,0.0,4784835.688475,4784835.688475,-0.2620540746038935,-0.01396098097180229,-0.018567432821226415,-0.018567432821226373
2025-03-11,0.0,-4784835.688475,3521407.0,-1263428.6884749997,-1263428.6884749997,0.0,4784835.688475,4784835.688475,-0.2640485004570081,-0.001994425853114601,-0.00270267208541608,-0.002702672085416106
2025-03-12,0.0,-4784835.688475,3550036.0,-1234799.6884749997,-1234799.6884749997,0.0,4784835.688475,4784835.688475,-0.25806522289766426,0.005983277559343858,0.00812998895043937,0.008129988950439412
2025-03-13,0.0,-4784835.688475,3511864.0,-1272971.6884749997,-1272971.6884749997,0.0,4784835.688475,4784835.688475,-0.2660429263101227,-0.007977703412458459,-0.010752567016221737,-0.010752567016221808
2025-03-14,0.0,-4784835.688475,3530950.0,-1253885.6884749997,-1253885.6884749997,0.0,4784835.688475,4784835.688475,-0.2620540746038935,0.003988851706229202,0.005434720706724461,0.005434720706724406
2025-03-17,0.0,-4784835.688475,3516635.0,-1268200.6884749997,-1268200.6884749997,0.0,4784835.688475,4784835.688475,-0.2650458178803617,-0.002991743276468173,-0.004054149733074608,-0.004054149733074669
2025-03-18,0.0,-4784835.688475,3540493.0,-1244342.6884749997,-1244342.6884749997,0.0,4784835.688475,4784835.688475,-0.2600596487507789,0.004986169129582774,0.006784326493935122,0.006784326493935253
2025-03-19,0.0,-4784835.688475,3492778.0,-1292057.6884749997,-1292057.6884749997,0.0,4784835.688475,4784835.688475,-0.270031778016352,-0.00997212926557306,-0.013476936686500962,-0.013476936686501004
2025-03-20,0.0,-4784835.688475,3564351.0,-1220484.6884749997,-1220484.6884749997,0.0,4784835.688475,4784835.688475,-0.25507347962119614,0.014958298395155833,0.020491711754941022,0.020491711754941196
2025-03-21,0.0,-4784835.688475,3564351.0,-1220484.6884749997,-1220484.6884749997,0.0,4784835.688475,4784835.688475,-0.25507347962119614,0.0,0.0,0.0
2025-03-24,0.0,-4784835.688475,3468920.0,-1315915.6884749997,-1315915.6884749997,0.0,4784835.688475,4784835.688475,-0.27501794714593475,-0.019944467524738607,-0.026773738052172646,-0.02677373805217275
2025-03-25,0.0,-4784835.688475,3497549.0,-1287286.6884749997,-1287286.6884749997,0.0,4784835.688475,4784835.688475,-0.2690346695865909,0.005983277559343858,0.00825300093400827,0.008253000934008279
2025-03-26,0.0,-4784835.688475,3507092.0,-1277743.6884749997,-1277743.6884749997,0.0,4784835.688475,4784835.688475,-0.2670402437334763,0.001994425853114601,0.002728482145639699,0.002728482145639704
2025-03-27,0.0,-4784835.688475,3454604.0,-1330231.6884749997,-1330231.6884749997,0.0,4784835.688475,4784835.688475,-0.2780098994159954,-0.01096965568251912,-0.014966245539039247,-0.014966245539039181
2025-03-28,0.0,-4784835.688475,3282829.0,-1502006.6884749997,-1502006.6884749997,0.0,4784835.688475,4784835.688475,-0.31390977376565093,-0.035899874349655525,-0.04972349942279919,-0.04972349942279926
2025-03-31,0.0,-4784835.688475,3029937.0,-1754898.6884749997,-1754898.6884749997,0.0,4784835.688475,4784835.688475,-0.3667625813571694,-0.05285280759151845,-0.07703477701701789,-0.07703477701701794
2025-04-01,0.0,-4784835.688475,3120596.0,-1664239.6884749997,-1664239.6884749997,0.0,4784835.688475,4784835.688475,-0.34781543125578435,0.018947150101385035,0.029921084167756407,0.02992108416775662
2025-04-02,0.0,-4784835.688475,3144454.0,-1640381.6884749997,-1640381.6884749997,0.0,4784835.688475,4784835.688475,-0.3428292621262016,0.004986169129582774,0.007645334416887195,0.00764533441688703
2025-04-07,0.0,-4784835.688475,2834302.0,-1950533.6884749997,-1950533.6884749997,0.0,4784835.688475,4784835.688475,-0.40764904282359266,-0.06481978069739108,-0.09863461192308731,-0.09863461192308744
2025-04-08,0.0,-4784835.688475,2552782.0,-2232053.6884749997,-2232053.6884749997,0.0,4784835.688475,4784835.688475,-0.46648491898086253,-0.05883587615726987,-0.09932604217899166,-0.0993260421789915
2025-04-09,0.0,-4784835.688475,2299889.0,-2484946.6884749997,-2484946.6884749997,0.0,4784835.688475,4784835.688475,-0.5193379355659735,-0.05285301658511099,-0.09906564681198793,-0.09906564681198786
2025-04-10,0.0,-4784835.688475,2528924.0,-2255911.6884749997,-2255911.6884749997,0.0,4784835.688475,4784835.688475,-0.4714710881104453,0.047866847455528216,0.09958524085292808,0.09958524085292812
2025-04-11,0.0,-4784835.688475,2557553.0,-2227282.6884749997,-2227282.6884749997,0.0,4784835.688475,4784835.688475,-0.46548781055110144,0.005983277559343858,0.011320624898178089,0.011320624898178039
2025-04-14,0.0,-4784835.688475,2648213.0,-2136622.6884749997,-2136622.6884749997,0.0,4784835.688475,4784835.688475,-0.44654045145612387,0.01894735909497758,0.03544794575127086,0.035447945751270846
2025-04-15,0.0,-4784835.688475,2777044.0,-2007791.6884749997,-2007791.6884749997,0.0,4784835.688475,4784835.688475,-0.41961559794228037,0.026924853513843494,0.048648277158974684,0.04864827715897475
2025-04-16,0.0,-4784835.688475,2705471.0,-2079364.6884749997,-2079364.6884749997,0.0,4784835.688475,4784835.688475,-0.4345738963374362,-0.014958298395155833,-0.02577308821898372,-0.025773088218983928
2025-04-17,0.0,-4784835.688475,2753187.0,-2031648.6884749997,-2031648.6884749997,0.0,4784835.688475,4784835.688475,-0.42460155807827066,0.009972338259165547,0.01763685509842805,0.01763685509842833
2025-04-18,0.0,-4784835.688475,2734100.0,-2050735.6884749997,-2050735.6884749997,0.0,4784835.688475,4784835.688475,-0.42859061877809235,-0.003989060699821689,-0.006932692911887028,-0.006932692911887205
2025-04-21,0.0,-4784835.688475,2586182.0,-2198653.6884749997,-2198653.6884749997,0.0,4784835.688475,4784835.688475,-0.4595045329917576,-0.03091391421366524,-0.05410116674591259,-0.054101166745912734
2025-04-22,0.0,-4784835.688475,2524152.0,-2260683.6884749997,-2260683.6884749997,0.0,4784835.688475,4784835.688475,-0.4724684055337988,-0.012963872542041233,-0.023985164230514555,-0.023985164230514326
2025-04-23,0.0,-4784835.688475,2691157.0,-2093678.6884749997,-2093678.6884749997,0.0,4784835.688475,4784835.688475,-0.4375654306203119,0.03490297491348693,0.06616281428376758,0.06616281428376738
2025-04-24,0.0,-4784835.688475,2667299.0,-2117536.6884749997,-2117536.6884749997,0.0,4784835.688475,4784835.688475,-0.44255159974989466,-0.004986169129582774,-0.008865331899997053,-0.008865331899996916
2025-04-25,0.0,-4784835.688475,2691157.0,-2093678.6884749997,-2093678.6884749997,0.0,4784835.688475,4784835.688475,-0.4375654306203119,0.004986169129582774,0.008944629004847382,0.008944629004847226
2025-04-28,0.0,-4784835.688475,2743643.0,-2041192.6884749997,-2041192.6884749997,0.0,4784835.688475,4784835.688475,-0.42659619292497775,0.010969237695334144,0.019503135640172475,0.01950313564017261
2025-04-29,0.0,-4784835.688475,2839074.0,-1945761.6884749997,-1945761.6884749997,0.0,4784835.688475,4784835.688475,-0.40665172540023914,0.019944467524738607,0.034782586509979785,0.03478258650997961
2025-04-30,0.0,-4784835.688475,2719785.0,-2065050.6884749997,-2065050.6884749997,0.0,4784835.688475,4784835.688475,-0.4315823620545605,-0.02493063665432138,-0.04201686888048706,-0.04201686888048709
2025-05-02,0.0,-4784835.688475,2786588.0,-1998247.6884749997,-1998247.6884749997,0.0,4784835.688475,4784835.688475,-0.4176209630955733,0.013961398958987237,0.0245618679417674,0.024561867941767457
2025-05-05,0.0,-4784835.688475,2695927.0,-2088908.6884749997,-2088908.6884749997,0.0,4784835.688475,4784835.688475,-0.4365685311841433,-0.01894756808857001,-0.03253477012030481,-0.03253477012030483
2025-05-06,0.0,-4784835.688475,2705471.0,-2079364.6884749997,-2079364.6884749997,0.0,4784835.688475,4784835.688475,-0.4345738963374362,0.0019946348467070885,0.003540155204499351,0.0035401552044992315
2025-05-07,0.0,-4784835.688475,2676841.0,-2107994.6884749997,-2107994.6884749997,0.0,4784835.688475,4784835.688475,-0.44055738289037255,-0.005983486552936346,-0.010582260907620378,-0.010582260907620152
2025-05-08,0.0,-4784835.688475,2748415.0,-2036420.6884749997,-2036420.6884749997,0.0,4784835.688475,4784835.688475,-0.42559887550162423,0.014958507388748321,0.02673823361193306,0.026738233611932873
2025-05-09,0.0,-4784835.688475,2762730.0,-2022105.6884749997,-2022105.6884749997,0.0,4784835.688475,4784835.688475,-0.42260713222515606,0.002991743276468173,0.005208456510388704,0.005208456510388715
2025-05-12,0.0,-4784835.688475,2800902.0,-1983933.6884749997,-1983933.6884749997,0.0,4784835.688475,4784835.688475,-0.4146294288126976,0.007977703412458459,0.013816768196675211,0.013816768196675029
2025-05-13,0.0,-4784835.688475,2815216.0,-1969619.6884749997,-1969619.6884749997,0.0,4784835.688475,4784835.688475,-0.4116378945298219,0.0029915342828756852,0.005110496547183763,0.005110496547183729
2025-05-14,0.0,-4784835.688475,2862932.0,-1921903.6884749997,-1921903.6884749997,0.0,4784835.688475,4784835.688475,-0.40166555627065637,0.009972338259165547,0.01694932111781111,0.01694932111781121
2025-05-15,0.0,-4784835.688475,2796130.0,-1988705.6884749997,-1988705.6884749997,0.0,4784835.688475,4784835.688475,-0.4156267462360511,-0.013961189965394749,-0.023333421820706857,-0.023333421820706884
2025-05-16,0.0,-4784835.688475,2762730.0,-2022105.6884749997,-2022105.6884749997,0.0,4784835.688475,4784835.688475,-0.42260713222515606,-0.0069803859891049425,-0.011945081237281663,-0.01194508123728153
2025-05-19,0.0,-4784835.688475,2638669.0,-2146166.6884749997,-2146166.6884749997,0.0,4784835.688475,4784835.688475,-0.448535086302831,-0.025927954077674953,-0.04490522056082202,-0.044905220560822086
2025-05-20,0.0,-4784835.688475,2705471.0,-2079364.6884749997,-2079364.6884749997,0.0,4784835.688475,4784835.688475,-0.4345738963374362,0.013961189965394805,0.025316551640240048,0.025316551640239833
2025-05-21,0.0,-4784835.688475,2705471.0,-2079364.6884749997,-2079364.6884749997,0.0,4784835.688475,4784835.688475,-0.4345738963374362,0.0,0.0,0.0
2025-05-22,0.0,-4784835.688475,2648213.0,-2136622.6884749997,-2136622.6884749997,0.0,4784835.688475,4784835.688475,-0.44654045145612387,-0.01196655511868766,-0.021163782572424572,-0.021163782572424544
2025-05-23,0.0,-4784835.688475,2652984.0,-2131851.6884749997,-2131851.6884749997,0.0,4784835.688475,4784835.688475,-0.44554334302636284,0.0009971084297610289,0.0018015922435241638,0.001801592243524218
2025-05-26,0.0,-4784835.688475,2576639.0,-2208196.6884749997,-2208196.6884749997,0.0,4784835.688475,4784835.688475,-0.46149895884487224,-0.015955615818509405,-0.028777029940625254,-0.028777029940625348
2025-05-27,0.0,-4784835.688475,2548010.0,-2236825.6884749997,-2236825.6884749997,0.0,4784835.688475,4784835.688475,-0.46748223640421604,-0.0059832775593438026,-0.01111098605586569,-0.0111109860558658
2025-05-28,0.0,-4784835.688475,2562324.0,-2222511.6884749997,-2222511.6884749997,0.0,4784835.688475,4784835.688475,-0.46449070212134036,0.0029915342828756852,0.005617717355897334,0.0056177173558973476
2025-05-29,0.0,-4784835.688475,2590954.0,-2193881.6884749997,-2193881.6884749997,0.0,4784835.688475,4784835.688475,-0.45850721556840407,0.00598348655293629,0.011173450352102154,0.011173450352102232
2025-06-02,0.0,-4784835.688475,2447807.0,-2337028.6884749997,-2337028.6884749997,0.0,4784835.688475,4784835.688475,-0.4884240213523082,-0.029916805783904155,-0.05524876165304371,-0.055248761653043627
2025-06-03,0.0,-4784835.688475,2505066.0,-2279769.6884749997,-2279769.6884749997,0.0,4784835.688475,4784835.688475,-0.4764572572400281,0.011966764112280148,0.023391958598043106,0.023391958598043064
2025-06-04,0.0,-4784835.688475,2567096.0,-2217739.6884749997,-2217739.6884749997,0.0,4784835.688475,4784835.688475,-0.46349338469798684,0.012963872542041233,0.024761822642596965,0.02476182264259704
2025-06-05,0.0,-4784835.688475,2586182.0,-2198653.6884749997,-2198653.6884749997,0.0,4784835.688475,4784835.688475,-0.4595045329917576,0.003988851706229257,0.007434860246753772,0.00743486024675353
2025-06-06,0.0,-4784835.688475,2614811.0,-2170024.6884749997,-2170024.6884749997,0.0,4784835.688475,4784835.688475,-0.4535212554324138,0.0059832775593438026,0.0110699865670707,0.011069986567070686
2025-06-09,0.0,-4784835.688475,2586182.0,-2198653.6884749997,-2198653.6884749997,0.0,4784835.688475,4784835.688475,-0.4595045329917576,-0.0059832775593438026,-0.01094878367882035,-0.010948783678820382
2025-06-10,0.0,-4784835.688475,2633897.0,-2150938.6884749997,-2150938.6884749997,0.0,4784835.688475,4784835.688475,-0.4495324037261845,0.00997212926557306,0.01844997761178435,0.018449977611784477
2025-06-11,0.0,-4784835.688475,2676841.0,-2107994.6884749997,-2107994.6884749997,0.0,4784835.688475,4784835.688475,-0.44055738289037255,0.008975020835811975,0.01630435814308595,0.016304358143086083
2025-06-12,0.0,-4784835.688475,2662527.0,-2122308.6884749997,-2122308.6884749997,0.0,4784835.688475,4784835.688475,-0.44354891717324824,-0.0029915342828756852,-0.005347347862648566,-0.005347347862648547
2025-06-13,0.0,-4784835.688475,2519380.0,-2265455.6884749997,-2265455.6884749997,0.0,4784835.688475,4784835.688475,-0.4734657229571524,-0.029916805783904155,-0.053763586247200346,-0.0537635862472005
2025-06-16,0.0,-4784835.688475,2538466.0,-2246369.6884749997,-2246369.6884749997,0.0,4784835.688475,4784835.688475,-0.4694768712509232,0.003988851706229202,0.00757567337995857,0.007575673379958561
2025-06-17,0.0,-4784835.688475,2595725.0,-2189110.6884749997,-2189110.6884749997,0.0,4784835.688475,4784835.688475,-0.457510107138643,0.011966764112280204,0.022556536112754877,0.02255653611275471
2025-06-18,0.0,-4784835.688475,2586182.0,-2198653.6884749997,-2198653.6884749997,0.0,4784835.688475,4784835.688475,-0.4595045329917576,-0.001994425853114601,-0.003676429513912227,-0.0036764295139122983
2025-06-19,0.0,-4784835.688475,2562324.0,-2222511.6884749997,-2222511.6884749997,0.0,4784835.688475,4784835.688475,-0.46449070212134036,-0.004986169129582774,-0.009225182141086807,-0.009225182141086745
2025-06-20,0.0,-4784835.688475,2509838.0,-2274997.6884749997,-2274997.6884749997,0.0,4784835.688475,4784835.688475,-0.4754599398166745,-0.010969237695334144,-0.02048374834720368,-0.020483748347203554
2025-06-23,0.0,-4784835.688475,2471665.0,-2313170.6884749997,-2313170.6884749997,0.0,4784835.688475,4784835.688475,-0.48343785222272545,-0.007977912406050947,-0.015209348173069182,-0.015209348173069338
2025-06-24,0.0,-4784835.688475,2595725.0,-2189110.6884749997,-2189110.6884749997,0.0,4784835.688475,4784835.688475,-0.457510107138643,0.025927745084082465,0.0501928861718719,0.050192886171871995
2025-06-25,0.0,-4784835.688475,2614811.0,-2170024.6884749997,-2170024.6884749997,0.0,4784835.688475,4784835.688475,-0.4535212554324138,0.003988851706229202,0.007352859027824454,0.007352859027824597
2025-06-26,0.0,-4784835.688475,2614811.0,-2170024.6884749997,-2170024.6884749997,0.0,4784835.688475,4784835.688475,-0.4535212554324138,0.0,0.0,0.0
2025-06-27,0.0,-4784835.688475,2853390.0,-1931445.6884749997,-1931445.6884749997,0.0,4784835.688475,4784835.688475,-0.4036597731301785,0.049861482302235305,0.09124139373744389,0.09124139373744412
2025-06-30,0.0,-4784835.688475,2815216.0,-1969619.6884749997,-1969619.6884749997,0.0,4784835.688475,4784835.688475,-0.4116378945298219,-0.007978121399643434,-0.013378472623791215,-0.01337847262379135
2025-07-01,0.0,-4784835.688475,2715014.0,-2069821.6884749997,-2069821.6884749997,0.0,4784835.688475,4784835.688475,-0.4325794704843216,-0.02094157595449969,-0.035593006007354266,-0.03559300600735432
2025-07-02,0.0,-4784835.688475,2672071.0,-2112764.6884749997,-2112764.6884749997,0.0,4784835.688475,4784835.688475,-0.4415542823265411,-0.008974811842219488,-0.015816861349517874,-0.015816861349517902
2025-07-03,0.0,-4784835.688475,2638669.0,-2146166.6884749997,-2146166.6884749997,0.0,4784835.688475,4784835.688475,-0.448535086302831,-0.006980803976289918,-0.01250041634372756,-0.012500416343727394
2025-07-04,0.0,-4784835.688475,2567096.0,-2217739.6884749997,-2217739.6884749997,0.0,4784835.688475,4784835.688475,-0.46349338469798684,-0.014958298395155833,-0.027124660198001305,-0.02712466019800134
2025-07-07,0.0,-4784835.688475,2509838.0,-2274997.6884749997,-2274997.6884749997,0.0,4784835.688475,4784835.688475,-0.4754599398166745,-0.01196655511868766,-0.02230458074026065,-0.02230458074026059
2025-07-08,0.0,-4784835.688475,2452579.0,-2332256.6884749997,-2332256.6884749997,0.0,4784835.688475,4784835.688475,-0.4874267039289547,-0.011966764112280204,-0.022813823043558945,-0.022813823043558987
2025-07-09,0.0,-4784835.688475,2471665.0,-2313170.6884749997,-2313170.6884749997,0.0,4784835.688475,4784835.688475,-0.48343785222272545,0.003988851706229257,0.007782012322538945,0.007782012322538846
2025-07-10,0.0,-4784835.688475,2528924.0,-2255911.6884749997,-2255911.6884749997,0.0,4784835.688475,4784835.688475,-0.4714710881104453,0.011966764112280148,0.023166165317710652,0.023166165317710936
2025-07-11,0.0,-4784835.688475,2610040.0,-2174795.6884749997,-2174795.6884749997,0.0,4784835.688475,4784835.688475,-0.4545183638621748,0.01695272424827049,0.032075301590716254,0.03207530159071605
2025-07-14,0.0,-4784835.688475,2528924.0,-2255911.6884749997,-2255911.6884749997,0.0,4784835.688475,4784835.688475,-0.4714710881104453,-0.01695272424827049,-0.03107845090496708,-0.031078450904966973
2025-07-15,0.0,-4784835.688475,2576639.0,-2208196.6884749997,-2208196.6884749997,0.0,4784835.688475,4784835.688475,-0.46149895884487224,0.00997212926557306,0.018867708163630148,0.018867708163630065
2025-07-16,0.0,-4784835.688475,2705471.0,-2079364.6884749997,-2079364.6884749997,0.0,4784835.688475,4784835.688475,-0.4345738963374362,0.026925062507436037,0.05000001940512444,0.050000019405124274
2025-07-17,0.0,-4784835.688475,2695927.0,-2088908.6884749997,-2088908.6884749997,0.0,4784835.688475,4784835.688475,-0.4365685311841433,-0.0019946348467070885,-0.003527666716812039,-0.003527666716811971
2025-07-18,0.0,-4784835.688475,2715014.0,-2069821.6884749997,-2069821.6884749997,0.0,4784835.688475,4784835.688475,-0.4325794704843216,0.003989060699821689,0.007079939479073483,0.0070799394790734315
2025-07-21,0.0,-4784835.688475,2676841.0,-2107994.6884749997,-2107994.6884749997,0.0,4784835.688475,4784835.688475,-0.44055738289037255,-0.007977912406050947,-0.01405996433167589,-0.014059964331675638
2025-07-22,0.0,-4784835.688475,2562324.0,-2222511.6884749997,-2222511.6884749997,0.0,4784835.688475,4784835.688475,-0.46449070212134036,-0.02393331923096781,-0.042780650774550844,-0.042780650774551045
2025-07-23,0.0,-4784835.688475,2757958.0,-2026877.6884749997,-2026877.6884749997,0.0,4784835.688475,4784835.688475,-0.4236044496485096,0.040886252472830786,0.07635021956629995,0.07635021956629996
2025-07-24,0.0,-4784835.688475,2729329.0,-2055506.6884749997,-2055506.6884749997,0.0,4784835.688475,4784835.688475,-0.42958772720785343,-0.005983277559343858,-0.010380506157091518,-0.010380506157091587
2025-07-25,0.0,-4784835.688475,2686385.0,-2098450.6884749997,-2098450.6884749997,0.0,4784835.688475,4784835.688475,-0.4385627480436654,-0.008975020835811975,-0.015734270218064395,-0.015734270218064585
2025-07-28,0.0,-4784835.688475,2681613.0,-2103222.6884749997,-2103222.6884749997,0.0,4784835.688475,4784835.688475,-0.439560065467019,-0.000997317423353572,-0.001776364891852955,-0.001776364891852806
2025-07-29,0.0,-4784835.688475,2619583.0,-2165252.6884749997,-2165252.6884749997,0.0,4784835.688475,4784835.688475,-0.4525239380090602,-0.012963872542041233,-0.023131600271925845,-0.02313160027192589
2025-07-30,0.0,-4784835.688475,2638669.0,-2146166.6884749997,-2146166.6884749997,0.0,4784835.688475,4784835.688475,-0.448535086302831,0.003988851706229202,0.007285892449294451,0.00728589244929441
2025-07-31,0.0,-4784835.688475,2705471.0,-2079364.6884749997,-2079364.6884749997,0.0,4784835.688475,4784835.688475,-0.4345738963374362,0.013961189965394805,0.025316551640240048,0.025316551640239833
2025-08-01,0.0,-4784835.688475,2715014.0,-2069821.6884749997,-2069821.6884749997,0.0,4784835.688475,4784835.688475,-0.4325794704843216,0.001994425853114601,0.003527297095404114,0.0035272970954040904
2025-08-04,0.0,-4784835.688475,2648213.0,-2136622.6884749997,-2136622.6884749997,0.0,4784835.688475,4784835.688475,-0.44654045145612387,-0.013960980971802261,-0.024604293016536993,-0.02460429301653693
2025-08-05,0.0,-4784835.688475,2676841.0,-2107994.6884749997,-2107994.6884749997,0.0,4784835.688475,4784835.688475,-0.44055738289037255,0.005983068565751315,0.010810308687405179,0.010810308687405432
2025-08-06,0.0,-4784835.688475,2567096.0,-2217739.6884749997,-2217739.6884749997,0.0,4784835.688475,4784835.688475,-0.46349338469798684,-0.022936001807614292,-0.04099795243721971,-0.04099795243721984
2025-08-07,0.0,-4784835.688475,2648213.0,-2136622.6884749997,-2136622.6884749997,0.0,4784835.688475,4784835.688475,-0.44654045145612387,0.016952933241862977,0.03159874036654653,0.03159874036654648
2025-08-08,0.0,-4784835.688475,2638669.0,-2146166.6884749997,-2146166.6884749997,0.0,4784835.688475,4784835.688475,-0.448535086302831,-0.001994634846707144,-0.003603939713308635,-0.0036039397133085594
2025-08-11,0.0,-4784835.688475,2614811.0,-2170024.6884749997,-2170024.6884749997,0.0,4784835.688475,4784835.688475,-0.4535212554324138,-0.004986169129582774,-0.009041679725649399,-0.00904167972564956
2025-08-12,0.0,-4784835.688475,2633897.0,-2150938.6884749997,-2150938.6884749997,0.0,4784835.688475,4784835.688475,-0.4495324037261845,0.003988851706229257,0.007299189119213567,0.007299189119213587
2025-08-13,0.0,-4784835.688475,2624355.0,-2160480.6884749997,-2160480.6884749997,0.0,4784835.688475,4784835.688475,-0.45152662058570664,-0.0019942168595221132,-0.003622768847832747,-0.003622768847832698
2025-08-14,0.0,-4784835.688475,2662527.0,-2122308.6884749997,-2122308.6884749997,0.0,4784835.688475,4784835.688475,-0.44354891717324824,0.007977703412458403,0.014545288270832124,0.014545288270832261
2025-08-15,0.0,-4784835.688475,2614811.0,-2170024.6884749997,-2170024.6884749997,0.0,4784835.688475,4784835.688475,-0.4535212554324138,-0.009972338259165547,-0.017921320610081892,-0.017921320610082076
2025-08-18,0.0,-4784835.688475,2614811.0,-2170024.6884749997,-2170024.6884749997,0.0,4784835.688475,4784835.688475,-0.4535212554324138,0.0,0.0,0.0
2025-08-19,0.0,-4784835.688475,2590954.0,-2193881.6884749997,-2193881.6884749997,0.0,4784835.688475,4784835.688475,-0.45850721556840407,-0.004985960135990286,-0.009123795180607686,-0.0091237951806077
2025-08-20,0.0,-4784835.688475,2500294.0,-2284541.6884749997,-2284541.6884749997,0.0,4784835.688475,4784835.688475,-0.4774545746633816,-0.018947359094977523,-0.034990972437179524,-0.03499097243717951
2025-08-21,0.0,-4784835.688475,2500294.0,-2284541.6884749997,-2284541.6884749997,0.0,4784835.688475,4784835.688475,-0.4774545746633816,0.0,0.0,0.0
2025-08-22,0.0,-4784835.688475,2509838.0,-2274997.6884749997,-2274997.6884749997,0.0,4784835.688475,4784835.688475,-0.4754599398166745,0.0019946348467070885,0.0038171511030300476,0.0038171511030302835
2025-08-25,0.0,-4784835.688475,2590954.0,-2193881.6884749997,-2193881.6884749997,0.0,4784835.688475,4784835.688475,-0.45850721556840407,0.016952724248270434,0.032319217415626156,0.03231921741562603
2025-08-26,0.0,-4784835.688475,2638669.0,-2146166.6884749997,-2146166.6884749997,0.0,4784835.688475,4784835.688475,-0.448535086302831,0.00997212926557306,0.018415996578866167,0.018415996578866316
2025-08-27,0.0,-4784835.688475,2738872.0,-2045963.6884749997,-2045963.6884749997,0.0,4784835.688475,4784835.688475,-0.42759330135473883,0.02094178494809218,0.03797482746035974,0.03797482746035975
2025-08-28,0.0,-4784835.688475,2700699.0,-2084136.6884749997,-2084136.6884749997,0.0,4784835.688475,4784835.688475,-0.4355712137607898,-0.007977912406050947,-0.013937489594256336,-0.013937489594256322
2025-08-29,0.0,-4784835.688475,2719785.0,-2065050.6884749997,-2065050.6884749997,0.0,4784835.688475,4784835.688475,-0.4315823620545605,0.003988851706229257,0.007067059305757573,0.007067059305757509
2025-09-01,0.0,-4784835.688475,2715014.0,-2069821.6884749997,-2069821.6884749997,0.0,4784835.688475,4784835.688475,-0.4325794704843216,-0.0009971084297610844,-0.001754182775476787,-0.0017541827754767381
2025-09-02,0.0,-4784835.688475,2738872.0,-2045963.6884749997,-2045963.6884749997,0.0,4784835.688475,4784835.688475,-0.42759330135473883,0.004986169129582774,0.008787431667018897,0.008787431667019029
2025-09-03,0.0,-4784835.688475,2891562.0,-1893273.6884749997,-1893273.6884749997,0.0,4784835.688475,4784835.688475,-0.39568206971772,0.03191123163701881,0.055749228149398755,0.05574922814939873
2025-09-04,0.0,-4784835.688475,2815216.0,-1969619.6884749997,-1969619.6884749997,0.0,4784835.688475,4784835.688475,-0.4116378945298219,-0.015955824812101893,-0.026403030611136802,-0.02640303061113682
2025-09-05,0.0,-4784835.688475,2934505.0,-1850330.6884749997,-1850330.6884749997,0.0,4784835.688475,4784835.688475,-0.38670725787550053,0.02493063665432138,0.04237294758199717,0.042372947581997264
2025-09-08,0.0,-4784835.688475,2948820.0,-1836015.6884749997,-1836015.6884749997,0.0,4784835.688475,4784835.688475,-0.38371551459903236,0.002991743276468173,0.004878165141991575,0.004878165141991579
2025-09-09,0.0,-4784835.688475,2924963.0,-1859872.6884749997,-1859872.6884749997,0.0,4784835.688475,4784835.688475,-0.38870147473502265,-0.004985960135990286,-0.00809035478598219,-0.00809035478598219
2025-09-10,0.0,-4784835.688475,2939277.0,-1845558.6884749997,-1845558.6884749997,0.0,4784835.688475,4784835.688475,-0.38570994045214696,0.0029915342828756852,0.004893737117358521,0.004893737117358407
2025-09-11,0.0,-4784835.688475,2915419.0,-1869416.6884749997,-1869416.6884749997,0.0,4784835.688475,4784835.688475,-0.39069610958172973,-0.004986169129582774,-0.008116962096461178,-0.008116962096461136
2025-09-12,0.0,-4784835.688475,3039480.0,-1745355.6884749997,-1745355.6884749997,0.0,4784835.688475,4784835.688475,-0.3647681555040548,0.025927954077674953,0.04255340313004763,0.04255340313004752
2025-09-15,0.0,-4784835.688475,2982221.0,-1802614.6884749997,-1802614.6884749997,0.0,4784835.688475,4784835.688475,-0.37673491961633493,-0.011966764112280148,-0.018838419729690692,-0.018838419729690605
2025-09-16,0.0,-4784835.688475,2953591.0,-1831244.6884749997,-1831244.6884749997,0.0,4784835.688475,4784835.688475,-0.3827184061692713,-0.005983486552936346,-0.009600227481464163,-0.009600227481464317
2025-09-17,0.0,-4784835.688475,3068109.0,-1716726.6884749997,-1716726.6884749997,0.0,4784835.688475,4784835.688475,-0.3587848779447109,0.023933528224560352,0.03877246375683008,0.038772463756830244
2025-09-18,0.0,-4784835.688475,3087195.0,-1697640.6884749997,-1697640.6884749997,0.0,4784835.688475,4784835.688475,-0.3547960262384817,0.003988851706229202,0.006220769861826847,0.006220769861826943
2025-09-19,0.0,-4784835.688475,3039480.0,-1745355.6884749997,-1745355.6884749997,0.0,4784835.688475,4784835.688475,-0.3647681555040548,-0.00997212926557306,-0.015455777817727667,-0.015455777817727744
2025-09-22,0.0,-4784835.688475,3029937.0,-1754898.6884749997,-1754898.6884749997,0.0,4784835.688475,4784835.688475,-0.3667625813571694,-0.001994425853114601,-0.003139681787674209,-0.0031396817876742076
2025-09-23,0.0,-4784835.688475,3106282.0,-1678553.6884749997,-1678553.6884749997,0.0,4784835.688475,4784835.688475,-0.35080696553866,0.015955615818509405,0.02519689353276977,0.025196893532769823
2025-09-24,0.0,-4784835.688475,2958363.0,-1826472.6884749997,-1826472.6884749997,0.0,4784835.688475,4784835.688475,-0.38172108874591776,-0.030914123207257782,-0.04761930822764959,-0.04761930822764965
2025-09-25,0.0,-4784835.688475,2958363.0,-1826472.6884749997,-1826472.6884749997,0.0,4784835.688475,4784835.688475,-0.38172108874591776,0.0,0.0,0.0
2025-09-26,0.0,-4784835.688475,2858160.0,-1926675.6884749997,-1926675.6884749997,0.0,4784835.688475,4784835.688475,-0.4026628736940099,-0.020941784948092124,-0.03387109695463342,-0.033871096954633355
2025-09-30,0.0,-4784835.688475,2929734.0,-1855101.6884749997,-1855101.6884749997,0.0,4784835.688475,4784835.688475,-0.38770436630526156,0.014958507388748321,0.025041985053321003,0.025041985053321017
2025-10-01,0.0,-4784835.688475,2882018.0,-1902817.6884749997,-1902817.6884749997,0.0,4784835.688475,4784835.688475,-0.3976767045644271,-0.009972338259165547,-0.016286802829199032,-0.016286802829198827
2025-10-02,0.0,-4784835.688475,2872476.0,-1912359.6884749997,-1912359.6884749997,0.0,4784835.688475,4784835.688475,-0.3996709214239493,-0.0019942168595221688,-0.003310874533052899,-0.003310874533052882
2025-10-03,0.0,-4784835.688475,2853390.0,-1931445.6884749997,-1931445.6884749997,0.0,4784835.688475,4784835.688475,-0.4036597731301785,-0.003988851706229202,-0.0066444419378960395,-0.006644441937896087
2025-10-07,0.0,-4784835.688475,2802642.0,-1982193.6884749997,-1982193.6884749997,0.0,4784835.688475,4784835.688475,-0.41426577996176817,-0.010606006831589687,-0.017785160808722167,-0.017785160808722257
2025-10-08,0.0,-4784835.688475,2792994.0,-1991841.6884749997,-1991841.6884749997,0.0,4784835.688475,4784835.688475,-0.416282150142094,-0.002016370180325855,-0.0034424660730838497,-0.0034424660730838974
2025-10-09,0.0,-4784835.688475,2846056.0,-1938779.6884749997,-1938779.6884749997,0.0,4784835.688475,4784835.688475,-0.40519253213748674,0.011089618004607282,0.018998250622808355,0.018998250622808355
2025-10-13,0.0,-4784835.688475,2720637.0,-2064198.6884749997,-2064198.6884749997,0.0,4784835.688475,4784835.688475,-0.43140429951376064,-0.026211767376273898,-0.04406765010948477,-0.044067650109484845
2025-10-14,0.0,-4784835.688475,2744756.0,-2040079.6884749997,-2040079.6884749997,0.0,4784835.688475,4784835.688475,-0.42636358305653843,0.005040716457222205,0.00886520325938367,0.00886520325938374
2025-10-15,0.0,-4784835.688475,2720637.0,-2064198.6884749997,-2064198.6884749997,0.0,4784835.688475,4784835.688475,-0.43140429951376064,-0.005040716457222205,-0.008787302040691336,-0.008787302040691412
2025-10-16,0.0,-4784835.688475,2701341.0,-2083494.6884749997,-2083494.6884749997,0.0,4784835.688475,4784835.688475,-0.43543703987441235,-0.00403274036065171,-0.007092456656290325,-0.00709245665629042
2025-10-17,0.0,-4784835.688475,2657927.0,-2126908.6884749997,-2126908.6884749997,0.0,4784835.688475,4784835.688475,-0.4445102876986938,-0.009073247824281427,-0.016071277191587408,-0.01607127719158744
2025-10-20,0.0,-4784835.688475,2662751.0,-2122084.6884749997,-2122084.6884749997,0.0,4784835.688475,4784835.688475,-0.44350210260853085,0.0010081850901629275,0.001814948266073424,0.0018149482660735226
2025-10-21,0.0,-4784835.688475,2715813.0,-2069022.6884749997,-2069022.6884749997,0.0,4784835.688475,4784835.688475,-0.43241248460392356,0.011089618004607282,0.019927511059051328,0.019927511059051335
2025-10-22,0.0,-4784835.688475,2691694.0,-2093141.6884749997,-2093141.6884749997,0.0,4784835.688475,4784835.688475,-0.4374532010611457,-0.00504071645722215,-0.008880950197970083,-0.008880950197970184
2025-10-23,0.0,-4784835.688475,2609689.0,-2175146.6884749997,-2175146.6884749997,0.0,4784835.688475,4784835.688475,-0.4545917206131382,-0.01713851955199247,-0.03046594449443374,-0.030465944494433617
2025-10-27,0.0,-4784835.688475,2619337.0,-2165498.6884749997,-2165498.6884749997,0.0,4784835.688475,4784835.688475,-0.45257535043281233,0.002016370180325855,0.0036969922469689553,0.0036969922469688916
2025-10-28,0.0,-4784835.688475,2585570.0,-2199265.6884749997,-2199265.6884749997,0.0,4784835.688475,4784835.688475,-0.4596324370703604,-0.00705708663754806,-0.012891430159616801,-0.012891430159616727
2025-10-29,0.0,-4784835.688475,2585570.0,-2199265.6884749997,-2199265.6884749997,0.0,4784835.688475,4784835.688475,-0.4596324370703604,0.0,0.0,0.0
2025-10-30,0.0,-4784835.688475,2546980.0,-2237855.6884749997,-2237855.6884749997,0.0,4784835.688475,4784835.688475,-0.4676974998044789,-0.0080650627341185,-0.014925142231693722,-0.014925142231693592
2025-10-31,0.0,-4784835.688475,2585570.0,-2199265.6884749997,-2199265.6884749997,0.0,4784835.688475,4784835.688475,-0.4596324370703604,0.0080650627341185,0.015151277198878654,0.015151277198878672
2025-11-03,0.0,-4784835.688475,2571098.0,-2213737.6884749997,-2213737.6884749997,0.0,4784835.688475,4784835.688475,-0.46265699234084917,-0.0030245552704887824,-0.005597218408320059,-0.005597218408320022
2025-11-04,0.0,-4784835.688475,2575923.0,-2208912.6884749997,-2208912.6884749997,0.0,4784835.688475,4784835.688475,-0.46164859825709376,0.001008394083755415,0.0018766301401194063,0.0018766301401191242
2025-11-05,0.0,-4784835.688475,2508389.0,-2276446.6884749997,-2276446.6884749997,0.0,4784835.688475,4784835.688475,-0.4757627715321899,-0.01411417327509612,-0.02621739857907268,-0.026217398579072432
2025-11-06,0.0,-4784835.688475,2566275.0,-2218560.6884749997,-2218560.6884749997,0.0,4784835.688475,4784835.688475,-0.4636649684374196,0.012097803094770265,0.023076962943147983,0.023076962943147972
2025-11-07,0.0,-4784835.688475,2513213.0,-2271622.6884749997,-2271622.6884749997,0.0,4784835.688475,4784835.688475,-0.47475458644202695,-0.011089618004607338,-0.02067666169837601,-0.02067666169837605
2025-11-10,0.0,-4784835.688475,2551803.0,-2233032.6884749997,-2233032.6884749997,0.0,4784835.688475,4784835.688475,-0.46668952370790845,0.0080650627341185,0.01535484656493491,0.015354846564935005
2025-11-11,0.0,-4784835.688475,2484269.0,-2300566.6884749997,-2300566.6884749997,0.0,4784835.688475,4784835.688475,-0.48080369698300457,-0.01411417327509612,-0.02646520910901018,-0.026465209109010374
2025-11-12,0.0,-4784835.688475,2469799.0,-2315036.6884749997,-2315036.6884749997,0.0,4784835.688475,4784835.688475,-0.4838278342663084,-0.003024137283303807,-0.005824651034167405,-0.005824651034167395
2025-11-13,0.0,-4784835.688475,2411913.0,-2372922.6884749997,-2372922.6884749997,0.0,4784835.688475,4784835.688475,-0.49592563736107864,-0.012097803094770265,-0.02343753479534172,-0.023437534795341646
2025-11-14,0.0,-4784835.688475,2315436.0,-2469399.6884749997,-2469399.6884749997,0.0,4784835.688475,4784835.688475,-0.5160887121835599,-0.020163074822481253,-0.04000019901215346,-0.040000199012153424
2025-11-17,0.0,-4784835.688475,2546980.0,-2237855.6884749997,-2237855.6884749997,0.0,4784835.688475,4784835.688475,-0.4676974998044789,0.048391212379081006,0.10000017275364104,0.10000017275364122
2025-11-18,0.0,-4784835.688475,2580746.0,-2204089.6884749997,-2204089.6884749997,0.0,4784835.688475,4784835.688475,-0.4606406221605233,0.0070568776439555725,0.013257269393556426,0.01325726939355629
2025-11-19,0.0,-4784835.688475,2551803.0,-2233032.6884749997,-2233032.6884749997,0.0,4784835.688475,4784835.688475,-0.46668952370790845,-0.006048901547385133,-0.011214974274880385,-0.01121497427488021
2025-11-20,0.0,-4784835.688475,2556627.0,-2228208.6884749997,-2228208.6884749997,0.0,4784835.688475,4784835.688475,-0.46568133861774547,0.001008185090162983,0.001890428062041094,0.0018904280620408395
2025-11-21,0.0,-4784835.688475,2575923.0,-2208912.6884749997,-2208912.6884749997,0.0,4784835.688475,4784835.688475,-0.46164859825709376,0.00403274036065171,0.007547444347572041,0.007547444347572016
2025-11-24,0.0,-4784835.688475,2633809.0,-2151026.6884749997,-2151026.6884749997,0.0,4784835.688475,4784835.688475,-0.4495507951623235,0.012097803094770265,0.02247194500767291,0.022471945007672977
2025-11-25,0.0,-4784835.688475,2614513.0,-2170322.6884749997,-2170322.6884749997,0.0,4784835.688475,4784835.688475,-0.45358353552297526,-0.004032740360651765,-0.007326271570945453,-0.00732627157094535
2025-11-26,0.0,-4784835.688475,2667576.0,-2117259.6884749997,-2117259.6884749997,0.0,4784835.688475,4784835.688475,-0.44249370852477543,0.011089826998199825,0.020295557910784856,0.020295557910784915
2025-11-27,0.0,-4784835.688475,2682046.0,-2102789.6884749997,-2102789.6884749997,0.0,4784835.688475,4784835.688475,-0.4394695712414716,0.003024137283303807,0.005424400279504749,0.005424400279504689
2025-11-28,0.0,-4784835.688475,2725461.0,-2059374.6884749997,-2059374.6884749997,0.0,4784835.688475,4784835.688475,-0.43039611442359765,0.00907345681787397,0.016187268973015145,0.016187268973015378
2025-12-01,0.0,-4784835.688475,2735108.0,-2049727.6884749997,-2049727.6884749997,0.0,4784835.688475,4784835.688475,-0.4283799532368643,0.0020161611867333673,0.0035395846794359365,0.0035395846794358827
2025-12-02,0.0,-4784835.688475,2657927.0,-2126908.6884749997,-2126908.6884749997,0.0,4784835.688475,4784835.688475,-0.4445102876986938,-0.016130334461829487,-0.02821862975794731,-0.0282186297579474
2025-12-03,0.0,-4784835.688475,2580746.0,-2204089.6884749997,-2204089.6884749997,0.0,4784835.688475,4784835.688475,-0.4606406221605233,-0.016130334461829543,-0.029038043558005988,-0.02903804355800592
2025-12-04,0.0,-4784835.688475,2614513.0,-2170322.6884749997,-2170322.6884749997,0.0,4784835.688475,4784835.688475,-0.45358353552297526,0.00705708663754806,0.013084201234836668,0.01308420123483675
2025-12-05,0.0,-4784835.688475,2604865.0,-2179970.6884749997,-2179970.6884749997,0.0,4784835.688475,4784835.688475,-0.4555999057033011,-0.002016370180325855,-0.0036901709802169558,-0.0036901709802169658
2025-12-08,0.0,-4784835.688475,2595218.0,-2189617.6884749997,-2189617.6884749997,0.0,4784835.688475,4784835.688475,-0.4576160668900345,-0.0020161611867333673,-0.0037034548815387813,-0.0037034548815389665
2025-12-09,0.0,-4784835.688475,2604865.0,-2179970.6884749997,-2179970.6884749997,0.0,4784835.688475,4784835.688475,-0.4555999057033011,0.0020161611867333673,0.0037172214434393336,0.0037172214434394338
2025-12-10,0.0,-4784835.688475,2624160.0,-2160675.6884749997,-2160675.6884749997,0.0,4784835.688475,4784835.688475,-0.45156737433624183,0.004032531367059278,0.007407293660132153,0.007407293660132099
2025-12-11,0.0,-4784835.688475,2522861.0,-2261974.6884749997,-2261974.6884749997,0.0,4784835.688475,4784835.688475,-0.4727382162617011,-0.02117084192545926,-0.03860244802146218,-0.03860244802146211
2025-12-12,0.0,-4784835.688475,2503565.0,-2281270.6884749997,-2281270.6884749997,0.0,4784835.688475,4784835.688475,-0.4767709566223528,-0.00403274036065171,-0.007648459427610055,-0.0076484594276101615
2025-12-15,0.0,-4784835.688475,2450503.0,-2334332.6884749997,-2334332.6884749997,0.0,4784835.688475,4784835.688475,-0.48786057462696014,-0.011089618004607338,-0.021194576533862808,-0.02119457653386271
2025-12-16,0.0,-4784835.688475,2411913.0,-2372922.6884749997,-2372922.6884749997,0.0,4784835.688475,4784835.688475,-0.49592563736107864,-0.0080650627341185,-0.015747787291017223,-0.015747787291017397
2025-12-17,0.0,-4784835.688475,2407088.0,-2377747.6884749997,-2377747.6884749997,0.0,4784835.688475,4784835.688475,-0.49693403144483406,-0.001008394083755415,-0.0020004867505585278,-0.0020004867505585815
2025-12-18,0.0,-4784835.688475,2349203.0,-2435632.6884749997,-2435632.6884749997,0.0,4784835.688475,4784835.688475,-0.5090316255460118,-0.012097594101177722,-0.024047729040234445,-0.024047729040234507
2025-12-19,0.0,-4784835.688475,2349203.0,-2435632.6884749997,-2435632.6884749997,0.0,4784835.688475,4784835.688475,-0.5090316255460118,0.0,0.0,0.0
2025-12-22,0.0,-4784835.688475,2358851.0,-2425984.6884749997,-2425984.6884749997,0.0,4784835.688475,4784835.688475,-0.5070152553656859,0.002016370180325855,0.004106924774061715,0.004106924774061671
2025-12-23,0.0,-4784835.688475,2320259.0,-2464576.6884749997,-2464576.6884749997,0.0,4784835.688475,4784835.688475,-0.5150807360869895,-0.00806548072130353,-0.016360507721768003,-0.01636050772176793
2025-12-24,0.0,-4784835.688475,2320259.0,-2464576.6884749997,-2464576.6884749997,0.0,4784835.688475,4784835.688475,-0.5150807360869895,0.0,0.0,0.0
2025-12-26,0.0,-4784835.688475,2286493.0,-2498342.6884749997,-2498342.6884749997,0.0,4784835.688475,4784835.688475,-0.522137613730945,-0.0070568776439555725,-0.01455268571310353,-0.01455268571310358
2025-12-29,0.0,-4784835.688475,2315436.0,-2469399.6884749997,-2469399.6884749997,0.0,4784835.688475,4784835.688475,-0.5160887121835599,0.006048901547385133,0.012658249992455683,0.012658249992455696
2025-12-30,0.0,-4784835.688475,2320259.0,-2464576.6884749997,-2464576.6884749997,0.0,4784835.688475,4784835.688475,-0.5150807360869895,0.0010079760965704399,0.0020829770289483296,0.002082977028948328
2025-12-31,0.0,-4784835.688475,2315436.0,-2469399.6884749997,-2469399.6884749997,0.0,4784835.688475,4784835.688475,-0.5160887121835599,-0.0010079760965704399,-0.0020786472544659373,-0.0020786472544659885
2026-01-02,0.0,-4784835.688475,2334731.0,-2450104.6884749997,-2450104.6884749997,0.0,4784835.688475,4784835.688475,-0.5120561808165006,0.004032531367059278,0.008333203768102537,0.008333203768102423
2026-01-05,0.0,-4784835.688475,2276845.0,-2507990.6884749997,-2507990.6884749997,0.0,4784835.688475,4784835.688475,-0.5241539839112709,-0.012097803094770265,-0.024793434447051954,-0.02479343444705193
2026-01-06,0.0,-4784835.688475,2363674.0,-2421161.6884749997,-2421161.6884749997,0.0,4784835.688475,4784835.688475,-0.5060072792691155,0.018146704642155398,0.03813566580070238,0.03813566580070229
2026-01-07,0.0,-4784835.688475,2382969.0,-2401866.6884749997,-2401866.6884749997,0.0,4784835.688475,4784835.688475,-0.5019747479020562,0.004032531367059278,0.008163139248475115,0.008163139248475044
2026-01-08,0.0,-4784835.688475,2455327.0,-2329508.6884749997,-2329508.6884749997,0.0,4784835.688475,4784835.688475,-0.4868523895367972,0.015122358365258992,0.030364641755725508,0.030364641755725737
2026-01-09,0.0,-4784835.688475,2382969.0,-2401866.6884749997,-2401866.6884749997,0.0,4784835.688475,4784835.688475,-0.5019747479020562,-0.015122358365258992,-0.02946980178200287,-0.029469801782002966
2026-01-12,0.0,-4784835.688475,2378146.0,-2406689.6884749997,-2406689.6884749997,0.0,4784835.688475,4784835.688475,-0.5029827239986266,-0.0010079760965704399,-0.0020239457584214637,-0.0020239457584215323
2026-01-13,0.0,-4784835.688475,2325084.0,-2459751.6884749997,-2459751.6884749997,0.0,4784835.688475,4784835.688475,-0.514072342003234,-0.011089618004607393,-0.02231233910785979,-0.022312339107859652
2026-01-14,0.0,-4784835.688475,2344379.0,-2440456.6884749997,-2440456.6884749997,0.0,4784835.688475,4784835.688475,-0.5100398106361748,0.004032531367059278,0.008298624909895747,0.00829862490989573
2026-01-15,0.0,-4784835.688475,2310612.0,-2474223.6884749997,-2474223.6884749997,0.0,4784835.688475,4784835.688475,-0.5170968972737228,-0.007057086637548005,-0.014403387848125115,-0.014403387848125239
2026-01-16,0.0,-4784835.688475,2305789.0,-2479046.6884749997,-2479046.6884749997,0.0,4784835.688475,4784835.688475,-0.5181048733702933,-0.0010079760965705509,-0.002087325782087368,-0.00208732578208717
2026-01-19,0.0,-4784835.688475,2416736.0,-2368099.6884749997,-2368099.6884749997,0.0,4784835.688475,4784835.688475,-0.4949176612645082,0.023187212105785115,0.04811671839877807,0.048116718398778034
2026-01-20,0.0,-4784835.688475,2358851.0,-2425984.6884749997,-2425984.6884749997,0.0,4784835.688475,4784835.688475,-0.5070152553656859,-0.012097594101177722,-0.02395172662632572,-0.023951726626325755
2026-01-21,0.0,-4784835.688475,2291317.0,-2493518.6884749997,-2493518.6884749997,0.0,4784835.688475,4784835.688475,-0.521129428640782,-0.01411417327509612,-0.02863004064266883,-0.028630040642668823
2026-01-22,0.0,-4784835.688475,2291317.0,-2493518.6884749997,-2493518.6884749997,0.0,4784835.688475,4784835.688475,-0.521129428640782,0.0,0.0,0.0
2026-01-23,0.0,-4784835.688475,2349203.0,-2435632.6884749997,-2435632.6884749997,0.0,4784835.688475,4784835.688475,-0.5090316255460118,0.012097803094770265,0.025263200159558963,0.02526320015955889
2026-01-26,0.0,-4784835.688475,2368498.0,-2416337.6884749997,-2416337.6884749997,0.0,4784835.688475,4784835.688475,-0.5049990941789526,0.004032531367059167,0.008213423871840542,0.00821342387184079
2026-01-27,0.0,-4784835.688475,2382969.0,-2401866.6884749997,-2401866.6884749997,0.0,4784835.688475,4784835.688475,-0.5019747479020562,0.0030243462768964058,0.006109779277837957,0.006109779277837684
2026-01-28,0.0,-4784835.688475,2354026.0,-2430809.6884749997,-2430809.6884749997,0.0,4784835.688475,4784835.688475,-0.5080236494494413,-0.006048901547385133,-0.012145772773376473,-0.012145772773376405
2026-01-29,0.0,-4784835.688475,2378146.0,-2406689.6884749997,-2406689.6884749997,0.0,4784835.688475,4784835.688475,-0.5029827239986266,0.005040925450814693,0.010246275954471251,0.01024627595447119
2026-01-30,0.0,-4784835.688475,2305789.0,-2479046.6884749997,-2479046.6884749997,0.0,4784835.688475,4784835.688475,-0.5181048733702933,-0.015122149371666671,-0.030425802284637093,-0.030425802284636854
2026-02-02,0.0,-4784835.688475,2276845.0,-2507990.6884749997,-2507990.6884749997,0.0,4784835.688475,4784835.688475,-0.5241539839112709,-0.006049110540977565,-0.012552753092325397,-0.012552753092325447
2026-02-03,0.0,-4784835.688475,2262374.0,-2522461.6884749997,-2522461.6884749997,0.0,4784835.688475,4784835.688475,-0.5271783301881672,-0.0030243462768962948,-0.006355724697992171,-0.006355724697992178
2026-02-04,0.0,-4784835.688475,2243078.0,-2541757.6884749997,-2541757.6884749997,0.0,4784835.688475,4784835.688475,-0.5312110705488189,-0.00403274036065171,-0.00852909377494604,-0.00852909377494614
2026-02-05,0.0,-4784835.688475,2209311.0,-2575524.6884749997,-2575524.6884749997,0.0,4784835.688475,4784835.688475,-0.538268157186367,-0.007057086637548116,-0.015053867943959243,-0.015053867943959149
2026-02-06,0.0,-4784835.688475,2122483.0,-2662352.6884749997,-2662352.6884749997,0.0,4784835.688475,4784835.688475,-0.5564146528349299,-0.018146495648562855,-0.03930094042893906,-0.039300940428939155
2026-02-09,0.0,-4784835.688475,2165897.0,-2618938.6884749997,-2618938.6884749997,0.0,4784835.688475,4784835.688475,-0.5473414050106484,0.009073247824281427,0.02045434521737044,0.02045434521737041
2026-02-10,0.0,-4784835.688475,2204488.0,-2580347.6884749997,-2580347.6884749997,0.0,4784835.688475,4784835.688475,-0.5392761332829374,0.008065271727710988,0.017817560114816056,0.01781756011481617
2026-02-11,0.0,-4784835.688475,2151426.0,-2633409.6884749997,-2633409.6884749997,0.0,4784835.688475,4784835.688475,-0.5503657512875447,-0.011089618004607282,-0.02406998813329886,-0.02406998813329898
2026-02-23,0.0,-4784835.688475,2185193.0,-2599642.6884749997,-2599642.6884749997,0.0,4784835.688475,4784835.688475,-0.5433086646499967,0.007057086637548005,0.01569517148161248,0.01569517148161266
2026-02-24,0.0,-4784835.688475,2175545.0,-2609290.6884749997,-2609290.6884749997,0.0,4784835.688475,4784835.688475,-0.5453250348303226,-0.002016370180325855,-0.004415170650830302,-0.004415170650830384
2026-02-25,0.0,-4784835.688475,2098363.0,-2686472.6884749997,-2686472.6884749997,0.0,4784835.688475,4784835.688475,-0.5614555782857445,-0.016130543455421975,-0.035477087350525904,-0.03547708735052596
2026-02-26,0.0,-4784835.688475,2112835.0,-2672000.6884749997,-2672000.6884749997,0.0,4784835.688475,4784835.688475,-0.5584310230152557,0.003024555270488838,0.006896804794976008,0.006896804794975893
2026-03-02,0.0,-4784835.688475,2050126.0,-2734709.6884749997,-2734709.6884749997,0.0,4784835.688475,4784835.688475,-0.5715368022065964,-0.013105779191340705,-0.029680027072629955,-0.029680027072629903
2026-03-03,0.0,-4784835.688475,1929530.0,-2855305.6884749997,-2855305.6884749997,0.0,4784835.688475,4784835.688475,-0.5967405934862999,-0.025203791279703514,-0.058823701567611186,-0.058823701567610964
2026-03-04,0.0,-4784835.688475,1828229.0,-2956606.6884749997,-2956606.6884749997,0.0,4784835.688475,4784835.688475,-0.617911853398944,-0.021171259912644125,-0.05250034982612328,-0.05250034982612346
2026-03-05,0.0,-4784835.688475,1924706.0,-2860129.6884749997,-2860129.6884749997,0.0,4784835.688475,4784835.688475,-0.5977487785764628,0.020163074822481253,0.05277074152089267,0.052770741520892624
2026-03-06,0.0,-4784835.688475,1934353.0,-2850482.6884749997,-2850482.6884749997,0.0,4784835.688475,4784835.688475,-0.5957326173897295,0.002016161186733312,0.005012194070159071,0.0050121940701592866
2026-03-09,0.0,-4784835.688475,1842701.0,-2942134.6884749997,-2942134.6884749997,0.0,4784835.688475,4784835.688475,-0.6148872981284553,-0.019154680738725838,-0.047381217388966834,-0.04738121738896675
2026-03-10,0.0,-4784835.688475,1784815.0,-3000020.6884749997,-3000020.6884749997,0.0,4784835.688475,4784835.688475,-0.6269851012232255,-0.012097803094770154,-0.0314136693907473,-0.031413669390747606
2026-03-11,0.0,-4784835.688475,1857172.0,-2927663.6884749997,-2927663.6884749997,0.0,4784835.688475,4784835.688475,-0.6118629518515589,0.01512214937166656,0.04054033611326657,0.04054033611326664
2026-03-12,0.0,-4784835.688475,1857172.0,-2927663.6884749997,-2927663.6884749997,0.0,4784835.688475,4784835.688475,-0.6118629518515589,0.0,0.0,0.0
2026-03-13,0.0,-4784835.688475,1852349.0,-2932486.6884749997,-2932486.6884749997,0.0,4784835.688475,4784835.688475,-0.6128709279481294,-0.0010079760965704399,-0.0025969592477164127,-0.0025969592477164205
2026-03-16,0.0,-4784835.688475,1808934.0,-2975901.6884749997,-2975901.6884749997,0.0,4784835.688475,4784835.688475,-0.6219443847660033,-0.00907345681787397,-0.023437807886094952,-0.0234378078860949
2026-03-17,0.0,-4784835.688475,1794463.0,-2990372.6884749997,-2990372.6884749997,0.0,4784835.688475,4784835.688475,-0.6249687310428996,-0.0030243462768962948,-0.007999739072846124,-0.007999739072846217
2026-03-18,0.0,-4784835.688475,1804110.0,-2980725.6884749997,-2980725.6884749997,0.0,4784835.688475,4784835.688475,-0.6229525698561663,0.002016161186733312,0.005375981561057452,0.005375981561057542
2026-03-19,0.0,-4784835.688475,1678691.0,-3106144.6884749997,-3106144.6884749997,0.0,4784835.688475,4784835.688475,-0.6491643372324402,-0.026211767376273842,-0.06951848834051133,-0.06951848834051139
2026-03-20,0.0,-4784835.688475,1842701.0,-2942134.6884749997,-2942134.6884749997,0.0,4784835.688475,4784835.688475,-0.6148872981284553,0.03427703910398483,0.09770112546025422,0.09770112546025445
2026-03-23,0.0,-4784835.688475,1915058.0,-2869777.6884749997,-2869777.6884749997,0.0,4784835.688475,4784835.688475,-0.5997651487567887,0.015122149371666671,0.03926681539761501,0.039266815397614695
2026-03-24,0.0,-4784835.688475,1804110.0,-2980725.6884749997,-2980725.6884749997,0.0,4784835.688475,4784835.688475,-0.6229525698561663,-0.02318742109937766,-0.0579345377529038,-0.05793453775290357
2026-03-25,0.0,-4784835.688475,1818582.0,-2966253.6884749997,-2966253.6884749997,0.0,4784835.688475,4784835.688475,-0.6199280145856775,0.003024555270488838,0.008021683821940018,0.008021683821939903
2026-03-26,0.0,-4784835.688475,1775168.0,-3009667.6884749997,-3009667.6884749997,0.0,4784835.688475,4784835.688475,-0.6290012624099589,-0.009073247824281427,-0.02387244567470692,-0.023872445674706998
2026-03-27,0.0,-4784835.688475,1722106.0,-3062729.6884749997,-3062729.6884749997,0.0,4784835.688475,4784835.688475,-0.6400908804145662,-0.011089618004607282,-0.029891255362872626,-0.029891255362872696
2026-03-30,0.0,-4784835.688475,1726929.0,-3057906.6884749997,-3057906.6884749997,0.0,4784835.688475,4784835.688475,-0.6390829043179957,0.0010079760965704399,0.0028006406109728488,0.0028006406109728436
2026-03-31,0.0,-4784835.688475,1659396.0,-3125439.6884749997,-3125439.6884749997,0.0,4784835.688475,4784835.688475,-0.6531968685994994,-0.014113964281503688,-0.03910583469268292,-0.03910583469268279
2026-04-01,0.0,-4784835.688475,1726929.0,-3057906.6884749997,-3057906.6884749997,0.0,4784835.688475,4784835.688475,-0.6390829043179957,0.014113964281503688,0.04069733806758613,0.04069733806758604
2026-04-02,0.0,-4784835.688475,1683514.0,-3101321.6884749997,-3101321.6884749997,0.0,4784835.688475,4784835.688475,-0.6481563611358697,-0.00907345681787397,-0.025140002860569388,-0.025140002860569253
2026-04-07,0.0,-4784835.688475,1707634.0,-3077201.6884749997,-3077201.6884749997,0.0,4784835.688475,4784835.688475,-0.643115435685055,0.005040925450814693,0.014327175182386354,0.014327175182386366
2026-04-08,0.0,-4784835.688475,1770343.0,-3014492.6884749997,-3014492.6884749997,0.0,4784835.688475,4784835.688475,-0.6300096564937143,0.013105779191340705,0.036722740353026584,0.036722740353026466
2026-04-09,0.0,-4784835.688475,1722106.0,-3062729.6884749997,-3062729.6884749997,0.0,4784835.688475,4784835.688475,-0.6400908804145662,-0.010081223920851867,-0.02724726225369878,-0.02724726225369886
2026-04-10,0.0,-4784835.688475,1688339.0,-3096496.6884749997,-3096496.6884749997,0.0,4784835.688475,4784835.688475,-0.6471479670521143,-0.007057086637548116,-0.0196079683828988,-0.019607968382898612
2026-04-13,0.0,-4784835.688475,1760696.0,-3024139.6884749997,-3024139.6884749997,0.0,4784835.688475,4784835.688475,-0.6320258176804477,0.01512214937166656,0.04285691439930006,0.04285691439930014
2026-04-14,0.0,-4784835.688475,1847524.0,-2937311.6884749997,-2937311.6884749997,0.0,4784835.688475,4784835.688475,-0.6138793220318848,0.018146495648562966,0.049314589230622596,0.04931458923062244
2026-04-15,0.0,-4784835.688475,1919882.0,-2864953.6884749997,-2864953.6884749997,0.0,4784835.688475,4784835.688475,-0.5987569636666258,0.015122358365258992,0.039164849820624514,0.03916484982062479
2026-04-16,0.0,-4784835.688475,2108012.0,-2676823.6884749997,-2676823.6884749997,0.0,4784835.688475,4784835.688475,-0.5594389991118263,0.03931796455479952,0.09799039732650217,0.09799039732650236
2026-04-17,0.0,-4784835.688475,2267198.0,-2517637.6884749997,-2517637.6884749997,0.0,4784835.688475,4784835.688475,-0.5261701450980043,0.03326885401382196,0.07551475039041522,0.07551475039041523
2026-04-20,0.0,-4784835.688475,2267198.0,-2517637.6884749997,-2517637.6884749997,0.0,4784835.688475,4784835.688475,-0.5261701450980043,0.0,0.0,0.0
2026-04-21,0.0,-4784835.688475,2223783.0,-2561052.6884749997,-2561052.6884749997,0.0,4784835.688475,4784835.688475,-0.5352436019158782,-0.00907345681787386,-0.019149187675712387,-0.019149187675712488
2026-04-22,0.0,-4784835.688475,2445679.0,-2339156.6884749997,-2339156.6884749997,0.0,4784835.688475,4784835.688475,-0.48886875971712307,0.046374842198755095,0.09978311732754497,0.099783117327545
2026-04-23,0.0,-4784835.688475,2281669.0,-2503166.6884749997,-2503166.6884749997,0.0,4784835.688475,4784835.688475,-0.5231457988211079,-0.03427703910398483,-0.06706113108057099,-0.06706113108057109
2026-04-24,0.0,-4784835.688475,2382969.0,-2401866.6884749997,-2401866.6884749997,0.0,4784835.688475,4784835.688475,-0.5019747479020562,0.021171050919051693,0.04439732494064641,0.04439732494064652
2026-04-27,0.0,-4784835.688475,2310612.0,-2474223.6884749997,-2474223.6884749997,0.0,4784835.688475,4784835.688475,-0.5170968972737228,-0.01512214937166656,-0.030364222111156303,-0.030364222111156292
2026-04-28,0.0,-4784835.688475,2233431.0,-2551404.6884749997,-2551404.6884749997,0.0,4784835.688475,4784835.688475,-0.5332272317355523,-0.016130334461829543,-0.03340283872844085,-0.03340283872844078
2026-04-29,0.0,-4784835.688475,2223783.0,-2561052.6884749997,-2561052.6884749997,0.0,4784835.688475,4784835.688475,-0.5352436019158782,-0.002016370180325855,-0.004319811088858372,-0.004319811088858353
2026-04-30,0.0,-4784835.688475,2204488.0,-2580347.6884749997,-2580347.6884749997,0.0,4784835.688475,4784835.688475,-0.5392761332829374,-0.004032531367059278,-0.008676655950693113,-0.008676655950693031
2026-05-04,0.0,-4784835.688475,2291317.0,-2493518.6884749997,-2493518.6884749997,0.0,4784835.688475,4784835.688475,-0.521129428640782,0.018146704642155398,0.03938737702359907,0.03938737702359913
2026-05-05,0.0,-4784835.688475,2349203.0,-2435632.6884749997,-2435632.6884749997,0.0,4784835.688475,4784835.688475,-0.5090316255460118,0.012097803094770265,0.025263200159558963,0.02526320015955889
2026-05-06,0.0,-4784835.688475,2329907.0,-2454928.6884749997,-2454928.6884749997,0.0,4784835.688475,4784835.688475,-0.5130643659066636,-0.004032740360651821,-0.008213849548123542,-0.008213849548123342
2026-05-07,0.0,-4784835.688475,2373321.0,-2411514.6884749997,-2411514.6884749997,0.0,4784835.688475,4784835.688475,-0.5039911180823822,0.009073247824281427,0.018633361760791223,0.01863336176079131
2026-05-08,0.0,-4784835.688475,2300964.0,-2483871.6884749997,-2483871.6884749997,0.0,4784835.688475,4784835.688475,-0.5191132674540487,-0.01512214937166656,-0.030487658433056453,-0.030487658433056463
2026-05-11,0.0,-4784835.688475,2440855.0,-2343980.6884749997,-2343980.6884749997,0.0,4784835.688475,4784835.688475,-0.489876944807286,0.029236322646762736,0.060796692169021505,0.06079669216902133
2026-05-12,0.0,-4784835.688475,2368498.0,-2416337.6884749997,-2416337.6884749997,0.0,4784835.688475,4784835.688475,-0.5049990941789526,-0.015122149371666616,-0.029644120605279878,-0.029644120605279708
2026-05-13,0.0,-4784835.688475,2257550.0,-2527285.6884749997,-2527285.6884749997,0.0,4784835.688475,4784835.688475,-0.5281865152783302,-0.023187421099377548,-0.04684318922794106,-0.04684318922794108
2026-05-14,0.0,-4784835.688475,2252726.0,-2532109.6884749997,-2532109.6884749997,0.0,4784835.688475,4784835.688475,-0.529194700368493,-0.001008185090162872,-0.002136829749064151,-0.002136829749064251
2026-05-15,0.0,-4784835.688475,2190016.0,-2594819.6884749997,-2594819.6884749997,0.0,4784835.688475,4784835.688475,-0.5423006885534263,-0.013105988184933248,-0.027837384573179413,-0.02783738457317934
2026-05-18,0.0,-4784835.688475,2156249.0,-2628586.6884749997,-2628586.6884749997,0.0,4784835.688475,4784835.688475,-0.5493577751909743,-0.007057086637548005,-0.015418608813816737,-0.015418608813816886
2026-05-19,0.0,-4784835.688475,2069421.0,-2715414.6884749997,-2715414.6884749997,0.0,4784835.688475,4784835.688475,-0.5675042708395373,-0.018146495648562966,-0.04026807664606469,-0.04026807664606453
2026-05-20,0.0,-4784835.688475,2088716.0,-2696119.6884749997,-2696119.6884749997,0.0,4784835.688475,4784835.688475,-0.563471739472478,0.004032531367059278,0.009323864018003114,0.009323864018003104
2026-05-21,0.0,-4784835.688475,2218959.0,-2565876.6884749997,-2565876.6884749997,0.0,4784835.688475,4784835.688475,-0.5362517870060411,0.027219952466436825,0.06235553325583765,0.06235553325583756
2026-05-22,0.0,-4784835.688475,2315436.0,-2469399.6884749997,-2469399.6884749997,0.0,4784835.688475,4784835.688475,-0.5160887121835599,0.020163074822481253,0.043478495997447464,0.04347849599744745
2026-05-25,0.0,-4784835.688475,2358851.0,-2425984.6884749997,-2425984.6884749997,0.0,4784835.688475,4784835.688475,-0.5070152553656859,0.00907345681787397,0.018750248333359254,0.018750248333359247
2026-05-26,0.0,-4784835.688475,2262374.0,-2522461.6884749997,-2522461.6884749997,0.0,4784835.688475,4784835.688475,-0.5271783301881672,-0.020163074822481253,-0.04089999749878226,-0.040899997498782245
2026-05-27,0.0,-4784835.688475,2199664.0,-2585171.6884749997,-2585171.6884749997,0.0,4784835.688475,4784835.688475,-0.5402843183731004,-0.013105988184933248,-0.02771867074144252,-0.027718670741442398
2026-05-28,0.0,-4784835.688475,2117659.0,-2667176.6884749997,-2667176.6884749997,0.0,4784835.688475,4784835.688475,-0.5574228379250928,-0.017138519551992415,-0.03728069377868615,-0.0372806937786862
2026-05-29,0.0,-4784835.688475,2112835.0,-2672000.6884749997,-2672000.6884749997,0.0,4784835.688475,4784835.688475,-0.5584310230152557,-0.001008185090162872,-0.002277987154683414,-0.0022779871546835446
2026-06-01,0.0,-4784835.688475,2132130.0,-2652705.6884749997,-2652705.6884749997,0.0,4784835.688475,4784835.688475,-0.5543984916481965,0.004032531367059167,0.009132279614830097,0.009132279614830312
2026-06-02,0.0,-4784835.688475,2325084.0,-2459751.6884749997,-2459751.6884749997,0.0,4784835.688475,4784835.688475,-0.514072342003234,0.040326149644962506,0.09049823416020608,0.090498234160206
2026-06-03,0.0,-4784835.688475,2281669.0,-2503166.6884749997,-2503166.6884749997,0.0,4784835.688475,4784835.688475,-0.5231457988211079,-0.00907345681787386,-0.018672443662250293,-0.01867244366225048
2026-06-04,0.0,-4784835.688475,2170721.0,-2614114.6884749997,-2614114.6884749997,0.0,4784835.688475,4784835.688475,-0.5463332199204856,-0.02318742109937766,-0.04862580856381904,-0.04862580856381885
2026-06-05,0.0,-4784835.688475,2136954.0,-2647881.6884749997,-2647881.6884749997,0.0,4784835.688475,4784835.688475,-0.5533903065580336,-0.007057086637548005,-0.015555660999271526,-0.015555660999271671
2026-06-08,0.0,-4784835.688475,1953649.0,-2831186.6884749997,-2831186.6884749997,0.0,4784835.688475,4784835.688475,-0.5916998770290777,-0.03830957047104411,-0.0857786363206694,-0.08577863632066951
2026-06-09,0.0,-4784835.688475,2021183.0,-2763652.6884749997,-2763652.6884749997,0.0,4784835.688475,4784835.688475,-0.5775857037539815,0.01411417327509612,0.03456813378452317,0.03456813378452322
2026-06-10,0.0,-4784835.688475,1924706.0,-2860129.6884749997,-2860129.6884749997,0.0,4784835.688475,4784835.688475,-0.5977487785764628,-0.020163074822481253,-0.04773293660198008,-0.04773293660198013
2026-06-11,0.0,-4784835.688475,1895763.0,-2889072.6884749997,-2889072.6884749997,0.0,4784835.688475,4784835.688475,-0.6037976801238479,-0.006048901547385133,-0.015037621330218798,-0.015037621330218746
2026-06-12,0.0,-4784835.688475,1939178.0,-2845657.6884749997,-2845657.6884749997,0.0,4784835.688475,4784835.688475,-0.5947242233059741,0.00907345681787386,0.0229010693847278,0.022901069384727944
2026-06-15,0.0,-4784835.688475,1992239.0,-2792596.6884749997,-2792596.6884749997,0.0,4784835.688475,4784835.688475,-0.5836348142949592,0.01108940901101485,0.027362624782253153,0.027362624782253098
2026-06-16,0.0,-4784835.688475,1944002.0,-2840833.6884749997,-2840833.6884749997,0.0,4784835.688475,4784835.688475,-0.5937160382158111,-0.010081223920851867,-0.024212456437204488,-0.02421245643720457
2026-06-17,0.0,-4784835.688475,1944002.0,-2840833.6884749997,-2840833.6884749997,0.0,4784835.688475,4784835.688475,-0.5937160382158111,0.0,0.0,0.0
2026-06-18,0.0,-4784835.688475,1944002.0,-2840833.6884749997,-2840833.6884749997,0.0,4784835.688475,4784835.688475,-0.5937160382158111,0.0,0.0,0.0
2026-06-22,0.0,-4784835.688475,1997064.0,-2787771.6884749997,-2787771.6884749997,0.0,4784835.688475,4784835.688475,-0.5826264202112038,0.011089618004607282,0.027295239408189786,0.027295239408189908
2026-06-23,0.0,-4784835.688475,1992239.0,-2792596.6884749997,-2792596.6884749997,0.0,4784835.688475,4784835.688475,-0.5836348142949592,-0.001008394083755415,-0.0024160467566387567,-0.002416046756638746
2026-06-24,0.0,-4784835.688475,1972944.0,-2811891.6884749997,-2811891.6884749997,0.0,4784835.688475,4784835.688475,-0.5876673456620185,-0.004032531367059278,-0.009685082964443592,-0.009685082964443523
2026-06-25,0.0,-4784835.688475,1953649.0,-2831186.6884749997,-2831186.6884749997,0.0,4784835.688475,4784835.688475,-0.5916998770290777,-0.004032531367059167,-0.009779801149956358,-0.009779801149956613
2026-06-26,0.0,-4784835.688475,1852349.0,-2932486.6884749997,-2932486.6884749997,0.0,4784835.688475,4784835.688475,-0.6128709279481294,-0.021171050919051693,-0.051851688814111396,-0.05185168881411144
2026-06-29,0.0,-4784835.688475,1842701.0,-2942134.6884749997,-2942134.6884749997,0.0,4784835.688475,4784835.688475,-0.6148872981284553,-0.002016370180325966,-0.005208521720259207,-0.005208521720258979
2026-06-30,0.0,-4784835.688475,1900587.0,-2884248.6884749997,-2884248.6884749997,0.0,4784835.688475,4784835.688475,-0.6027894950336851,0.012097803094770265,0.031413669390747634,0.031413669390747606
2026-07-01,0.0,-4784835.688475,1881291.0,-2903544.6884749997,-2903544.6884749997,0.0,4784835.688475,4784835.688475,-0.6068222353943368,-0.00403274036065171,-0.010152652838307241,-0.010152652838307323
2026-07-02,0.0,-4784835.688475,1948825.0,-2836010.6884749997,-2836010.6884749997,0.0,4784835.688475,4784835.688475,-0.5927080621192407,0.01411417327509612,0.03589768940583893,0.035897689405838866
2026-07-03,0.0,-4784835.688475,1929530.0,-2855305.6884749997,-2855305.6884749997,0.0,4784835.688475,4784835.688475,-0.5967405934862999,-0.004032531367059278,-0.009900837684245656,-0.009900837684245635
2026-07-06,0.0,-4784835.688475,1929530.0,-2855305.6884749997,-2855305.6884749997,0.0,4784835.688475,4784835.688475,-0.5967405934862999,0.0,0.0,0.0
2026-07-07,0.0,-4784835.688475,1852349.0,-2932486.6884749997,-2932486.6884749997,0.0,4784835.688475,4784835.688475,-0.6128709279481294,-0.016130334461829432,-0.03999989634781509,-0.03999989634781527
2026-07-08,0.0,-4784835.688475,1857172.0,-2927663.6884749997,-2927663.6884749997,0.0,4784835.688475,4784835.688475,-0.6118629518515589,0.0010079760965704399,0.002603721005058901,0.0026037210050589817
2026-07-09,0.0,-4784835.688475,1847524.0,-2937311.6884749997,-2937311.6884749997,0.0,4784835.688475,4784835.688475,-0.6138793220318848,-0.002016370180325855,-0.005194995401610614,-0.005194995401610621
2026-07-13,0.0,-4784835.688475,2030831.0,-2754004.6884749997,-2754004.6884749997,0.0,4784835.688475,4784835.688475,-0.5755693335736557,0.03830998845822908,0.09921765562991314,0.09921765562991333
2026-07-14,0.0,-4784835.688475,2170721.0,-2614114.6884749997,-2614114.6884749997,0.0,4784835.688475,4784835.688475,-0.5463332199204856,0.029236113653170137,0.06888313207745966,0.06888313207745991
2026-07-15,0.0,-4784835.688475,2190016.0,-2594819.6884749997,-2594819.6884749997,0.0,4784835.688475,4784835.688475,-0.5423006885534263,0.004032531367059278,0.008888751709685394,0.0088887517096854
2026-07-16,0.0,-4784835.688475,2199664.0,-2585171.6884749997,-2585171.6884749997,0.0,4784835.688475,4784835.688475,-0.5402843183731004,0.002016370180325855,0.004405447266138562,0.004405447266138695
2026-07-17,0.0,-4784835.688475,2026006.0,-2758829.6884749997,-2758829.6884749997,0.0,4784835.688475,4784835.688475,-0.5765777276574111,-0.036293409284310685,-0.07894751198364824,-0.07894751198364841
2026-07-20,0.0,-4784835.688475,2228607.0,-2556228.6884749997,-2556228.6884749997,0.0,4784835.688475,4784835.688475,-0.5342354168257153,0.04234231083169582,0.10000019743278132,0.10000019743278155
2026-07-21,0.0,-4784835.688475,2262374.0,-2522461.6884749997,-2522461.6884749997,0.0,4784835.688475,4784835.688475,-0.5271783301881672,0.007057086637548116,0.015151617131239581,0.01515161713123938
2026-07-22,0.0,-4784835.688475,2262374.0,-2522461.6884749997,-2522461.6884749997,0.0,4784835.688475,4784835.688475,-0.5271783301881672,0.0,0.0,0.0
2026-07-23,0.0,-4784835.688475,2064597.0,-2720238.6884749997,-2720238.6884749997,0.0,4784835.688475,4784835.688475,-0.5685124559297001,-0.041334125741532945,-0.08742011709823394,-0.08742011709823398
2026-07-24,0.0,-4784835.688475,2093540.0,-2691295.6884749997,-2691295.6884749997,0.0,4784835.688475,4784835.688475,-0.562463554382315,0.006048901547385133,0.014018716485590277,0.014018716485590166
2026-07-27,0.0,-4784835.688475,2059773.0,-2725062.6884749997,-2725062.6884749997,0.0,4784835.688475,4784835.688475,-0.5695206410198631,-0.007057086637548116,-0.01612914011674016,-0.016129140116740066
2026-07-28,0.0,-4784835.688475,1972944.0,-2811891.6884749997,-2811891.6884749997,0.0,4784835.688475,4784835.688475,-0.5876673456620185,-0.018146704642155398,-0.0421546451963396,-0.042154645196339595
2026-07-29,0.0,-4784835.688475,1910235.0,-2874600.6884749997,-2874600.6884749997,0.0,4784835.688475,4784835.688475,-0.6007731248533592,-0.013105779191340705,-0.03178448045154858,-0.031784480451548545
2026-07-30,0.0,-4784835.688475,1948825.0,-2836010.6884749997,-2836010.6884749997,0.0,4784835.688475,4784835.688475,-0.5927080621192407,0.008065062734118555,0.020201702931838428,0.02020170293183823
2026-07-31,0.0,-4784835.688475,2141779.0,-2643056.6884749997,-2643056.6884749997,0.0,4784835.688475,4784835.688475,-0.5523819124742781,0.040326149644962506,0.0990104293612819,0.0990104293612818
2026-08-03,0.0,-4784835.688475,2233431.0,-2551404.6884749997,-2551404.6884749997,0.0,4784835.688475,4784835.688475,-0.5332272317355523,0.019154680738725838,0.04279246364821021,0.042792463648210204
2026-08-04,0.0,-4784835.688475,2175545.0,-2609290.6884749997,-2609290.6884749997,0.0,4784835.688475,4784835.688475,-0.5453250348303226,-0.012097803094770265,-0.025917971049922772,-0.02591797104992274
2026-08-05,0.0,-4784835.688475,2204488.0,-2580347.6884749997,-2580347.6884749997,0.0,4784835.688475,4784835.688475,-0.5392761332829374,0.006048901547385133,0.01330379284271288,0.013303792842712976
2026-08-06,0.0,-4784835.688475,2247902.0,-2536933.6884749997,-2536933.6884749997,0.0,4784835.688475,4784835.688475,-0.530202885458656,0.009073247824281427,0.01969346170176478,0.019693461701764763
2026-08-07,0.0,-4784835.688475,2469799.0,-2315036.6884749997,-2315036.6884749997,0.0,4784835.688475,4784835.688475,-0.4838278342663084,0.04637505119234764,0.09871293321506003,0.09871293321506008
2026-08-10,0.0,-4784835.688475,2411913.0,-2372922.6884749997,-2372922.6884749997,0.0,4784835.688475,4784835.688475,-0.49592563736107864,-0.012097803094770265,-0.02343753479534172,-0.023437534795341646
2026-08-11,0.0,-4784835.688475,2411913.0,-2372922.6884749997,-2372922.6884749997,0.0,4784835.688475,4784835.688475,-0.49592563736107864,0.0,0.0,0.0
2026-08-12,0.0,-4784835.688475,2455327.0,-2329508.6884749997,-2329508.6884749997,0.0,4784835.688475,4784835.688475,-0.4868523895367972,0.009073247824281427,0.017999820059844573,0.01799982005984461
2026-08-13,0.0,-4784835.688475,2407088.0,-2377747.6884749997,-2377747.6884749997,0.0,4784835.688475,4784835.688475,-0.49693403144483406,-0.010081641908036842,-0.01964667028057765,-0.019646670280577698
2026-08-14,0.0,-4784835.688475,2378146.0,-2406689.6884749997,-2406689.6884749997,0.0,4784835.688475,4784835.688475,-0.5029827239986266,-0.0060486925537925895,-0.01202365680024986,-0.012023656800249928
2026-08-17,0.0,-4784835.688475,2349203.0,-2435632.6884749997,-2435632.6884749997,0.0,4784835.688475,4784835.688475,-0.5090316255460118,-0.006048901547385133,-0.012170405012980723,-0.0121704050129807
2026-08-18,0.0,-4784835.688475,2363674.0,-2421161.6884749997,-2421161.6884749997,0.0,4784835.688475,4784835.688475,-0.5060072792691155,0.0030243462768962948,0.006159961484809795,0.006159961484809955
2026-08-19,0.0,-4784835.688475,2397441.0,-2387394.6884749997,-2387394.6884749997,0.0,4784835.688475,4784835.688475,-0.4989501926315674,0.00705708663754806,0.014285810987471281,0.0142858109874712
2026-08-20,0.0,-4784835.688475,2368498.0,-2416337.6884749997,-2416337.6884749997,0.0,4784835.688475,4784835.688475,-0.5049990941789526,-0.006048901547385188,-0.012072455589105413,-0.012072455589105217
2026-08-21,0.0,-4784835.688475,2411913.0,-2372922.6884749997,-2372922.6884749997,0.0,4784835.688475,4784835.688475,-0.49592563736107864,0.00907345681787397,0.018330182250523297,0.018330182250523328
2026-08-24,0.0,-4784835.688475,2378146.0,-2406689.6884749997,-2406689.6884749997,0.0,4784835.688475,4784835.688475,-0.5029827239986266,-0.007057086637548005,-0.014000090384686192,-0.014000090384686347
2026-08-25,0.0,-4784835.688475,2426384.0,-2358451.6884749997,-2358451.6884749997,0.0,4784835.688475,4784835.688475,-0.4929012910841823,0.010081432914444355,0.020283868189757692,0.020283868189757904
2026-08-26,0.0,-4784835.688475,2595218.0,-2189617.6884749997,-2189617.6884749997,0.0,4784835.688475,4784835.688475,-0.4576160668900345,0.03528522419414781,0.06958255577023276,0.06958255577023258
2026-08-27,0.0,-4784835.688475,2590394.0,-2194441.6884749997,-2194441.6884749997,0.0,4784835.688475,4784835.688475,-0.4586242519801974,-0.0010081850901629275,-0.0018588033837620976,-0.0018588033837619808
2026-08-28,0.0,-4784835.688475,2561451.0,-2223384.6884749997,-2223384.6884749997,0.0,4784835.688475,4784835.688475,-0.46467315352758254,-0.006048901547385133,-0.011173203767457784,-0.011173203767457769
2026-08-31,0.0,-4784835.688475,2518036.0,-2266799.6884749997,-2266799.6884749997,0.0,4784835.688475,4784835.688475,-0.4737466103454565,-0.00907345681787397,-0.016949377520788067,-0.016949377520788022
2026-09-01,0.0,-4784835.688475,2532508.0,-2252327.6884749997,-2252327.6884749997,0.0,4784835.688475,4784835.688475,-0.47072205507496767,0.003024555270488838,0.005747336416159321,0.00574733641615926
2026-09-02,0.0,-4784835.688475,2542156.0,-2242679.6884749997,-2242679.6884749997,0.0,4784835.688475,4784835.688475,-0.4687056848946418,0.002016370180325855,0.0038096622004748504,0.003809662200474786
2026-09-03,0.0,-4784835.688475,2546980.0,-2237855.6884749997,-2237855.6884749997,0.0,4784835.688475,4784835.688475,-0.4676974998044789,0.0010081850901629275,0.0018976018780907378,0.0018976018780908802
2026-09-04,0.0,-4784835.688475,2546980.0,-2237855.6884749997,-2237855.6884749997,0.0,4784835.688475,4784835.688475,-0.4676974998044789,0.0,0.0,0.0
2026-09-07,0.0,-4784835.688475,2558628.0,-2226207.6884749997,-2226207.6884749997,0.0,4784835.688475,4784835.688475,-0.46526314243917666,0.002434357365302231,0.004573259311027256,0.004573259311027178
2026-09-08,0.0,-4784835.688475,2548672.0,-2236163.6884749997,-2236163.6884749997,0.0,4784835.688475,4784835.688475,-0.4673438826459889,-0.0020807402068122594,-0.003891147912084225,-0.003891147912084133
2026-09-09,0.0,-4784835.688475,2523783.0,-2261052.6884749997,-2261052.6884749997,0.0,4784835.688475,4784835.688475,-0.47254552416942697,-0.00520164152343805,-0.00976547786455062,-0.009765477864550636
2026-09-10,0.0,-4784835.688475,2449114.0,-2335721.6884749997,-2335721.6884749997,0.0,4784835.688475,4784835.688475,-0.4881508667269262,-0.015605342557499235,-0.029586141122275644,-0.029586141122275568
2026-09-11,0.0,-4784835.688475,2314712.0,-2470123.6884749997,-2470123.6884749997,0.0,4784835.688475,4784835.688475,-0.5162400235445214,-0.028089156817595162,-0.054877804789813855,-0.054877804789813786
2026-09-14,0.0,-4784835.688475,2309734.0,-2475101.6884749997,-2475101.6884749997,0.0,4784835.688475,4784835.688475,-0.5172803936479274,-0.0010403701034060742,-0.002150591520672873,-0.002150591520672982
2026-09-15,0.0,-4784835.688475,2235066.0,-2549769.6884749997,-2549769.6884749997,0.0,4784835.688475,4784835.688475,-0.5328855272118341,-0.015605133563906692,-0.032327532088110456,-0.03232753208811058
2026-09-16,0.0,-4784835.688475,2279867.0,-2504968.6884749997,-2504968.6884749997,0.0,4784835.688475,4784835.688475,-0.5235224052747717,0.009363121937062457,0.020044598235577693,0.020044598235577832
2026-09-17,0.0,-4784835.688475,2503871.0,-2280964.6884749997,-2280964.6884749997,0.0,4784835.688475,4784835.688475,-0.47670700458305143,0.046815400691720244,0.09825309985187736,0.09825309985187733
2026-09-18,0.0,-4784835.688475,2693030.0,-2091805.6884749997,-2091805.6884749997,0.0,4784835.688475,4784835.688475,-0.43717398562158155,0.03953301896146988,0.07554662360800557,0.07554662360800536
2026-09-21,0.0,-4784835.688475,2623340.0,-2161495.6884749997,-2161495.6884749997,0.0,4784835.688475,4784835.688475,-0.45173874908208217,-0.014564763460500618,-0.025877914468089847,-0.025877914468089847
2026-09-22,0.0,-4784835.688475,2533738.0,-2251097.6884749997,-2251097.6884749997,0.0,4784835.688475,4784835.688475,-0.47046499295620725,-0.01872624387412508,-0.034155694648806634,-0.03415569464880648
2026-09-23,0.0,-4784835.688475,2498893.0,-2285942.6884749997,-2285942.6884749997,0.0,4784835.688475,4784835.688475,-0.47774737468645756,-0.007282381730250309,-0.013752408496853219,-0.013752408496853266
2026-09-24,0.0,-4784835.688475,2747787.0,-2037048.6884749997,-2037048.6884749997,0.0,4784835.688475,4784835.688475,-0.4257301234777068,0.05201725120875078,0.09960170363436927,0.09960170363436929
2026-09-29,0.0,-4784835.688475,3021570.0,-1763265.6884749997,-1763265.6884749997,0.0,4784835.688475,4784835.688475,-0.36851123074551795,0.05721889273218883,0.09963763566826689,0.09963763566826686
2026-09-30,0.0,-4784835.688475,3320243.0,-1464592.6884749997,-1464592.6884749997,0.0,4784835.688475,4784835.688475,-0.3060904874962985,0.062420743249219424,0.0988469570455095,0.09884695704550946
2026-10-01,3444689.5,0.0,0.0,-1340146.188475,0.0,-1340146.188475,-0.0,4784835.688475,-0.2800819663887194,0.02600852110757912,0.03748114219350818,0.03748114219350806
