,cashflow,entry_cost,market_value,profit_loss,unrealized,realized,position,invest,PNL/COST,return,return_pct,value_pct
2022-11-13,0.0,0.0,0.0,0.0,0.0,0.0,0.0,0.0,,,,
2022-11-14,-4963423.013284999,-4963423.013284999,4903493.0,-59930.013284998946,-59930.013284998946,0.0,4963423.013284999,4963423.013284999,-0.012074331187285764,-0.012074331187285764,-0.012074331187285736,-0.012074331187285764
2022-11-15,0.0,-4963423.013284999,4980836.0,17412.986715001054,17412.986715001054,0.0,4963423.013284999,4963423.013284999,0.003508261671107581,0.015582592858393345,0.015773041788781805,0.015773041788781996
2022-11-16,0.0,-4963423.013284999,4996302.0,32878.986715001054,32878.986715001054,0.0,4963423.013284999,4963423.013284999,0.00662425641074674,0.003115994739639159,0.0031051012320022497,0.0031051012320020173
2022-11-17,0.0,-4963423.013284999,4903493.0,-59930.013284998946,-59930.013284998946,0.0,4963423.013284999,4963423.013284999,-0.012074331187285764,-0.018698587598032505,-0.018575538468251218,-0.018575538468251118
2022-11-18,0.0,-4963423.013284999,4764277.0,-199146.01328499895,-199146.01328499895,0.0,4963423.013284999,4963423.013284999,-0.0401227162689879,-0.028048385081702133,-0.028391189709050302,-0.028391189709050264
2022-11-21,0.0,-4963423.013284999,4857089.0,-106334.01328499895,-106334.01328499895,0.0,4963423.013284999,4963423.013284999,-0.021423524249371342,0.018699192019616555,0.019480815242270744,0.019480815242270758
2022-11-22,0.0,-4963423.013284999,4826150.0,-137273.01328499895,-137273.01328499895,0.0,4963423.013284999,4963423.013284999,-0.02765692404567911,-0.006233399796307767,-0.006369864748206222,-0.006369864748206179
2022-11-23,0.0,-4963423.013284999,4748808.0,-214615.01328499895,-214615.01328499895,0.0,4963423.013284999,4963423.013284999,-0.0432393154302111,-0.015582391384531994,-0.0160256104762595,-0.016025610476259545
2022-11-24,0.0,-4963423.013284999,4872555.0,-90868.01328499895,-90868.01328499895,0.0,4963423.013284999,4963423.013284999,-0.018307529509732183,0.02493178592047892,0.026058539321867746,0.02605853932186772
2022-11-25,0.0,-4963423.013284999,4841620.0,-121803.01328499895,-121803.01328499895,0.0,4963423.013284999,4963423.013284999,-0.02454012341059455,-0.006232593900862365,-0.006348825205667263,-0.006348825205667253
2022-11-28,0.0,-4963423.013284999,4810681.0,-152742.01328499895,-152742.01328499895,0.0,4963423.013284999,4963423.013284999,-0.03077352320690232,-0.00623339979630777,-0.006390216497783818,-0.0063902164977838
2022-11-29,0.0,-4963423.013284999,4671468.0,-291955.01328499895,-291955.01328499895,0.0,4963423.013284999,4963423.013284999,-0.0588213038670204,-0.02804778066011808,-0.028938314554633804,-0.02893831455463374
2022-11-30,0.0,-4963423.013284999,4810681.0,-152742.01328499895,-152742.01328499895,0.0,4963423.013284999,4963423.013284999,-0.03077352320690232,0.02804778066011808,0.0298006964834181,0.02980069648341806
2022-12-01,0.0,-4963423.013284999,4934428.0,-28995.013284998946,-28995.013284998946,0.0,4963423.013284999,4963423.013284999,-0.005841737286423396,0.024931785920478924,0.025723385109093666,0.0257233851090937
2022-12-02,0.0,-4963423.013284999,4965367.0,1943.986715001054,1943.986715001054,0.0,4963423.013284999,4963423.013284999,0.00039166250988437174,0.006233399796307768,0.006270027650621124,0.006270027650621308
2022-12-05,0.0,-4963423.013284999,5135518.0,172094.98671500105,172094.98671500105,0.0,4963423.013284999,4963423.013284999,0.03467264149244887,0.0342809789825645,0.034267557664922066,0.03426755766492185
2022-12-06,0.0,-4963423.013284999,5042710.0,79286.98671500105,79286.98671500105,0.0,4963423.013284999,4963423.013284999,0.015974255368277717,-0.018698386124171153,-0.018071789447529962,-0.018071789447529928
2022-12-07,0.0,-4963423.013284999,4640530.0,-322893.01328499895,-322893.01328499895,0.0,4963423.013284999,4963423.013284999,-0.06505450218946682,-0.08102875755774454,-0.07975473505317587,-0.07975473505317578
2022-12-08,0.0,-4963423.013284999,4625060.0,-338363.01328499895,-338363.01328499895,0.0,4963423.013284999,4963423.013284999,-0.06817130282455137,-0.0031168006350845573,-0.0033336709384488294,-0.003333670938448841
2022-12-09,0.0,-4963423.013284999,4625060.0,-338363.01328499895,-338363.01328499895,0.0,4963423.013284999,4963423.013284999,-0.06817130282455137,0.0,0.0,0.0
2022-12-12,0.0,-4963423.013284999,4640530.0,-322893.01328499895,-322893.01328499895,0.0,4963423.013284999,4963423.013284999,-0.06505450218946682,0.0031168006350845573,0.0033448214725864123,0.0033448214725863017
2022-12-13,0.0,-4963423.013284999,4516782.0,-446641.01328499895,-446641.01328499895,0.0,4963423.013284999,4963423.013284999,-0.08998648958380709,-0.02493198739434027,-0.026666781596067612,-0.026666781596067692
2022-12-14,0.0,-4963423.013284999,4563187.0,-400236.01328499895,-400236.01328499895,0.0,4963423.013284999,4963423.013284999,-0.08063709504786017,0.009349394535946923,0.01027390739690337,0.01027390739690337
2022-12-15,0.0,-4963423.013284999,4609591.0,-353832.01328499895,-353832.01328499895,0.0,4963423.013284999,4963423.013284999,-0.07128790198577459,0.009349193062085578,0.010169208493975734,0.01016920849397581
2022-12-16,0.0,-4963423.013284999,4393035.0,-570388.013284999,-570388.013284999,0.0,4963423.013284999,4963423.013284999,-0.11491827550428602,-0.04363037351851143,-0.046979439173670645,-0.04697943917367072
2022-12-19,0.0,-4963423.013284999,4346631.0,-616792.013284999,-616792.013284999,0.0,4963423.013284999,4963423.013284999,-0.12426746856637158,-0.009349193062085565,-0.010563084519017107,-0.010563084519017035
2022-12-20,0.0,-4963423.013284999,3913512.0,-1049911.013284999,-1049911.013284999,0.0,4963423.013284999,4963423.013284999,-0.21152962592042387,-0.0872621573540523,-0.09964475935500394,-0.09964475935500391
2022-12-21,0.0,-4963423.013284999,3727892.0,-1235531.013284999,-1235531.013284999,0.0,4963423.013284999,4963423.013284999,-0.2489272040642116,-0.03739757814378772,-0.047430543205182474,-0.04743054320518245
2022-12-22,0.0,-4963423.013284999,3774296.0,-1189127.013284999,-1189127.013284999,0.0,4963423.013284999,4963423.013284999,-0.23957801100212603,0.009349193062085565,0.012447785504515751,0.012447785504515689
2022-12-23,0.0,-4963423.013284999,3867108.0,-1096315.013284999,-1096315.013284999,0.0,4963423.013284999,4963423.013284999,-0.22087881898250947,0.018699192019616562,0.02459054615748202,0.024590546157482084
2022-12-26,0.0,-4963423.013284999,3805234.0,-1158189.013284999,-1158189.013284999,0.0,4963423.013284999,4963423.013284999,-0.2333448126796796,-0.012465993697170136,-0.0160000703367994,-0.01600007033679949
2022-12-27,0.0,-4963423.013284999,3789765.0,-1173658.013284999,-1173658.013284999,0.0,4963423.013284999,4963423.013284999,-0.2364614118409028,-0.003116599161223199,-0.004065190209064706,-0.0040651902090646725
2022-12-28,0.0,-4963423.013284999,3712422.0,-1251001.013284999,-1251001.013284999,0.0,4963423.013284999,4963423.013284999,-0.25204400469929616,-0.015582592858393363,-0.020408389438395402,-0.020408389438395257
2022-12-29,0.0,-4963423.013284999,3758830.0,-1204593.013284999,-1204593.013284999,0.0,4963423.013284999,4963423.013284999,-0.24269400574176517,0.009349998957530997,0.012500734022156124,0.012500734022155886
2022-12-30,0.0,-4963423.013284999,3712422.0,-1251001.013284999,-1251001.013284999,0.0,4963423.013284999,4963423.013284999,-0.25204400469929616,-0.009349998957530997,-0.012346395021855305,-0.012346395021855205
2023-01-03,0.0,-4963423.013284999,3774296.0,-1189127.013284999,-1189127.013284999,0.0,4963423.013284999,4963423.013284999,-0.23957801100212603,0.012465993697170136,0.016666747476445254,0.016666747476445296
2023-01-04,0.0,-4963423.013284999,3712422.0,-1251001.013284999,-1251001.013284999,0.0,4963423.013284999,4963423.013284999,-0.25204400469929616,-0.012465993697170136,-0.01639352080493961,-0.016393520804939516
2023-01-05,0.0,-4963423.013284999,3681487.0,-1281936.013284999,-1281936.013284999,0.0,4963423.013284999,4963423.013284999,-0.2582765986001585,-0.006232593900862338,-0.008332835006365058,-0.008332835006365117
2023-01-06,0.0,-4963423.013284999,3805234.0,-1158189.013284999,-1158189.013284999,0.0,4963423.013284999,4963423.013284999,-0.2333448126796796,0.0249317859204789,0.03361331983516447,0.03361331983516443
2023-01-09,0.0,-4963423.013284999,3944451.0,-1018972.013284999,-1018972.013284999,0.0,4963423.013284999,4963423.013284999,-0.20529622612411613,0.02804858655556347,0.03658566069787028,0.03658566069787036
2023-01-10,0.0,-4963423.013284999,3913512.0,-1049911.013284999,-1049911.013284999,0.0,4963423.013284999,4963423.013284999,-0.21152962592042387,-0.0062333997963077425,-0.007843677104874658,-0.00784367710487467
2023-01-11,0.0,-4963423.013284999,3959920.0,-1003503.013284999,-1003503.013284999,0.0,4963423.013284999,4963423.013284999,-0.2021796269628929,0.00934999895753097,0.011858402376177635,0.011858402376177715
2023-01-12,0.0,-4963423.013284999,3867108.0,-1096315.013284999,-1096315.013284999,0.0,4963423.013284999,4963423.013284999,-0.22087881898250947,-0.018699192019616562,-0.02343784722923692,-0.023437847229236954
2023-01-13,0.0,-4963423.013284999,3898046.0,-1065377.013284999,-1065377.013284999,0.0,4963423.013284999,4963423.013284999,-0.21464562066006304,0.006233198322446426,0.008000293759574229,0.008000293759574338
2023-01-16,0.0,-4963423.013284999,3959920.0,-1003503.013284999,-1003503.013284999,0.0,4963423.013284999,4963423.013284999,-0.2021796269628929,0.012465993697170136,0.015873081025724156,0.01587308102572417
2023-01-17,0.0,-4963423.013284999,3928982.0,-1034441.013284999,-1034441.013284999,0.0,4963423.013284999,4963423.013284999,-0.20841282528533933,-0.006233198322446426,-0.007812784096648429,-0.007812784096648416
2023-01-30,0.0,-4963423.013284999,4207414.0,-756009.013284999,-756009.013284999,0.0,4963423.013284999,4963423.013284999,-0.15231605512193508,0.05609677016340425,0.07086619383850556,0.07086619383850574
2023-01-31,0.0,-4963423.013284999,4222880.0,-740543.013284999,-740543.013284999,0.0,4963423.013284999,4963423.013284999,-0.1492000603822959,0.0031159947396391663,0.0036758921275634737,0.0036758921275633918
2023-02-01,0.0,-4963423.013284999,4377566.0,-585857.013284999,-585857.013284999,0.0,4963423.013284999,4963423.013284999,-0.11803487466550922,0.031165185716786697,0.03663045125601494,0.03663045125601485
2023-02-02,0.0,-4963423.013284999,4439440.0,-523983.01328499895,-523983.01328499895,0.0,4963423.013284999,4963423.013284999,-0.10556888096833908,0.012465993697170136,0.014134338579932404,0.014134338579932319
2023-02-03,0.0,-4963423.013284999,4238350.0,-725073.013284999,-725073.013284999,0.0,4963423.013284999,4963423.013284999,-0.14608325974721134,-0.04051437877887226,-0.045296253581532886,-0.0452962535815328
2023-02-06,0.0,-4963423.013284999,3990855.0,-972568.013284999,-972568.013284999,0.0,4963423.013284999,4963423.013284999,-0.19594703306203054,-0.0498637733148192,-0.058394186416883875,-0.05839418641688393
2023-02-07,0.0,-4963423.013284999,4021794.0,-941629.013284999,-941629.013284999,0.0,4963423.013284999,4963423.013284999,-0.18971363326572277,0.00623339979630777,0.0077524740938972325,0.007752474093897173
2023-02-08,0.0,-4963423.013284999,4068198.0,-895225.013284999,-895225.013284999,0.0,4963423.013284999,4963423.013284999,-0.1803644402036372,0.009349193062085565,0.01153813447431662,0.011538134474316685
2023-02-09,0.0,-4963423.013284999,4099133.0,-864290.013284999,-864290.013284999,0.0,4963423.013284999,4963423.013284999,-0.17413184630277484,0.006232593900862365,0.007604103831721165,0.007604103831721071
2023-02-10,0.0,-4963423.013284999,3990855.0,-972568.013284999,-972568.013284999,0.0,4963423.013284999,4963423.013284999,-0.19594703306203054,-0.0218151867592557,-0.026414854067921212,-0.02641485406792119
2023-02-13,0.0,-4963423.013284999,3975386.0,-988037.013284999,-988037.013284999,0.0,4963423.013284999,4963423.013284999,-0.19906363222325374,-0.003116599161223199,-0.0038761117605125017,-0.003876111760512472
2023-02-14,0.0,-4963423.013284999,4068198.0,-895225.013284999,-895225.013284999,0.0,4963423.013284999,4963423.013284999,-0.1803644402036372,0.018699192019616534,0.023346663695047454,0.023346663695047475
2023-02-15,0.0,-4963423.013284999,4253819.0,-709604.013284999,-709604.013284999,0.0,4963423.013284999,4963423.013284999,-0.14296666058598814,0.03739777961764906,0.04562732689018567,0.045627326890185775
2023-02-16,0.0,-4963423.013284999,4284757.0,-678666.013284999,-678666.013284999,0.0,4963423.013284999,4963423.013284999,-0.13673346226354172,0.006233198322446426,0.007272993984934528,0.007272993984934479
2023-02-17,0.0,-4963423.013284999,4207414.0,-756009.013284999,-756009.013284999,0.0,4963423.013284999,4963423.013284999,-0.15231605512193508,-0.015582592858393363,-0.018050731931822606,-0.018050731931822505
2023-02-20,0.0,-4963423.013284999,4222880.0,-740543.013284999,-740543.013284999,0.0,4963423.013284999,4963423.013284999,-0.1492000603822959,0.0031159947396391663,0.0036758921275634737,0.0036758921275633918
2023-02-21,0.0,-4963423.013284999,4253819.0,-709604.013284999,-709604.013284999,0.0,4963423.013284999,4963423.013284999,-0.14296666058598814,0.00623339979630777,0.0073265165005873545,0.007326516500587277
2023-02-22,0.0,-4963423.013284999,4130072.0,-833351.013284999,-833351.013284999,0.0,4963423.013284999,4963423.013284999,-0.16789844650646707,-0.024931785920478927,-0.02909080052536317,-0.029090800525363208
2023-02-23,0.0,-4963423.013284999,4145541.0,-817882.013284999,-817882.013284999,0.0,4963423.013284999,4963423.013284999,-0.16478184734524384,0.003116599161223227,0.0037454552850411105,0.0037454552850410354
2023-02-24,0.0,-4963423.013284999,3959920.0,-1003503.013284999,-1003503.013284999,0.0,4963423.013284999,4963423.013284999,-0.2021796269628929,-0.03739777961764906,-0.04477606179748317,-0.04477606179748313
2023-03-01,0.0,-4963423.013284999,4068198.0,-895225.013284999,-895225.013284999,0.0,4963423.013284999,4963423.013284999,-0.1803644402036372,0.0218151867592557,0.027343481686498805,0.02734348168649872
2023-03-02,0.0,-4963423.013284999,4145541.0,-817882.013284999,-817882.013284999,0.0,4963423.013284999,4963423.013284999,-0.16478184734524384,0.015582592858393363,0.019011611529232475,0.019011611529232354
2023-03-03,0.0,-4963423.013284999,4222880.0,-740543.013284999,-740543.013284999,0.0,4963423.013284999,4963423.013284999,-0.1492000603822959,0.01558178696294793,0.018655948644579645,0.0186559486445798
2023-03-06,0.0,-4963423.013284999,4284757.0,-678666.013284999,-678666.013284999,0.0,4963423.013284999,4963423.013284999,-0.13673346226354172,0.012466598118754196,0.01465279619596127,0.01465279619596105
2023-03-07,0.0,-4963423.013284999,4222880.0,-740543.013284999,-740543.013284999,0.0,4963423.013284999,4963423.013284999,-0.1492000603822959,-0.012466598118754196,-0.014441192347664167,-0.014441192347664056
2023-03-08,0.0,-4963423.013284999,4238350.0,-725073.013284999,-725073.013284999,0.0,4963423.013284999,4963423.013284999,-0.14608325974721134,0.003116800635084571,0.0036633766529003964,0.0036633766529003903
2023-03-09,0.0,-4963423.013284999,4207414.0,-756009.013284999,-756009.013284999,0.0,4963423.013284999,4963423.013284999,-0.15231605512193508,-0.0062327953747237375,-0.007299066853846514,-0.007299066853846426
2023-03-10,0.0,-4963423.013284999,4068198.0,-895225.013284999,-895225.013284999,0.0,4963423.013284999,4963423.013284999,-0.1803644402036372,-0.028048385081702126,-0.03308825801311677,-0.03308825801311684
2023-03-13,0.0,-4963423.013284999,4130072.0,-833351.013284999,-833351.013284999,0.0,4963423.013284999,4963423.013284999,-0.16789844650646707,0.012465993697170136,0.015209190899754699,0.015209190899754633
2023-03-14,0.0,-4963423.013284999,4037260.0,-926163.013284999,-926163.013284999,0.0,4963423.013284999,4963423.013284999,-0.1865976385260836,-0.018699192019616534,-0.022472247457187233,-0.022472247457187188
2023-03-15,0.0,-4963423.013284999,4052729.0,-910694.013284999,-910694.013284999,0.0,4963423.013284999,4963423.013284999,-0.1834810393648604,0.003116599161223199,0.0038315590276574163,0.0038315590276573716
2023-03-16,0.0,-4963423.013284999,4006324.0,-957099.013284999,-957099.013284999,0.0,4963423.013284999,4963423.013284999,-0.19283043390080734,-0.009349394535946937,-0.011450309162048589,-0.011450309162048585
2023-03-17,0.0,-4963423.013284999,4145541.0,-817882.013284999,-817882.013284999,0.0,4963423.013284999,4963423.013284999,-0.16478184734524384,0.0280485865555635,0.03474931133877335,0.034749311338773396
2023-03-20,0.0,-4963423.013284999,4191945.0,-771478.013284999,-771478.013284999,0.0,4963423.013284999,4963423.013284999,-0.15543265428315828,0.009349193062085565,0.011193713920571335,0.011193713920571524
2023-03-21,0.0,-4963423.013284999,4284757.0,-678666.013284999,-678666.013284999,0.0,4963423.013284999,4963423.013284999,-0.13673346226354172,0.018699192019616562,0.02214055766475953,0.022140557664759437
2023-03-22,0.0,-4963423.013284999,4331162.0,-632261.013284999,-632261.013284999,0.0,4963423.013284999,4963423.013284999,-0.1273840677275948,0.009349394535946909,0.010830252450722222,0.01083025245072241
2023-03-23,0.0,-4963423.013284999,4516782.0,-446641.01328499895,-446641.01328499895,0.0,4963423.013284999,4963423.013284999,-0.08998648958380709,0.03739757814378772,0.042856859198524555,0.042856859198524555
2023-03-24,0.0,-4963423.013284999,4578656.0,-384767.01328499895,-384767.01328499895,0.0,4963423.013284999,4963423.013284999,-0.07752049588663695,0.012465993697170136,0.013698690793578328,0.01369869079357826
2023-03-27,0.0,-4963423.013284999,4501313.0,-462110.01328499895,-462110.01328499895,0.0,4963423.013284999,4963423.013284999,-0.0931030887450303,-0.015582592858393349,-0.016892074879615304,-0.01689207487961533
2023-03-28,0.0,-4963423.013284999,4284757.0,-678666.013284999,-678666.013284999,0.0,4963423.013284999,4963423.013284999,-0.13673346226354172,-0.043630373518511414,-0.04810951826722554,-0.048109518267225586
2023-03-29,0.0,-4963423.013284999,4346631.0,-616792.013284999,-616792.013284999,0.0,4963423.013284999,4963423.013284999,-0.12426746856637158,0.012465993697170136,0.014440492191272414,0.014440492191272457
2023-03-30,0.0,-4963423.013284999,4563187.0,-400236.01328499895,-400236.01328499895,0.0,4963423.013284999,4963423.013284999,-0.08063709504786017,0.043630373518511414,0.04982157445617075,0.04982157445617077
2023-03-31,0.0,-4963423.013284999,4563187.0,-400236.01328499895,-400236.01328499895,0.0,4963423.013284999,4963423.013284999,-0.08063709504786017,0.0,0.0,0.0
2023-04-06,0.0,-4963423.013284999,4454909.0,-508514.01328499895,-508514.01328499895,0.0,4963423.013284999,4963423.013284999,-0.10245228180711588,-0.021815186759255714,-0.023728591442778835,-0.023728591442778918
2023-04-07,0.0,-4963423.013284999,4470378.0,-493045.01328499895,-493045.01328499895,0.0,4963423.013284999,4963423.013284999,-0.09933568264589267,0.003116599161223213,0.0034723492668424782,0.003472349266842488
2023-04-10,0.0,-4963423.013284999,4470378.0,-493045.01328499895,-493045.01328499895,0.0,4963423.013284999,4963423.013284999,-0.09933568264589267,0.0,0.0,0.0
2023-04-11,0.0,-4963423.013284999,4423970.0,-539453.013284999,-539453.013284999,0.0,4963423.013284999,4963423.013284999,-0.10868568160342364,-0.00934999895753097,-0.010381225032871977,-0.01038122503287194
2023-04-12,0.0,-4963423.013284999,4393035.0,-570388.013284999,-570388.013284999,0.0,4963423.013284999,4963423.013284999,-0.11491827550428602,-0.006232593900862379,-0.0069925881052539385,-0.006992588105253879
2023-04-13,0.0,-4963423.013284999,4315692.0,-647731.013284999,-647731.013284999,0.0,4963423.013284999,4963423.013284999,-0.13050086836267935,-0.015582592858393335,-0.017605823764208606,-0.01760582376420857
2023-04-14,0.0,-4963423.013284999,4300223.0,-663200.013284999,-663200.013284999,0.0,4963423.013284999,4963423.013284999,-0.13361746752390255,-0.003116599161223199,-0.003584361441919426,-0.0035843614419193955
2023-04-17,0.0,-4963423.013284999,4300223.0,-663200.013284999,-663200.013284999,0.0,4963423.013284999,4963423.013284999,-0.13361746752390255,0.0,0.0,0.0
2023-04-18,0.0,-4963423.013284999,4222880.0,-740543.013284999,-740543.013284999,0.0,4963423.013284999,4963423.013284999,-0.1492000603822959,-0.015582592858393363,-0.017985811433500087,-0.017985811433500077
2023-04-19,0.0,-4963423.013284999,4099133.0,-864290.013284999,-864290.013284999,0.0,4963423.013284999,4963423.013284999,-0.17413184630277484,-0.024931785920478927,-0.029303934755427474,-0.029303934755427575
2023-04-20,0.0,-4963423.013284999,4191945.0,-771478.013284999,-771478.013284999,0.0,4963423.013284999,4963423.013284999,-0.15543265428315828,0.018699192019616562,0.022641861095992644,0.022641861095992737
2023-04-21,0.0,-4963423.013284999,4222880.0,-740543.013284999,-740543.013284999,0.0,4963423.013284999,4963423.013284999,-0.1492000603822959,0.006232593900862365,0.0073796292651739925,0.007379629265174042
2023-04-24,0.0,-4963423.013284999,4315692.0,-647731.013284999,-647731.013284999,0.0,4963423.013284999,4963423.013284999,-0.13050086836267935,0.018699192019616562,0.021978365475694428,0.021978365475694314
2023-04-25,0.0,-4963423.013284999,4176476.0,-786947.013284999,-786947.013284999,0.0,4963423.013284999,4963423.013284999,-0.15854925344438148,-0.028048385081702126,-0.03225809441452265,-0.03225809441452263
2023-04-26,0.0,-4963423.013284999,4300223.0,-663200.013284999,-663200.013284999,0.0,4963423.013284999,4963423.013284999,-0.13361746752390255,0.024931785920478927,0.02962952498709437,0.029629524987094383
2023-04-27,0.0,-4963423.013284999,4222880.0,-740543.013284999,-740543.013284999,0.0,4963423.013284999,4963423.013284999,-0.1492000603822959,-0.015582592858393363,-0.017985811433500087,-0.017985811433500077
2023-04-28,0.0,-4963423.013284999,4485844.0,-477579.01328499895,-477579.01328499895,0.0,4963423.013284999,4963423.013284999,-0.0962196879062535,0.05298037247604241,0.06227124616375557,0.06227124616375554
2023-05-02,0.0,-4963423.013284999,4439440.0,-523983.01328499895,-523983.01328499895,0.0,4963423.013284999,4963423.013284999,-0.10556888096833908,-0.009349193062085578,-0.010344541629178416,-0.010344541629178366
2023-05-03,0.0,-4963423.013284999,4547718.0,-415705.01328499895,-415705.01328499895,0.0,4963423.013284999,4963423.013284999,-0.08375369420908337,0.021815186759255714,0.024390013154812262,0.024390013154812318
2023-05-04,0.0,-4963423.013284999,4594125.0,-369298.01328499895,-369298.01328499895,0.0,4963423.013284999,4963423.013284999,-0.07440389672541374,0.009349797483669625,0.010204458587801613,0.010204458587801618
2023-05-05,0.0,-4963423.013284999,4717872.0,-245551.01328499895,-245551.01328499895,0.0,4963423.013284999,4963423.013284999,-0.04947211080493482,0.02493178592047892,0.026935923598073508,0.026935923598073626
2023-05-08,0.0,-4963423.013284999,4980836.0,17412.986715001054,17412.986715001054,0.0,4963423.013284999,4963423.013284999,0.003508261671107581,0.0529803724760424,0.0557378411283731,0.05573784112837313
2023-05-09,0.0,-4963423.013284999,4965367.0,1943.986715001054,1943.986715001054,0.0,4963423.013284999,4963423.013284999,0.00039166250988437174,-0.003116599161223209,-0.0031057035405300804,-0.003105703540530144
2023-05-10,0.0,-4963423.013284999,4888024.0,-75399.01328499895,-75399.01328499895,0.0,4963423.013284999,4963423.013284999,-0.015190930348508973,-0.015582592858393345,-0.015576492130390251,-0.015576492130390363
2023-05-11,0.0,-4963423.013284999,4826150.0,-137273.01328499895,-137273.01328499895,0.0,4963423.013284999,4963423.013284999,-0.02765692404567911,-0.012465993697170136,-0.012658284820205479,-0.012658284820205465
2023-05-12,0.0,-4963423.013284999,4949898.0,-13525.013284998946,-13525.013284998946,0.0,4963423.013284999,4963423.013284999,-0.0027249366513388373,0.02493198739434027,0.025641142525615557,0.025641142525615657
2023-05-15,0.0,-4963423.013284999,4826150.0,-137273.01328499895,-137273.01328499895,0.0,4963423.013284999,4963423.013284999,-0.02765692404567911,-0.02493198739434027,-0.025000111113400614,-0.02500011111340072
2023-05-16,0.0,-4963423.013284999,4980836.0,17412.986715001054,17412.986715001054,0.0,4963423.013284999,4963423.013284999,0.003508261671107581,0.03116518571678669,0.03205163536151989,0.03205163536152005
2023-05-17,0.0,-4963423.013284999,5104583.0,141159.98671500105,141159.98671500105,0.0,4963423.013284999,4963423.013284999,0.0284400475915865,0.02493178592047892,0.02484462447669422,0.024844624476694274
2023-05-18,0.0,-4963423.013284999,5181926.0,218502.98671500105,218502.98671500105,0.0,4963423.013284999,4963423.013284999,0.04402264044997985,0.015582592858393345,0.015151678403505286,0.015151678403505241
2023-05-19,0.0,-4963423.013284999,5259266.0,295842.98671500105,295842.98671500105,0.0,4963423.013284999,4963423.013284999,0.05960462888678914,0.015581988436809295,0.014924952614143727,0.014924952614143854
2023-05-22,0.0,-4963423.013284999,4980836.0,17412.986715001054,17412.986715001054,0.0,4963423.013284999,4963423.013284999,0.003508261671107581,-0.056096367215681564,-0.052940847639195265,-0.05294084763919528
2023-05-23,0.0,-4963423.013284999,5166457.0,203033.98671500105,203033.98671500105,0.0,4963423.013284999,4963423.013284999,0.04090604128875664,0.03739777961764906,0.037267037099796285,0.0372670370997961
2023-05-24,0.0,-4963423.013284999,5181926.0,218502.98671500105,218502.98671500105,0.0,4963423.013284999,4963423.013284999,0.04402264044997985,0.003116599161223206,0.0029941215033821855,0.0029941215033822987
2023-05-25,0.0,-4963423.013284999,5584103.0,620679.986715001,620679.986715001,0.0,4963423.013284999,4963423.013284999,0.12505079358614032,0.08102815313616048,0.07761149039951531,0.07761149039951555
2023-05-26,0.0,-4963423.013284999,5738788.0,775364.986715001,775364.986715001,0.0,4963423.013284999,4963423.013284999,0.15621577782906568,0.031164984242925353,0.02770095752173618,0.027700957521736257
2023-05-29,0.0,-4963423.013284999,5645980.0,682556.986715001,682556.986715001,0.0,4963423.013284999,4963423.013284999,0.13751739170489452,-0.018698386124171157,-0.01617205584175596,-0.016172055841756135
2023-05-30,0.0,-4963423.013284999,5568637.0,605213.986715001,605213.986715001,0.0,4963423.013284999,4963423.013284999,0.12193479884650117,-0.015582592858393349,-0.01369877328648006,-0.013698773286479938
2023-05-31,0.0,-4963423.013284999,5584106.0,620682.986715001,620682.986715001,0.0,4963423.013284999,4963423.013284999,0.12505139800772438,0.003116599161223213,0.0027778790393411246,0.0027778790393412247
2023-06-01,0.0,-4963423.013284999,5599572.0,636148.986715001,636148.986715001,0.0,4963423.013284999,4963423.013284999,0.12816739274736355,0.0031159947396391663,0.002769646564731998,0.0027696465647321163
2023-06-02,0.0,-4963423.013284999,5630510.0,667086.986715001,667086.986715001,0.0,4963423.013284999,4963423.013284999,0.13440059106980995,0.006233198322446398,0.0055250651299778575,0.0055250651299777916
2023-06-05,0.0,-4963423.013284999,5599572.0,636148.986715001,636148.986715001,0.0,4963423.013284999,4963423.013284999,0.12816739274736355,-0.006233198322446398,-0.005494706518592407,-0.005494706518592454
2023-06-06,0.0,-4963423.013284999,5475825.0,512401.98671500105,512401.98671500105,0.0,4963423.013284999,4963423.013284999,0.10323560682688462,-0.024931785920478927,-0.022099367594523134,-0.022099367594523297
2023-06-07,0.0,-4963423.013284999,5444890.0,481466.98671500105,481466.98671500105,0.0,4963423.013284999,4963423.013284999,0.09700301292602224,-0.006232593900862379,-0.00564937703451085,-0.005649377034510781
2023-06-08,0.0,-4963423.013284999,5166457.0,203033.98671500105,203033.98671500105,0.0,4963423.013284999,4963423.013284999,0.04090604128875664,-0.056096971637265604,-0.05113657025210783,-0.05113657025210794
2023-06-09,0.0,-4963423.013284999,5305673.0,342249.98671500105,342249.98671500105,0.0,4963423.013284999,4963423.013284999,0.06895442637045877,0.028048385081702133,0.02694612574923183,0.026946125749232018
2023-06-12,0.0,-4963423.013284999,5336608.0,373184.98671500105,373184.98671500105,0.0,4963423.013284999,4963423.013284999,0.07518702027132114,0.006232593900862365,0.005830551562450381,0.00583055156245023
2023-06-13,0.0,-4963423.013284999,5568637.0,605213.986715001,605213.986715001,0.0,4963423.013284999,4963423.013284999,0.12193479884650117,0.04674777857518003,0.043478741552686495,0.04347874155268665
2023-06-14,0.0,-4963423.013284999,5584106.0,620682.986715001,620682.986715001,0.0,4963423.013284999,4963423.013284999,0.12505139800772438,0.003116599161223213,0.0027778790393411246,0.0027778790393412247
2023-06-15,0.0,-4963423.013284999,5769727.0,806303.986715001,806303.986715001,0.0,4963423.013284999,4963423.013284999,0.16244917762537345,0.03739777961764906,0.033240952087943754,0.03324095208794389
2023-06-16,0.0,-4963423.013284999,5862536.0,899112.986715001,899112.986715001,0.0,4963423.013284999,4963423.013284999,0.18114776522340595,0.0186985875980325,0.0160855097650201,0.016085509765020076
2023-06-19,0.0,-4963423.013284999,5738788.0,775364.986715001,775364.986715001,0.0,4963423.013284999,4963423.013284999,0.15621577782906568,-0.02493198739434027,-0.0211082712327908,-0.021108271232790726
2023-06-20,0.0,-4963423.013284999,5831600.0,868176.986715001,868176.986715001,0.0,4963423.013284999,4963423.013284999,0.1749149698486822,0.018699192019616534,0.01617275285304154,0.016172752853041445
2023-06-21,0.0,-4963423.013284999,5785193.0,821769.986715001,821769.986715001,0.0,4963423.013284999,4963423.013284999,0.1655651723650126,-0.009349797483669625,-0.007957850332670269,-0.00795785033267028
2023-06-26,0.0,-4963423.013284999,5568637.0,605213.986715001,605213.986715001,0.0,4963423.013284999,4963423.013284999,0.12193479884650117,-0.043630373518511414,-0.03743280474825994,-0.03743280474825991
2023-06-27,0.0,-4963423.013284999,5475825.0,512401.98671500105,512401.98671500105,0.0,4963423.013284999,4963423.013284999,0.10323560682688462,-0.018699192019616548,-0.01666691508173357,-0.016666915081733645
2023-06-28,0.0,-4963423.013284999,5352078.0,388654.98671500105,388654.98671500105,0.0,4963423.013284999,4963423.013284999,0.0783038209064057,-0.024931785920478927,-0.022598786484228417,-0.022598786484228403
2023-06-29,0.0,-4963423.013284999,5383016.0,419592.98671500105,419592.98671500105,0.0,4963423.013284999,4963423.013284999,0.08453701922885211,0.006233198322446412,0.005780558504565825,0.00578055850456589
2023-06-30,0.0,-4963423.013284999,5444890.0,481466.98671500105,481466.98671500105,0.0,4963423.013284999,4963423.013284999,0.09700301292602224,0.012465993697170136,0.01149429984974959,0.011494299849749657
2023-07-03,0.0,-4963423.013284999,5553168.0,589744.986715001,589744.986715001,0.0,4963423.013284999,4963423.013284999,0.11881819968527796,0.021815186759255714,0.01988616849927194,0.019886168499271793
2023-07-04,0.0,-4963423.013284999,5568637.0,605213.986715001,605213.986715001,0.0,4963423.013284999,4963423.013284999,0.12193479884650117,0.003116599161223213,0.0027856171468250146,0.0027856171468250194
2023-07-05,0.0,-4963423.013284999,5506763.0,543339.986715001,543339.986715001,0.0,4963423.013284999,4963423.013284999,0.10946880514933104,-0.012465993697170136,-0.011111157003051098,-0.011111157003051195
2023-07-06,0.0,-4963423.013284999,5228330.0,264906.98671500105,264906.98671500105,0.0,4963423.013284999,4963423.013284999,0.053371833512065425,-0.05609697163726561,-0.05056200893337892,-0.05056200893337883
2023-07-07,0.0,-4963423.013284999,5259269.0,295845.98671500105,295845.98671500105,0.0,4963423.013284999,4963423.013284999,0.05960523330837319,0.006233399796307763,0.005917568324876221,0.005917568324876203
2023-07-10,0.0,-4963423.013284999,5166457.0,203033.98671500105,203033.98671500105,0.0,4963423.013284999,4963423.013284999,0.04090604128875664,-0.018699192019616548,-0.017647319427851915,-0.017647319427852047
2023-07-11,0.0,-4963423.013284999,5228330.0,264906.98671500105,264906.98671500105,0.0,4963423.013284999,4963423.013284999,0.053371833512065425,0.012465792223308785,0.011975905344803861,0.011975905344803993
2023-07-12,0.0,-4963423.013284999,5290204.0,326780.98671500105,326780.98671500105,0.0,4963423.013284999,4963423.013284999,0.06583782720923556,0.012465993697170136,0.01183437158710321,0.01183437158710334
2023-07-13,0.0,-4963423.013284999,5695898.0,732474.986715001,732474.986715001,0.0,4963423.013284999,4963423.013284999,0.147574563915764,0.08173673670652845,0.07668777990413989,0.0766877799041398
2023-07-14,0.0,-4963423.013284999,6069133.0,1105709.986715001,1105709.986715001,0.0,4963423.013284999,4963423.013284999,0.22277166055673267,0.07519709664096866,0.06552698099579746,0.06552698099579733
2023-07-17,0.0,-4963423.013284999,5906855.0,943431.986715001,943431.986715001,0.0,4963423.013284999,4963423.013284999,0.19007688528457675,-0.03269477527215592,-0.026738250751796144,-0.026738250751796016
2023-07-18,0.0,-4963423.013284999,6491051.0,1527627.986715001,1527627.986715001,0.0,4963423.013284999,4963423.013284999,0.3077771091898036,0.11770022390522686,0.09890136121506288,0.09890136121506284
2023-07-19,0.0,-4963423.013284999,6588415.0,1624991.986715001,1624991.986715001,0.0,4963423.013284999,4963423.013284999,0.3273934102262854,0.019616301036481765,0.0149997280871772,0.014999728087177254
2023-07-20,0.0,-4963423.013284999,6377458.0,1414034.986715001,1414034.986715001,0.0,4963423.013284999,4963423.013284999,0.2848910888574726,-0.04250232136881277,-0.03201938554265338,-0.03201938554265328
2023-07-21,0.0,-4963423.013284999,6182725.0,1219301.986715001,1219301.986715001,0.0,4963423.013284999,4963423.013284999,0.2456574794152023,-0.039233609442270306,-0.030534579765166603,-0.030534579765166624
2023-07-24,0.0,-4963423.013284999,6474823.0,1511399.986715001,1511399.986715001,0.0,4963423.013284999,4963423.013284999,0.30450759136781574,0.05885011195261344,0.04724421674908719,0.04724421674908717
2023-07-25,0.0,-4963423.013284999,6345003.0,1381579.986715001,1381579.986715001,0.0,4963423.013284999,4963423.013284999,0.27835225468735825,-0.026155336680457497,-0.02004996893351363,-0.020049968933513705
2023-07-26,0.0,-4963423.013284999,6409913.0,1446489.986715001,1446489.986715001,0.0,4963423.013284999,4963423.013284999,0.29142992302758697,0.01307766834022872,0.010230097605942845,0.010230097605942819
2023-07-27,0.0,-4963423.013284999,6182725.0,1219301.986715001,1219301.986715001,0.0,4963423.013284999,4963423.013284999,0.2456574794152023,-0.04577244361238467,-0.035443226764544256,-0.03544322676454423
2023-07-28,0.0,-4963423.013284999,6198953.0,1235529.986715001,1235529.986715001,0.0,4963423.013284999,4963423.013284999,0.24892699723719017,0.0032695178219878662,0.002624732621942627,0.00262473262194259
2023-07-31,0.0,-4963423.013284999,5987996.0,1024572.986715001,1024572.986715001,0.0,4963423.013284999,4963423.013284999,0.20642467586837743,-0.04250232136881274,-0.034031069440274786,-0.034031069440274835
2023-08-01,0.0,-4963423.013284999,6036678.0,1073254.986715001,1073254.986715001,0.0,4963423.013284999,4963423.013284999,0.2162328263866183,0.009808150518240882,0.008129931950522362,0.008129931950522345
2023-08-02,0.0,-4963423.013284999,5841945.0,878521.986715001,878521.986715001,0.0,4963423.013284999,4963423.013284999,0.176999216944348,-0.039233609442270306,-0.03225830498164717,-0.03225830498164719
2023-08-04,0.0,-4963423.013284999,5760808.0,797384.986715001,797384.986715001,0.0,4963423.013284999,4963423.013284999,0.16065223225599276,-0.016346984688355243,-0.013888696316038618,-0.01388869631603858
2023-08-07,0.0,-4963423.013284999,5906855.0,943431.986715001,943431.986715001,0.0,4963423.013284999,4963423.013284999,0.19007688528457675,0.02942465302858399,0.025351825646680037,0.025351825646680117
2023-08-08,0.0,-4963423.013284999,5793262.0,829838.986715001,829838.986715001,0.0,4963423.013284999,4963423.013284999,0.16719086495224578,-0.022886020332330975,-0.019230707373043665,-0.019230707373043693
2023-08-09,0.0,-4963423.013284999,5971768.0,1008344.986715001,1008344.986715001,0.0,4963423.013284999,4963423.013284999,0.20315515804638956,0.035964293094143784,0.030812692400240094,0.030812692400240142
2023-08-10,0.0,-4963423.013284999,5744580.0,781156.986715001,781156.986715001,0.0,4963423.013284999,4963423.013284999,0.1573827144340049,-0.04577244361238467,-0.038043674838004304,-0.03804367483800442
2023-08-11,0.0,-4963423.013284999,5663443.0,700019.986715001,700019.986715001,0.0,4963423.013284999,4963423.013284999,0.14103572974564962,-0.01634698468835527,-0.014124096104501938,-0.014124096104501983
2023-08-14,0.0,-4963423.013284999,5533620.0,570196.986715001,570196.986715001,0.0,4963423.013284999,4963423.013284999,0.1148797886436081,-0.02615594110204153,-0.02292298165621165,-0.0229229816562116
2023-08-15,0.0,-4963423.013284999,5695898.0,732474.986715001,732474.986715001,0.0,4963423.013284999,4963423.013284999,0.147574563915764,0.03269477527215592,0.029325830107596706,0.029325830107596835
2023-08-16,0.0,-4963423.013284999,5777035.0,813611.986715001,813611.986715001,0.0,4963423.013284999,4963423.013284999,0.16392154860411925,0.016346984688355243,0.014244812670451523,0.014244812670451613
2023-08-17,0.0,-4963423.013284999,5858172.0,894748.986715001,894748.986715001,0.0,4963423.013284999,4963423.013284999,0.18026853329247453,0.01634698468835527,0.014044747868067198,0.01404474786806727
2023-08-18,0.0,-4963423.013284999,5663443.0,700019.986715001,700019.986715001,0.0,4963423.013284999,4963423.013284999,0.14103572974564962,-0.0392328035468249,-0.033240574022066816,-0.033240574022066954
2023-08-21,0.0,-4963423.013284999,5598533.0,635109.986715001,635109.986715001,0.0,4963423.013284999,4963423.013284999,0.12795806140542088,-0.013077668340228749,-0.011461225971551414,-0.011461225971551229
2023-08-22,0.0,-4963423.013284999,5712125.0,748701.986715001,748701.986715001,0.0,4963423.013284999,4963423.013284999,0.1508438802638905,0.02288581885846963,0.020289600865083912,0.020289600865083763
2023-08-23,0.0,-4963423.013284999,5744580.0,781156.986715001,781156.986715001,0.0,4963423.013284999,4963423.013284999,0.1573827144340049,0.006538834170114388,0.005681773420574743,0.005681773420574655
2023-08-24,0.0,-4963423.013284999,6134043.0,1170619.986715001,1170619.986715001,0.0,4963423.013284999,4963423.013284999,0.23584932889696142,0.07846661446295652,0.06779660131811194,0.06779660131811203
2023-08-25,0.0,-4963423.013284999,5825717.0,862293.986715001,862293.986715001,0.0,4963423.013284999,4963423.013284999,0.17372969912236014,-0.06211962977460128,-0.05026472752147315,-0.05026472752147319
2023-08-28,0.0,-4963423.013284999,5712125.0,748701.986715001,748701.986715001,0.0,4963423.013284999,4963423.013284999,0.1508438802638905,-0.02288581885846963,-0.019498372475010517,-0.01949837247501037
2023-08-29,0.0,-4963423.013284999,5971768.0,1008344.986715001,1008344.986715001,0.0,4963423.013284999,4963423.013284999,0.20315515804638956,0.052311277782499055,0.04545471256318789,0.045454712563187956
2023-08-30,0.0,-4963423.013284999,5971768.0,1008344.986715001,1008344.986715001,0.0,4963423.013284999,4963423.013284999,0.20315515804638956,0.0,0.0,0.0
2023-08-31,0.0,-4963423.013284999,6020450.0,1057026.986715001,1057026.986715001,0.0,4963423.013284999,4963423.013284999,0.21296330856463044,0.009808150518240882,0.00815202466003373,0.008152024660033678
2023-09-01,0.0,-4963423.013284999,5906855.0,943431.986715001,943431.986715001,0.0,4963423.013284999,4963423.013284999,0.19007688528457675,-0.02288642328005369,-0.01886819091596159,-0.01886819091596143
2023-09-04,0.0,-4963423.013284999,6004223.0,1040799.986715001,1040799.986715001,0.0,4963423.013284999,4963423.013284999,0.20969399221650392,0.01961710693192717,0.016483898792166274,0.016483898792166052
2023-09-05,0.0,-4963423.013284999,6052905.0,1089481.986715001,1089481.986715001,0.0,4963423.013284999,4963423.013284999,0.2195021427347448,0.009808150518240882,0.008107960014143378,0.008107960014143378
2023-09-06,0.0,-4963423.013284999,6069133.0,1105709.986715001,1105709.986715001,0.0,4963423.013284999,4963423.013284999,0.22277166055673267,0.0032695178219878662,0.002681026713619472,0.002681026713619328
2023-09-07,0.0,-4963423.013284999,5987996.0,1024572.986715001,1024572.986715001,0.0,4963423.013284999,4963423.013284999,0.20642467586837743,-0.016346984688355243,-0.01336879583953754,-0.013368795839537541
2023-09-08,0.0,-4963423.013284999,5874400.0,910976.986715001,910976.986715001,0.0,4963423.013284999,4963423.013284999,0.1835380511144624,-0.022886624753915036,-0.018970620554856765,-0.01897062055485675
2023-09-11,0.0,-4963423.013284999,5825717.0,862293.986715001,862293.986715001,0.0,4963423.013284999,4963423.013284999,0.17372969912236014,-0.009808351992102254,-0.008287314449135219,-0.008287314449135231
2023-09-12,0.0,-4963423.013284999,6004223.0,1040799.986715001,1040799.986715001,0.0,4963423.013284999,4963423.013284999,0.20969399221650392,0.035964293094143784,0.030641035257977567,0.03064103525797769
2023-09-13,0.0,-4963423.013284999,5890627.0,927203.986715001,927203.986715001,0.0,4963423.013284999,4963423.013284999,0.18680736746258889,-0.022886624753915036,-0.018919350597071394,-0.01891935059707143
2023-09-14,0.0,-4963423.013284999,6036678.0,1073254.986715001,1073254.986715001,0.0,4963423.013284999,4963423.013284999,0.2162328263866183,0.029425458924029424,0.024793795295475318,0.02479379529547534
2023-09-15,0.0,-4963423.013284999,6182725.0,1219301.986715001,1219301.986715001,0.0,4963423.013284999,4963423.013284999,0.2456574794152023,0.02942465302858399,0.024193273187670394,0.024193273187670436
2023-09-18,0.0,-4963423.013284999,5987996.0,1024572.986715001,1024572.986715001,0.0,4963423.013284999,4963423.013284999,0.20642467586837743,-0.039232803546824874,-0.03149565927645159,-0.031495659276451725
2023-09-19,0.0,-4963423.013284999,6117815.0,1154391.986715001,1154391.986715001,0.0,4963423.013284999,4963423.013284999,0.23257981107497355,0.026155135206596125,0.021679874201652627,0.021679874201652773
2023-09-20,0.0,-4963423.013284999,5955541.0,992117.986715001,992117.986715001,0.0,4963423.013284999,4963423.013284999,0.19988584169826304,-0.03269396937671051,-0.02652482953472768,-0.026524829534727675
2023-09-21,0.0,-4963423.013284999,5858172.0,894748.986715001,894748.986715001,0.0,4963423.013284999,4963423.013284999,0.18026853329247453,-0.019617308405788514,-0.01634931234626702,-0.016349312346267113
2023-09-22,0.0,-4963423.013284999,5874400.0,910976.986715001,910976.986715001,0.0,4963423.013284999,4963423.013284999,0.1835380511144624,0.0032695178219878662,0.002770147411172097,0.002770147411171949
2023-09-25,0.0,-4963423.013284999,5793262.0,829838.986715001,829838.986715001,0.0,4963423.013284999,4963423.013284999,0.16719086495224578,-0.016347186162216615,-0.013812134005175003,-0.013812134005174996
2023-09-26,0.0,-4963423.013284999,5712125.0,748701.986715001,748701.986715001,0.0,4963423.013284999,4963423.013284999,0.1508438802638905,-0.01634698468835527,-0.01400540835197861,-0.014005408351978558
2023-09-27,0.0,-4963423.013284999,5630988.0,667564.986715001,667564.986715001,0.0,4963423.013284999,4963423.013284999,0.13449689557553526,-0.016346984688355243,-0.014204346018338199,-0.014204346018338185
2023-09-28,0.0,-4963423.013284999,5630988.0,667564.986715001,667564.986715001,0.0,4963423.013284999,4963423.013284999,0.13449689557553526,0.0,0.0,0.0
2023-10-02,0.0,-4963423.013284999,5793262.0,829838.986715001,829838.986715001,0.0,4963423.013284999,4963423.013284999,0.16719086495224578,0.03269396937671051,0.02881803335400468,0.028818033354004662
2023-10-03,0.0,-4963423.013284999,5695898.0,732474.986715001,732474.986715001,0.0,4963423.013284999,4963423.013284999,0.147574563915764,-0.019616301036481765,-0.016806420976644976,-0.016806420976644938
2023-10-04,0.0,-4963423.013284999,5647215.0,683791.986715001,683791.986715001,0.0,4963423.013284999,4963423.013284999,0.13776621192366176,-0.009808351992102254,-0.008547028054224248,-0.008547028054224286
2023-10-05,0.0,-4963423.013284999,5598533.0,635109.986715001,635109.986715001,0.0,4963423.013284999,4963423.013284999,0.12795806140542088,-0.009808150518240882,-0.008620532421733662,-0.008620532421733544
2023-10-06,0.0,-4963423.013284999,5598533.0,635109.986715001,635109.986715001,0.0,4963423.013284999,4963423.013284999,0.12795806140542088,0.0,0.0,0.0
2023-10-11,0.0,-4963423.013284999,5566074.0,602650.986715001,602650.986715001,0.0,4963423.013284999,4963423.013284999,0.12141842133986111,-0.006539640065559765,-0.005797768808364578,-0.00579776880836462
2023-10-12,0.0,-4963423.013284999,5566074.0,602650.986715001,602650.986715001,0.0,4963423.013284999,4963423.013284999,0.12141842133986111,0.0,0.0,0.0
2023-10-13,0.0,-4963423.013284999,5484937.0,521513.98671500105,521513.98671500105,0.0,4963423.013284999,4963423.013284999,0.10507143665150585,-0.016346984688355257,-0.014577060958945176,-0.014577060958945209
2023-10-16,0.0,-4963423.013284999,5338890.0,375466.98671500105,375466.98671500105,0.0,4963423.013284999,4963423.013284999,0.07564678362292185,-0.029424653028584005,-0.02662692388262622,-0.02662692388262618
2023-10-17,0.0,-4963423.013284999,5403800.0,440376.98671500105,440376.98671500105,0.0,4963423.013284999,4963423.013284999,0.0887244519631506,0.013077668340228749,0.012157957927584118,0.012157957927584197
2023-10-18,0.0,-4963423.013284999,5192839.0,229415.98671500105,229415.98671500105,0.0,4963423.013284999,4963423.013284999,0.04622132469889244,-0.04250312726425816,-0.03903937969576954,-0.03903937969576964
2023-10-19,0.0,-4963423.013284999,5192839.0,229415.98671500105,229415.98671500105,0.0,4963423.013284999,4963423.013284999,0.04622132469889244,0.0,0.0,0.0
2023-10-20,0.0,-4963423.013284999,5225294.0,261870.98671500105,261870.98671500105,0.0,4963423.013284999,4963423.013284999,0.05276015886900681,0.006538834170114374,0.006249953060358582,0.006249953060358698
2023-10-23,0.0,-4963423.013284999,5144157.0,180733.98671500105,180733.98671500105,0.0,4963423.013284999,4963423.013284999,0.036413174180651556,-0.016346984688355257,-0.015527738726280327,-0.015527738726280282
2023-10-24,0.0,-4963423.013284999,5095474.0,132050.98671500105,132050.98671500105,0.0,4963423.013284999,4963423.013284999,0.02660482218854932,-0.009808351992102237,-0.009463746926853034,-0.009463746926853128
2023-10-25,0.0,-4963423.013284999,5095474.0,132050.98671500105,132050.98671500105,0.0,4963423.013284999,4963423.013284999,0.02660482218854932,0.0,0.0,0.0
2023-10-26,0.0,-4963423.013284999,4835831.0,-127592.01328499895,-127592.01328499895,0.0,4963423.013284999,4963423.013284999,-0.025706455593949722,-0.05231127778249904,-0.050955612765367864,-0.05095561276536786
2023-10-27,0.0,-4963423.013284999,4770921.0,-192502.01328499895,-192502.01328499895,0.0,4963423.013284999,4963423.013284999,-0.03878412393417847,-0.013077668340228745,-0.013422718866726413,-0.01342271886672632
2023-10-30,0.0,-4963423.013284999,4722239.0,-241184.01328499895,-241184.01328499895,0.0,4963423.013284999,4963423.013284999,-0.04859227445241936,-0.00980815051824089,-0.010203899834015151,-0.010203899834015278
2023-10-31,0.0,-4963423.013284999,4641102.0,-322321.01328499895,-322321.01328499895,0.0,4963423.013284999,4963423.013284999,-0.06493925914077461,-0.016346984688355257,-0.01718189189492525,-0.017181891894925267
2023-11-01,0.0,-4963423.013284999,4689784.0,-273639.01328499895,-273639.01328499895,0.0,4963423.013284999,4963423.013284999,-0.05513110862253373,0.009808150518240882,0.010489319131533836,0.010489319131533847
2023-11-02,0.0,-4963423.013284999,4900745.0,-62678.013284998946,-62678.013284998946,0.0,4963423.013284999,4963423.013284999,-0.012627981358275574,0.04250312726425816,0.044983095170267884,0.04498309517026797
2023-11-03,0.0,-4963423.013284999,5046792.0,83368.98671500105,83368.98671500105,0.0,4963423.013284999,4963423.013284999,0.016796671670308433,0.029424653028584005,0.029800979238870928,0.029800979238870824
2023-11-06,0.0,-4963423.013284999,5127929.0,164505.98671500105,164505.98671500105,0.0,4963423.013284999,4963423.013284999,0.03314365635866369,0.016346984688355257,0.01607694551311023,0.01607694551311011
2023-11-07,0.0,-4963423.013284999,4981882.0,18458.986715001054,18458.986715001054,0.0,4963423.013284999,4963423.013284999,0.0037190033300796847,-0.029424653028584005,-0.028480698543213,-0.02848069854321306
2023-11-08,0.0,-4963423.013284999,5014337.0,50913.986715001054,50913.986715001054,0.0,4963423.013284999,4963423.013284999,0.010257837500194059,0.006538834170114374,0.006514606327488126,0.0065146063274882865
2023-11-09,0.0,-4963423.013284999,5014337.0,50913.986715001054,50913.986715001054,0.0,4963423.013284999,4963423.013284999,0.010257837500194059,0.0,0.0,0.0
2023-11-10,0.0,-4963423.013284999,4900745.0,-62678.013284998946,-62678.013284998946,0.0,4963423.013284999,4963423.013284999,-0.012627981358275574,-0.02288581885846963,-0.022653443516062022,-0.022653443516062043
2023-11-13,0.0,-4963423.013284999,5063019.0,99595.98671500105,99595.98671500105,0.0,4963423.013284999,4963423.013284999,0.020065988018434944,0.03269396937671052,0.03311210846514134,0.033112108465141524
2023-11-14,0.0,-4963423.013284999,4965655.0,2231.986715001054,2231.986715001054,0.0,4963423.013284999,4963423.013284999,0.00044968698195317283,-0.01961630103648177,-0.019230423587191625,-0.019230423587191754
2023-11-15,0.0,-4963423.013284999,5014337.0,50913.986715001054,50913.986715001054,0.0,4963423.013284999,4963423.013284999,0.010257837500194059,0.009808150518240886,0.00980374190313249,0.009803741903132619
2023-11-16,0.0,-4963423.013284999,5030564.0,67140.98671500105,67140.98671500105,0.0,4963423.013284999,4963423.013284999,0.01352715384832057,0.0032693163481265115,0.003236120747369009,0.0032361207473689943
2023-11-17,0.0,-4963423.013284999,5160384.0,196960.98671500105,196960.98671500105,0.0,4963423.013284999,4963423.013284999,0.039682490528778064,0.026155336680457494,0.025806251545552383,0.02580625154555235
2023-11-20,0.0,-4963423.013284999,5192839.0,229415.98671500105,229415.98671500105,0.0,4963423.013284999,4963423.013284999,0.04622132469889244,0.006538834170114374,0.006289260644169126,0.006289260644169116
2023-11-21,0.0,-4963423.013284999,5468710.0,505286.98671500105,505286.98671500105,0.0,4963423.013284999,4963423.013284999,0.10180212030337935,0.05558079560448691,0.05312527501815478,0.05312527501815481
2023-11-22,0.0,-4963423.013284999,5549847.0,586423.986715001,586423.986715001,0.0,4963423.013284999,4963423.013284999,0.1181491049917346,0.016346984688355257,0.014836588519047567,0.014836588519047454
2023-11-23,0.0,-4963423.013284999,5452482.0,489058.98671500105,489058.98671500105,0.0,4963423.013284999,4963423.013284999,0.09853260248139148,-0.019616502510343123,-0.017543726881119492,-0.017543726881119426
2023-11-24,0.0,-4963423.013284999,5420027.0,456603.98671500105,456603.98671500105,0.0,4963423.013284999,4963423.013284999,0.0919937683112771,-0.006538834170114374,-0.005952335101702344,-0.005952335101702308
2023-11-27,0.0,-4963423.013284999,5338890.0,375466.98671500105,375466.98671500105,0.0,4963423.013284999,4963423.013284999,0.07564678362292185,-0.016346984688355257,-0.014969851626200348,-0.014969851626200386
2023-11-28,0.0,-4963423.013284999,5517392.0,553968.986715001,553968.986715001,0.0,4963423.013284999,4963423.013284999,0.11161027082162023,0.03596348719869838,0.03343429064843084,0.03343429064843067
2023-11-29,0.0,-4963423.013284999,5679670.0,716246.986715001,716246.986715001,0.0,4963423.013284999,4963423.013284999,0.14430504609377615,0.03269477527215592,0.02941208455009159,0.029412084550091783
2023-11-30,0.0,-4963423.013284999,5744580.0,781156.986715001,781156.986715001,0.0,4963423.013284999,4963423.013284999,0.1573827144340049,0.013077668340228749,0.011428480880051328,0.01142848088005113
2023-12-01,0.0,-4963423.013284999,5712125.0,748701.986715001,748701.986715001,0.0,4963423.013284999,4963423.013284999,0.1508438802638905,-0.006538834170114388,-0.005649673257226873,-0.005649673257226812
2023-12-04,0.0,-4963423.013284999,5744580.0,781156.986715001,781156.986715001,0.0,4963423.013284999,4963423.013284999,0.1573827144340049,0.006538834170114388,0.005681773420574743,0.005681773420574655
2023-12-05,0.0,-4963423.013284999,5566074.0,602650.986715001,602650.986715001,0.0,4963423.013284999,4963423.013284999,0.12141842133986111,-0.035964293094143784,-0.031073812184702954,-0.031073812184702797
2023-12-06,0.0,-4963423.013284999,5517392.0,553968.986715001,553968.986715001,0.0,4963423.013284999,4963423.013284999,0.11161027082162023,-0.009808150518240882,-0.008746200643397817,-0.008746200643397843
2023-12-07,0.0,-4963423.013284999,5468710.0,505286.98671500105,505286.98671500105,0.0,4963423.013284999,4963423.013284999,0.10180212030337935,-0.009808150518240882,-0.008823371621954679,-0.00882337162195472
2023-12-08,0.0,-4963423.013284999,5663443.0,700019.986715001,700019.986715001,0.0,4963423.013284999,4963423.013284999,0.14103572974564962,0.03923360944227028,0.035608580451331306,0.0356085804513313
2023-12-11,0.0,-4963423.013284999,5777035.0,813611.986715001,813611.986715001,0.0,4963423.013284999,4963423.013284999,0.16392154860411925,0.02288581885846963,0.0200570571646963,0.020057057164696458
2023-12-12,0.0,-4963423.013284999,5712125.0,748701.986715001,748701.986715001,0.0,4963423.013284999,4963423.013284999,0.1508438802638905,-0.013077668340228749,-0.01123586753412431,-0.011235867534124339
2023-12-13,0.0,-4963423.013284999,5744580.0,781156.986715001,781156.986715001,0.0,4963423.013284999,4963423.013284999,0.1573827144340049,0.006538834170114388,0.005681773420574743,0.005681773420574655
2023-12-14,0.0,-4963423.013284999,5858172.0,894748.986715001,894748.986715001,0.0,4963423.013284999,4963423.013284999,0.18026853329247453,0.02288581885846963,0.019773769361728588,0.019773769361728796
2023-12-15,0.0,-4963423.013284999,5906855.0,943431.986715001,943431.986715001,0.0,4963423.013284999,4963423.013284999,0.19007688528457675,0.009808351992102227,0.008310271531801972,0.00831027153180207
2023-12-18,0.0,-4963423.013284999,5712125.0,748701.986715001,748701.986715001,0.0,4963423.013284999,4963423.013284999,0.1508438802638905,-0.039233005020686246,-0.032966781815365276,-0.032966781815365366
2023-12-19,0.0,-4963423.013284999,5663443.0,700019.986715001,700019.986715001,0.0,4963423.013284999,4963423.013284999,0.14103572974564962,-0.009808150518240882,-0.008522572597763456,-0.008522572597763529
2023-12-20,0.0,-4963423.013284999,5614760.0,651336.986715001,651336.986715001,0.0,4963423.013284999,4963423.013284999,0.1312273777535474,-0.009808351992102227,-0.00859600776418179,-0.008596007764181611
2023-12-21,0.0,-4963423.013284999,5809490.0,846066.986715001,846066.986715001,0.0,4963423.013284999,4963423.013284999,0.17046038277423364,0.039233005020686246,0.0346818029621927,0.034681802962192504
2023-12-22,0.0,-4963423.013284999,5679670.0,716246.986715001,716246.986715001,0.0,4963423.013284999,4963423.013284999,0.14430504609377615,-0.026155336680457497,-0.022346195621302578,-0.022346195621302387
2023-12-25,0.0,-4963423.013284999,5679670.0,716246.986715001,716246.986715001,0.0,4963423.013284999,4963423.013284999,0.14430504609377615,0.0,0.0,0.0
2023-12-26,0.0,-4963423.013284999,5760808.0,797384.986715001,797384.986715001,0.0,4963423.013284999,4963423.013284999,0.16065223225599276,0.016347186162216615,0.014285689133347601,0.014285689133347537
2023-12-27,0.0,-4963423.013284999,5777035.0,813611.986715001,813611.986715001,0.0,4963423.013284999,4963423.013284999,0.16392154860411925,0.003269316348126494,0.002816792366626464,0.0028167923666263485
2023-12-28,0.0,-4963423.013284999,5695898.0,732474.986715001,732474.986715001,0.0,4963423.013284999,4963423.013284999,0.147574563915764,-0.016346984688355243,-0.014044747868067309,-0.01404474786806727
2023-12-29,0.0,-4963423.013284999,5712125.0,748701.986715001,748701.986715001,0.0,4963423.013284999,4963423.013284999,0.1508438802638905,0.003269316348126494,0.002848892308113804,0.0028488923081136635
2024-01-02,0.0,-4963423.013284999,5614760.0,651336.986715001,651336.986715001,0.0,4963423.013284999,4963423.013284999,0.1312273777535474,-0.01961650251034311,-0.017045320261724006,-0.017045320261723965
2024-01-03,0.0,-4963423.013284999,5517392.0,553968.986715001,553968.986715001,0.0,4963423.013284999,4963423.013284999,0.11161027082162023,-0.01961710693192717,-0.017341435787103898,-0.017341435787103992
2024-01-04,0.0,-4963423.013284999,5338890.0,375466.98671500105,375466.98671500105,0.0,4963423.013284999,4963423.013284999,0.07564678362292185,-0.03596348719869838,-0.03235260427390341,-0.032352604273903324
2024-01-05,0.0,-4963423.013284999,5192839.0,229415.98671500105,229415.98671500105,0.0,4963423.013284999,4963423.013284999,0.04622132469889244,-0.02942545892402941,-0.02735606090404541,-0.027356060904045597
2024-01-08,0.0,-4963423.013284999,5225294.0,261870.98671500105,261870.98671500105,0.0,4963423.013284999,4963423.013284999,0.05276015886900681,0.006538834170114374,0.006249953060358582,0.006249953060358698
2024-01-09,0.0,-4963423.013284999,5273980.0,310556.98671500105,310556.98671500105,0.0,4963423.013284999,4963423.013284999,0.0625691152826931,0.009808956413686287,0.009317370467575525,0.009317370467575605
2024-01-10,0.0,-4963423.013284999,5273980.0,310556.98671500105,310556.98671500105,0.0,4963423.013284999,4963423.013284999,0.0625691152826931,0.0,0.0,0.0
2024-01-11,0.0,-4963423.013284999,5209067.0,245643.98671500105,245643.98671500105,0.0,4963423.013284999,4963423.013284999,0.0494908425208803,-0.013078272761812802,-0.012308161957383268,-0.012308161957383228
2024-01-12,0.0,-4963423.013284999,5160384.0,196960.98671500105,196960.98671500105,0.0,4963423.013284999,4963423.013284999,0.039682490528778064,-0.009808351992102234,-0.009345819510480413,-0.009345819510480476
2024-01-15,0.0,-4963423.013284999,5176612.0,213188.98671500105,213188.98671500105,0.0,4963423.013284999,4963423.013284999,0.04295200835076593,0.0032695178219878662,0.0031447272140987526,0.003144727214098796
2024-01-16,0.0,-4963423.013284999,5257752.0,294328.98671500105,294328.98671500105,0.0,4963423.013284999,4963423.013284999,0.05929959746070523,0.016347589109939303,0.015674344532678797,0.015674344532678904
2024-01-17,0.0,-4963423.013284999,5144157.0,180733.98671500105,180733.98671500105,0.0,4963423.013284999,4963423.013284999,0.036413174180651556,-0.022886423280053678,-0.021605241175315926,-0.02160524117531599
2024-01-18,0.0,-4963423.013284999,5095474.0,132050.98671500105,132050.98671500105,0.0,4963423.013284999,4963423.013284999,0.02660482218854932,-0.009808351992102237,-0.009463746926853034,-0.009463746926853128
2024-01-19,0.0,-4963423.013284999,5501165.0,537741.986715001,537741.986715001,0.0,4963423.013284999,4963423.013284999,0.10834095447349372,0.0817361322849444,0.07961791189592948,0.07961791189592961
2024-01-22,0.0,-4963423.013284999,5679670.0,716246.986715001,716246.986715001,0.0,4963423.013284999,4963423.013284999,0.14430504609377615,0.035964091620282426,0.03244858134595119,0.032448581345951265
2024-01-23,0.0,-4963423.013284999,5663443.0,700019.986715001,700019.986715001,0.0,4963423.013284999,4963423.013284999,0.14103572974564962,-0.003269316348126522,-0.002857032186728947,-0.0028570321867291584
2024-01-24,0.0,-4963423.013284999,5501165.0,537741.986715001,537741.986715001,0.0,4963423.013284999,4963423.013284999,0.10834095447349372,-0.032694775272155904,-0.028653594641987357,-0.028653594641987214
2024-01-25,0.0,-4963423.013284999,5695898.0,732474.986715001,732474.986715001,0.0,4963423.013284999,4963423.013284999,0.147574563915764,0.03923360944227029,0.03539850195367711,0.03539850195367709
2024-01-26,0.0,-4963423.013284999,5566074.0,602650.986715001,602650.986715001,0.0,4963423.013284999,4963423.013284999,0.12141842133986111,-0.026156142575902902,-0.022792542984442554,-0.02279254298444249
2024-01-29,0.0,-4963423.013284999,5777035.0,813611.986715001,813611.986715001,0.0,4963423.013284999,4963423.013284999,0.16392154860411925,0.042503127264258145,0.0379012208605205,0.03790122086052036
2024-01-30,0.0,-4963423.013284999,5777035.0,813611.986715001,813611.986715001,0.0,4963423.013284999,4963423.013284999,0.16392154860411925,0.0,0.0,0.0
2024-01-31,0.0,-4963423.013284999,5712125.0,748701.986715001,748701.986715001,0.0,4963423.013284999,4963423.013284999,0.1508438802638905,-0.013077668340228749,-0.01123586753412431,-0.011235867534124339
2024-02-01,0.0,-4963423.013284999,5760808.0,797384.986715001,797384.986715001,0.0,4963423.013284999,4963423.013284999,0.16065223225599276,0.009808351992102254,0.00852274766396044,0.008522747663960436
2024-02-02,0.0,-4963423.013284999,5841945.0,878521.986715001,878521.986715001,0.0,4963423.013284999,4963423.013284999,0.176999216944348,0.016346984688355243,0.01408430900665314,0.014084309006653233
2024-02-05,0.0,-4963423.013284999,5728353.0,764929.986715001,764929.986715001,0.0,4963423.013284999,4963423.013284999,0.15411339808587837,-0.02288581885846963,-0.01944420907762734,-0.019444209077627398
2024-02-15,0.0,-4963423.013284999,5858172.0,894748.986715001,894748.986715001,0.0,4963423.013284999,4963423.013284999,0.18026853329247453,0.026155135206596153,0.022662534938052703,0.022662534938052876
2024-02-16,0.0,-4963423.013284999,5906855.0,943431.986715001,943431.986715001,0.0,4963423.013284999,4963423.013284999,0.19007688528457675,0.009808351992102227,0.008310271531801972,0.00831027153180207
2024-02-19,0.0,-4963423.013284999,6247635.0,1284211.986715001,1284211.986715001,0.0,4963423.013284999,4963423.013284999,0.25873514775543105,0.0686582624708543,0.05769229141395904,0.05769229141395887
2024-02-20,0.0,-4963423.013284999,6182725.0,1219301.986715001,1219301.986715001,0.0,4963423.013284999,4963423.013284999,0.2456574794152023,-0.013077668340228749,-0.010389531398681373,-0.01038953139868126
2024-02-21,0.0,-4963423.013284999,6150270.0,1186846.986715001,1186846.986715001,0.0,4963423.013284999,4963423.013284999,0.23911864524508794,-0.00653883417011436,-0.0052493035029052,-0.005249303502905272
2024-02-22,0.0,-4963423.013284999,6134043.0,1170619.986715001,1170619.986715001,0.0,4963423.013284999,4963423.013284999,0.23584932889696142,-0.003269316348126522,-0.002638420752259729,-0.0026384207522596567
2024-02-23,0.0,-4963423.013284999,6101588.0,1138164.986715001,1138164.986715001,0.0,4963423.013284999,4963423.013284999,0.22931049472684706,-0.00653883417011436,-0.00529096388792849,-0.005290963887928402
2024-02-26,0.0,-4963423.013284999,6361231.0,1397807.986715001,1397807.986715001,0.0,4963423.013284999,4963423.013284999,0.2816217725093461,0.052311277782499055,0.04255334840700509,0.042553348407004865
2024-02-27,0.0,-4963423.013284999,5809490.0,846066.986715001,846066.986715001,0.0,4963423.013284999,4963423.013284999,0.17046038277423364,-0.11116138973511247,-0.08673494171175355,-0.0867349417117536
2024-02-29,0.0,-4963423.013284999,5825717.0,862293.986715001,862293.986715001,0.0,4963423.013284999,4963423.013284999,0.17372969912236014,0.003269316348126494,0.0027931883865881524,0.0027931883865881515
2024-03-01,0.0,-4963423.013284999,5777035.0,813611.986715001,813611.986715001,0.0,4963423.013284999,4963423.013284999,0.16392154860411925,-0.009808150518240882,-0.008356396302807156,-0.00835639630280702
2024-03-04,0.0,-4963423.013284999,5858172.0,894748.986715001,894748.986715001,0.0,4963423.013284999,4963423.013284999,0.18026853329247453,0.01634698468835527,0.014044747868067198,0.01404474786806727
2024-03-05,0.0,-4963423.013284999,5777035.0,813611.986715001,813611.986715001,0.0,4963423.013284999,4963423.013284999,0.16392154860411925,-0.01634698468835527,-0.013850224950718415,-0.013850224950718415
2024-03-06,0.0,-4963423.013284999,5647215.0,683791.986715001,683791.986715001,0.0,4963423.013284999,4963423.013284999,0.13776621192366176,-0.026155336680457497,-0.02247173506824862,-0.022471735068248677
2024-03-07,0.0,-4963423.013284999,5598533.0,635109.986715001,635109.986715001,0.0,4963423.013284999,4963423.013284999,0.12795806140542088,-0.009808150518240882,-0.008620532421733662,-0.008620532421733544
2024-03-08,0.0,-4963423.013284999,5630988.0,667564.986715001,667564.986715001,0.0,4963423.013284999,4963423.013284999,0.13449689557553526,0.006538834170114388,0.005797054335483942,0.005797054335483956
2024-03-11,0.0,-4963423.013284999,5744580.0,781156.986715001,781156.986715001,0.0,4963423.013284999,4963423.013284999,0.1573827144340049,0.02288581885846963,0.020172658865549087,0.020172658865548993
2024-03-12,0.0,-4963423.013284999,5906855.0,943431.986715001,943431.986715001,0.0,4963423.013284999,4963423.013284999,0.19007688528457675,0.03269417085057186,0.02824836628613392,0.02824836628613406
2024-03-13,0.0,-4963423.013284999,5760808.0,797384.986715001,797384.986715001,0.0,4963423.013284999,4963423.013284999,0.16065223225599276,-0.02942465302858399,-0.024725001714110073,-0.024725001714110132
2024-03-14,0.0,-4963423.013284999,5760808.0,797384.986715001,797384.986715001,0.0,4963423.013284999,4963423.013284999,0.16065223225599276,0.0,0.0,0.0
2024-03-15,0.0,-4963423.013284999,5582302.0,618878.986715001,618878.986715001,0.0,4963423.013284999,4963423.013284999,0.12468793916184898,-0.035964293094143784,-0.03098627831373646,-0.030986278313736546
2024-03-18,0.0,-4963423.013284999,6069133.0,1105709.986715001,1105709.986715001,0.0,4963423.013284999,4963423.013284999,0.22277166055673267,0.0980837213948837,0.08720972100756996,0.08720972100756999
2024-03-19,0.0,-4963423.013284999,6247635.0,1284211.986715001,1284211.986715001,0.0,4963423.013284999,4963423.013284999,0.25873514775543105,0.03596348719869838,0.02941144970789078,0.02941144970789073
2024-03-20,0.0,-4963423.013284999,6377458.0,1414034.986715001,1414034.986715001,0.0,4963423.013284999,4963423.013284999,0.2848910888574726,0.026155941102041558,0.020779542979063148,0.020779542979063276
2024-03-21,0.0,-4963423.013284999,6491051.0,1527627.986715001,1527627.986715001,0.0,4963423.013284999,4963423.013284999,0.3077771091898036,0.022886020332331003,0.01781164219348841,0.017811642193488377
2024-03-22,0.0,-4963423.013284999,6491051.0,1527627.986715001,1527627.986715001,0.0,4963423.013284999,4963423.013284999,0.3077771091898036,0.0,0.0,0.0
2024-03-25,0.0,-4963423.013284999,6426141.0,1462717.986715001,1462717.986715001,0.0,4963423.013284999,4963423.013284999,0.29469944084957483,-0.013077668340228776,-0.00999992143028916,-0.009999921430289178
2024-03-26,0.0,-4963423.013284999,6166498.0,1203074.986715001,1203074.986715001,0.0,4963423.013284999,4963423.013284999,0.2423881630670758,-0.05231127778249903,-0.04040418658725353,-0.04040418658725353
2024-03-27,0.0,-4963423.013284999,6215180.0,1251756.986715001,1251756.986715001,0.0,4963423.013284999,4963423.013284999,0.2521963135853167,0.009808150518240882,0.007894594306200986,0.007894594306201024
2024-03-28,0.0,-4963423.013284999,6166498.0,1203074.986715001,1203074.986715001,0.0,4963423.013284999,4963423.013284999,0.2423881630670758,-0.009808150518240882,-0.007832757860592898,-0.007832757860592935
2024-03-29,0.0,-4963423.013284999,6198953.0,1235529.986715001,1235529.986715001,0.0,4963423.013284999,4963423.013284999,0.24892699723719017,0.00653883417011436,0.005263116926333078,0.005263116926333228
2024-04-01,0.0,-4963423.013284999,6263863.0,1300439.986715001,1300439.986715001,0.0,4963423.013284999,4963423.013284999,0.2620046655774189,0.013077668340228749,0.01047112310740217,0.01047112310740217
2024-04-02,0.0,-4963423.013284999,6280090.0,1316666.986715001,1316666.986715001,0.0,4963423.013284999,4963423.013284999,0.2652739819255454,0.003269316348126494,0.002590573899844184,0.0025905738998442335
2024-04-03,0.0,-4963423.013284999,6231408.0,1267984.986715001,1267984.986715001,0.0,4963423.013284999,4963423.013284999,0.25546583140730456,-0.009808150518240855,-0.007751799735354004,-0.007751799735354111
2024-04-08,0.0,-4963423.013284999,6458596.0,1495172.986715001,1495172.986715001,0.0,4963423.013284999,4963423.013284999,0.3012382750196892,0.04577244361238464,0.03645853393005227,0.036458533930052404
2024-04-09,0.0,-4963423.013284999,6280090.0,1316666.986715001,1316666.986715001,0.0,4963423.013284999,4963423.013284999,0.2652739819255454,-0.035964293094143784,-0.0276385146245407,-0.02763851462454069
2024-04-10,0.0,-4963423.013284999,6215180.0,1251756.986715001,1251756.986715001,0.0,4963423.013284999,4963423.013284999,0.2521963135853167,-0.01307766834022872,-0.010335839136063285,-0.010335839136063337
2024-04-11,0.0,-4963423.013284999,6247635.0,1284211.986715001,1284211.986715001,0.0,4963423.013284999,4963423.013284999,0.25873514775543105,0.00653883417011436,0.005221892205857337,0.005221892205857272
2024-04-12,0.0,-4963423.013284999,6296318.0,1332894.986715001,1332894.986715001,0.0,4963423.013284999,4963423.013284999,0.2685434997475333,0.009808351992102227,0.007792228579294402,0.007792228579294405
2024-04-15,0.0,-4963423.013284999,5923082.0,959658.986715001,959658.986715001,0.0,4963423.013284999,4963423.013284999,0.19334620163270327,-0.07519729811483,-0.05927845448720992,-0.05927845448720983
2024-04-16,0.0,-4963423.013284999,5744580.0,781156.986715001,781156.986715001,0.0,4963423.013284999,4963423.013284999,0.1573827144340049,-0.03596348719869838,-0.03013667546726506,-0.030136675467265183
2024-04-17,0.0,-4963423.013284999,5809490.0,846066.986715001,846066.986715001,0.0,4963423.013284999,4963423.013284999,0.17046038277423364,0.013077668340228749,0.011299346514453523,0.011299346514453624
2024-04-18,0.0,-4963423.013284999,5793262.0,829838.986715001,829838.986715001,0.0,4963423.013284999,4963423.013284999,0.16719086495224578,-0.0032695178219878662,-0.0027933605187374644,-0.0027933605187374453
2024-04-19,0.0,-4963423.013284999,5517392.0,553968.986715001,553968.986715001,0.0,4963423.013284999,4963423.013284999,0.11161027082162023,-0.05558059413062555,-0.04761911337688507,-0.047619113376885076
2024-04-22,0.0,-4963423.013284999,5436255.0,472831.98671500105,472831.98671500105,0.0,4963423.013284999,4963423.013284999,0.09526328613326497,-0.016346984688355257,-0.01470567978494186,-0.014705679784941871
2024-04-23,0.0,-4963423.013284999,5517392.0,553968.986715001,553968.986715001,0.0,4963423.013284999,4963423.013284999,0.11161027082162023,0.016346984688355257,0.014925164474440589,0.014925164474440585
2024-04-24,0.0,-4963423.013284999,6069133.0,1105709.986715001,1105709.986715001,0.0,4963423.013284999,4963423.013284999,0.22277166055673267,0.11116138973511244,0.10000032624109356,0.10000032624109362
2024-04-25,0.0,-4963423.013284999,5971768.0,1008344.986715001,1008344.986715001,0.0,4963423.013284999,4963423.013284999,0.20315515804638956,-0.01961650251034311,-0.01604265386835324,-0.01604265386835319
2024-04-26,0.0,-4963423.013284999,5923082.0,959658.986715001,959658.986715001,0.0,4963423.013284999,4963423.013284999,0.19334620163270327,-0.009808956413686287,-0.008152694478419154,-0.008152694478419122
2024-04-29,0.0,-4963423.013284999,5971768.0,1008344.986715001,1008344.986715001,0.0,4963423.013284999,4963423.013284999,0.20315515804638956,0.009808956413686287,0.008219707240251006,0.008219707240250937
2024-04-30,0.0,-4963423.013284999,5906855.0,943431.986715001,943431.986715001,0.0,4963423.013284999,4963423.013284999,0.19007688528457675,-0.01307827276181281,-0.01086998021356489,-0.010869980213564895
2024-05-02,0.0,-4963423.013284999,5777032.0,813608.986715001,813608.986715001,0.0,4963423.013284999,4963423.013284999,0.16392094418253522,-0.02615594110204153,-0.02197836242806006,-0.02197836242806028
2024-05-03,0.0,-4963423.013284999,5712122.0,748698.986715001,748698.986715001,0.0,4963423.013284999,4963423.013284999,0.15084327584230647,-0.013077668340228749,-0.011235873368885763,-0.011235873368885615
2024-05-06,0.0,-4963423.013284999,5971765.0,1008341.986715001,1008341.986715001,0.0,4963423.013284999,4963423.013284999,0.2031545536248055,0.05231127778249903,0.04545473643595166,0.04545473643595147
2024-05-07,0.0,-4963423.013284999,5906851.0,943427.986715001,943427.986715001,0.0,4963423.013284999,4963423.013284999,0.19007607938913135,-0.013078474235674153,-0.01087015312893258,-0.010870153128932568
2024-05-08,0.0,-4963423.013284999,6134039.0,1170615.986715001,1170615.986715001,0.0,4963423.013284999,4963423.013284999,0.23584852300151601,0.04577244361238467,0.03846177938126405,0.03846177938126423
2024-05-09,0.0,-4963423.013284999,6182722.0,1219298.986715001,1219298.986715001,0.0,4963423.013284999,4963423.013284999,0.24565687499361827,0.009808351992102254,0.007936532519601025,0.00793653251960087
2024-05-10,0.0,-4963423.013284999,6166494.0,1203070.986715001,1203070.986715001,0.0,4963423.013284999,4963423.013284999,0.2423873571716304,-0.0032695178219878662,-0.0026247338955237565,-0.0026247338955236866
2024-05-13,0.0,-4963423.013284999,6052902.0,1089478.986715001,1089478.986715001,0.0,4963423.013284999,4963423.013284999,0.21950153831316077,-0.02288581885846963,-0.01842084010784728,-0.018420840107847343
2024-05-14,0.0,-4963423.013284999,5955537.0,992113.986715001,992113.986715001,0.0,4963423.013284999,4963423.013284999,0.19988503580281763,-0.019616502510343137,-0.016085672624470138,-0.016085672624470047
2024-05-15,0.0,-4963423.013284999,5923082.0,959658.986715001,959658.986715001,0.0,4963423.013284999,4963423.013284999,0.19334620163270327,-0.00653883417011436,-0.0054495505610997474,-0.005449550561099696
2024-05-16,0.0,-4963423.013284999,5939310.0,975886.986715001,975886.986715001,0.0,4963423.013284999,4963423.013284999,0.19661571945469114,0.0032695178219878662,0.002739789859401043,0.0027397898594008997
2024-05-17,0.0,-4963423.013284999,5955537.0,992113.986715001,992113.986715001,0.0,4963423.013284999,4963423.013284999,0.19988503580281763,0.003269316348126494,0.0027321355510994128,0.0027321355510993703
2024-05-20,0.0,-4963423.013284999,5858169.0,894745.986715001,894745.986715001,0.0,4963423.013284999,4963423.013284999,0.18026792887089046,-0.01961710693192717,-0.016349155416211958,-0.016349155416211836
2024-05-21,0.0,-4963423.013284999,5906851.0,943427.986715001,943427.986715001,0.0,4963423.013284999,4963423.013284999,0.19007607938913135,0.009808150518240882,0.00831010508573593,0.008310105085735833
2024-05-22,0.0,-4963423.013284999,5923082.0,959658.986715001,959658.986715001,0.0,4963423.013284999,4963423.013284999,0.19334620163270327,0.003270122243571927,0.0027478262106153117,0.002747826210615436
2024-05-23,0.0,-4963423.013284999,6198949.0,1235525.986715001,1235525.986715001,0.0,4963423.013284999,4963423.013284999,0.24892619134174476,0.05557998970904149,0.04657490813059817,0.046574908130598225
2024-05-24,0.0,-4963423.013284999,6134039.0,1170615.986715001,1170615.986715001,0.0,4963423.013284999,4963423.013284999,0.23584852300151601,-0.013077668340228749,-0.010471129864110806,-0.010471129864110836
2024-05-27,0.0,-4963423.013284999,6231404.0,1267980.986715001,1267980.986715001,0.0,4963423.013284999,4963423.013284999,0.2554650255118591,0.01961650251034311,0.015872902014480328,0.015872902014480182
2024-05-28,0.0,-4963423.013284999,6231404.0,1267980.986715001,1267980.986715001,0.0,4963423.013284999,4963423.013284999,0.2554650255118591,0.0,0.0,0.0
2024-05-29,0.0,-4963423.013284999,6198949.0,1235525.986715001,1235525.986715001,0.0,4963423.013284999,4963423.013284999,0.24892619134174476,-0.00653883417011436,-0.0052082965572446405,-0.005208296557244563
2024-05-30,0.0,-4963423.013284999,6085357.0,1121933.986715001,1121933.986715001,0.0,4963423.013284999,4963423.013284999,0.22604037248327513,-0.02288581885846963,-0.018324396603359605,-0.0183243966033597
2024-05-31,0.0,-4963423.013284999,5923082.0,959658.986715001,959658.986715001,0.0,4963423.013284999,4963423.013284999,0.19334620163270327,-0.03269417085057186,-0.026666471663042923,-0.02666647166304294
2024-06-03,0.0,-4963423.013284999,6117812.0,1154388.986715001,1154388.986715001,0.0,4963423.013284999,4963423.013284999,0.23257920665338952,0.039233005020686246,0.032876465326666215,0.032876465326666084
2024-06-04,0.0,-4963423.013284999,6085357.0,1121933.986715001,1121933.986715001,0.0,4963423.013284999,4963423.013284999,0.22604037248327513,-0.006538834170114388,-0.005305001199775394,-0.005305001199775345
2024-06-05,0.0,-4963423.013284999,6020447.0,1057023.986715001,1057023.986715001,0.0,4963423.013284999,4963423.013284999,0.21296270414304638,-0.013077668340228749,-0.010666588665217192,-0.010666588665217176
2024-06-06,0.0,-4963423.013284999,6085357.0,1121933.986715001,1121933.986715001,0.0,4963423.013284999,4963423.013284999,0.22604037248327513,0.013077668340228749,0.010781591466547225,0.01078159146654725
2024-06-07,0.0,-4963423.013284999,5971765.0,1008341.986715001,1008341.986715001,0.0,4963423.013284999,4963423.013284999,0.2031545536248055,-0.02288581885846963,-0.018666447999681757,-0.01866644799968186
2024-06-11,0.0,-4963423.013284999,5923082.0,959658.986715001,959658.986715001,0.0,4963423.013284999,4963423.013284999,0.19334620163270327,-0.009808351992102227,-0.008152196209998297,-0.008152196209998217
2024-06-12,0.0,-4963423.013284999,6020447.0,1057023.986715001,1057023.986715001,0.0,4963423.013284999,4963423.013284999,0.21296270414304638,0.01961650251034311,0.016438232663332997,0.016438232663333042
2024-06-13,0.0,-4963423.013284999,5971765.0,1008341.986715001,1008341.986715001,0.0,4963423.013284999,4963423.013284999,0.2031545536248055,-0.009808150518240882,-0.008086110549598624,-0.008086110549598726
2024-06-14,0.0,-4963423.013284999,5923082.0,959658.986715001,959658.986715001,0.0,4963423.013284999,4963423.013284999,0.19334620163270327,-0.009808351992102227,-0.008152196209998297,-0.008152196209998217
2024-06-17,0.0,-4963423.013284999,5971765.0,1008341.986715001,1008341.986715001,0.0,4963423.013284999,4963423.013284999,0.2031545536248055,0.009808351992102227,0.008219200747178634,0.00821920074717858
2024-06-18,0.0,-4963423.013284999,6166494.0,1203070.986715001,1203070.986715001,0.0,4963423.013284999,4963423.013284999,0.2423873571716304,0.0392328035468249,0.03260828247595127,0.03260828247595141
2024-06-19,0.0,-4963423.013284999,6134039.0,1170615.986715001,1170615.986715001,0.0,4963423.013284999,4963423.013284999,0.23584852300151601,-0.006538834170114388,-0.0052631203403425975,-0.005263120340342503
2024-06-20,0.0,-4963423.013284999,6182722.0,1219298.986715001,1219298.986715001,0.0,4963423.013284999,4963423.013284999,0.24565687499361827,0.009808351992102254,0.007936532519601025,0.00793653251960087
2024-06-21,0.0,-4963423.013284999,6069130.0,1105706.986715001,1105706.986715001,0.0,4963423.013284999,4963423.013284999,0.22277105613514864,-0.02288581885846963,-0.018372490304432332,-0.018372490304432255
2024-06-24,0.0,-4963423.013284999,6036675.0,1073251.986715001,1073251.986715001,0.0,4963423.013284999,4963423.013284999,0.21623222196503425,-0.006538834170114388,-0.0053475539327711985,-0.005347553932771254
2024-06-25,0.0,-4963423.013284999,5841942.0,878518.986715001,878518.986715001,0.0,4963423.013284999,4963423.013284999,0.17699861252276397,-0.03923360944227028,-0.03225832101280923,-0.032258321012809205
2024-06-26,0.0,-4963423.013284999,5841942.0,878518.986715001,878518.986715001,0.0,4963423.013284999,4963423.013284999,0.17699861252276397,0.0,0.0,0.0
2024-06-27,0.0,-4963423.013284999,5793259.0,829835.986715001,829835.986715001,0.0,4963423.013284999,4963423.013284999,0.16719026053066172,-0.009808351992102254,-0.008333359009726649,-0.00833335900972656
2024-06-28,0.0,-4963423.013284999,5841942.0,878518.986715001,878518.986715001,0.0,4963423.013284999,4963423.013284999,0.17699861252276397,0.009808351992102254,0.008403387454281042,0.008403387454280915
2024-07-01,0.0,-4963423.013284999,5825714.0,862290.986715001,862290.986715001,0.0,4963423.013284999,4963423.013284999,0.1737290947007761,-0.0032695178219878662,-0.002777843395227131,-0.002777843395227135
2024-07-02,0.0,-4963423.013284999,5793259.0,829835.986715001,829835.986715001,0.0,4963423.013284999,4963423.013284999,0.16719026053066172,-0.006538834170114388,-0.005570990954928523,-0.005570990954928443
2024-07-03,0.0,-4963423.013284999,5939310.0,975886.986715001,975886.986715001,0.0,4963423.013284999,4963423.013284999,0.19661571945469114,0.029425458924029424,0.025210507591668208,0.02521050759166818
2024-07-04,0.0,-4963423.013284999,5890624.0,927200.986715001,927200.986715001,0.0,4963423.013284999,4963423.013284999,0.18680676304100485,-0.009808956413686287,-0.008197248501930376,-0.008197248501930359
2024-07-05,0.0,-4963423.013284999,5793259.0,829835.986715001,829835.986715001,0.0,4963423.013284999,4963423.013284999,0.16719026053066172,-0.019616502510343137,-0.016528809171999503,-0.016528809171999434
2024-07-08,0.0,-4963423.013284999,5874396.0,910972.986715001,910972.986715001,0.0,4963423.013284999,4963423.013284999,0.183537245219017,0.01634698468835527,0.01400541560458457,0.01400541560458457
2024-07-09,0.0,-4963423.013284999,5744577.0,781153.986715001,781153.986715001,0.0,4963423.013284999,4963423.013284999,0.15738211001242083,-0.026155135206596153,-0.022099123041756097,-0.02209912304175612
2024-07-10,0.0,-4963423.013284999,5695894.0,732470.986715001,732470.986715001,0.0,4963423.013284999,4963423.013284999,0.1475737580203186,-0.009808351992102227,-0.008474601350108024,-0.008474601350108111
2024-07-11,0.0,-4963423.013284999,6257590.0,1294166.986715001,1294166.986715001,0.0,4963423.013284999,4963423.013284999,0.26074082004517035,0.11316706202485174,0.09861419471640454,0.09861419471640448
2024-07-12,0.0,-4963423.013284999,6274102.0,1310678.986715001,1310678.986715001,0.0,4963423.013284999,4963423.013284999,0.2640675564437816,0.003326736398611252,0.0026387155438434284,0.0026387155438435564
2024-07-15,0.0,-4963423.013284999,6307122.0,1343698.986715001,1343698.986715001,0.0,4963423.013284999,4963423.013284999,0.27072022334555873,0.006652666901777127,0.0052629045559031695,0.0052629045559029804
2024-07-16,0.0,-4963423.013284999,6538274.0,1574850.986715001,1574850.986715001,0.0,4963423.013284999,4963423.013284999,0.3172913093443348,0.046571085998776074,0.036649362419182596,0.03664936241918263
2024-07-17,0.0,-4963423.013284999,7116154.0,2152730.986715001,2152730.986715001,0.0,4963423.013284999,4963423.013284999,0.433719024341275,0.11642771499694021,0.08838418212512966,0.08838418212512966
2024-07-18,0.0,-4963423.013284999,6769426.0,1806002.986715001,1806002.986715001,0.0,4963423.013284999,4963423.013284999,0.3638623953431109,-0.06985662899816414,-0.04872407201980167,-0.04872407201980171
2024-07-19,0.0,-4963423.013284999,6356658.0,1393234.986715001,1393234.986715001,0.0,4963423.013284999,4963423.013284999,0.28070043254139254,-0.08316196280171834,-0.06097533232507457,-0.06097533232507454
2024-07-22,0.0,-4963423.013284999,6290614.0,1327190.986715001,1327190.986715001,0.0,4963423.013284999,4963423.013284999,0.26739429284239286,-0.013306139698999686,-0.010389736241905645,-0.010389736241905732
2024-07-23,0.0,-4963423.013284999,6422698.0,1459274.986715001,1459274.986715001,0.0,4963423.013284999,4963423.013284999,0.2940057663449468,0.02661147350255394,0.02099699647760933,0.02099699647760934
2024-07-26,0.0,-4963423.013284999,6307122.0,1343698.986715001,1343698.986715001,0.0,4963423.013284999,4963423.013284999,0.27072022334555873,-0.023285542999388065,-0.017994929856580577,-0.01799492985658052
2024-07-29,0.0,-4963423.013284999,5976906.0,1013482.986715001,1013482.986715001,0.0,4963423.013284999,4963423.013284999,0.20419033074600587,-0.06652989259955286,-0.05235605082635164,-0.052356050826351544
2024-07-30,0.0,-4963423.013284999,6059462.0,1096038.986715001,1096038.986715001,0.0,4963423.013284999,4963423.013284999,0.22082320684361678,0.01663287609761091,0.013812497636737087,0.013812497636737135
2024-07-31,0.0,-4963423.013284999,5927374.0,963950.986715001,963950.986715001,0.0,4963423.013284999,4963423.013284999,0.1942109274456175,-0.02661227939799929,-0.021798634928315352,-0.02179863492831542
2024-08-01,0.0,-4963423.013284999,6042950.0,1079526.986715001,1079526.986715001,0.0,4963423.013284999,4963423.013284999,0.21749647044500553,0.023285542999388037,0.01949868525252496,0.01949868525252498
2024-08-02,0.0,-4963423.013284999,5481583.0,518159.98671500105,518159.98671500105,0.0,4963423.013284999,4963423.013284999,0.10439569332053794,-0.11310077712446759,-0.09289618481039896,-0.0928961848103989
2024-08-05,0.0,-4963423.013284999,4936727.0,-26696.013284998946,-26696.013284998946,0.0,4963423.013284999,4963423.013284999,-0.005378548879179737,-0.10977424219971768,-0.09939756453564597,-0.099397564535646
2024-08-06,0.0,-4963423.013284999,4639534.0,-323889.01328499895,-323889.01328499895,0.0,4963423.013284999,4963423.013284999,-0.06525517015537143,-0.059876621276191686,-0.06020041213540872,-0.06020041213540874
2024-08-07,0.0,-4963423.013284999,4903706.0,-59717.013284998946,-59717.013284998946,0.0,4963423.013284999,4963423.013284999,-0.012031417254818213,0.053223752900553215,0.05693933916639038,0.05693933916639042
2024-08-08,0.0,-4963423.013284999,4755110.0,-208313.01328499895,-208313.01328499895,0.0,4963423.013284999,4963423.013284999,-0.04196962715598338,-0.02993820990116517,-0.030302795477542888,-0.030302795477542905
2024-08-09,0.0,-4963423.013284999,4887195.0,-76228.01328499895,-76228.01328499895,0.0,4963423.013284999,4963423.013284999,-0.015357952179568125,0.026611674976415256,0.027777485694337356,0.02777748569433725
2024-08-12,0.0,-4963423.013284999,5217411.0,253987.98671500105,253987.98671500105,0.0,4963423.013284999,4963423.013284999,0.051171940419984734,0.06652989259955286,0.06756759245333965,0.0675675924533398
2024-08-13,0.0,-4963423.013284999,5200902.0,237478.98671500105,237478.98671500105,0.0,4963423.013284999,4963423.013284999,0.04784580844295752,-0.003326131977027212,-0.0031642130550955105,-0.003164213055095717
2024-08-14,0.0,-4963423.013284999,5266943.0,303519.98671500105,303519.98671500105,0.0,4963423.013284999,4963423.013284999,0.06115134372037312,0.013305535277415598,0.012697989694864464,0.012697989694864468
2024-08-15,0.0,-4963423.013284999,5184390.0,220966.98671500105,220966.98671500105,0.0,4963423.013284999,4963423.013284999,0.044519072044346256,-0.016632271676026864,-0.015673797874782514,-0.015673797874782392
2024-08-16,0.0,-4963423.013284999,5266943.0,303519.98671500105,303519.98671500105,0.0,4963423.013284999,4963423.013284999,0.06115134372037312,0.016632271676026864,0.015923377677991235,0.015923377677991048
2024-08-19,0.0,-4963423.013284999,5233922.0,270498.98671500105,270498.98671500105,0.0,4963423.013284999,4963423.013284999,0.05449847534473465,-0.006652868375638471,-0.006269481177221925,-0.0062694811772217775
2024-08-20,0.0,-4963423.013284999,5217411.0,253987.98671500105,253987.98671500105,0.0,4963423.013284999,4963423.013284999,0.051171940419984734,-0.0033265349247499146,-0.003154613309101717,-0.003154613309101664
2024-08-21,0.0,-4963423.013284999,5052303.0,88879.98671500105,88879.98671500105,0.0,4963423.013284999,4963423.013284999,0.017906994120208304,-0.03326494629977643,-0.031645580537933315,-0.03164558053793347
2024-08-22,0.0,-4963423.013284999,5332986.0,369562.98671500105,369562.98671500105,0.0,4963423.013284999,4963423.013284999,0.07445728194551142,0.056550287825303115,0.05555545659078631,0.05555545659078642
2024-08-23,0.0,-4963423.013284999,5366010.0,402586.98671500105,402586.98671500105,0.0,4963423.013284999,4963423.013284999,0.08111075474273395,0.006653472797222532,0.006192403280263603,0.006192403280263627
2024-08-26,0.0,-4963423.013284999,5299966.0,336542.98671500105,336542.98671500105,0.0,4963423.013284999,4963423.013284999,0.06780461504373429,-0.013306139698999658,-0.012307841394257446,-0.012307841394257559
2024-08-27,0.0,-4963423.013284999,5283454.0,320030.98671500105,320030.98671500105,0.0,4963423.013284999,4963423.013284999,0.06447787864512304,-0.003326736398611252,-0.0031154916842863756,-0.0031154916842862767
2024-08-28,0.0,-4963423.013284999,5250434.0,287010.98671500105,287010.98671500105,0.0,4963423.013284999,4963423.013284999,0.05782521174334591,-0.006652666901777134,-0.006249699533676156,-0.0062496995336762656
2024-08-29,0.0,-4963423.013284999,5432051.0,468627.98671500105,468627.98671500105,0.0,4963423.013284999,4963423.013284999,0.09441629002014955,0.03659107827680364,0.03459085477505286,0.03459085477505288
2024-08-30,0.0,-4963423.013284999,5399030.0,435606.98671500105,435606.98671500105,0.0,4963423.013284999,4963423.013284999,0.08776342164451108,-0.006652868375638471,-0.006078919362134005,-0.006078919362134118
2024-09-02,0.0,-4963423.013284999,5366010.0,402586.98671500105,402586.98671500105,0.0,4963423.013284999,4963423.013284999,0.08111075474273395,-0.006652666901777127,-0.006115913414076357,-0.006115913414076232
2024-09-03,0.0,-4963423.013284999,5167878.0,204454.98671500105,204454.98671500105,0.0,4963423.013284999,4963423.013284999,0.041192335645735,-0.039918419096998954,-0.03692352418277256,-0.03692352418277267
2024-09-04,0.0,-4963423.013284999,4722087.0,-241336.01328499895,-241336.01328499895,0.0,4963423.013284999,4963423.013284999,-0.048622898479344555,-0.08981523412507955,-0.0862619047895481,-0.08626190478954805
2024-09-05,0.0,-4963423.013284999,4689066.0,-274357.01328499895,-274357.01328499895,0.0,4963423.013284999,4963423.013284999,-0.05527576685498303,-0.006652868375638478,-0.006992882596191019,-0.0069928825961910485
2024-09-06,0.0,-4963423.013284999,4705578.0,-257845.01328499895,-257845.01328499895,0.0,4963423.013284999,4963423.013284999,-0.05194903045637177,0.003326736398611266,0.00352138357617493,0.0035213835761748716
2024-09-09,0.0,-4963423.013284999,4689066.0,-274357.01328499895,-274357.01328499895,0.0,4963423.013284999,4963423.013284999,-0.05527576685498303,-0.003326736398611266,-0.003509026946317717,-0.003509026946317753
2024-09-10,0.0,-4963423.013284999,4606511.0,-356912.01328499895,-356912.01328499895,0.0,4963423.013284999,4963423.013284999,-0.0719084414787326,-0.016632674623749566,-0.01760585157044059,-0.01760585157044068
2024-09-11,0.0,-4963423.013284999,4556979.0,-406444.01328499895,-406444.01328499895,0.0,4963423.013284999,4963423.013284999,-0.08188784477912099,-0.009979403300388393,-0.010752606473749982,-0.010752606473749872
2024-09-12,0.0,-4963423.013284999,4821151.0,-142272.01328499895,-142272.01328499895,0.0,4963423.013284999,4963423.013284999,-0.028664091878567777,0.053223752900553215,0.0579708618363175,0.05797086183631744
2024-09-13,0.0,-4963423.013284999,4870686.0,-92737.01328499895,-92737.01328499895,0.0,4963423.013284999,4963423.013284999,-0.018684084156595338,0.00998000772197244,0.010274517433700003,0.01027451743369996
2024-09-16,0.0,-4963423.013284999,4837663.0,-125760.01328499895,-125760.01328499895,0.0,4963423.013284999,4963423.013284999,-0.025337355479956514,-0.006653271323361177,-0.006779948450793105,-0.006779948450793174
2024-09-18,0.0,-4963423.013284999,4722087.0,-241336.01328499895,-241336.01328499895,0.0,4963423.013284999,4963423.013284999,-0.048622898479344555,-0.02328554299938804,-0.023890874581383614,-0.023890874581383614
2024-09-19,0.0,-4963423.013284999,4854174.0,-109249.01328499895,-109249.01328499895,0.0,4963423.013284999,4963423.013284999,-0.022010820555206603,0.02661207792413795,0.02797216569707417,0.027972165697074197
2024-09-20,0.0,-4963423.013284999,4854174.0,-109249.01328499895,-109249.01328499895,0.0,4963423.013284999,4963423.013284999,-0.022010820555206603,0.0,0.0,0.0
2024-09-23,0.0,-4963423.013284999,4936727.0,-26696.013284998946,-26696.013284998946,0.0,4963423.013284999,4963423.013284999,-0.005378548879179737,0.016632271676026867,0.017006600917066406,0.017006600917066426
2024-09-24,0.0,-4963423.013284999,4788131.0,-175292.01328499895,-175292.01328499895,0.0,4963423.013284999,4963423.013284999,-0.0353167587803449,-0.029938209901165167,-0.030100104786025206,-0.030100104786025234
2024-09-25,0.0,-4963423.013284999,4837663.0,-125760.01328499895,-125760.01328499895,0.0,4963423.013284999,4963423.013284999,-0.025337355479956514,0.009979403300388389,0.010344746206818467,0.010344746206818484
2024-09-26,0.0,-4963423.013284999,4837663.0,-125760.01328499895,-125760.01328499895,0.0,4963423.013284999,4963423.013284999,-0.025337355479956514,0.0,0.0,0.0
2024-09-27,0.0,-4963423.013284999,4920218.0,-43205.013284998946,-43205.013284998946,0.0,4963423.013284999,4963423.013284999,-0.00870468085620695,0.016632674623749566,0.017065058066260574,0.017065058066260505
2024-09-30,0.0,-4963423.013284999,4755110.0,-208313.01328499895,-208313.01328499895,0.0,4963423.013284999,4963423.013284999,-0.04196962715598338,-0.03326494629977643,-0.03355704970796014,-0.03355704970796009
2024-10-01,0.0,-4963423.013284999,4771619.0,-191804.01328499895,-191804.01328499895,0.0,4963423.013284999,4963423.013284999,-0.03864349517895617,0.003326131977027212,0.0034718439741667773,0.0034718439741667387
2024-10-04,0.0,-4963423.013284999,4639534.0,-323889.01328499895,-323889.01328499895,0.0,4963423.013284999,4963423.013284999,-0.06525517015537143,-0.026611674976415256,-0.027681380261081245,-0.027681380261081197
2024-10-07,0.0,-4963423.013284999,4672555.0,-290868.01328499895,-290868.01328499895,0.0,4963423.013284999,4963423.013284999,-0.05860230177973295,0.006652868375638478,0.0071173096263548175,0.007117309626354716
2024-10-08,0.0,-4963423.013284999,4523959.0,-439464.01328499895,-439464.01328499895,0.0,4963423.013284999,4963423.013284999,-0.0885405116808981,-0.029938209901165157,-0.03180187285114899,-0.03180187285114889
2024-10-09,0.0,-4963423.013284999,4705578.0,-257845.01328499895,-257845.01328499895,0.0,4963423.013284999,4963423.013284999,-0.05194903045637177,0.03659148122452634,0.040146031385341896,0.04014603138534191
2024-10-11,0.0,-4963423.013284999,4656043.0,-307380.01328499895,-307380.01328499895,0.0,4963423.013284999,4963423.013284999,-0.061929038178344206,-0.00998000772197244,-0.010526868325208882,-0.010526868325208933
2024-10-14,0.0,-4963423.013284999,4738599.0,-224824.01328499895,-224824.01328499895,0.0,4963423.013284999,4963423.013284999,-0.04529616208073329,0.016632876097610917,0.017730935904157308,0.017730935904157242
2024-10-15,0.0,-4963423.013284999,4788131.0,-175292.01328499895,-175292.01328499895,0.0,4963423.013284999,4963423.013284999,-0.0353167587803449,0.009979403300388386,0.010452878582889236,0.010452878582889163
2024-10-16,0.0,-4963423.013284999,4705578.0,-257845.01328499895,-257845.01328499895,0.0,4963423.013284999,4963423.013284999,-0.05194903045637177,-0.016632271676026864,-0.017241174061444875,-0.01724117406144485
2024-10-17,0.0,-4963423.013284999,4854174.0,-109249.01328499895,-109249.01328499895,0.0,4963423.013284999,4963423.013284999,-0.022010820555206603,0.029938209901165164,0.031578692351927895,0.03157869235192786
2024-10-18,0.0,-4963423.013284999,4771619.0,-191804.01328499895,-191804.01328499895,0.0,4963423.013284999,4963423.013284999,-0.03864349517895617,-0.016632674623749566,-0.017007012933611287,-0.017007012933611364
2024-10-21,0.0,-4963423.013284999,5002771.0,39347.986715001054,39347.986715001054,0.0,4963423.013284999,4963423.013284999,0.007927590819819915,0.04657108599877609,0.0484430965674334,0.048443096567433404
2024-10-22,0.0,-4963423.013284999,5399030.0,435606.98671500105,435606.98671500105,0.0,4963423.013284999,4963423.013284999,0.08776342164451108,0.07983583082469116,0.07920790298016844,0.07920790298016839
2024-10-23,0.0,-4963423.013284999,5531118.0,567694.986715001,567694.986715001,0.0,4963423.013284999,4963423.013284999,0.11437570104251038,0.026612279397999303,0.024465135403952232,0.02446513540395219
2024-10-24,0.0,-4963423.013284999,5332986.0,369562.98671500105,369562.98671500105,0.0,4963423.013284999,4963423.013284999,0.07445728194551142,-0.03991841909699896,-0.03582132943104821,-0.03582132943104812
2024-10-25,0.0,-4963423.013284999,5481583.0,518159.98671500105,518159.98671500105,0.0,4963423.013284999,4963423.013284999,0.10439569332053794,0.029938411375026522,0.02786375212685721,0.027863752126857263
2024-10-28,0.0,-4963423.013284999,5481583.0,518159.98671500105,518159.98671500105,0.0,4963423.013284999,4963423.013284999,0.10439569332053794,0.0,0.0,0.0
2024-10-29,0.0,-4963423.013284999,5399030.0,435606.98671500105,435606.98671500105,0.0,4963423.013284999,4963423.013284999,0.08776342164451108,-0.016632271676026864,-0.015060065678107915,-0.015060065678107947
2024-10-30,0.0,-4963423.013284999,5332986.0,369562.98671500105,369562.98671500105,0.0,4963423.013284999,4963423.013284999,0.07445728194551142,-0.013306139698999658,-0.012232567701976227,-0.012232567701976095
2024-11-01,0.0,-4963423.013284999,5481583.0,518159.98671500105,518159.98671500105,0.0,4963423.013284999,4963423.013284999,0.10439569332053794,0.029938411375026522,0.02786375212685721,0.027863752126857263
2024-11-04,0.0,-4963423.013284999,5399030.0,435606.98671500105,435606.98671500105,0.0,4963423.013284999,4963423.013284999,0.08776342164451108,-0.016632271676026864,-0.015060065678107915,-0.015060065678107947
2024-11-05,0.0,-4963423.013284999,5448562.0,485138.98671500105,485138.98671500105,0.0,4963423.013284999,4963423.013284999,0.09774282494489946,0.009979403300388379,0.009174240558026181,0.009174240558026164
2024-11-06,0.0,-4963423.013284999,5481583.0,518159.98671500105,518159.98671500105,0.0,4963423.013284999,4963423.013284999,0.10439569332053794,0.006652868375638485,0.00606049816446963,0.006060498164469818
2024-11-07,0.0,-4963423.013284999,5828310.0,864886.986715001,864886.986715001,0.0,4963423.013284999,4963423.013284999,0.1742521208448407,0.06985642752430277,0.06325307853589002,0.06325307853589009
2024-11-08,0.0,-4963423.013284999,5745758.0,782334.986715001,782334.986715001,0.0,4963423.013284999,4963423.013284999,0.1576200506426752,-0.016632070202165505,-0.014163968628984946,-0.014163968628985075
2024-11-11,0.0,-4963423.013284999,5630182.0,666758.986715001,666758.986715001,0.0,4963423.013284999,4963423.013284999,0.13433450764328717,-0.023285542999388037,-0.020115013545645377,-0.020115013545645325
2024-11-12,0.0,-4963423.013284999,5531118.0,567694.986715001,567694.986715001,0.0,4963423.013284999,4963423.013284999,0.11437570104251038,-0.019958806600776785,-0.01759516832670771,-0.017595168326707735
2024-11-13,0.0,-4963423.013284999,5597158.0,633734.986715001,633734.986715001,0.0,4963423.013284999,4963423.013284999,0.12768103484606463,0.013305333803554253,0.011939719962582585,0.01193971996258261
2024-11-14,0.0,-4963423.013284999,5481583.0,518159.98671500105,518159.98671500105,0.0,4963423.013284999,4963423.013284999,0.10439569332053794,-0.023285341525526693,-0.020648872159763965,-0.020648872159763937
2024-11-15,0.0,-4963423.013284999,5399030.0,435606.98671500105,435606.98671500105,0.0,4963423.013284999,4963423.013284999,0.08776342164451108,-0.016632271676026864,-0.015060065678107915,-0.015060065678107947
2024-11-18,0.0,-4963423.013284999,5250434.0,287010.98671500105,287010.98671500105,0.0,4963423.013284999,4963423.013284999,0.05782521174334591,-0.02993820990116517,-0.027522721674078432,-0.02752272167407849
2024-11-19,0.0,-4963423.013284999,5266943.0,303519.98671500105,303519.98671500105,0.0,4963423.013284999,4963423.013284999,0.06115134372037312,0.003326131977027212,0.0031443114988209953,0.0031443114988208595
2024-11-20,0.0,-4963423.013284999,5200902.0,237478.98671500105,237478.98671500105,0.0,4963423.013284999,4963423.013284999,0.04784580844295752,-0.013305535277415598,-0.01253877249098767,-0.012538772490987657
2024-11-21,0.0,-4963423.013284999,5299966.0,336542.98671500105,336542.98671500105,0.0,4963423.013284999,4963423.013284999,0.06780461504373429,0.01995880660077677,0.01904746522814693,0.019047465228146963
2024-11-22,0.0,-4963423.013284999,5316475.0,353051.98671500105,353051.98671500105,0.0,4963423.013284999,4963423.013284999,0.07113074702076151,0.003326131977027219,0.003114925642919264,0.003114925642919219
2024-11-25,0.0,-4963423.013284999,5250434.0,287010.98671500105,287010.98671500105,0.0,4963423.013284999,4963423.013284999,0.05782521174334591,-0.013305535277415605,-0.012421952515529577,-0.012421952515529557
2024-11-26,0.0,-4963423.013284999,5233922.0,270498.98671500105,270498.98671500105,0.0,4963423.013284999,4963423.013284999,0.05449847534473465,-0.003326736398611259,-0.0031448828801582396,-0.0031448828801580973
2024-11-27,0.0,-4963423.013284999,4953239.0,-10184.013284998946,-10184.013284998946,0.0,4963423.013284999,4963423.013284999,-0.0020518124805684744,-0.05655028782530312,-0.053627662009483545,-0.05362766200948352
2024-11-28,0.0,-4963423.013284999,4854174.0,-109249.01328499895,-109249.01328499895,0.0,4963423.013284999,4963423.013284999,-0.022010820555206603,-0.01995900807463813,-0.0200000444153815,-0.020000044415381533
2024-11-29,0.0,-4963423.013284999,4920218.0,-43205.013284998946,-43205.013284998946,0.0,4963423.013284999,4963423.013284999,-0.00870468085620695,0.013306139698999653,0.013605610346889119,0.01360561034688909
2024-12-02,0.0,-4963423.013284999,4903706.0,-59717.013284998946,-59717.013284998946,0.0,4963423.013284999,4963423.013284999,-0.012031417254818213,-0.0033267363986112623,-0.003355948862428515,-0.0033559488624284534
2024-12-03,0.0,-4963423.013284999,4920218.0,-43205.013284998946,-43205.013284998946,0.0,4963423.013284999,4963423.013284999,-0.00870468085620695,0.0033267363986112623,0.0033672491784786374,0.0033672491784784812
2024-12-04,0.0,-4963423.013284999,4953239.0,-10184.013284998946,-10184.013284998946,0.0,4963423.013284999,4963423.013284999,-0.0020518124805684744,0.006652868375638476,0.006711287995775805,0.006711287995775797
2024-12-05,0.0,-4963423.013284999,5068814.0,105390.98671500105,105390.98671500105,0.0,4963423.013284999,4963423.013284999,0.021233529044958215,0.02328534152552669,0.02333321691119683,0.023333216911196896
2024-12-06,0.0,-4963423.013284999,5002771.0,39347.986715001054,39347.986715001054,0.0,4963423.013284999,4963423.013284999,0.007927590819819915,-0.0133059382251383,-0.013029280616727923,-0.013029280616728095
2024-12-09,0.0,-4963423.013284999,4903706.0,-59717.013284998946,-59717.013284998946,0.0,4963423.013284999,4963423.013284999,-0.012031417254818213,-0.01995900807463813,-0.01980202571734757,-0.019802025717347446
2024-12-10,0.0,-4963423.013284999,4887195.0,-76228.01328499895,-76228.01328499895,0.0,4963423.013284999,4963423.013284999,-0.015357952179568125,-0.003326534924749913,-0.0033670452510814464,-0.0033670452510815288
2024-12-11,0.0,-4963423.013284999,4887195.0,-76228.01328499895,-76228.01328499895,0.0,4963423.013284999,4963423.013284999,-0.015357952179568125,0.0,0.0,0.0
2024-12-12,0.0,-4963423.013284999,4854174.0,-109249.01328499895,-109249.01328499895,0.0,4963423.013284999,4963423.013284999,-0.022010820555206603,-0.006652868375638478,-0.00675663647552438,-0.006756636475524304
2024-12-13,0.0,-4963423.013284999,4672555.0,-290868.01328499895,-290868.01328499895,0.0,4963423.013284999,4963423.013284999,-0.05860230177973295,-0.036591481224526344,-0.03741501643739997,-0.03741501643740006
2024-12-16,0.0,-4963423.013284999,4540470.0,-422953.01328499895,-422953.01328499895,0.0,4963423.013284999,4963423.013284999,-0.0852139767561482,-0.02661167497641525,-0.02826826008468597,-0.028268260084686
2024-12-17,0.0,-4963423.013284999,4672555.0,-290868.01328499895,-290868.01328499895,0.0,4963423.013284999,4963423.013284999,-0.05860230177973295,0.02661167497641525,0.029090600752785578,0.029090600752785505
2024-12-18,0.0,-4963423.013284999,4722087.0,-241336.01328499895,-241336.01328499895,0.0,4963423.013284999,4963423.013284999,-0.048622898479344555,0.009979403300388393,0.01060062428371622,0.010600624283716296
2024-12-19,0.0,-4963423.013284999,4672555.0,-290868.01328499895,-290868.01328499895,0.0,4963423.013284999,4963423.013284999,-0.05860230177973295,-0.009979403300388393,-0.0104894297796716,-0.010489429779671574
2024-12-20,0.0,-4963423.013284999,4656043.0,-307380.01328499895,-307380.01328499895,0.0,4963423.013284999,4963423.013284999,-0.061929038178344206,-0.003326736398611259,-0.0035338267821352076,-0.0035338267821352558
2024-12-23,0.0,-4963423.013284999,4804642.0,-158781.01328499895,-158781.01328499895,0.0,4963423.013284999,4963423.013284999,-0.03199022385559499,0.029938814322749217,0.031915298033115214,0.03191529803311524
2024-12-24,0.0,-4963423.013284999,4804642.0,-158781.01328499895,-158781.01328499895,0.0,4963423.013284999,4963423.013284999,-0.03199022385559499,0.0,0.0,0.0
2024-12-25,0.0,-4963423.013284999,4788131.0,-175292.01328499895,-175292.01328499895,0.0,4963423.013284999,4963423.013284999,-0.0353167587803449,-0.0033265349247499146,-0.0034364683154332054,-0.003436468315433283
2024-12-26,0.0,-4963423.013284999,4804642.0,-158781.01328499895,-158781.01328499895,0.0,4963423.013284999,4963423.013284999,-0.03199022385559499,0.0033265349247499146,0.003448318352192059,0.0034483183521921185
2024-12-27,0.0,-4963423.013284999,4788131.0,-175292.01328499895,-175292.01328499895,0.0,4963423.013284999,4963423.013284999,-0.0353167587803449,-0.0033265349247499146,-0.0034364683154332054,-0.003436468315433283
2024-12-30,0.0,-4963423.013284999,4672555.0,-290868.01328499895,-290868.01328499895,0.0,4963423.013284999,4963423.013284999,-0.05860230177973295,-0.023285542999388044,-0.024138019615586925,-0.02413801961558696
2024-12-31,0.0,-4963423.013284999,4656043.0,-307380.01328499895,-307380.01328499895,0.0,4963423.013284999,4963423.013284999,-0.061929038178344206,-0.003326736398611259,-0.0035338267821352076,-0.0035338267821352558
2025-01-02,0.0,-4963423.013284999,4854174.0,-109249.01328499895,-109249.01328499895,0.0,4963423.013284999,4963423.013284999,-0.022010820555206603,0.0399182176231376,0.042553515936171404,0.04255351593617155
2025-01-03,0.0,-4963423.013284999,4936727.0,-26696.013284998946,-26696.013284998946,0.0,4963423.013284999,4963423.013284999,-0.005378548879179737,0.016632271676026867,0.017006600917066406,0.017006600917066426
2025-01-06,0.0,-4963423.013284999,5002771.0,39347.986715001054,39347.986715001054,0.0,4963423.013284999,4963423.013284999,0.007927590819819915,0.013306139698999651,0.01337809443382243,0.013378094433822247
2025-01-07,0.0,-4963423.013284999,5085326.0,121902.98671500105,121902.98671500105,0.0,4963423.013284999,4963423.013284999,0.024560265443569478,0.016632674623749562,0.016501854672140714,0.0165018546721407
2025-01-08,0.0,-4963423.013284999,5052303.0,88879.98671500105,88879.98671500105,0.0,4963423.013284999,4963423.013284999,0.017906994120208304,-0.0066532713233611734,-0.006493782306188356,-0.006493782306188433
2025-01-09,0.0,-4963423.013284999,4804642.0,-158781.01328499895,-158781.01328499895,0.0,4963423.013284999,4963423.013284999,-0.03199022385559499,-0.04989721797580329,-0.04901942737797005,-0.04901942737797001
2025-01-10,0.0,-4963423.013284999,4788131.0,-175292.01328499895,-175292.01328499895,0.0,4963423.013284999,4963423.013284999,-0.0353167587803449,-0.0033265349247499146,-0.0034364683154332054,-0.003436468315433283
2025-01-13,0.0,-4963423.013284999,4623023.0,-340400.01328499895,-340400.01328499895,0.0,4963423.013284999,4963423.013284999,-0.06858170508012133,-0.03326494629977643,-0.03448276582240539,-0.03448276582240544
2025-01-14,0.0,-4963423.013284999,4639534.0,-323889.01328499895,-323889.01328499895,0.0,4963423.013284999,4963423.013284999,-0.06525517015537143,0.0033265349247499076,0.003571472605695458,0.003571472605695451
2025-01-15,0.0,-4963423.013284999,4573491.0,-389932.01328499895,-389932.01328499895,0.0,4963423.013284999,4963423.013284999,-0.07856110838050973,-0.0133059382251383,-0.014234834791597706,-0.014234834791597605
2025-01-16,0.0,-4963423.013284999,4689066.0,-274357.01328499895,-274357.01328499895,0.0,4963423.013284999,4963423.013284999,-0.05527576685498303,0.023285341525526693,0.025270630247222536,0.025270630247222526
2025-01-17,0.0,-4963423.013284999,4689066.0,-274357.01328499895,-274357.01328499895,0.0,4963423.013284999,4963423.013284999,-0.05527576685498303,0.0,0.0,0.0
2025-01-20,0.0,-4963423.013284999,4656043.0,-307380.01328499895,-307380.01328499895,0.0,4963423.013284999,4963423.013284999,-0.061929038178344206,-0.0066532713233611734,-0.007042553890262981,-0.007042553890263007
2025-01-21,0.0,-4963423.013284999,4606511.0,-356912.01328499895,-356912.01328499895,0.0,4963423.013284999,4963423.013284999,-0.0719084414787326,-0.009979403300388393,-0.010638217903056302,-0.010638217903056307
2025-01-22,0.0,-4963423.013284999,4590002.0,-373421.01328499895,-373421.01328499895,0.0,4963423.013284999,4963423.013284999,-0.0752345734557598,-0.003326131977027205,-0.0035838403511898598,-0.00358384035118987
2025-02-03,0.0,-4963423.013284999,4177231.0,-786192.013284999,-786192.013284999,0.0,4963423.013284999,4963423.013284999,-0.15839714067906224,-0.08316256722330244,-0.08992828325565005,-0.08992828325565
2025-02-04,0.0,-4963423.013284999,4012123.0,-951300.013284999,-951300.013284999,0.0,4963423.013284999,4963423.013284999,-0.19166208697883866,-0.033264946299776416,-0.039525704946649975,-0.039525704946650066
2025-02-05,0.0,-4963423.013284999,4061655.0,-901768.013284999,-901768.013284999,0.0,4963423.013284999,4963423.013284999,-0.18168268367845028,0.009979403300388379,0.012345583622436207,0.0123455836224363
2025-02-06,0.0,-4963423.013284999,4078167.0,-885256.013284999,-885256.013284999,0.0,4963423.013284999,4963423.013284999,-0.178355947279839,0.0033267363986112797,0.004065337897975141,0.004065337897975086
2025-02-07,0.0,-4963423.013284999,4127699.0,-835724.013284999,-835724.013284999,0.0,4963423.013284999,4963423.013284999,-0.16837654397945062,0.009979403300388379,0.012145652691515574,0.012145652691515576
2025-02-10,0.0,-4963423.013284999,4078167.0,-885256.013284999,-885256.013284999,0.0,4963423.013284999,4963423.013284999,-0.178355947279839,-0.009979403300388379,-0.011999906000897842,-0.011999906000897837
2025-02-11,0.0,-4963423.013284999,4111187.0,-852236.013284999,-852236.013284999,0.0,4963423.013284999,4963423.013284999,-0.17170328037806187,0.006652666901777127,0.008096774850073762,0.008096774850073575
2025-02-12,0.0,-4963423.013284999,4028635.0,-934788.013284999,-934788.013284999,0.0,4963423.013284999,4963423.013284999,-0.1883353505802274,-0.016632070202165533,-0.020079845553121367,-0.020079845553121277
2025-02-13,0.0,-4963423.013284999,4226763.0,-736660.013284999,-736660.013284999,0.0,4963423.013284999,4963423.013284999,-0.14841773737867384,0.03991761320155357,0.04917993315353719,0.049179933153537116
2025-02-14,0.0,-4963423.013284999,4177231.0,-786192.013284999,-786192.013284999,0.0,4963423.013284999,4963423.013284999,-0.15839714067906224,-0.009979403300388406,-0.011718660355454213,-0.011718660355454043
2025-02-17,0.0,-4963423.013284999,4127699.0,-835724.013284999,-835724.013284999,0.0,4963423.013284999,4963423.013284999,-0.16837654397945062,-0.009979403300388379,-0.011857615726781678,-0.011857615726781689
2025-02-18,0.0,-4963423.013284999,4226763.0,-736660.013284999,-736660.013284999,0.0,4963423.013284999,4963423.013284999,-0.14841773737867384,0.019958806600776785,0.023999812001795684,0.023999812001795674
2025-02-19,0.0,-4963423.013284999,4292807.0,-670616.013284999,-670616.013284999,0.0,4963423.013284999,4963423.013284999,-0.13511159767967418,0.013306139698999658,0.015625195924162227,0.015625195924162297
2025-02-20,0.0,-4963423.013284999,4210254.0,-753169.013284999,-753169.013284999,0.0,4963423.013284999,4963423.013284999,-0.15174386935570106,-0.016632271676026877,-0.019230540762722348,-0.019230540762722386
2025-02-21,0.0,-4963423.013284999,4342339.0,-621084.013284999,-621084.013284999,0.0,4963423.013284999,4963423.013284999,-0.1251321943792858,0.026611674976415256,0.03137221649810207,0.03137221649810201
2025-02-24,0.0,-4963423.013284999,4309319.0,-654104.013284999,-654104.013284999,0.0,4963423.013284999,4963423.013284999,-0.13178486128106293,-0.006652666901777127,-0.007604196724392054,-0.007604196724392084
2025-02-25,0.0,-4963423.013284999,4276295.0,-687128.013284999,-687128.013284999,0.0,4963423.013284999,4963423.013284999,-0.13843833407828546,-0.006653472797222532,-0.007663391825947441,-0.007663391825947441
2025-02-26,0.0,-4963423.013284999,4144211.0,-819212.013284999,-819212.013284999,0.0,4963423.013284999,4963423.013284999,-0.16504980758083937,-0.026611473502553912,-0.030887485545314286,-0.030887485545314345
2025-02-27,0.0,-4963423.013284999,3896547.0,-1066876.013284999,-1066876.013284999,0.0,4963423.013284999,4963423.013284999,-0.2149476299782267,-0.049897822397387326,-0.05976143589213967,-0.05976143589213966
2025-03-03,0.0,-4963423.013284999,3764463.0,-1198960.013284999,-1198960.013284999,0.0,4963423.013284999,4963423.013284999,-0.2415591034807806,-0.026611473502553912,-0.033897704814031426,-0.0338977048140315
2025-03-04,0.0,-4963423.013284999,3747951.0,-1215472.013284999,-1215472.013284999,0.0,4963423.013284999,4963423.013284999,-0.24488583987939186,-0.003326736398611252,-0.00438628298378807,-0.004386282983788126
2025-03-05,0.0,-4963423.013284999,3830503.0,-1132920.013284999,-1132920.013284999,0.0,4963423.013284999,4963423.013284999,-0.22825376967722635,0.016632070202165505,0.022025901619311394,0.022025901619311457
2025-03-06,0.0,-4963423.013284999,3747951.0,-1215472.013284999,-1215472.013284999,0.0,4963423.013284999,4963423.013284999,-0.24488583987939186,-0.016632070202165505,-0.021551216641783055,-0.021551216641783076
2025-03-07,0.0,-4963423.013284999,3698419.0,-1265004.013284999,-1265004.013284999,0.0,4963423.013284999,4963423.013284999,-0.25486524317978027,-0.009979403300388406,-0.013215754421549208,-0.013215754421549267
2025-03-10,0.0,-4963423.013284999,3731439.0,-1231984.013284999,-1231984.013284999,0.0,4963423.013284999,4963423.013284999,-0.24821257627800314,0.006652666901777127,0.008928139294114512,0.008928139294114594
2025-03-11,0.0,-4963423.013284999,3615863.0,-1347560.013284999,-1347560.013284999,0.0,4963423.013284999,4963423.013284999,-0.27149811927739115,-0.02328554299938801,-0.030973573465893245,-0.030973573465893453
2025-03-12,0.0,-4963423.013284999,3698419.0,-1265004.013284999,-1265004.013284999,0.0,4963423.013284999,4963423.013284999,-0.25486524317978027,0.016632876097610882,0.022831617237710544,0.02283161723771061
2025-03-13,0.0,-4963423.013284999,3549823.0,-1413600.013284999,-1413600.013284999,0.0,4963423.013284999,4963423.013284999,-0.2848034530809454,-0.029938209901165136,-0.040178249138348,-0.040178249138348034
2025-03-14,0.0,-4963423.013284999,3500287.0,-1463136.013284999,-1463136.013284999,0.0,4963423.013284999,4963423.013284999,-0.2947836622767792,-0.009980209195833811,-0.013954498576407959,-0.013954498576407895
2025-03-17,0.0,-4963423.013284999,3549823.0,-1413600.013284999,-1413600.013284999,0.0,4963423.013284999,4963423.013284999,-0.2848034530809454,0.009980209195833811,0.014151982394586593,0.014151982394586501
2025-03-18,0.0,-4963423.013284999,3566331.0,-1397092.013284999,-1397092.013284999,0.0,4963423.013284999,4963423.013284999,-0.2814775225777796,0.0033259305031658193,0.0046503727087237046,0.004650372708723787
2025-03-19,3533310.8077399996,0.0,0.0,-1430112.2055449993,0.0,-1430112.2055449993,-0.0,4963423.013284999,-0.28813022821492135,-0.006652705637141765,-0.009258869201989484,-0.009258869201989492
