,cashflow,entry_cost,market_value,profit_loss,unrealized,realized,position,invest,PNL/COST,return,return_pct,value_pct
2022-11-13,0.0,0.0,0.0,0.0,0.0,0.0,0.0,0.0,,,,
2022-11-14,-4963423.013284999,-4963423.013284999,4903493.0,-59930.013284998946,-59930.013284998946,0.0,4963423.013284999,4963423.013284999,-0.012074331187285764,-0.012074331187285764,-0.012074331187285736,-0.012074331187285764
2022-11-15,0.0,-4963423.013284999,4980836.0,17412.986715001054,17412.986715001054,0.0,4963423.013284999,4963423.013284999,0.003508261671107581,0.015582592858393345,0.015773041788781805,0.015773041788781996
2022-11-16,0.0,-4963423.013284999,4996302.0,32878.986715001054,32878.986715001054,0.0,4963423.013284999,4963423.013284999,0.00662425641074674,0.003115994739639159,0.0031051012320022497,0.0031051012320020173
2022-11-17,0.0,-4963423.013284999,4903493.0,-59930.013284998946,-59930.013284998946,0.0,4963423.013284999,4963423.013284999,-0.012074331187285764,-0.018698587598032505,-0.018575538468251218,-0.018575538468251118
2022-11-18,0.0,-4963423.013284999,4764277.0,-199146.01328499895,-199146.01328499895,0.0,4963423.013284999,4963423.013284999,-0.0401227162689879,-0.028048385081702133,-0.028391189709050302,-0.028391189709050264
2022-11-21,0.0,-4963423.013284999,4857089.0,-106334.01328499895,-106334.01328499895,0.0,4963423.013284999,4963423.013284999,-0.021423524249371342,0.018699192019616555,0.019480815242270744,0.019480815242270758
2022-11-22,0.0,-4963423.013284999,4826150.0,-137273.01328499895,-137273.01328499895,0.0,4963423.013284999,4963423.013284999,-0.02765692404567911,-0.006233399796307767,-0.006369864748206222,-0.006369864748206179
2022-11-23,0.0,-4963423.013284999,4748808.0,-214615.01328499895,-214615.01328499895,0.0,4963423.013284999,4963423.013284999,-0.0432393154302111,-0.015582391384531994,-0.0160256104762595,-0.016025610476259545
2022-11-24,0.0,-4963423.013284999,4872555.0,-90868.01328499895,-90868.01328499895,0.0,4963423.013284999,4963423.013284999,-0.018307529509732183,0.02493178592047892,0.026058539321867746,0.02605853932186772
2022-11-25,0.0,-4963423.013284999,4841620.0,-121803.01328499895,-121803.01328499895,0.0,4963423.013284999,4963423.013284999,-0.02454012341059455,-0.006232593900862365,-0.006348825205667263,-0.006348825205667253
2022-11-28,0.0,-4963423.013284999,4810681.0,-152742.01328499895,-152742.01328499895,0.0,4963423.013284999,4963423.013284999,-0.03077352320690232,-0.00623339979630777,-0.006390216497783818,-0.0063902164977838
2022-11-29,0.0,-4963423.013284999,4671468.0,-291955.01328499895,-291955.01328499895,0.0,4963423.013284999,4963423.013284999,-0.0588213038670204,-0.02804778066011808,-0.028938314554633804,-0.02893831455463374
2022-11-30,0.0,-4963423.013284999,4810681.0,-152742.01328499895,-152742.01328499895,0.0,4963423.013284999,4963423.013284999,-0.03077352320690232,0.02804778066011808,0.0298006964834181,0.02980069648341806
2022-12-01,0.0,-4963423.013284999,4934428.0,-28995.013284998946,-28995.013284998946,0.0,4963423.013284999,4963423.013284999,-0.005841737286423396,0.024931785920478924,0.025723385109093666,0.0257233851090937
2022-12-02,0.0,-4963423.013284999,4965367.0,1943.986715001054,1943.986715001054,0.0,4963423.013284999,4963423.013284999,0.00039166250988437174,0.006233399796307768,0.006270027650621124,0.006270027650621308
2022-12-05,0.0,-4963423.013284999,5135518.0,172094.98671500105,172094.98671500105,0.0,4963423.013284999,4963423.013284999,0.03467264149244887,0.0342809789825645,0.034267557664922066,0.03426755766492185
2022-12-06,0.0,-4963423.013284999,5042710.0,79286.98671500105,79286.98671500105,0.0,4963423.013284999,4963423.013284999,0.015974255368277717,-0.018698386124171153,-0.018071789447529962,-0.018071789447529928
2022-12-07,0.0,-4963423.013284999,4640530.0,-322893.01328499895,-322893.01328499895,0.0,4963423.013284999,4963423.013284999,-0.06505450218946682,-0.08102875755774454,-0.07975473505317587,-0.07975473505317578
2022-12-08,0.0,-4963423.013284999,4625060.0,-338363.01328499895,-338363.01328499895,0.0,4963423.013284999,4963423.013284999,-0.06817130282455137,-0.0031168006350845573,-0.0033336709384488294,-0.003333670938448841
2022-12-09,0.0,-4963423.013284999,4625060.0,-338363.01328499895,-338363.01328499895,0.0,4963423.013284999,4963423.013284999,-0.06817130282455137,0.0,0.0,0.0
2022-12-12,0.0,-4963423.013284999,4640530.0,-322893.01328499895,-322893.01328499895,0.0,4963423.013284999,4963423.013284999,-0.06505450218946682,0.0031168006350845573,0.0033448214725864123,0.0033448214725863017
2022-12-13,0.0,-4963423.013284999,4516782.0,-446641.01328499895,-446641.01328499895,0.0,4963423.013284999,4963423.013284999,-0.08998648958380709,-0.02493198739434027,-0.026666781596067612,-0.026666781596067692
2022-12-14,0.0,-4963423.013284999,4563187.0,-400236.01328499895,-400236.01328499895,0.0,4963423.013284999,4963423.013284999,-0.08063709504786017,0.009349394535946923,0.01027390739690337,0.01027390739690337
2022-12-15,0.0,-4963423.013284999,4609591.0,-353832.01328499895,-353832.01328499895,0.0,4963423.013284999,4963423.013284999,-0.07128790198577459,0.009349193062085578,0.010169208493975734,0.01016920849397581
2022-12-16,0.0,-4963423.013284999,4393035.0,-570388.013284999,-570388.013284999,0.0,4963423.013284999,4963423.013284999,-0.11491827550428602,-0.04363037351851143,-0.046979439173670645,-0.04697943917367072
2022-12-19,0.0,-4963423.013284999,4346631.0,-616792.013284999,-616792.013284999,0.0,4963423.013284999,4963423.013284999,-0.12426746856637158,-0.009349193062085565,-0.010563084519017107,-0.010563084519017035
2022-12-20,0.0,-4963423.013284999,3913512.0,-1049911.013284999,-1049911.013284999,0.0,4963423.013284999,4963423.013284999,-0.21152962592042387,-0.0872621573540523,-0.09964475935500394,-0.09964475935500391
2022-12-21,0.0,-4963423.013284999,3727892.0,-1235531.013284999,-1235531.013284999,0.0,4963423.013284999,4963423.013284999,-0.2489272040642116,-0.03739757814378772,-0.047430543205182474,-0.04743054320518245
2022-12-22,0.0,-4963423.013284999,3774296.0,-1189127.013284999,-1189127.013284999,0.0,4963423.013284999,4963423.013284999,-0.23957801100212603,0.009349193062085565,0.012447785504515751,0.012447785504515689
2022-12-23,0.0,-4963423.013284999,3867108.0,-1096315.013284999,-1096315.013284999,0.0,4963423.013284999,4963423.013284999,-0.22087881898250947,0.018699192019616562,0.02459054615748202,0.024590546157482084
2022-12-26,0.0,-4963423.013284999,3805234.0,-1158189.013284999,-1158189.013284999,0.0,4963423.013284999,4963423.013284999,-0.2333448126796796,-0.012465993697170136,-0.0160000703367994,-0.01600007033679949
2022-12-27,0.0,-4963423.013284999,3789765.0,-1173658.013284999,-1173658.013284999,0.0,4963423.013284999,4963423.013284999,-0.2364614118409028,-0.003116599161223199,-0.004065190209064706,-0.0040651902090646725
2022-12-28,0.0,-4963423.013284999,3712422.0,-1251001.013284999,-1251001.013284999,0.0,4963423.013284999,4963423.013284999,-0.25204400469929616,-0.015582592858393363,-0.020408389438395402,-0.020408389438395257
2022-12-29,0.0,-4963423.013284999,3758830.0,-1204593.013284999,-1204593.013284999,0.0,4963423.013284999,4963423.013284999,-0.24269400574176517,0.009349998957530997,0.012500734022156124,0.012500734022155886
2022-12-30,0.0,-4963423.013284999,3712422.0,-1251001.013284999,-1251001.013284999,0.0,4963423.013284999,4963423.013284999,-0.25204400469929616,-0.009349998957530997,-0.012346395021855305,-0.012346395021855205
2023-01-03,0.0,-4963423.013284999,3774296.0,-1189127.013284999,-1189127.013284999,0.0,4963423.013284999,4963423.013284999,-0.23957801100212603,0.012465993697170136,0.016666747476445254,0.016666747476445296
2023-01-04,0.0,-4963423.013284999,3712422.0,-1251001.013284999,-1251001.013284999,0.0,4963423.013284999,4963423.013284999,-0.25204400469929616,-0.012465993697170136,-0.01639352080493961,-0.016393520804939516
2023-01-05,0.0,-4963423.013284999,3681487.0,-1281936.013284999,-1281936.013284999,0.0,4963423.013284999,4963423.013284999,-0.2582765986001585,-0.006232593900862338,-0.008332835006365058,-0.008332835006365117
2023-01-06,0.0,-4963423.013284999,3805234.0,-1158189.013284999,-1158189.013284999,0.0,4963423.013284999,4963423.013284999,-0.2333448126796796,0.0249317859204789,0.03361331983516447,0.03361331983516443
2023-01-09,0.0,-4963423.013284999,3944451.0,-1018972.013284999,-1018972.013284999,0.0,4963423.013284999,4963423.013284999,-0.20529622612411613,0.02804858655556347,0.03658566069787028,0.03658566069787036
2023-01-10,0.0,-4963423.013284999,3913512.0,-1049911.013284999,-1049911.013284999,0.0,4963423.013284999,4963423.013284999,-0.21152962592042387,-0.0062333997963077425,-0.007843677104874658,-0.00784367710487467
2023-01-11,0.0,-4963423.013284999,3959920.0,-1003503.013284999,-1003503.013284999,0.0,4963423.013284999,4963423.013284999,-0.2021796269628929,0.00934999895753097,0.011858402376177635,0.011858402376177715
2023-01-12,0.0,-4963423.013284999,3867108.0,-1096315.013284999,-1096315.013284999,0.0,4963423.013284999,4963423.013284999,-0.22087881898250947,-0.018699192019616562,-0.02343784722923692,-0.023437847229236954
2023-01-13,0.0,-4963423.013284999,3898046.0,-1065377.013284999,-1065377.013284999,0.0,4963423.013284999,4963423.013284999,-0.21464562066006304,0.006233198322446426,0.008000293759574229,0.008000293759574338
2023-01-16,0.0,-4963423.013284999,3959920.0,-1003503.013284999,-1003503.013284999,0.0,4963423.013284999,4963423.013284999,-0.2021796269628929,0.012465993697170136,0.015873081025724156,0.01587308102572417
2023-01-17,0.0,-4963423.013284999,3928982.0,-1034441.013284999,-1034441.013284999,0.0,4963423.013284999,4963423.013284999,-0.20841282528533933,-0.006233198322446426,-0.007812784096648429,-0.007812784096648416
2023-01-30,0.0,-4963423.013284999,4207414.0,-756009.013284999,-756009.013284999,0.0,4963423.013284999,4963423.013284999,-0.15231605512193508,0.05609677016340425,0.07086619383850556,0.07086619383850574
2023-01-31,0.0,-4963423.013284999,4222880.0,-740543.013284999,-740543.013284999,0.0,4963423.013284999,4963423.013284999,-0.1492000603822959,0.0031159947396391663,0.0036758921275634737,0.0036758921275633918
2023-02-01,0.0,-4963423.013284999,4377566.0,-585857.013284999,-585857.013284999,0.0,4963423.013284999,4963423.013284999,-0.11803487466550922,0.031165185716786697,0.03663045125601494,0.03663045125601485
2023-02-02,0.0,-4963423.013284999,4439440.0,-523983.01328499895,-523983.01328499895,0.0,4963423.013284999,4963423.013284999,-0.10556888096833908,0.012465993697170136,0.014134338579932404,0.014134338579932319
2023-02-03,0.0,-4963423.013284999,4238350.0,-725073.013284999,-725073.013284999,0.0,4963423.013284999,4963423.013284999,-0.14608325974721134,-0.04051437877887226,-0.045296253581532886,-0.0452962535815328
2023-02-06,0.0,-4963423.013284999,3990855.0,-972568.013284999,-972568.013284999,0.0,4963423.013284999,4963423.013284999,-0.19594703306203054,-0.0498637733148192,-0.058394186416883875,-0.05839418641688393
2023-02-07,0.0,-4963423.013284999,4021794.0,-941629.013284999,-941629.013284999,0.0,4963423.013284999,4963423.013284999,-0.18971363326572277,0.00623339979630777,0.0077524740938972325,0.007752474093897173
2023-02-08,0.0,-4963423.013284999,4068198.0,-895225.013284999,-895225.013284999,0.0,4963423.013284999,4963423.013284999,-0.1803644402036372,0.009349193062085565,0.01153813447431662,0.011538134474316685
2023-02-09,0.0,-4963423.013284999,4099133.0,-864290.013284999,-864290.013284999,0.0,4963423.013284999,4963423.013284999,-0.17413184630277484,0.006232593900862365,0.007604103831721165,0.007604103831721071
2023-02-10,0.0,-4963423.013284999,3990855.0,-972568.013284999,-972568.013284999,0.0,4963423.013284999,4963423.013284999,-0.19594703306203054,-0.0218151867592557,-0.026414854067921212,-0.02641485406792119
2023-02-13,0.0,-4963423.013284999,3975386.0,-988037.013284999,-988037.013284999,0.0,4963423.013284999,4963423.013284999,-0.19906363222325374,-0.003116599161223199,-0.0038761117605125017,-0.003876111760512472
2023-02-14,0.0,-4963423.013284999,4068198.0,-895225.013284999,-895225.013284999,0.0,4963423.013284999,4963423.013284999,-0.1803644402036372,0.018699192019616534,0.023346663695047454,0.023346663695047475
2023-02-15,0.0,-4963423.013284999,4253819.0,-709604.013284999,-709604.013284999,0.0,4963423.013284999,4963423.013284999,-0.14296666058598814,0.03739777961764906,0.04562732689018567,0.045627326890185775
2023-02-16,0.0,-4963423.013284999,4284757.0,-678666.013284999,-678666.013284999,0.0,4963423.013284999,4963423.013284999,-0.13673346226354172,0.006233198322446426,0.007272993984934528,0.007272993984934479
2023-02-17,0.0,-4963423.013284999,4207414.0,-756009.013284999,-756009.013284999,0.0,4963423.013284999,4963423.013284999,-0.15231605512193508,-0.015582592858393363,-0.018050731931822606,-0.018050731931822505
2023-02-20,0.0,-4963423.013284999,4222880.0,-740543.013284999,-740543.013284999,0.0,4963423.013284999,4963423.013284999,-0.1492000603822959,0.0031159947396391663,0.0036758921275634737,0.0036758921275633918
2023-02-21,0.0,-4963423.013284999,4253819.0,-709604.013284999,-709604.013284999,0.0,4963423.013284999,4963423.013284999,-0.14296666058598814,0.00623339979630777,0.0073265165005873545,0.007326516500587277
2023-02-22,0.0,-4963423.013284999,4130072.0,-833351.013284999,-833351.013284999,0.0,4963423.013284999,4963423.013284999,-0.16789844650646707,-0.024931785920478927,-0.02909080052536317,-0.029090800525363208
2023-02-23,0.0,-4963423.013284999,4145541.0,-817882.013284999,-817882.013284999,0.0,4963423.013284999,4963423.013284999,-0.16478184734524384,0.003116599161223227,0.0037454552850411105,0.0037454552850410354
2023-02-24,0.0,-4963423.013284999,3959920.0,-1003503.013284999,-1003503.013284999,0.0,4963423.013284999,4963423.013284999,-0.2021796269628929,-0.03739777961764906,-0.04477606179748317,-0.04477606179748313
2023-03-01,0.0,-4963423.013284999,4068198.0,-895225.013284999,-895225.013284999,0.0,4963423.013284999,4963423.013284999,-0.1803644402036372,0.0218151867592557,0.027343481686498805,0.02734348168649872
2023-03-02,0.0,-4963423.013284999,4145541.0,-817882.013284999,-817882.013284999,0.0,4963423.013284999,4963423.013284999,-0.16478184734524384,0.015582592858393363,0.019011611529232475,0.019011611529232354
2023-03-03,0.0,-4963423.013284999,4222880.0,-740543.013284999,-740543.013284999,0.0,4963423.013284999,4963423.013284999,-0.1492000603822959,0.01558178696294793,0.018655948644579645,0.0186559486445798
2023-03-06,0.0,-4963423.013284999,4284757.0,-678666.013284999,-678666.013284999,0.0,4963423.013284999,4963423.013284999,-0.13673346226354172,0.012466598118754196,0.01465279619596127,0.01465279619596105
2023-03-07,0.0,-4963423.013284999,4222880.0,-740543.013284999,-740543.013284999,0.0,4963423.013284999,4963423.013284999,-0.1492000603822959,-0.012466598118754196,-0.014441192347664167,-0.014441192347664056
2023-03-08,0.0,-4963423.013284999,4238350.0,-725073.013284999,-725073.013284999,0.0,4963423.013284999,4963423.013284999,-0.14608325974721134,0.003116800635084571,0.0036633766529003964,0.0036633766529003903
2023-03-09,0.0,-4963423.013284999,4207414.0,-756009.013284999,-756009.013284999,0.0,4963423.013284999,4963423.013284999,-0.15231605512193508,-0.0062327953747237375,-0.007299066853846514,-0.007299066853846426
2023-03-10,0.0,-4963423.013284999,4068198.0,-895225.013284999,-895225.013284999,0.0,4963423.013284999,4963423.013284999,-0.1803644402036372,-0.028048385081702126,-0.03308825801311677,-0.03308825801311684
2023-03-13,0.0,-4963423.013284999,4130072.0,-833351.013284999,-833351.013284999,0.0,4963423.013284999,4963423.013284999,-0.16789844650646707,0.012465993697170136,0.015209190899754699,0.015209190899754633
2023-03-14,0.0,-4963423.013284999,4037260.0,-926163.013284999,-926163.013284999,0.0,4963423.013284999,4963423.013284999,-0.1865976385260836,-0.018699192019616534,-0.022472247457187233,-0.022472247457187188
2023-03-15,0.0,-4963423.013284999,4052729.0,-910694.013284999,-910694.013284999,0.0,4963423.013284999,4963423.013284999,-0.1834810393648604,0.003116599161223199,0.0038315590276574163,0.0038315590276573716
2023-03-16,0.0,-4963423.013284999,4006324.0,-957099.013284999,-957099.013284999,0.0,4963423.013284999,4963423.013284999,-0.19283043390080734,-0.009349394535946937,-0.011450309162048589,-0.011450309162048585
2023-03-17,0.0,-4963423.013284999,4145541.0,-817882.013284999,-817882.013284999,0.0,4963423.013284999,4963423.013284999,-0.16478184734524384,0.0280485865555635,0.03474931133877335,0.034749311338773396
2023-03-20,0.0,-4963423.013284999,4191945.0,-771478.013284999,-771478.013284999,0.0,4963423.013284999,4963423.013284999,-0.15543265428315828,0.009349193062085565,0.011193713920571335,0.011193713920571524
2023-03-21,0.0,-4963423.013284999,4284757.0,-678666.013284999,-678666.013284999,0.0,4963423.013284999,4963423.013284999,-0.13673346226354172,0.018699192019616562,0.02214055766475953,0.022140557664759437
2023-03-22,0.0,-4963423.013284999,4331162.0,-632261.013284999,-632261.013284999,0.0,4963423.013284999,4963423.013284999,-0.1273840677275948,0.009349394535946909,0.010830252450722222,0.01083025245072241
2023-03-23,0.0,-4963423.013284999,4516782.0,-446641.01328499895,-446641.01328499895,0.0,4963423.013284999,4963423.013284999,-0.08998648958380709,0.03739757814378772,0.042856859198524555,0.042856859198524555
2023-03-24,0.0,-4963423.013284999,4578656.0,-384767.01328499895,-384767.01328499895,0.0,4963423.013284999,4963423.013284999,-0.07752049588663695,0.012465993697170136,0.013698690793578328,0.01369869079357826
2023-03-27,0.0,-4963423.013284999,4501313.0,-462110.01328499895,-462110.01328499895,0.0,4963423.013284999,4963423.013284999,-0.0931030887450303,-0.015582592858393349,-0.016892074879615304,-0.01689207487961533
2023-03-28,0.0,-4963423.013284999,4284757.0,-678666.013284999,-678666.013284999,0.0,4963423.013284999,4963423.013284999,-0.13673346226354172,-0.043630373518511414,-0.04810951826722554,-0.048109518267225586
2023-03-29,0.0,-4963423.013284999,4346631.0,-616792.013284999,-616792.013284999,0.0,4963423.013284999,4963423.013284999,-0.12426746856637158,0.012465993697170136,0.014440492191272414,0.014440492191272457
2023-03-30,0.0,-4963423.013284999,4563187.0,-400236.01328499895,-400236.01328499895,0.0,4963423.013284999,4963423.013284999,-0.08063709504786017,0.043630373518511414,0.04982157445617075,0.04982157445617077
2023-03-31,0.0,-4963423.013284999,4563187.0,-400236.01328499895,-400236.01328499895,0.0,4963423.013284999,4963423.013284999,-0.08063709504786017,0.0,0.0,0.0
2023-04-06,0.0,-4963423.013284999,4454909.0,-508514.01328499895,-508514.01328499895,0.0,4963423.013284999,4963423.013284999,-0.10245228180711588,-0.021815186759255714,-0.023728591442778835,-0.023728591442778918
2023-04-07,0.0,-4963423.013284999,4470378.0,-493045.01328499895,-493045.01328499895,0.0,4963423.013284999,4963423.013284999,-0.09933568264589267,0.003116599161223213,0.0034723492668424782,0.003472349266842488
2023-04-10,0.0,-4963423.013284999,4470378.0,-493045.01328499895,-493045.01328499895,0.0,4963423.013284999,4963423.013284999,-0.09933568264589267,0.0,0.0,0.0
2023-04-11,0.0,-4963423.013284999,4423970.0,-539453.013284999,-539453.013284999,0.0,4963423.013284999,4963423.013284999,-0.10868568160342364,-0.00934999895753097,-0.010381225032871977,-0.01038122503287194
2023-04-12,0.0,-4963423.013284999,4393035.0,-570388.013284999,-570388.013284999,0.0,4963423.013284999,4963423.013284999,-0.11491827550428602,-0.006232593900862379,-0.0069925881052539385,-0.006992588105253879
2023-04-13,0.0,-4963423.013284999,4315692.0,-647731.013284999,-647731.013284999,0.0,4963423.013284999,4963423.013284999,-0.13050086836267935,-0.015582592858393335,-0.017605823764208606,-0.01760582376420857
2023-04-14,0.0,-4963423.013284999,4300223.0,-663200.013284999,-663200.013284999,0.0,4963423.013284999,4963423.013284999,-0.13361746752390255,-0.003116599161223199,-0.003584361441919426,-0.0035843614419193955
2023-04-17,0.0,-4963423.013284999,4300223.0,-663200.013284999,-663200.013284999,0.0,4963423.013284999,4963423.013284999,-0.13361746752390255,0.0,0.0,0.0
2023-04-18,0.0,-4963423.013284999,4222880.0,-740543.013284999,-740543.013284999,0.0,4963423.013284999,4963423.013284999,-0.1492000603822959,-0.015582592858393363,-0.017985811433500087,-0.017985811433500077
2023-04-19,0.0,-4963423.013284999,4099133.0,-864290.013284999,-864290.013284999,0.0,4963423.013284999,4963423.013284999,-0.17413184630277484,-0.024931785920478927,-0.029303934755427474,-0.029303934755427575
2023-04-20,0.0,-4963423.013284999,4191945.0,-771478.013284999,-771478.013284999,0.0,4963423.013284999,4963423.013284999,-0.15543265428315828,0.018699192019616562,0.022641861095992644,0.022641861095992737
2023-04-21,0.0,-4963423.013284999,4222880.0,-740543.013284999,-740543.013284999,0.0,4963423.013284999,4963423.013284999,-0.1492000603822959,0.006232593900862365,0.0073796292651739925,0.007379629265174042
2023-04-24,0.0,-4963423.013284999,4315692.0,-647731.013284999,-647731.013284999,0.0,4963423.013284999,4963423.013284999,-0.13050086836267935,0.018699192019616562,0.021978365475694428,0.021978365475694314
2023-04-25,0.0,-4963423.013284999,4176476.0,-786947.013284999,-786947.013284999,0.0,4963423.013284999,4963423.013284999,-0.15854925344438148,-0.028048385081702126,-0.03225809441452265,-0.03225809441452263
2023-04-26,0.0,-4963423.013284999,4300223.0,-663200.013284999,-663200.013284999,0.0,4963423.013284999,4963423.013284999,-0.13361746752390255,0.024931785920478927,0.02962952498709437,0.029629524987094383
2023-04-27,0.0,-4963423.013284999,4222880.0,-740543.013284999,-740543.013284999,0.0,4963423.013284999,4963423.013284999,-0.1492000603822959,-0.015582592858393363,-0.017985811433500087,-0.017985811433500077
2023-04-28,0.0,-4963423.013284999,4485844.0,-477579.01328499895,-477579.01328499895,0.0,4963423.013284999,4963423.013284999,-0.0962196879062535,0.05298037247604241,0.06227124616375557,0.06227124616375554
2023-05-02,0.0,-4963423.013284999,4439440.0,-523983.01328499895,-523983.01328499895,0.0,4963423.013284999,4963423.013284999,-0.10556888096833908,-0.009349193062085578,-0.010344541629178416,-0.010344541629178366
2023-05-03,0.0,-4963423.013284999,4547718.0,-415705.01328499895,-415705.01328499895,0.0,4963423.013284999,4963423.013284999,-0.08375369420908337,0.021815186759255714,0.024390013154812262,0.024390013154812318
2023-05-04,0.0,-4963423.013284999,4594125.0,-369298.01328499895,-369298.01328499895,0.0,4963423.013284999,4963423.013284999,-0.07440389672541374,0.009349797483669625,0.010204458587801613,0.010204458587801618
2023-05-05,0.0,-4963423.013284999,4717872.0,-245551.01328499895,-245551.01328499895,0.0,4963423.013284999,4963423.013284999,-0.04947211080493482,0.02493178592047892,0.026935923598073508,0.026935923598073626
2023-05-08,0.0,-4963423.013284999,4980836.0,17412.986715001054,17412.986715001054,0.0,4963423.013284999,4963423.013284999,0.003508261671107581,0.0529803724760424,0.0557378411283731,0.05573784112837313
2023-05-09,0.0,-4963423.013284999,4965367.0,1943.986715001054,1943.986715001054,0.0,4963423.013284999,4963423.013284999,0.00039166250988437174,-0.003116599161223209,-0.0031057035405300804,-0.003105703540530144
2023-05-10,0.0,-4963423.013284999,4888024.0,-75399.01328499895,-75399.01328499895,0.0,4963423.013284999,4963423.013284999,-0.015190930348508973,-0.015582592858393345,-0.015576492130390251,-0.015576492130390363
2023-05-11,0.0,-4963423.013284999,4826150.0,-137273.01328499895,-137273.01328499895,0.0,4963423.013284999,4963423.013284999,-0.02765692404567911,-0.012465993697170136,-0.012658284820205479,-0.012658284820205465
2023-05-12,0.0,-4963423.013284999,4949898.0,-13525.013284998946,-13525.013284998946,0.0,4963423.013284999,4963423.013284999,-0.0027249366513388373,0.02493198739434027,0.025641142525615557,0.025641142525615657
2023-05-15,0.0,-4963423.013284999,4826150.0,-137273.01328499895,-137273.01328499895,0.0,4963423.013284999,4963423.013284999,-0.02765692404567911,-0.02493198739434027,-0.025000111113400614,-0.02500011111340072
2023-05-16,0.0,-4963423.013284999,4980836.0,17412.986715001054,17412.986715001054,0.0,4963423.013284999,4963423.013284999,0.003508261671107581,0.03116518571678669,0.03205163536151989,0.03205163536152005
2023-05-17,0.0,-4963423.013284999,5104583.0,141159.98671500105,141159.98671500105,0.0,4963423.013284999,4963423.013284999,0.0284400475915865,0.02493178592047892,0.02484462447669422,0.024844624476694274
2023-05-18,0.0,-4963423.013284999,5181926.0,218502.98671500105,218502.98671500105,0.0,4963423.013284999,4963423.013284999,0.04402264044997985,0.015582592858393345,0.015151678403505286,0.015151678403505241
2023-05-19,0.0,-4963423.013284999,5259266.0,295842.98671500105,295842.98671500105,0.0,4963423.013284999,4963423.013284999,0.05960462888678914,0.015581988436809295,0.014924952614143727,0.014924952614143854
2023-05-22,0.0,-4963423.013284999,4980836.0,17412.986715001054,17412.986715001054,0.0,4963423.013284999,4963423.013284999,0.003508261671107581,-0.056096367215681564,-0.052940847639195265,-0.05294084763919528
2023-05-23,0.0,-4963423.013284999,5166457.0,203033.98671500105,203033.98671500105,0.0,4963423.013284999,4963423.013284999,0.04090604128875664,0.03739777961764906,0.037267037099796285,0.0372670370997961
2023-05-24,0.0,-4963423.013284999,5181926.0,218502.98671500105,218502.98671500105,0.0,4963423.013284999,4963423.013284999,0.04402264044997985,0.003116599161223206,0.0029941215033821855,0.0029941215033822987
2023-05-25,0.0,-4963423.013284999,5584103.0,620679.986715001,620679.986715001,0.0,4963423.013284999,4963423.013284999,0.12505079358614032,0.08102815313616048,0.07761149039951531,0.07761149039951555
2023-05-26,0.0,-4963423.013284999,5738788.0,775364.986715001,775364.986715001,0.0,4963423.013284999,4963423.013284999,0.15621577782906568,0.031164984242925353,0.02770095752173618,0.027700957521736257
2023-05-29,0.0,-4963423.013284999,5645980.0,682556.986715001,682556.986715001,0.0,4963423.013284999,4963423.013284999,0.13751739170489452,-0.018698386124171157,-0.01617205584175596,-0.016172055841756135
2023-05-30,0.0,-4963423.013284999,5568637.0,605213.986715001,605213.986715001,0.0,4963423.013284999,4963423.013284999,0.12193479884650117,-0.015582592858393349,-0.01369877328648006,-0.013698773286479938
2023-05-31,0.0,-4963423.013284999,5584106.0,620682.986715001,620682.986715001,0.0,4963423.013284999,4963423.013284999,0.12505139800772438,0.003116599161223213,0.0027778790393411246,0.0027778790393412247
2023-06-01,0.0,-4963423.013284999,5599572.0,636148.986715001,636148.986715001,0.0,4963423.013284999,4963423.013284999,0.12816739274736355,0.0031159947396391663,0.002769646564731998,0.0027696465647321163
2023-06-02,0.0,-4963423.013284999,5630510.0,667086.986715001,667086.986715001,0.0,4963423.013284999,4963423.013284999,0.13440059106980995,0.006233198322446398,0.0055250651299778575,0.0055250651299777916
2023-06-05,0.0,-4963423.013284999,5599572.0,636148.986715001,636148.986715001,0.0,4963423.013284999,4963423.013284999,0.12816739274736355,-0.006233198322446398,-0.005494706518592407,-0.005494706518592454
2023-06-06,0.0,-4963423.013284999,5475825.0,512401.98671500105,512401.98671500105,0.0,4963423.013284999,4963423.013284999,0.10323560682688462,-0.024931785920478927,-0.022099367594523134,-0.022099367594523297
2023-06-07,0.0,-4963423.013284999,5444890.0,481466.98671500105,481466.98671500105,0.0,4963423.013284999,4963423.013284999,0.09700301292602224,-0.006232593900862379,-0.00564937703451085,-0.005649377034510781
2023-06-08,0.0,-4963423.013284999,5166457.0,203033.98671500105,203033.98671500105,0.0,4963423.013284999,4963423.013284999,0.04090604128875664,-0.056096971637265604,-0.05113657025210783,-0.05113657025210794
2023-06-09,0.0,-4963423.013284999,5305673.0,342249.98671500105,342249.98671500105,0.0,4963423.013284999,4963423.013284999,0.06895442637045877,0.028048385081702133,0.02694612574923183,0.026946125749232018
2023-06-12,0.0,-4963423.013284999,5336608.0,373184.98671500105,373184.98671500105,0.0,4963423.013284999,4963423.013284999,0.07518702027132114,0.006232593900862365,0.005830551562450381,0.00583055156245023
2023-06-13,0.0,-4963423.013284999,5568637.0,605213.986715001,605213.986715001,0.0,4963423.013284999,4963423.013284999,0.12193479884650117,0.04674777857518003,0.043478741552686495,0.04347874155268665
2023-06-14,0.0,-4963423.013284999,5584106.0,620682.986715001,620682.986715001,0.0,4963423.013284999,4963423.013284999,0.12505139800772438,0.003116599161223213,0.0027778790393411246,0.0027778790393412247
2023-06-15,0.0,-4963423.013284999,5769727.0,806303.986715001,806303.986715001,0.0,4963423.013284999,4963423.013284999,0.16244917762537345,0.03739777961764906,0.033240952087943754,0.03324095208794389
2023-06-16,0.0,-4963423.013284999,5862536.0,899112.986715001,899112.986715001,0.0,4963423.013284999,4963423.013284999,0.18114776522340595,0.0186985875980325,0.0160855097650201,0.016085509765020076
2023-06-19,0.0,-4963423.013284999,5738788.0,775364.986715001,775364.986715001,0.0,4963423.013284999,4963423.013284999,0.15621577782906568,-0.02493198739434027,-0.0211082712327908,-0.021108271232790726
2023-06-20,0.0,-4963423.013284999,5831600.0,868176.986715001,868176.986715001,0.0,4963423.013284999,4963423.013284999,0.1749149698486822,0.018699192019616534,0.01617275285304154,0.016172752853041445
2023-06-21,0.0,-4963423.013284999,5785193.0,821769.986715001,821769.986715001,0.0,4963423.013284999,4963423.013284999,0.1655651723650126,-0.009349797483669625,-0.007957850332670269,-0.00795785033267028
2023-06-26,0.0,-4963423.013284999,5568637.0,605213.986715001,605213.986715001,0.0,4963423.013284999,4963423.013284999,0.12193479884650117,-0.043630373518511414,-0.03743280474825994,-0.03743280474825991
2023-06-27,0.0,-4963423.013284999,5475825.0,512401.98671500105,512401.98671500105,0.0,4963423.013284999,4963423.013284999,0.10323560682688462,-0.018699192019616548,-0.01666691508173357,-0.016666915081733645
2023-06-28,0.0,-4963423.013284999,5352078.0,388654.98671500105,388654.98671500105,0.0,4963423.013284999,4963423.013284999,0.0783038209064057,-0.024931785920478927,-0.022598786484228417,-0.022598786484228403
2023-06-29,0.0,-4963423.013284999,5383016.0,419592.98671500105,419592.98671500105,0.0,4963423.013284999,4963423.013284999,0.08453701922885211,0.006233198322446412,0.005780558504565825,0.00578055850456589
2023-06-30,0.0,-4963423.013284999,5444890.0,481466.98671500105,481466.98671500105,0.0,4963423.013284999,4963423.013284999,0.09700301292602224,0.012465993697170136,0.01149429984974959,0.011494299849749657
2023-07-03,0.0,-4963423.013284999,5553168.0,589744.986715001,589744.986715001,0.0,4963423.013284999,4963423.013284999,0.11881819968527796,0.021815186759255714,0.01988616849927194,0.019886168499271793
2023-07-04,0.0,-4963423.013284999,5568637.0,605213.986715001,605213.986715001,0.0,4963423.013284999,4963423.013284999,0.12193479884650117,0.003116599161223213,0.0027856171468250146,0.0027856171468250194
2023-07-05,0.0,-4963423.013284999,5506763.0,543339.986715001,543339.986715001,0.0,4963423.013284999,4963423.013284999,0.10946880514933104,-0.012465993697170136,-0.011111157003051098,-0.011111157003051195
2023-07-06,0.0,-4963423.013284999,5228330.0,264906.98671500105,264906.98671500105,0.0,4963423.013284999,4963423.013284999,0.053371833512065425,-0.05609697163726561,-0.05056200893337892,-0.05056200893337883
2023-07-07,0.0,-4963423.013284999,5259269.0,295845.98671500105,295845.98671500105,0.0,4963423.013284999,4963423.013284999,0.05960523330837319,0.006233399796307763,0.005917568324876221,0.005917568324876203
2023-07-10,0.0,-4963423.013284999,5166457.0,203033.98671500105,203033.98671500105,0.0,4963423.013284999,4963423.013284999,0.04090604128875664,-0.018699192019616548,-0.017647319427851915,-0.017647319427852047
2023-07-11,0.0,-4963423.013284999,5228330.0,264906.98671500105,264906.98671500105,0.0,4963423.013284999,4963423.013284999,0.053371833512065425,0.012465792223308785,0.011975905344803861,0.011975905344803993
2023-07-12,0.0,-4963423.013284999,5290204.0,326780.98671500105,326780.98671500105,0.0,4963423.013284999,4963423.013284999,0.06583782720923556,0.012465993697170136,0.01183437158710321,0.01183437158710334
2023-07-13,0.0,-4963423.013284999,5695898.0,732474.986715001,732474.986715001,0.0,4963423.013284999,4963423.013284999,0.147574563915764,0.08173673670652845,0.07668777990413989,0.0766877799041398
2023-07-14,0.0,-4963423.013284999,6069133.0,1105709.986715001,1105709.986715001,0.0,4963423.013284999,4963423.013284999,0.22277166055673267,0.07519709664096866,0.06552698099579746,0.06552698099579733
2023-07-17,0.0,-4963423.013284999,5906855.0,943431.986715001,943431.986715001,0.0,4963423.013284999,4963423.013284999,0.19007688528457675,-0.03269477527215592,-0.026738250751796144,-0.026738250751796016
2023-07-18,0.0,-4963423.013284999,6491051.0,1527627.986715001,1527627.986715001,0.0,4963423.013284999,4963423.013284999,0.3077771091898036,0.11770022390522686,0.09890136121506288,0.09890136121506284
2023-07-19,0.0,-4963423.013284999,6588415.0,1624991.986715001,1624991.986715001,0.0,4963423.013284999,4963423.013284999,0.3273934102262854,0.019616301036481765,0.0149997280871772,0.014999728087177254
2023-07-20,0.0,-4963423.013284999,6377458.0,1414034.986715001,1414034.986715001,0.0,4963423.013284999,4963423.013284999,0.2848910888574726,-0.04250232136881277,-0.03201938554265338,-0.03201938554265328
2023-07-21,0.0,-4963423.013284999,6182725.0,1219301.986715001,1219301.986715001,0.0,4963423.013284999,4963423.013284999,0.2456574794152023,-0.039233609442270306,-0.030534579765166603,-0.030534579765166624
2023-07-24,0.0,-4963423.013284999,6474823.0,1511399.986715001,1511399.986715001,0.0,4963423.013284999,4963423.013284999,0.30450759136781574,0.05885011195261344,0.04724421674908719,0.04724421674908717
2023-07-25,0.0,-4963423.013284999,6345003.0,1381579.986715001,1381579.986715001,0.0,4963423.013284999,4963423.013284999,0.27835225468735825,-0.026155336680457497,-0.02004996893351363,-0.020049968933513705
2023-07-26,0.0,-4963423.013284999,6409913.0,1446489.986715001,1446489.986715001,0.0,4963423.013284999,4963423.013284999,0.29142992302758697,0.01307766834022872,0.010230097605942845,0.010230097605942819
2023-07-27,0.0,-4963423.013284999,6182725.0,1219301.986715001,1219301.986715001,0.0,4963423.013284999,4963423.013284999,0.2456574794152023,-0.04577244361238467,-0.035443226764544256,-0.03544322676454423
2023-07-28,0.0,-4963423.013284999,6198953.0,1235529.986715001,1235529.986715001,0.0,4963423.013284999,4963423.013284999,0.24892699723719017,0.0032695178219878662,0.002624732621942627,0.00262473262194259
2023-07-31,0.0,-4963423.013284999,5987996.0,1024572.986715001,1024572.986715001,0.0,4963423.013284999,4963423.013284999,0.20642467586837743,-0.04250232136881274,-0.034031069440274786,-0.034031069440274835
2023-08-01,0.0,-4963423.013284999,6036678.0,1073254.986715001,1073254.986715001,0.0,4963423.013284999,4963423.013284999,0.2162328263866183,0.009808150518240882,0.008129931950522362,0.008129931950522345
2023-08-02,0.0,-4963423.013284999,5841945.0,878521.986715001,878521.986715001,0.0,4963423.013284999,4963423.013284999,0.176999216944348,-0.039233609442270306,-0.03225830498164717,-0.03225830498164719
2023-08-04,0.0,-4963423.013284999,5760808.0,797384.986715001,797384.986715001,0.0,4963423.013284999,4963423.013284999,0.16065223225599276,-0.016346984688355243,-0.013888696316038618,-0.01388869631603858
2023-08-07,0.0,-4963423.013284999,5906855.0,943431.986715001,943431.986715001,0.0,4963423.013284999,4963423.013284999,0.19007688528457675,0.02942465302858399,0.025351825646680037,0.025351825646680117
2023-08-08,0.0,-4963423.013284999,5793262.0,829838.986715001,829838.986715001,0.0,4963423.013284999,4963423.013284999,0.16719086495224578,-0.022886020332330975,-0.019230707373043665,-0.019230707373043693
2023-08-09,0.0,-4963423.013284999,5971768.0,1008344.986715001,1008344.986715001,0.0,4963423.013284999,4963423.013284999,0.20315515804638956,0.035964293094143784,0.030812692400240094,0.030812692400240142
2023-08-10,0.0,-4963423.013284999,5744580.0,781156.986715001,781156.986715001,0.0,4963423.013284999,4963423.013284999,0.1573827144340049,-0.04577244361238467,-0.038043674838004304,-0.03804367483800442
2023-08-11,0.0,-4963423.013284999,5663443.0,700019.986715001,700019.986715001,0.0,4963423.013284999,4963423.013284999,0.14103572974564962,-0.01634698468835527,-0.014124096104501938,-0.014124096104501983
2023-08-14,0.0,-4963423.013284999,5533620.0,570196.986715001,570196.986715001,0.0,4963423.013284999,4963423.013284999,0.1148797886436081,-0.02615594110204153,-0.02292298165621165,-0.0229229816562116
2023-08-15,0.0,-4963423.013284999,5695898.0,732474.986715001,732474.986715001,0.0,4963423.013284999,4963423.013284999,0.147574563915764,0.03269477527215592,0.029325830107596706,0.029325830107596835
2023-08-16,0.0,-4963423.013284999,5777035.0,813611.986715001,813611.986715001,0.0,4963423.013284999,4963423.013284999,0.16392154860411925,0.016346984688355243,0.014244812670451523,0.014244812670451613
2023-08-17,0.0,-4963423.013284999,5858172.0,894748.986715001,894748.986715001,0.0,4963423.013284999,4963423.013284999,0.18026853329247453,0.01634698468835527,0.014044747868067198,0.01404474786806727
2023-08-18,0.0,-4963423.013284999,5663443.0,700019.986715001,700019.986715001,0.0,4963423.013284999,4963423.013284999,0.14103572974564962,-0.0392328035468249,-0.033240574022066816,-0.033240574022066954
2023-08-21,0.0,-4963423.013284999,5598533.0,635109.986715001,635109.986715001,0.0,4963423.013284999,4963423.013284999,0.12795806140542088,-0.013077668340228749,-0.011461225971551414,-0.011461225971551229
2023-08-22,0.0,-4963423.013284999,5712125.0,748701.986715001,748701.986715001,0.0,4963423.013284999,4963423.013284999,0.1508438802638905,0.02288581885846963,0.020289600865083912,0.020289600865083763
2023-08-23,0.0,-4963423.013284999,5744580.0,781156.986715001,781156.986715001,0.0,4963423.013284999,4963423.013284999,0.1573827144340049,0.006538834170114388,0.005681773420574743,0.005681773420574655
2023-08-24,0.0,-4963423.013284999,6134043.0,1170619.986715001,1170619.986715001,0.0,4963423.013284999,4963423.013284999,0.23584932889696142,0.07846661446295652,0.06779660131811194,0.06779660131811203
2023-08-25,0.0,-4963423.013284999,5825717.0,862293.986715001,862293.986715001,0.0,4963423.013284999,4963423.013284999,0.17372969912236014,-0.06211962977460128,-0.05026472752147315,-0.05026472752147319
2023-08-28,0.0,-4963423.013284999,5712125.0,748701.986715001,748701.986715001,0.0,4963423.013284999,4963423.013284999,0.1508438802638905,-0.02288581885846963,-0.019498372475010517,-0.01949837247501037
2023-08-29,0.0,-4963423.013284999,5971768.0,1008344.986715001,1008344.986715001,0.0,4963423.013284999,4963423.013284999,0.20315515804638956,0.052311277782499055,0.04545471256318789,0.045454712563187956
2023-08-30,0.0,-4963423.013284999,5971768.0,1008344.986715001,1008344.986715001,0.0,4963423.013284999,4963423.013284999,0.20315515804638956,0.0,0.0,0.0
2023-08-31,0.0,-4963423.013284999,6020450.0,1057026.986715001,1057026.986715001,0.0,4963423.013284999,4963423.013284999,0.21296330856463044,0.009808150518240882,0.00815202466003373,0.008152024660033678
2023-09-01,0.0,-4963423.013284999,5906855.0,943431.986715001,943431.986715001,0.0,4963423.013284999,4963423.013284999,0.19007688528457675,-0.02288642328005369,-0.01886819091596159,-0.01886819091596143
2023-09-04,0.0,-4963423.013284999,6004223.0,1040799.986715001,1040799.986715001,0.0,4963423.013284999,4963423.013284999,0.20969399221650392,0.01961710693192717,0.016483898792166274,0.016483898792166052
2023-09-05,0.0,-4963423.013284999,6052905.0,1089481.986715001,1089481.986715001,0.0,4963423.013284999,4963423.013284999,0.2195021427347448,0.009808150518240882,0.008107960014143378,0.008107960014143378
2023-09-06,0.0,-4963423.013284999,6069133.0,1105709.986715001,1105709.986715001,0.0,4963423.013284999,4963423.013284999,0.22277166055673267,0.0032695178219878662,0.002681026713619472,0.002681026713619328
2023-09-07,0.0,-4963423.013284999,5987996.0,1024572.986715001,1024572.986715001,0.0,4963423.013284999,4963423.013284999,0.20642467586837743,-0.016346984688355243,-0.01336879583953754,-0.013368795839537541
2023-09-08,0.0,-4963423.013284999,5874400.0,910976.986715001,910976.986715001,0.0,4963423.013284999,4963423.013284999,0.1835380511144624,-0.022886624753915036,-0.018970620554856765,-0.01897062055485675
2023-09-11,0.0,-4963423.013284999,5825717.0,862293.986715001,862293.986715001,0.0,4963423.013284999,4963423.013284999,0.17372969912236014,-0.009808351992102254,-0.008287314449135219,-0.008287314449135231
2023-09-12,0.0,-4963423.013284999,6004223.0,1040799.986715001,1040799.986715001,0.0,4963423.013284999,4963423.013284999,0.20969399221650392,0.035964293094143784,0.030641035257977567,0.03064103525797769
2023-09-13,0.0,-4963423.013284999,5890627.0,927203.986715001,927203.986715001,0.0,4963423.013284999,4963423.013284999,0.18680736746258889,-0.022886624753915036,-0.018919350597071394,-0.01891935059707143
2023-09-14,0.0,-4963423.013284999,6036678.0,1073254.986715001,1073254.986715001,0.0,4963423.013284999,4963423.013284999,0.2162328263866183,0.029425458924029424,0.024793795295475318,0.02479379529547534
2023-09-15,0.0,-4963423.013284999,6182725.0,1219301.986715001,1219301.986715001,0.0,4963423.013284999,4963423.013284999,0.2456574794152023,0.02942465302858399,0.024193273187670394,0.024193273187670436
2023-09-18,0.0,-4963423.013284999,5987996.0,1024572.986715001,1024572.986715001,0.0,4963423.013284999,4963423.013284999,0.20642467586837743,-0.039232803546824874,-0.03149565927645159,-0.031495659276451725
2023-09-19,0.0,-4963423.013284999,6117815.0,1154391.986715001,1154391.986715001,0.0,4963423.013284999,4963423.013284999,0.23257981107497355,0.026155135206596125,0.021679874201652627,0.021679874201652773
2023-09-20,0.0,-4963423.013284999,5955541.0,992117.986715001,992117.986715001,0.0,4963423.013284999,4963423.013284999,0.19988584169826304,-0.03269396937671051,-0.02652482953472768,-0.026524829534727675
2023-09-21,0.0,-4963423.013284999,5858172.0,894748.986715001,894748.986715001,0.0,4963423.013284999,4963423.013284999,0.18026853329247453,-0.019617308405788514,-0.01634931234626702,-0.016349312346267113
2023-09-22,0.0,-4963423.013284999,5874400.0,910976.986715001,910976.986715001,0.0,4963423.013284999,4963423.013284999,0.1835380511144624,0.0032695178219878662,0.002770147411172097,0.002770147411171949
2023-09-25,0.0,-4963423.013284999,5793262.0,829838.986715001,829838.986715001,0.0,4963423.013284999,4963423.013284999,0.16719086495224578,-0.016347186162216615,-0.013812134005175003,-0.013812134005174996
2023-09-26,0.0,-4963423.013284999,5712125.0,748701.986715001,748701.986715001,0.0,4963423.013284999,4963423.013284999,0.1508438802638905,-0.01634698468835527,-0.01400540835197861,-0.014005408351978558
2023-09-27,0.0,-4963423.013284999,5630988.0,667564.986715001,667564.986715001,0.0,4963423.013284999,4963423.013284999,0.13449689557553526,-0.016346984688355243,-0.014204346018338199,-0.014204346018338185
2023-09-28,0.0,-4963423.013284999,5630988.0,667564.986715001,667564.986715001,0.0,4963423.013284999,4963423.013284999,0.13449689557553526,0.0,0.0,0.0
2023-10-02,0.0,-4963423.013284999,5793262.0,829838.986715001,829838.986715001,0.0,4963423.013284999,4963423.013284999,0.16719086495224578,0.03269396937671051,0.02881803335400468,0.028818033354004662
2023-10-03,0.0,-4963423.013284999,5695898.0,732474.986715001,732474.986715001,0.0,4963423.013284999,4963423.013284999,0.147574563915764,-0.019616301036481765,-0.016806420976644976,-0.016806420976644938
2023-10-04,0.0,-4963423.013284999,5647215.0,683791.986715001,683791.986715001,0.0,4963423.013284999,4963423.013284999,0.13776621192366176,-0.009808351992102254,-0.008547028054224248,-0.008547028054224286
2023-10-05,0.0,-4963423.013284999,5598533.0,635109.986715001,635109.986715001,0.0,4963423.013284999,4963423.013284999,0.12795806140542088,-0.009808150518240882,-0.008620532421733662,-0.008620532421733544
2023-10-06,0.0,-4963423.013284999,5598533.0,635109.986715001,635109.986715001,0.0,4963423.013284999,4963423.013284999,0.12795806140542088,0.0,0.0,0.0
2023-10-11,0.0,-4963423.013284999,5566074.0,602650.986715001,602650.986715001,0.0,4963423.013284999,4963423.013284999,0.12141842133986111,-0.006539640065559765,-0.005797768808364578,-0.00579776880836462
2023-10-12,0.0,-4963423.013284999,5566074.0,602650.986715001,602650.986715001,0.0,4963423.013284999,4963423.013284999,0.12141842133986111,0.0,0.0,0.0
2023-10-13,0.0,-4963423.013284999,5484937.0,521513.98671500105,521513.98671500105,0.0,4963423.013284999,4963423.013284999,0.10507143665150585,-0.016346984688355257,-0.014577060958945176,-0.014577060958945209
2023-10-16,0.0,-4963423.013284999,5338890.0,375466.98671500105,375466.98671500105,0.0,4963423.013284999,4963423.013284999,0.07564678362292185,-0.029424653028584005,-0.02662692388262622,-0.02662692388262618
2023-10-17,0.0,-4963423.013284999,5403800.0,440376.98671500105,440376.98671500105,0.0,4963423.013284999,4963423.013284999,0.0887244519631506,0.013077668340228749,0.012157957927584118,0.012157957927584197
2023-10-18,0.0,-4963423.013284999,5192839.0,229415.98671500105,229415.98671500105,0.0,4963423.013284999,4963423.013284999,0.04622132469889244,-0.04250312726425816,-0.03903937969576954,-0.03903937969576964
2023-10-19,0.0,-4963423.013284999,5192839.0,229415.98671500105,229415.98671500105,0.0,4963423.013284999,4963423.013284999,0.04622132469889244,0.0,0.0,0.0
2023-10-20,0.0,-4963423.013284999,5225294.0,261870.98671500105,261870.98671500105,0.0,4963423.013284999,4963423.013284999,0.05276015886900681,0.006538834170114374,0.006249953060358582,0.006249953060358698
2023-10-23,0.0,-4963423.013284999,5144157.0,180733.98671500105,180733.98671500105,0.0,4963423.013284999,4963423.013284999,0.036413174180651556,-0.016346984688355257,-0.015527738726280327,-0.015527738726280282
2023-10-24,0.0,-4963423.013284999,5095474.0,132050.98671500105,132050.98671500105,0.0,4963423.013284999,4963423.013284999,0.02660482218854932,-0.009808351992102237,-0.009463746926853034,-0.009463746926853128
2023-10-25,0.0,-4963423.013284999,5095474.0,132050.98671500105,132050.98671500105,0.0,4963423.013284999,4963423.013284999,0.02660482218854932,0.0,0.0,0.0
2023-10-26,0.0,-4963423.013284999,4835831.0,-127592.01328499895,-127592.01328499895,0.0,4963423.013284999,4963423.013284999,-0.025706455593949722,-0.05231127778249904,-0.050955612765367864,-0.05095561276536786
2023-10-27,0.0,-4963423.013284999,4770921.0,-192502.01328499895,-192502.01328499895,0.0,4963423.013284999,4963423.013284999,-0.03878412393417847,-0.013077668340228745,-0.013422718866726413,-0.01342271886672632
2023-10-30,0.0,-4963423.013284999,4722239.0,-241184.01328499895,-241184.01328499895,0.0,4963423.013284999,4963423.013284999,-0.04859227445241936,-0.00980815051824089,-0.010203899834015151,-0.010203899834015278
2023-10-31,0.0,-4963423.013284999,4641102.0,-322321.01328499895,-322321.01328499895,0.0,4963423.013284999,4963423.013284999,-0.06493925914077461,-0.016346984688355257,-0.01718189189492525,-0.017181891894925267
2023-11-01,0.0,-4963423.013284999,4689784.0,-273639.01328499895,-273639.01328499895,0.0,4963423.013284999,4963423.013284999,-0.05513110862253373,0.009808150518240882,0.010489319131533836,0.010489319131533847
2023-11-02,0.0,-4963423.013284999,4900745.0,-62678.013284998946,-62678.013284998946,0.0,4963423.013284999,4963423.013284999,-0.012627981358275574,0.04250312726425816,0.044983095170267884,0.04498309517026797
2023-11-03,0.0,-4963423.013284999,5046792.0,83368.98671500105,83368.98671500105,0.0,4963423.013284999,4963423.013284999,0.016796671670308433,0.029424653028584005,0.029800979238870928,0.029800979238870824
2023-11-06,0.0,-4963423.013284999,5127929.0,164505.98671500105,164505.98671500105,0.0,4963423.013284999,4963423.013284999,0.03314365635866369,0.016346984688355257,0.01607694551311023,0.01607694551311011
2023-11-07,0.0,-4963423.013284999,4981882.0,18458.986715001054,18458.986715001054,0.0,4963423.013284999,4963423.013284999,0.0037190033300796847,-0.029424653028584005,-0.028480698543213,-0.02848069854321306
2023-11-08,0.0,-4963423.013284999,5014337.0,50913.986715001054,50913.986715001054,0.0,4963423.013284999,4963423.013284999,0.010257837500194059,0.006538834170114374,0.006514606327488126,0.0065146063274882865
2023-11-09,0.0,-4963423.013284999,5014337.0,50913.986715001054,50913.986715001054,0.0,4963423.013284999,4963423.013284999,0.010257837500194059,0.0,0.0,0.0
2023-11-10,0.0,-4963423.013284999,4900745.0,-62678.013284998946,-62678.013284998946,0.0,4963423.013284999,4963423.013284999,-0.012627981358275574,-0.02288581885846963,-0.022653443516062022,-0.022653443516062043
2023-11-13,0.0,-4963423.013284999,5063019.0,99595.98671500105,99595.98671500105,0.0,4963423.013284999,4963423.013284999,0.020065988018434944,0.03269396937671052,0.03311210846514134,0.033112108465141524
2023-11-14,0.0,-4963423.013284999,4965655.0,2231.986715001054,2231.986715001054,0.0,4963423.013284999,4963423.013284999,0.00044968698195317283,-0.01961630103648177,-0.019230423587191625,-0.019230423587191754
2023-11-15,0.0,-4963423.013284999,5014337.0,50913.986715001054,50913.986715001054,0.0,4963423.013284999,4963423.013284999,0.010257837500194059,0.009808150518240886,0.00980374190313249,0.009803741903132619
2023-11-16,0.0,-4963423.013284999,5030564.0,67140.98671500105,67140.98671500105,0.0,4963423.013284999,4963423.013284999,0.01352715384832057,0.0032693163481265115,0.003236120747369009,0.0032361207473689943
2023-11-17,0.0,-4963423.013284999,5160384.0,196960.98671500105,196960.98671500105,0.0,4963423.013284999,4963423.013284999,0.039682490528778064,0.026155336680457494,0.025806251545552383,0.02580625154555235
2023-11-20,0.0,-4963423.013284999,5192839.0,229415.98671500105,229415.98671500105,0.0,4963423.013284999,4963423.013284999,0.04622132469889244,0.006538834170114374,0.006289260644169126,0.006289260644169116
2023-11-21,0.0,-4963423.013284999,5468710.0,505286.98671500105,505286.98671500105,0.0,4963423.013284999,4963423.013284999,0.10180212030337935,0.05558079560448691,0.05312527501815478,0.05312527501815481
2023-11-22,0.0,-4963423.013284999,5549847.0,586423.986715001,586423.986715001,0.0,4963423.013284999,4963423.013284999,0.1181491049917346,0.016346984688355257,0.014836588519047567,0.014836588519047454
2023-11-23,0.0,-4963423.013284999,5452482.0,489058.98671500105,489058.98671500105,0.0,4963423.013284999,4963423.013284999,0.09853260248139148,-0.019616502510343123,-0.017543726881119492,-0.017543726881119426
2023-11-24,0.0,-4963423.013284999,5420027.0,456603.98671500105,456603.98671500105,0.0,4963423.013284999,4963423.013284999,0.0919937683112771,-0.006538834170114374,-0.005952335101702344,-0.005952335101702308
2023-11-27,0.0,-4963423.013284999,5338890.0,375466.98671500105,375466.98671500105,0.0,4963423.013284999,4963423.013284999,0.07564678362292185,-0.016346984688355257,-0.014969851626200348,-0.014969851626200386
2023-11-28,0.0,-4963423.013284999,5517392.0,553968.986715001,553968.986715001,0.0,4963423.013284999,4963423.013284999,0.11161027082162023,0.03596348719869838,0.03343429064843084,0.03343429064843067
2023-11-29,0.0,-4963423.013284999,5679670.0,716246.986715001,716246.986715001,0.0,4963423.013284999,4963423.013284999,0.14430504609377615,0.03269477527215592,0.02941208455009159,0.029412084550091783
2023-11-30,0.0,-4963423.013284999,5744580.0,781156.986715001,781156.986715001,0.0,4963423.013284999,4963423.013284999,0.1573827144340049,0.013077668340228749,0.011428480880051328,0.01142848088005113
2023-12-01,0.0,-4963423.013284999,5712125.0,748701.986715001,748701.986715001,0.0,4963423.013284999,4963423.013284999,0.1508438802638905,-0.006538834170114388,-0.005649673257226873,-0.005649673257226812
2023-12-04,0.0,-4963423.013284999,5744580.0,781156.986715001,781156.986715001,0.0,4963423.013284999,4963423.013284999,0.1573827144340049,0.006538834170114388,0.005681773420574743,0.005681773420574655
2023-12-05,0.0,-4963423.013284999,5566074.0,602650.986715001,602650.986715001,0.0,4963423.013284999,4963423.013284999,0.12141842133986111,-0.035964293094143784,-0.031073812184702954,-0.031073812184702797
2023-12-06,0.0,-4963423.013284999,5517392.0,553968.986715001,553968.986715001,0.0,4963423.013284999,4963423.013284999,0.11161027082162023,-0.009808150518240882,-0.008746200643397817,-0.008746200643397843
2023-12-07,0.0,-4963423.013284999,5468710.0,505286.98671500105,505286.98671500105,0.0,4963423.013284999,4963423.013284999,0.10180212030337935,-0.009808150518240882,-0.008823371621954679,-0.00882337162195472
2023-12-08,0.0,-4963423.013284999,5663443.0,700019.986715001,700019.986715001,0.0,4963423.013284999,4963423.013284999,0.14103572974564962,0.03923360944227028,0.035608580451331306,0.0356085804513313
2023-12-11,0.0,-4963423.013284999,5777035.0,813611.986715001,813611.986715001,0.0,4963423.013284999,4963423.013284999,0.16392154860411925,0.02288581885846963,0.0200570571646963,0.020057057164696458
2023-12-12,0.0,-4963423.013284999,5712125.0,748701.986715001,748701.986715001,0.0,4963423.013284999,4963423.013284999,0.1508438802638905,-0.013077668340228749,-0.01123586753412431,-0.011235867534124339
2023-12-13,0.0,-4963423.013284999,5744580.0,781156.986715001,781156.986715001,0.0,4963423.013284999,4963423.013284999,0.1573827144340049,0.006538834170114388,0.005681773420574743,0.005681773420574655
2023-12-14,0.0,-4963423.013284999,5858172.0,894748.986715001,894748.986715001,0.0,4963423.013284999,4963423.013284999,0.18026853329247453,0.02288581885846963,0.019773769361728588,0.019773769361728796
2023-12-15,0.0,-4963423.013284999,5906855.0,943431.986715001,943431.986715001,0.0,4963423.013284999,4963423.013284999,0.19007688528457675,0.009808351992102227,0.008310271531801972,0.00831027153180207
2023-12-18,0.0,-4963423.013284999,5712125.0,748701.986715001,748701.986715001,0.0,4963423.013284999,4963423.013284999,0.1508438802638905,-0.039233005020686246,-0.032966781815365276,-0.032966781815365366
2023-12-19,0.0,-4963423.013284999,5663443.0,700019.986715001,700019.986715001,0.0,4963423.013284999,4963423.013284999,0.14103572974564962,-0.009808150518240882,-0.008522572597763456,-0.008522572597763529
2023-12-20,0.0,-4963423.013284999,5614760.0,651336.986715001,651336.986715001,0.0,4963423.013284999,4963423.013284999,0.1312273777535474,-0.009808351992102227,-0.00859600776418179,-0.008596007764181611
2023-12-21,0.0,-4963423.013284999,5809490.0,846066.986715001,846066.986715001,0.0,4963423.013284999,4963423.013284999,0.17046038277423364,0.039233005020686246,0.0346818029621927,0.034681802962192504
2023-12-22,0.0,-4963423.013284999,5679670.0,716246.986715001,716246.986715001,0.0,4963423.013284999,4963423.013284999,0.14430504609377615,-0.026155336680457497,-0.022346195621302578,-0.022346195621302387
2023-12-25,0.0,-4963423.013284999,5679670.0,716246.986715001,716246.986715001,0.0,4963423.013284999,4963423.013284999,0.14430504609377615,0.0,0.0,0.0
2023-12-26,0.0,-4963423.013284999,5760808.0,797384.986715001,797384.986715001,0.0,4963423.013284999,4963423.013284999,0.16065223225599276,0.016347186162216615,0.014285689133347601,0.014285689133347537
2023-12-27,0.0,-4963423.013284999,5777035.0,813611.986715001,813611.986715001,0.0,4963423.013284999,4963423.013284999,0.16392154860411925,0.003269316348126494,0.002816792366626464,0.0028167923666263485
2023-12-28,0.0,-4963423.013284999,5695898.0,732474.986715001,732474.986715001,0.0,4963423.013284999,4963423.013284999,0.147574563915764,-0.016346984688355243,-0.014044747868067309,-0.01404474786806727
2023-12-29,0.0,-4963423.013284999,5712125.0,748701.986715001,748701.986715001,0.0,4963423.013284999,4963423.013284999,0.1508438802638905,0.003269316348126494,0.002848892308113804,0.0028488923081136635
2024-01-02,0.0,-4963423.013284999,5614760.0,651336.986715001,651336.986715001,0.0,4963423.013284999,4963423.013284999,0.1312273777535474,-0.01961650251034311,-0.017045320261724006,-0.017045320261723965
2024-01-03,0.0,-4963423.013284999,5517392.0,553968.986715001,553968.986715001,0.0,4963423.013284999,4963423.013284999,0.11161027082162023,-0.01961710693192717,-0.017341435787103898,-0.017341435787103992
2024-01-04,0.0,-4963423.013284999,5338890.0,375466.98671500105,375466.98671500105,0.0,4963423.013284999,4963423.013284999,0.07564678362292185,-0.03596348719869838,-0.03235260427390341,-0.032352604273903324
2024-01-05,0.0,-4963423.013284999,5192839.0,229415.98671500105,229415.98671500105,0.0,4963423.013284999,4963423.013284999,0.04622132469889244,-0.02942545892402941,-0.02735606090404541,-0.027356060904045597
2024-01-08,0.0,-4963423.013284999,5225294.0,261870.98671500105,261870.98671500105,0.0,4963423.013284999,4963423.013284999,0.05276015886900681,0.006538834170114374,0.006249953060358582,0.006249953060358698
2024-01-09,0.0,-4963423.013284999,5273980.0,310556.98671500105,310556.98671500105,0.0,4963423.013284999,4963423.013284999,0.0625691152826931,0.009808956413686287,0.009317370467575525,0.009317370467575605
2024-01-10,0.0,-4963423.013284999,5273980.0,310556.98671500105,310556.98671500105,0.0,4963423.013284999,4963423.013284999,0.0625691152826931,0.0,0.0,0.0
2024-01-11,0.0,-4963423.013284999,5209067.0,245643.98671500105,245643.98671500105,0.0,4963423.013284999,4963423.013284999,0.0494908425208803,-0.013078272761812802,-0.012308161957383268,-0.012308161957383228
2024-01-12,0.0,-4963423.013284999,5160384.0,196960.98671500105,196960.98671500105,0.0,4963423.013284999,4963423.013284999,0.039682490528778064,-0.009808351992102234,-0.009345819510480413,-0.009345819510480476
2024-01-15,0.0,-4963423.013284999,5176612.0,213188.98671500105,213188.98671500105,0.0,4963423.013284999,4963423.013284999,0.04295200835076593,0.0032695178219878662,0.0031447272140987526,0.003144727214098796
2024-01-16,0.0,-4963423.013284999,5257752.0,294328.98671500105,294328.98671500105,0.0,4963423.013284999,4963423.013284999,0.05929959746070523,0.016347589109939303,0.015674344532678797,0.015674344532678904
2024-01-17,0.0,-4963423.013284999,5144157.0,180733.98671500105,180733.98671500105,0.0,4963423.013284999,4963423.013284999,0.036413174180651556,-0.022886423280053678,-0.021605241175315926,-0.02160524117531599
2024-01-18,0.0,-4963423.013284999,5095474.0,132050.98671500105,132050.98671500105,0.0,4963423.013284999,4963423.013284999,0.02660482218854932,-0.009808351992102237,-0.009463746926853034,-0.009463746926853128
2024-01-19,0.0,-4963423.013284999,5501165.0,537741.986715001,537741.986715001,0.0,4963423.013284999,4963423.013284999,0.10834095447349372,0.0817361322849444,0.07961791189592948,0.07961791189592961
2024-01-22,0.0,-4963423.013284999,5679670.0,716246.986715001,716246.986715001,0.0,4963423.013284999,4963423.013284999,0.14430504609377615,0.035964091620282426,0.03244858134595119,0.032448581345951265
2024-01-23,0.0,-4963423.013284999,5663443.0,700019.986715001,700019.986715001,0.0,4963423.013284999,4963423.013284999,0.14103572974564962,-0.003269316348126522,-0.002857032186728947,-0.0028570321867291584
2024-01-24,0.0,-4963423.013284999,5501165.0,537741.986715001,537741.986715001,0.0,4963423.013284999,4963423.013284999,0.10834095447349372,-0.032694775272155904,-0.028653594641987357,-0.028653594641987214
2024-01-25,0.0,-4963423.013284999,5695898.0,732474.986715001,732474.986715001,0.0,4963423.013284999,4963423.013284999,0.147574563915764,0.03923360944227029,0.03539850195367711,0.03539850195367709
2024-01-26,0.0,-4963423.013284999,5566074.0,602650.986715001,602650.986715001,0.0,4963423.013284999,4963423.013284999,0.12141842133986111,-0.026156142575902902,-0.022792542984442554,-0.02279254298444249
2024-01-29,0.0,-4963423.013284999,5777035.0,813611.986715001,813611.986715001,0.0,4963423.013284999,4963423.013284999,0.16392154860411925,0.042503127264258145,0.0379012208605205,0.03790122086052036
2024-01-30,0.0,-4963423.013284999,5777035.0,813611.986715001,813611.986715001,0.0,4963423.013284999,4963423.013284999,0.16392154860411925,0.0,0.0,0.0
2024-01-31,0.0,-4963423.013284999,5712125.0,748701.986715001,748701.986715001,0.0,4963423.013284999,4963423.013284999,0.1508438802638905,-0.013077668340228749,-0.01123586753412431,-0.011235867534124339
2024-02-01,0.0,-4963423.013284999,5760808.0,797384.986715001,797384.986715001,0.0,4963423.013284999,4963423.013284999,0.16065223225599276,0.009808351992102254,0.00852274766396044,0.008522747663960436
2024-02-02,0.0,-4963423.013284999,5841945.0,878521.986715001,878521.986715001,0.0,4963423.013284999,4963423.013284999,0.176999216944348,0.016346984688355243,0.01408430900665314,0.014084309006653233
2024-02-05,0.0,-4963423.013284999,5728353.0,764929.986715001,764929.986715001,0.0,4963423.013284999,4963423.013284999,0.15411339808587837,-0.02288581885846963,-0.01944420907762734,-0.019444209077627398
2024-02-15,0.0,-4963423.013284999,5858172.0,894748.986715001,894748.986715001,0.0,4963423.013284999,4963423.013284999,0.18026853329247453,0.026155135206596153,0.022662534938052703,0.022662534938052876
2024-02-16,0.0,-4963423.013284999,5906855.0,943431.986715001,943431.986715001,0.0,4963423.013284999,4963423.013284999,0.19007688528457675,0.009808351992102227,0.008310271531801972,0.00831027153180207
2024-02-19,0.0,-4963423.013284999,6247635.0,1284211.986715001,1284211.986715001,0.0,4963423.013284999,4963423.013284999,0.25873514775543105,0.0686582624708543,0.05769229141395904,0.05769229141395887
2024-02-20,0.0,-4963423.013284999,6182725.0,1219301.986715001,1219301.986715001,0.0,4963423.013284999,4963423.013284999,0.2456574794152023,-0.013077668340228749,-0.010389531398681373,-0.01038953139868126
2024-02-21,0.0,-4963423.013284999,6150270.0,1186846.986715001,1186846.986715001,0.0,4963423.013284999,4963423.013284999,0.23911864524508794,-0.00653883417011436,-0.0052493035029052,-0.005249303502905272
2024-02-22,0.0,-4963423.013284999,6134043.0,1170619.986715001,1170619.986715001,0.0,4963423.013284999,4963423.013284999,0.23584932889696142,-0.003269316348126522,-0.002638420752259729,-0.0026384207522596567
2024-02-23,0.0,-4963423.013284999,6101588.0,1138164.986715001,1138164.986715001,0.0,4963423.013284999,4963423.013284999,0.22931049472684706,-0.00653883417011436,-0.00529096388792849,-0.005290963887928402
2024-02-26,0.0,-4963423.013284999,6361231.0,1397807.986715001,1397807.986715001,0.0,4963423.013284999,4963423.013284999,0.2816217725093461,0.052311277782499055,0.04255334840700509,0.042553348407004865
2024-02-27,0.0,-4963423.013284999,5809490.0,846066.986715001,846066.986715001,0.0,4963423.013284999,4963423.013284999,0.17046038277423364,-0.11116138973511247,-0.08673494171175355,-0.0867349417117536
2024-02-29,0.0,-4963423.013284999,5825717.0,862293.986715001,862293.986715001,0.0,4963423.013284999,4963423.013284999,0.17372969912236014,0.003269316348126494,0.0027931883865881524,0.0027931883865881515
2024-03-01,0.0,-4963423.013284999,5777035.0,813611.986715001,813611.986715001,0.0,4963423.013284999,4963423.013284999,0.16392154860411925,-0.009808150518240882,-0.008356396302807156,-0.00835639630280702
2024-03-04,0.0,-4963423.013284999,5858172.0,894748.986715001,894748.986715001,0.0,4963423.013284999,4963423.013284999,0.18026853329247453,0.01634698468835527,0.014044747868067198,0.01404474786806727
2024-03-05,0.0,-4963423.013284999,5777035.0,813611.986715001,813611.986715001,0.0,4963423.013284999,4963423.013284999,0.16392154860411925,-0.01634698468835527,-0.013850224950718415,-0.013850224950718415
2024-03-06,0.0,-4963423.013284999,5647215.0,683791.986715001,683791.986715001,0.0,4963423.013284999,4963423.013284999,0.13776621192366176,-0.026155336680457497,-0.02247173506824862,-0.022471735068248677
2024-03-07,0.0,-4963423.013284999,5598533.0,635109.986715001,635109.986715001,0.0,4963423.013284999,4963423.013284999,0.12795806140542088,-0.009808150518240882,-0.008620532421733662,-0.008620532421733544
2024-03-08,0.0,-4963423.013284999,5630988.0,667564.986715001,667564.986715001,0.0,4963423.013284999,4963423.013284999,0.13449689557553526,0.006538834170114388,0.005797054335483942,0.005797054335483956
2024-03-11,0.0,-4963423.013284999,5744580.0,781156.986715001,781156.986715001,0.0,4963423.013284999,4963423.013284999,0.1573827144340049,0.02288581885846963,0.020172658865549087,0.020172658865548993
2024-03-12,0.0,-4963423.013284999,5906855.0,943431.986715001,943431.986715001,0.0,4963423.013284999,4963423.013284999,0.19007688528457675,0.03269417085057186,0.02824836628613392,0.02824836628613406
2024-03-13,0.0,-4963423.013284999,5760808.0,797384.986715001,797384.986715001,0.0,4963423.013284999,4963423.013284999,0.16065223225599276,-0.02942465302858399,-0.024725001714110073,-0.024725001714110132
2024-03-14,0.0,-4963423.013284999,5760808.0,797384.986715001,797384.986715001,0.0,4963423.013284999,4963423.013284999,0.16065223225599276,0.0,0.0,0.0
2024-03-15,0.0,-4963423.013284999,5582302.0,618878.986715001,618878.986715001,0.0,4963423.013284999,4963423.013284999,0.12468793916184898,-0.035964293094143784,-0.03098627831373646,-0.030986278313736546
2024-03-18,0.0,-4963423.013284999,6069133.0,1105709.986715001,1105709.986715001,0.0,4963423.013284999,4963423.013284999,0.22277166055673267,0.0980837213948837,0.08720972100756996,0.08720972100756999
2024-03-19,0.0,-4963423.013284999,6247635.0,1284211.986715001,1284211.986715001,0.0,4963423.013284999,4963423.013284999,0.25873514775543105,0.03596348719869838,0.02941144970789078,0.02941144970789073
2024-03-20,0.0,-4963423.013284999,6377458.0,1414034.986715001,1414034.986715001,0.0,4963423.013284999,4963423.013284999,0.2848910888574726,0.026155941102041558,0.020779542979063148,0.020779542979063276
2024-03-21,0.0,-4963423.013284999,6491051.0,1527627.986715001,1527627.986715001,0.0,4963423.013284999,4963423.013284999,0.3077771091898036,0.022886020332331003,0.01781164219348841,0.017811642193488377
2024-03-22,0.0,-4963423.013284999,6491051.0,1527627.986715001,1527627.986715001,0.0,4963423.013284999,4963423.013284999,0.3077771091898036,0.0,0.0,0.0
2024-03-25,0.0,-4963423.013284999,6426141.0,1462717.986715001,1462717.986715001,0.0,4963423.013284999,4963423.013284999,0.29469944084957483,-0.013077668340228776,-0.00999992143028916,-0.009999921430289178
2024-03-26,0.0,-4963423.013284999,6166498.0,1203074.986715001,1203074.986715001,0.0,4963423.013284999,4963423.013284999,0.2423881630670758,-0.05231127778249903,-0.04040418658725353,-0.04040418658725353
2024-03-27,0.0,-4963423.013284999,6215180.0,1251756.986715001,1251756.986715001,0.0,4963423.013284999,4963423.013284999,0.2521963135853167,0.009808150518240882,0.007894594306200986,0.007894594306201024
2024-03-28,0.0,-4963423.013284999,6166498.0,1203074.986715001,1203074.986715001,0.0,4963423.013284999,4963423.013284999,0.2423881630670758,-0.009808150518240882,-0.007832757860592898,-0.007832757860592935
2024-03-29,0.0,-4963423.013284999,6198953.0,1235529.986715001,1235529.986715001,0.0,4963423.013284999,4963423.013284999,0.24892699723719017,0.00653883417011436,0.005263116926333078,0.005263116926333228
2024-04-01,0.0,-4963423.013284999,6263863.0,1300439.986715001,1300439.986715001,0.0,4963423.013284999,4963423.013284999,0.2620046655774189,0.013077668340228749,0.01047112310740217,0.01047112310740217
2024-04-02,0.0,-4963423.013284999,6280090.0,1316666.986715001,1316666.986715001,0.0,4963423.013284999,4963423.013284999,0.2652739819255454,0.003269316348126494,0.002590573899844184,0.0025905738998442335
2024-04-03,0.0,-4963423.013284999,6231408.0,1267984.986715001,1267984.986715001,0.0,4963423.013284999,4963423.013284999,0.25546583140730456,-0.009808150518240855,-0.007751799735354004,-0.007751799735354111
2024-04-08,0.0,-4963423.013284999,6458596.0,1495172.986715001,1495172.986715001,0.0,4963423.013284999,4963423.013284999,0.3012382750196892,0.04577244361238464,0.03645853393005227,0.036458533930052404
2024-04-09,0.0,-4963423.013284999,6280090.0,1316666.986715001,1316666.986715001,0.0,4963423.013284999,4963423.013284999,0.2652739819255454,-0.035964293094143784,-0.0276385146245407,-0.02763851462454069
2024-04-10,0.0,-4963423.013284999,6215180.0,1251756.986715001,1251756.986715001,0.0,4963423.013284999,4963423.013284999,0.2521963135853167,-0.01307766834022872,-0.010335839136063285,-0.010335839136063337
2024-04-11,0.0,-4963423.013284999,6247635.0,1284211.986715001,1284211.986715001,0.0,4963423.013284999,4963423.013284999,0.25873514775543105,0.00653883417011436,0.005221892205857337,0.005221892205857272
2024-04-12,0.0,-4963423.013284999,6296318.0,1332894.986715001,1332894.986715001,0.0,4963423.013284999,4963423.013284999,0.2685434997475333,0.009808351992102227,0.007792228579294402,0.007792228579294405
2024-04-15,0.0,-4963423.013284999,5923082.0,959658.986715001,959658.986715001,0.0,4963423.013284999,4963423.013284999,0.19334620163270327,-0.07519729811483,-0.05927845448720992,-0.05927845448720983
2024-04-16,0.0,-4963423.013284999,5744580.0,781156.986715001,781156.986715001,0.0,4963423.013284999,4963423.013284999,0.1573827144340049,-0.03596348719869838,-0.03013667546726506,-0.030136675467265183
2024-04-17,0.0,-4963423.013284999,5809490.0,846066.986715001,846066.986715001,0.0,4963423.013284999,4963423.013284999,0.17046038277423364,0.013077668340228749,0.011299346514453523,0.011299346514453624
2024-04-18,0.0,-4963423.013284999,5793262.0,829838.986715001,829838.986715001,0.0,4963423.013284999,4963423.013284999,0.16719086495224578,-0.0032695178219878662,-0.0027933605187374644,-0.0027933605187374453
2024-04-19,0.0,-4963423.013284999,5517392.0,553968.986715001,553968.986715001,0.0,4963423.013284999,4963423.013284999,0.11161027082162023,-0.05558059413062555,-0.04761911337688507,-0.047619113376885076
2024-04-22,0.0,-4963423.013284999,5436255.0,472831.98671500105,472831.98671500105,0.0,4963423.013284999,4963423.013284999,0.09526328613326497,-0.016346984688355257,-0.01470567978494186,-0.014705679784941871
2024-04-23,0.0,-4963423.013284999,5517392.0,553968.986715001,553968.986715001,0.0,4963423.013284999,4963423.013284999,0.11161027082162023,0.016346984688355257,0.014925164474440589,0.014925164474440585
2024-04-24,0.0,-4963423.013284999,6069133.0,1105709.986715001,1105709.986715001,0.0,4963423.013284999,4963423.013284999,0.22277166055673267,0.11116138973511244,0.10000032624109356,0.10000032624109362
2024-04-25,0.0,-4963423.013284999,5971768.0,1008344.986715001,1008344.986715001,0.0,4963423.013284999,4963423.013284999,0.20315515804638956,-0.01961650251034311,-0.01604265386835324,-0.01604265386835319
2024-04-26,0.0,-4963423.013284999,5923082.0,959658.986715001,959658.986715001,0.0,4963423.013284999,4963423.013284999,0.19334620163270327,-0.009808956413686287,-0.008152694478419154,-0.008152694478419122
2024-04-29,0.0,-4963423.013284999,5971768.0,1008344.986715001,1008344.986715001,0.0,4963423.013284999,4963423.013284999,0.20315515804638956,0.009808956413686287,0.008219707240251006,0.008219707240250937
2024-04-30,0.0,-4963423.013284999,5906855.0,943431.986715001,943431.986715001,0.0,4963423.013284999,4963423.013284999,0.19007688528457675,-0.01307827276181281,-0.01086998021356489,-0.010869980213564895
2024-05-02,0.0,-4963423.013284999,5777032.0,813608.986715001,813608.986715001,0.0,4963423.013284999,4963423.013284999,0.16392094418253522,-0.02615594110204153,-0.02197836242806006,-0.02197836242806028
2024-05-03,0.0,-4963423.013284999,5712122.0,748698.986715001,748698.986715001,0.0,4963423.013284999,4963423.013284999,0.15084327584230647,-0.013077668340228749,-0.011235873368885763,-0.011235873368885615
2024-05-06,0.0,-4963423.013284999,5971765.0,1008341.986715001,1008341.986715001,0.0,4963423.013284999,4963423.013284999,0.2031545536248055,0.05231127778249903,0.04545473643595166,0.04545473643595147
2024-05-07,0.0,-4963423.013284999,5906851.0,943427.986715001,943427.986715001,0.0,4963423.013284999,4963423.013284999,0.19007607938913135,-0.013078474235674153,-0.01087015312893258,-0.010870153128932568
2024-05-08,0.0,-4963423.013284999,6134039.0,1170615.986715001,1170615.986715001,0.0,4963423.013284999,4963423.013284999,0.23584852300151601,0.04577244361238467,0.03846177938126405,0.03846177938126423
2024-05-09,0.0,-4963423.013284999,6182722.0,1219298.986715001,1219298.986715001,0.0,4963423.013284999,4963423.013284999,0.24565687499361827,0.009808351992102254,0.007936532519601025,0.00793653251960087
2024-05-10,0.0,-4963423.013284999,6166494.0,1203070.986715001,1203070.986715001,0.0,4963423.013284999,4963423.013284999,0.2423873571716304,-0.0032695178219878662,-0.0026247338955237565,-0.0026247338955236866
2024-05-13,0.0,-4963423.013284999,6052902.0,1089478.986715001,1089478.986715001,0.0,4963423.013284999,4963423.013284999,0.21950153831316077,-0.02288581885846963,-0.01842084010784728,-0.018420840107847343
2024-05-14,0.0,-4963423.013284999,5955537.0,992113.986715001,992113.986715001,0.0,4963423.013284999,4963423.013284999,0.19988503580281763,-0.019616502510343137,-0.016085672624470138,-0.016085672624470047
2024-05-15,0.0,-4963423.013284999,5923082.0,959658.986715001,959658.986715001,0.0,4963423.013284999,4963423.013284999,0.19334620163270327,-0.00653883417011436,-0.0054495505610997474,-0.005449550561099696
2024-05-16,0.0,-4963423.013284999,5939310.0,975886.986715001,975886.986715001,0.0,4963423.013284999,4963423.013284999,0.19661571945469114,0.0032695178219878662,0.002739789859401043,0.0027397898594008997
2024-05-17,0.0,-4963423.013284999,5955537.0,992113.986715001,992113.986715001,0.0,4963423.013284999,4963423.013284999,0.19988503580281763,0.003269316348126494,0.0027321355510994128,0.0027321355510993703
2024-05-20,0.0,-4963423.013284999,5858169.0,894745.986715001,894745.986715001,0.0,4963423.013284999,4963423.013284999,0.18026792887089046,-0.01961710693192717,-0.016349155416211958,-0.016349155416211836
2024-05-21,0.0,-4963423.013284999,5906851.0,943427.986715001,943427.986715001,0.0,4963423.013284999,4963423.013284999,0.19007607938913135,0.009808150518240882,0.00831010508573593,0.008310105085735833
2024-05-22,0.0,-4963423.013284999,5923082.0,959658.986715001,959658.986715001,0.0,4963423.013284999,4963423.013284999,0.19334620163270327,0.003270122243571927,0.0027478262106153117,0.002747826210615436
2024-05-23,0.0,-4963423.013284999,6198949.0,1235525.986715001,1235525.986715001,0.0,4963423.013284999,4963423.013284999,0.24892619134174476,0.05557998970904149,0.04657490813059817,0.046574908130598225
2024-05-24,0.0,-4963423.013284999,6134039.0,1170615.986715001,1170615.986715001,0.0,4963423.013284999,4963423.013284999,0.23584852300151601,-0.013077668340228749,-0.010471129864110806,-0.010471129864110836
2024-05-27,0.0,-4963423.013284999,6231404.0,1267980.986715001,1267980.986715001,0.0,4963423.013284999,4963423.013284999,0.2554650255118591,0.01961650251034311,0.015872902014480328,0.015872902014480182
2024-05-28,0.0,-4963423.013284999,6231404.0,1267980.986715001,1267980.986715001,0.0,4963423.013284999,4963423.013284999,0.2554650255118591,0.0,0.0,0.0
2024-05-29,0.0,-4963423.013284999,6198949.0,1235525.986715001,1235525.986715001,0.0,4963423.013284999,4963423.013284999,0.24892619134174476,-0.00653883417011436,-0.0052082965572446405,-0.005208296557244563
2024-05-30,0.0,-4963423.013284999,6085357.0,1121933.986715001,1121933.986715001,0.0,4963423.013284999,4963423.013284999,0.22604037248327513,-0.02288581885846963,-0.018324396603359605,-0.0183243966033597
2024-05-31,0.0,-4963423.013284999,5923082.0,959658.986715001,959658.986715001,0.0,4963423.013284999,4963423.013284999,0.19334620163270327,-0.03269417085057186,-0.026666471663042923,-0.02666647166304294
2024-06-03,0.0,-4963423.013284999,6117812.0,1154388.986715001,1154388.986715001,0.0,4963423.013284999,4963423.013284999,0.23257920665338952,0.039233005020686246,0.032876465326666215,0.032876465326666084
2024-06-04,0.0,-4963423.013284999,6085357.0,1121933.986715001,1121933.986715001,0.0,4963423.013284999,4963423.013284999,0.22604037248327513,-0.006538834170114388,-0.005305001199775394,-0.005305001199775345
2024-06-05,0.0,-4963423.013284999,6020447.0,1057023.986715001,1057023.986715001,0.0,4963423.013284999,4963423.013284999,0.21296270414304638,-0.013077668340228749,-0.010666588665217192,-0.010666588665217176
2024-06-06,0.0,-4963423.013284999,6085357.0,1121933.986715001,1121933.986715001,0.0,4963423.013284999,4963423.013284999,0.22604037248327513,0.013077668340228749,0.010781591466547225,0.01078159146654725
2024-06-07,0.0,-4963423.013284999,5971765.0,1008341.986715001,1008341.986715001,0.0,4963423.013284999,4963423.013284999,0.2031545536248055,-0.02288581885846963,-0.018666447999681757,-0.01866644799968186
2024-06-11,0.0,-4963423.013284999,5923082.0,959658.986715001,959658.986715001,0.0,4963423.013284999,4963423.013284999,0.19334620163270327,-0.009808351992102227,-0.008152196209998297,-0.008152196209998217
2024-06-12,0.0,-4963423.013284999,6020447.0,1057023.986715001,1057023.986715001,0.0,4963423.013284999,4963423.013284999,0.21296270414304638,0.01961650251034311,0.016438232663332997,0.016438232663333042
2024-06-13,0.0,-4963423.013284999,5971765.0,1008341.986715001,1008341.986715001,0.0,4963423.013284999,4963423.013284999,0.2031545536248055,-0.009808150518240882,-0.008086110549598624,-0.008086110549598726
2024-06-14,0.0,-4963423.013284999,5923082.0,959658.986715001,959658.986715001,0.0,4963423.013284999,4963423.013284999,0.19334620163270327,-0.009808351992102227,-0.008152196209998297,-0.008152196209998217
2024-06-17,0.0,-4963423.013284999,5971765.0,1008341.986715001,1008341.986715001,0.0,4963423.013284999,4963423.013284999,0.2031545536248055,0.009808351992102227,0.008219200747178634,0.00821920074717858
2024-06-18,0.0,-4963423.013284999,6166494.0,1203070.986715001,1203070.986715001,0.0,4963423.013284999,4963423.013284999,0.2423873571716304,0.0392328035468249,0.03260828247595127,0.03260828247595141
2024-06-19,0.0,-4963423.013284999,6134039.0,1170615.986715001,1170615.986715001,0.0,4963423.013284999,4963423.013284999,0.23584852300151601,-0.006538834170114388,-0.0052631203403425975,-0.005263120340342503
2024-06-20,0.0,-4963423.013284999,6182722.0,1219298.986715001,1219298.986715001,0.0,4963423.013284999,4963423.013284999,0.24565687499361827,0.009808351992102254,0.007936532519601025,0.00793653251960087
2024-06-21,0.0,-4963423.013284999,6069130.0,1105706.986715001,1105706.986715001,0.0,4963423.013284999,4963423.013284999,0.22277105613514864,-0.02288581885846963,-0.018372490304432332,-0.018372490304432255
2024-06-24,0.0,-4963423.013284999,6036675.0,1073251.986715001,1073251.986715001,0.0,4963423.013284999,4963423.013284999,0.21623222196503425,-0.006538834170114388,-0.0053475539327711985,-0.005347553932771254
2024-06-25,0.0,-4963423.013284999,5841942.0,878518.986715001,878518.986715001,0.0,4963423.013284999,4963423.013284999,0.17699861252276397,-0.03923360944227028,-0.03225832101280923,-0.032258321012809205
2024-06-26,0.0,-4963423.013284999,5841942.0,878518.986715001,878518.986715001,0.0,4963423.013284999,4963423.013284999,0.17699861252276397,0.0,0.0,0.0
2024-06-27,0.0,-4963423.013284999,5793259.0,829835.986715001,829835.986715001,0.0,4963423.013284999,4963423.013284999,0.16719026053066172,-0.009808351992102254,-0.008333359009726649,-0.00833335900972656
2024-06-28,0.0,-4963423.013284999,5841942.0,878518.986715001,878518.986715001,0.0,4963423.013284999,4963423.013284999,0.17699861252276397,0.009808351992102254,0.008403387454281042,0.008403387454280915
2024-07-01,0.0,-4963423.013284999,5825714.0,862290.986715001,862290.986715001,0.0,4963423.013284999,4963423.013284999,0.1737290947007761,-0.0032695178219878662,-0.002777843395227131,-0.002777843395227135
2024-07-02,0.0,-4963423.013284999,5793259.0,829835.986715001,829835.986715001,0.0,4963423.013284999,4963423.013284999,0.16719026053066172,-0.006538834170114388,-0.005570990954928523,-0.005570990954928443
2024-07-03,0.0,-4963423.013284999,5939310.0,975886.986715001,975886.986715001,0.0,4963423.013284999,4963423.013284999,0.19661571945469114,0.029425458924029424,0.025210507591668208,0.02521050759166818
2024-07-04,0.0,-4963423.013284999,5890624.0,927200.986715001,927200.986715001,0.0,4963423.013284999,4963423.013284999,0.18680676304100485,-0.009808956413686287,-0.008197248501930376,-0.008197248501930359
2024-07-05,0.0,-4963423.013284999,5793259.0,829835.986715001,829835.986715001,0.0,4963423.013284999,4963423.013284999,0.16719026053066172,-0.019616502510343137,-0.016528809171999503,-0.016528809171999434
2024-07-08,0.0,-4963423.013284999,5874396.0,910972.986715001,910972.986715001,0.0,4963423.013284999,4963423.013284999,0.183537245219017,0.01634698468835527,0.01400541560458457,0.01400541560458457
2024-07-09,0.0,-4963423.013284999,5744577.0,781153.986715001,781153.986715001,0.0,4963423.013284999,4963423.013284999,0.15738211001242083,-0.026155135206596153,-0.022099123041756097,-0.02209912304175612
2024-07-10,0.0,-4963423.013284999,5695894.0,732470.986715001,732470.986715001,0.0,4963423.013284999,4963423.013284999,0.1475737580203186,-0.009808351992102227,-0.008474601350108024,-0.008474601350108111
2024-07-11,0.0,-4963423.013284999,6257590.0,1294166.986715001,1294166.986715001,0.0,4963423.013284999,4963423.013284999,0.26074082004517035,0.11316706202485174,0.09861419471640454,0.09861419471640448
2024-07-12,0.0,-4963423.013284999,6274102.0,1310678.986715001,1310678.986715001,0.0,4963423.013284999,4963423.013284999,0.2640675564437816,0.003326736398611252,0.0026387155438434284,0.0026387155438435564
2024-07-15,0.0,-4963423.013284999,6307122.0,1343698.986715001,1343698.986715001,0.0,4963423.013284999,4963423.013284999,0.27072022334555873,0.006652666901777127,0.0052629045559031695,0.0052629045559029804
2024-07-16,0.0,-4963423.013284999,6538274.0,1574850.986715001,1574850.986715001,0.0,4963423.013284999,4963423.013284999,0.3172913093443348,0.046571085998776074,0.036649362419182596,0.03664936241918263
2024-07-17,0.0,-4963423.013284999,7116154.0,2152730.986715001,2152730.986715001,0.0,4963423.013284999,4963423.013284999,0.433719024341275,0.11642771499694021,0.08838418212512966,0.08838418212512966
2024-07-18,0.0,-4963423.013284999,6769426.0,1806002.986715001,1806002.986715001,0.0,4963423.013284999,4963423.013284999,0.3638623953431109,-0.06985662899816414,-0.04872407201980167,-0.04872407201980171
2024-07-19,0.0,-4963423.013284999,6356658.0,1393234.986715001,1393234.986715001,0.0,4963423.013284999,4963423.013284999,0.28070043254139254,-0.08316196280171834,-0.06097533232507457,-0.06097533232507454
2024-07-22,0.0,-4963423.013284999,6290614.0,1327190.986715001,1327190.986715001,0.0,4963423.013284999,4963423.013284999,0.26739429284239286,-0.013306139698999686,-0.010389736241905645,-0.010389736241905732
2024-07-23,0.0,-4963423.013284999,6422698.0,1459274.986715001,1459274.986715001,0.0,4963423.013284999,4963423.013284999,0.2940057663449468,0.02661147350255394,0.02099699647760933,0.02099699647760934
2024-07-26,0.0,-4963423.013284999,6307122.0,1343698.986715001,1343698.986715001,0.0,4963423.013284999,4963423.013284999,0.27072022334555873,-0.023285542999388065,-0.017994929856580577,-0.01799492985658052
2024-07-29,0.0,-4963423.013284999,5976906.0,1013482.986715001,1013482.986715001,0.0,4963423.013284999,4963423.013284999,0.20419033074600587,-0.06652989259955286,-0.05235605082635164,-0.052356050826351544
2024-07-30,0.0,-4963423.013284999,6059462.0,1096038.986715001,1096038.986715001,0.0,4963423.013284999,4963423.013284999,0.22082320684361678,0.01663287609761091,0.013812497636737087,0.013812497636737135
2024-07-31,0.0,-4963423.013284999,5927374.0,963950.986715001,963950.986715001,0.0,4963423.013284999,4963423.013284999,0.1942109274456175,-0.02661227939799929,-0.021798634928315352,-0.02179863492831542
2024-08-01,0.0,-4963423.013284999,6042950.0,1079526.986715001,1079526.986715001,0.0,4963423.013284999,4963423.013284999,0.21749647044500553,0.023285542999388037,0.01949868525252496,0.01949868525252498
2024-08-02,0.0,-4963423.013284999,5481583.0,518159.98671500105,518159.98671500105,0.0,4963423.013284999,4963423.013284999,0.10439569332053794,-0.11310077712446759,-0.09289618481039896,-0.0928961848103989
2024-08-05,0.0,-4963423.013284999,4936727.0,-26696.013284998946,-26696.013284998946,0.0,4963423.013284999,4963423.013284999,-0.005378548879179737,-0.10977424219971768,-0.09939756453564597,-0.099397564535646
2024-08-06,0.0,-4963423.013284999,4639534.0,-323889.01328499895,-323889.01328499895,0.0,4963423.013284999,4963423.013284999,-0.06525517015537143,-0.059876621276191686,-0.06020041213540872,-0.06020041213540874
2024-08-07,0.0,-4963423.013284999,4903706.0,-59717.013284998946,-59717.013284998946,0.0,4963423.013284999,4963423.013284999,-0.012031417254818213,0.053223752900553215,0.05693933916639038,0.05693933916639042
2024-08-08,0.0,-4963423.013284999,4755110.0,-208313.01328499895,-208313.01328499895,0.0,4963423.013284999,4963423.013284999,-0.04196962715598338,-0.02993820990116517,-0.030302795477542888,-0.030302795477542905
2024-08-09,0.0,-4963423.013284999,4887195.0,-76228.01328499895,-76228.01328499895,0.0,4963423.013284999,4963423.013284999,-0.015357952179568125,0.026611674976415256,0.027777485694337356,0.02777748569433725
2024-08-12,0.0,-4963423.013284999,5217411.0,253987.98671500105,253987.98671500105,0.0,4963423.013284999,4963423.013284999,0.051171940419984734,0.06652989259955286,0.06756759245333965,0.0675675924533398
2024-08-13,0.0,-4963423.013284999,5200902.0,237478.98671500105,237478.98671500105,0.0,4963423.013284999,4963423.013284999,0.04784580844295752,-0.003326131977027212,-0.0031642130550955105,-0.003164213055095717
2024-08-14,0.0,-4963423.013284999,5266943.0,303519.98671500105,303519.98671500105,0.0,4963423.013284999,4963423.013284999,0.06115134372037312,0.013305535277415598,0.012697989694864464,0.012697989694864468
2024-08-15,0.0,-4963423.013284999,5184390.0,220966.98671500105,220966.98671500105,0.0,4963423.013284999,4963423.013284999,0.044519072044346256,-0.016632271676026864,-0.015673797874782514,-0.015673797874782392
2024-08-16,0.0,-4963423.013284999,5266943.0,303519.98671500105,303519.98671500105,0.0,4963423.013284999,4963423.013284999,0.06115134372037312,0.016632271676026864,0.015923377677991235,0.015923377677991048
2024-08-19,0.0,-4963423.013284999,5233922.0,270498.98671500105,270498.98671500105,0.0,4963423.013284999,4963423.013284999,0.05449847534473465,-0.006652868375638471,-0.006269481177221925,-0.0062694811772217775
2024-08-20,0.0,-4963423.013284999,5217411.0,253987.98671500105,253987.98671500105,0.0,4963423.013284999,4963423.013284999,0.051171940419984734,-0.0033265349247499146,-0.003154613309101717,-0.003154613309101664
2024-08-21,0.0,-4963423.013284999,5052303.0,88879.98671500105,88879.98671500105,0.0,4963423.013284999,4963423.013284999,0.017906994120208304,-0.03326494629977643,-0.031645580537933315,-0.03164558053793347
2024-08-22,0.0,-4963423.013284999,5332986.0,369562.98671500105,369562.98671500105,0.0,4963423.013284999,4963423.013284999,0.07445728194551142,0.056550287825303115,0.05555545659078631,0.05555545659078642
2024-08-23,0.0,-4963423.013284999,5366010.0,402586.98671500105,402586.98671500105,0.0,4963423.013284999,4963423.013284999,0.08111075474273395,0.006653472797222532,0.006192403280263603,0.006192403280263627
2024-08-26,0.0,-4963423.013284999,5299966.0,336542.98671500105,336542.98671500105,0.0,4963423.013284999,4963423.013284999,0.06780461504373429,-0.013306139698999658,-0.012307841394257446,-0.012307841394257559
2024-08-27,0.0,-4963423.013284999,5283454.0,320030.98671500105,320030.98671500105,0.0,4963423.013284999,4963423.013284999,0.06447787864512304,-0.003326736398611252,-0.0031154916842863756,-0.0031154916842862767
2024-08-28,0.0,-4963423.013284999,5250434.0,287010.98671500105,287010.98671500105,0.0,4963423.013284999,4963423.013284999,0.05782521174334591,-0.006652666901777134,-0.006249699533676156,-0.0062496995336762656
2024-08-29,0.0,-4963423.013284999,5432051.0,468627.98671500105,468627.98671500105,0.0,4963423.013284999,4963423.013284999,0.09441629002014955,0.03659107827680364,0.03459085477505286,0.03459085477505288
2024-08-30,0.0,-4963423.013284999,5399030.0,435606.98671500105,435606.98671500105,0.0,4963423.013284999,4963423.013284999,0.08776342164451108,-0.006652868375638471,-0.006078919362134005,-0.006078919362134118
2024-09-02,0.0,-4963423.013284999,5366010.0,402586.98671500105,402586.98671500105,0.0,4963423.013284999,4963423.013284999,0.08111075474273395,-0.006652666901777127,-0.006115913414076357,-0.006115913414076232
2024-09-03,0.0,-4963423.013284999,5167878.0,204454.98671500105,204454.98671500105,0.0,4963423.013284999,4963423.013284999,0.041192335645735,-0.039918419096998954,-0.03692352418277256,-0.03692352418277267
2024-09-04,0.0,-4963423.013284999,4722087.0,-241336.01328499895,-241336.01328499895,0.0,4963423.013284999,4963423.013284999,-0.048622898479344555,-0.08981523412507955,-0.0862619047895481,-0.08626190478954805
2024-09-05,0.0,-4963423.013284999,4689066.0,-274357.01328499895,-274357.01328499895,0.0,4963423.013284999,4963423.013284999,-0.05527576685498303,-0.006652868375638478,-0.006992882596191019,-0.0069928825961910485
2024-09-06,0.0,-4963423.013284999,4705578.0,-257845.01328499895,-257845.01328499895,0.0,4963423.013284999,4963423.013284999,-0.05194903045637177,0.003326736398611266,0.00352138357617493,0.0035213835761748716
2024-09-09,0.0,-4963423.013284999,4689066.0,-274357.01328499895,-274357.01328499895,0.0,4963423.013284999,4963423.013284999,-0.05527576685498303,-0.003326736398611266,-0.003509026946317717,-0.003509026946317753
2024-09-10,0.0,-4963423.013284999,4606511.0,-356912.01328499895,-356912.01328499895,0.0,4963423.013284999,4963423.013284999,-0.0719084414787326,-0.016632674623749566,-0.01760585157044059,-0.01760585157044068
2024-09-11,0.0,-4963423.013284999,4556979.0,-406444.01328499895,-406444.01328499895,0.0,4963423.013284999,4963423.013284999,-0.08188784477912099,-0.009979403300388393,-0.010752606473749982,-0.010752606473749872
2024-09-12,0.0,-4963423.013284999,4821151.0,-142272.01328499895,-142272.01328499895,0.0,4963423.013284999,4963423.013284999,-0.028664091878567777,0.053223752900553215,0.0579708618363175,0.05797086183631744
2024-09-13,0.0,-4963423.013284999,4870686.0,-92737.01328499895,-92737.01328499895,0.0,4963423.013284999,4963423.013284999,-0.018684084156595338,0.00998000772197244,0.010274517433700003,0.01027451743369996
2024-09-16,0.0,-4963423.013284999,4837663.0,-125760.01328499895,-125760.01328499895,0.0,4963423.013284999,4963423.013284999,-0.025337355479956514,-0.006653271323361177,-0.006779948450793105,-0.006779948450793174
2024-09-18,0.0,-4963423.013284999,4722087.0,-241336.01328499895,-241336.01328499895,0.0,4963423.013284999,4963423.013284999,-0.048622898479344555,-0.02328554299938804,-0.023890874581383614,-0.023890874581383614
2024-09-19,0.0,-4963423.013284999,4854174.0,-109249.01328499895,-109249.01328499895,0.0,4963423.013284999,4963423.013284999,-0.022010820555206603,0.02661207792413795,0.02797216569707417,0.027972165697074197
2024-09-20,0.0,-4963423.013284999,4854174.0,-109249.01328499895,-109249.01328499895,0.0,4963423.013284999,4963423.013284999,-0.022010820555206603,0.0,0.0,0.0
2024-09-23,0.0,-4963423.013284999,4936727.0,-26696.013284998946,-26696.013284998946,0.0,4963423.013284999,4963423.013284999,-0.005378548879179737,0.016632271676026867,0.017006600917066406,0.017006600917066426
2024-09-24,0.0,-4963423.013284999,4788131.0,-175292.01328499895,-175292.01328499895,0.0,4963423.013284999,4963423.013284999,-0.0353167587803449,-0.029938209901165167,-0.030100104786025206,-0.030100104786025234
2024-09-25,0.0,-4963423.013284999,4837663.0,-125760.01328499895,-125760.01328499895,0.0,4963423.013284999,4963423.013284999,-0.025337355479956514,0.009979403300388389,0.010344746206818467,0.010344746206818484
2024-09-26,0.0,-4963423.013284999,4837663.0,-125760.01328499895,-125760.01328499895,0.0,4963423.013284999,4963423.013284999,-0.025337355479956514,0.0,0.0,0.0
2024-09-27,0.0,-4963423.013284999,4920218.0,-43205.013284998946,-43205.013284998946,0.0,4963423.013284999,4963423.013284999,-0.00870468085620695,0.016632674623749566,0.017065058066260574,0.017065058066260505
2024-09-30,0.0,-4963423.013284999,4755110.0,-208313.01328499895,-208313.01328499895,0.0,4963423.013284999,4963423.013284999,-0.04196962715598338,-0.03326494629977643,-0.03355704970796014,-0.03355704970796009
2024-10-01,0.0,-4963423.013284999,4771619.0,-191804.01328499895,-191804.01328499895,0.0,4963423.013284999,4963423.013284999,-0.03864349517895617,0.003326131977027212,0.0034718439741667773,0.0034718439741667387
2024-10-04,0.0,-4963423.013284999,4639534.0,-323889.01328499895,-323889.01328499895,0.0,4963423.013284999,4963423.013284999,-0.06525517015537143,-0.026611674976415256,-0.027681380261081245,-0.027681380261081197
2024-10-07,0.0,-4963423.013284999,4672555.0,-290868.01328499895,-290868.01328499895,0.0,4963423.013284999,4963423.013284999,-0.05860230177973295,0.006652868375638478,0.0071173096263548175,0.007117309626354716
2024-10-08,0.0,-4963423.013284999,4523959.0,-439464.01328499895,-439464.01328499895,0.0,4963423.013284999,4963423.013284999,-0.0885405116808981,-0.029938209901165157,-0.03180187285114899,-0.03180187285114889
2024-10-09,0.0,-4963423.013284999,4705578.0,-257845.01328499895,-257845.01328499895,0.0,4963423.013284999,4963423.013284999,-0.05194903045637177,0.03659148122452634,0.040146031385341896,0.04014603138534191
2024-10-11,0.0,-4963423.013284999,4656043.0,-307380.01328499895,-307380.01328499895,0.0,4963423.013284999,4963423.013284999,-0.061929038178344206,-0.00998000772197244,-0.010526868325208882,-0.010526868325208933
2024-10-14,0.0,-4963423.013284999,4738599.0,-224824.01328499895,-224824.01328499895,0.0,4963423.013284999,4963423.013284999,-0.04529616208073329,0.016632876097610917,0.017730935904157308,0.017730935904157242
2024-10-15,0.0,-4963423.013284999,4788131.0,-175292.01328499895,-175292.01328499895,0.0,4963423.013284999,4963423.013284999,-0.0353167587803449,0.009979403300388386,0.010452878582889236,0.010452878582889163
2024-10-16,0.0,-4963423.013284999,4705578.0,-257845.01328499895,-257845.01328499895,0.0,4963423.013284999,4963423.013284999,-0.05194903045637177,-0.016632271676026864,-0.017241174061444875,-0.01724117406144485
2024-10-17,0.0,-4963423.013284999,4854174.0,-109249.01328499895,-109249.01328499895,0.0,4963423.013284999,4963423.013284999,-0.022010820555206603,0.029938209901165164,0.031578692351927895,0.03157869235192786
2024-10-18,0.0,-4963423.013284999,4771619.0,-191804.01328499895,-191804.01328499895,0.0,4963423.013284999,4963423.013284999,-0.03864349517895617,-0.016632674623749566,-0.017007012933611287,-0.017007012933611364
2024-10-21,0.0,-4963423.013284999,5002771.0,39347.986715001054,39347.986715001054,0.0,4963423.013284999,4963423.013284999,0.007927590819819915,0.04657108599877609,0.0484430965674334,0.048443096567433404
2024-10-22,0.0,-4963423.013284999,5399030.0,435606.98671500105,435606.98671500105,0.0,4963423.013284999,4963423.013284999,0.08776342164451108,0.07983583082469116,0.07920790298016844,0.07920790298016839
2024-10-23,0.0,-4963423.013284999,5531118.0,567694.986715001,567694.986715001,0.0,4963423.013284999,4963423.013284999,0.11437570104251038,0.026612279397999303,0.024465135403952232,0.02446513540395219
2024-10-24,0.0,-4963423.013284999,5332986.0,369562.98671500105,369562.98671500105,0.0,4963423.013284999,4963423.013284999,0.07445728194551142,-0.03991841909699896,-0.03582132943104821,-0.03582132943104812
2024-10-25,0.0,-4963423.013284999,5481583.0,518159.98671500105,518159.98671500105,0.0,4963423.013284999,4963423.013284999,0.10439569332053794,0.029938411375026522,0.02786375212685721,0.027863752126857263
2024-10-28,0.0,-4963423.013284999,5481583.0,518159.98671500105,518159.98671500105,0.0,4963423.013284999,4963423.013284999,0.10439569332053794,0.0,0.0,0.0
2024-10-29,0.0,-4963423.013284999,5399030.0,435606.98671500105,435606.98671500105,0.0,4963423.013284999,4963423.013284999,0.08776342164451108,-0.016632271676026864,-0.015060065678107915,-0.015060065678107947
2024-10-30,0.0,-4963423.013284999,5332986.0,369562.98671500105,369562.98671500105,0.0,4963423.013284999,4963423.013284999,0.07445728194551142,-0.013306139698999658,-0.012232567701976227,-0.012232567701976095
2024-11-01,0.0,-4963423.013284999,5481583.0,518159.98671500105,518159.98671500105,0.0,4963423.013284999,4963423.013284999,0.10439569332053794,0.029938411375026522,0.02786375212685721,0.027863752126857263
2024-11-04,0.0,-4963423.013284999,5399030.0,435606.98671500105,435606.98671500105,0.0,4963423.013284999,4963423.013284999,0.08776342164451108,-0.016632271676026864,-0.015060065678107915,-0.015060065678107947
2024-11-05,0.0,-4963423.013284999,5448562.0,485138.98671500105,485138.98671500105,0.0,4963423.013284999,4963423.013284999,0.09774282494489946,0.009979403300388379,0.009174240558026181,0.009174240558026164
2024-11-06,0.0,-4963423.013284999,5481583.0,518159.98671500105,518159.98671500105,0.0,4963423.013284999,4963423.013284999,0.10439569332053794,0.006652868375638485,0.00606049816446963,0.006060498164469818
2024-11-07,0.0,-4963423.013284999,5828310.0,864886.986715001,864886.986715001,0.0,4963423.013284999,4963423.013284999,0.1742521208448407,0.06985642752430277,0.06325307853589002,0.06325307853589009
2024-11-08,0.0,-4963423.013284999,5745758.0,782334.986715001,782334.986715001,0.0,4963423.013284999,4963423.013284999,0.1576200506426752,-0.016632070202165505,-0.014163968628984946,-0.014163968628985075
2024-11-11,0.0,-4963423.013284999,5630182.0,666758.986715001,666758.986715001,0.0,4963423.013284999,4963423.013284999,0.13433450764328717,-0.023285542999388037,-0.020115013545645377,-0.020115013545645325
2024-11-12,0.0,-4963423.013284999,5531118.0,567694.986715001,567694.986715001,0.0,4963423.013284999,4963423.013284999,0.11437570104251038,-0.019958806600776785,-0.01759516832670771,-0.017595168326707735
2024-11-13,0.0,-4963423.013284999,5597158.0,633734.986715001,633734.986715001,0.0,4963423.013284999,4963423.013284999,0.12768103484606463,0.013305333803554253,0.011939719962582585,0.01193971996258261
2024-11-14,0.0,-4963423.013284999,5481583.0,518159.98671500105,518159.98671500105,0.0,4963423.013284999,4963423.013284999,0.10439569332053794,-0.023285341525526693,-0.020648872159763965,-0.020648872159763937
2024-11-15,0.0,-4963423.013284999,5399030.0,435606.98671500105,435606.98671500105,0.0,4963423.013284999,4963423.013284999,0.08776342164451108,-0.016632271676026864,-0.015060065678107915,-0.015060065678107947
2024-11-18,0.0,-4963423.013284999,5250434.0,287010.98671500105,287010.98671500105,0.0,4963423.013284999,4963423.013284999,0.05782521174334591,-0.02993820990116517,-0.027522721674078432,-0.02752272167407849
2024-11-19,0.0,-4963423.013284999,5266943.0,303519.98671500105,303519.98671500105,0.0,4963423.013284999,4963423.013284999,0.06115134372037312,0.003326131977027212,0.0031443114988209953,0.0031443114988208595
2024-11-20,0.0,-4963423.013284999,5200902.0,237478.98671500105,237478.98671500105,0.0,4963423.013284999,4963423.013284999,0.04784580844295752,-0.013305535277415598,-0.01253877249098767,-0.012538772490987657
2024-11-21,0.0,-4963423.013284999,5299966.0,336542.98671500105,336542.98671500105,0.0,4963423.013284999,4963423.013284999,0.06780461504373429,0.01995880660077677,0.01904746522814693,0.019047465228146963
2024-11-22,0.0,-4963423.013284999,5316475.0,353051.98671500105,353051.98671500105,0.0,4963423.013284999,4963423.013284999,0.07113074702076151,0.003326131977027219,0.003114925642919264,0.003114925642919219
2024-11-25,0.0,-4963423.013284999,5250434.0,287010.98671500105,287010.98671500105,0.0,4963423.013284999,4963423.013284999,0.05782521174334591,-0.013305535277415605,-0.012421952515529577,-0.012421952515529557
2024-11-26,0.0,-4963423.013284999,5233922.0,270498.98671500105,270498.98671500105,0.0,4963423.013284999,4963423.013284999,0.05449847534473465,-0.003326736398611259,-0.0031448828801582396,-0.0031448828801580973
2024-11-27,0.0,-4963423.013284999,4953239.0,-10184.013284998946,-10184.013284998946,0.0,4963423.013284999,4963423.013284999,-0.0020518124805684744,-0.05655028782530312,-0.053627662009483545,-0.05362766200948352
2024-11-28,0.0,-4963423.013284999,4854174.0,-109249.01328499895,-109249.01328499895,0.0,4963423.013284999,4963423.013284999,-0.022010820555206603,-0.01995900807463813,-0.0200000444153815,-0.020000044415381533
2024-11-29,0.0,-4963423.013284999,4920218.0,-43205.013284998946,-43205.013284998946,0.0,4963423.013284999,4963423.013284999,-0.00870468085620695,0.013306139698999653,0.013605610346889119,0.01360561034688909
2024-12-02,0.0,-4963423.013284999,4903706.0,-59717.013284998946,-59717.013284998946,0.0,4963423.013284999,4963423.013284999,-0.012031417254818213,-0.0033267363986112623,-0.003355948862428515,-0.0033559488624284534
2024-12-03,0.0,-4963423.013284999,4920218.0,-43205.013284998946,-43205.013284998946,0.0,4963423.013284999,4963423.013284999,-0.00870468085620695,0.0033267363986112623,0.0033672491784786374,0.0033672491784784812
2024-12-04,0.0,-4963423.013284999,4953239.0,-10184.013284998946,-10184.013284998946,0.0,4963423.013284999,4963423.013284999,-0.0020518124805684744,0.006652868375638476,0.006711287995775805,0.006711287995775797
2024-12-05,0.0,-4963423.013284999,5068814.0,105390.98671500105,105390.98671500105,0.0,4963423.013284999,4963423.013284999,0.021233529044958215,0.02328534152552669,0.02333321691119683,0.023333216911196896
2024-12-06,0.0,-4963423.013284999,5002771.0,39347.986715001054,39347.986715001054,0.0,4963423.013284999,4963423.013284999,0.007927590819819915,-0.0133059382251383,-0.013029280616727923,-0.013029280616728095
2024-12-09,0.0,-4963423.013284999,4903706.0,-59717.013284998946,-59717.013284998946,0.0,4963423.013284999,4963423.013284999,-0.012031417254818213,-0.01995900807463813,-0.01980202571734757,-0.019802025717347446
2024-12-10,0.0,-4963423.013284999,4887195.0,-76228.01328499895,-76228.01328499895,0.0,4963423.013284999,4963423.013284999,-0.015357952179568125,-0.003326534924749913,-0.0033670452510814464,-0.0033670452510815288
2024-12-11,0.0,-4963423.013284999,4887195.0,-76228.01328499895,-76228.01328499895,0.0,4963423.013284999,4963423.013284999,-0.015357952179568125,0.0,0.0,0.0
2024-12-12,0.0,-4963423.013284999,4854174.0,-109249.01328499895,-109249.01328499895,0.0,4963423.013284999,4963423.013284999,-0.022010820555206603,-0.006652868375638478,-0.00675663647552438,-0.006756636475524304
2024-12-13,0.0,-4963423.013284999,4672555.0,-290868.01328499895,-290868.01328499895,0.0,4963423.013284999,4963423.013284999,-0.05860230177973295,-0.036591481224526344,-0.03741501643739997,-0.03741501643740006
2024-12-16,0.0,-4963423.013284999,4540470.0,-422953.01328499895,-422953.01328499895,0.0,4963423.013284999,4963423.013284999,-0.0852139767561482,-0.02661167497641525,-0.02826826008468597,-0.028268260084686
2024-12-17,0.0,-4963423.013284999,4672555.0,-290868.01328499895,-290868.01328499895,0.0,4963423.013284999,4963423.013284999,-0.05860230177973295,0.02661167497641525,0.029090600752785578,0.029090600752785505
2024-12-18,0.0,-4963423.013284999,4722087.0,-241336.01328499895,-241336.01328499895,0.0,4963423.013284999,4963423.013284999,-0.048622898479344555,0.009979403300388393,0.01060062428371622,0.010600624283716296
2024-12-19,0.0,-4963423.013284999,4672555.0,-290868.01328499895,-290868.01328499895,0.0,4963423.013284999,4963423.013284999,-0.05860230177973295,-0.009979403300388393,-0.0104894297796716,-0.010489429779671574
2024-12-20,0.0,-4963423.013284999,4656043.0,-307380.01328499895,-307380.01328499895,0.0,4963423.013284999,4963423.013284999,-0.061929038178344206,-0.003326736398611259,-0.0035338267821352076,-0.0035338267821352558
2024-12-23,0.0,-4963423.013284999,4804642.0,-158781.01328499895,-158781.01328499895,0.0,4963423.013284999,4963423.013284999,-0.03199022385559499,0.029938814322749217,0.031915298033115214,0.03191529803311524
2024-12-24,0.0,-4963423.013284999,4804642.0,-158781.01328499895,-158781.01328499895,0.0,4963423.013284999,4963423.013284999,-0.03199022385559499,0.0,0.0,0.0
2024-12-25,0.0,-4963423.013284999,4788131.0,-175292.01328499895,-175292.01328499895,0.0,4963423.013284999,4963423.013284999,-0.0353167587803449,-0.0033265349247499146,-0.0034364683154332054,-0.003436468315433283
2024-12-26,0.0,-4963423.013284999,4804642.0,-158781.01328499895,-158781.01328499895,0.0,4963423.013284999,4963423.013284999,-0.03199022385559499,0.0033265349247499146,0.003448318352192059,0.0034483183521921185
2024-12-27,0.0,-4963423.013284999,4788131.0,-175292.01328499895,-175292.01328499895,0.0,4963423.013284999,4963423.013284999,-0.0353167587803449,-0.0033265349247499146,-0.0034364683154332054,-0.003436468315433283
2024-12-30,0.0,-4963423.013284999,4672555.0,-290868.01328499895,-290868.01328499895,0.0,4963423.013284999,4963423.013284999,-0.05860230177973295,-0.023285542999388044,-0.024138019615586925,-0.02413801961558696
2024-12-31,0.0,-4963423.013284999,4656043.0,-307380.01328499895,-307380.01328499895,0.0,4963423.013284999,4963423.013284999,-0.061929038178344206,-0.003326736398611259,-0.0035338267821352076,-0.0035338267821352558
2025-01-02,0.0,-4963423.013284999,4854174.0,-109249.01328499895,-109249.01328499895,0.0,4963423.013284999,4963423.013284999,-0.022010820555206603,0.0399182176231376,0.042553515936171404,0.04255351593617155
2025-01-03,0.0,-4963423.013284999,4936727.0,-26696.013284998946,-26696.013284998946,0.0,4963423.013284999,4963423.013284999,-0.005378548879179737,0.016632271676026867,0.017006600917066406,0.017006600917066426
2025-01-06,0.0,-4963423.013284999,5002771.0,39347.986715001054,39347.986715001054,0.0,4963423.013284999,4963423.013284999,0.007927590819819915,0.013306139698999651,0.01337809443382243,0.013378094433822247
2025-01-07,0.0,-4963423.013284999,5085326.0,121902.98671500105,121902.98671500105,0.0,4963423.013284999,4963423.013284999,0.024560265443569478,0.016632674623749562,0.016501854672140714,0.0165018546721407
2025-01-08,0.0,-4963423.013284999,5052303.0,88879.98671500105,88879.98671500105,0.0,4963423.013284999,4963423.013284999,0.017906994120208304,-0.0066532713233611734,-0.006493782306188356,-0.006493782306188433
2025-01-09,0.0,-4963423.013284999,4804642.0,-158781.01328499895,-158781.01328499895,0.0,4963423.013284999,4963423.013284999,-0.03199022385559499,-0.04989721797580329,-0.04901942737797005,-0.04901942737797001
2025-01-10,0.0,-4963423.013284999,4788131.0,-175292.01328499895,-175292.01328499895,0.0,4963423.013284999,4963423.013284999,-0.0353167587803449,-0.0033265349247499146,-0.0034364683154332054,-0.003436468315433283
2025-01-13,0.0,-4963423.013284999,4623023.0,-340400.01328499895,-340400.01328499895,0.0,4963423.013284999,4963423.013284999,-0.06858170508012133,-0.03326494629977643,-0.03448276582240539,-0.03448276582240544
2025-01-14,0.0,-4963423.013284999,4639534.0,-323889.01328499895,-323889.01328499895,0.0,4963423.013284999,4963423.013284999,-0.06525517015537143,0.0033265349247499076,0.003571472605695458,0.003571472605695451
2025-01-15,0.0,-4963423.013284999,4573491.0,-389932.01328499895,-389932.01328499895,0.0,4963423.013284999,4963423.013284999,-0.07856110838050973,-0.0133059382251383,-0.014234834791597706,-0.014234834791597605
2025-01-16,0.0,-4963423.013284999,4689066.0,-274357.01328499895,-274357.01328499895,0.0,4963423.013284999,4963423.013284999,-0.05527576685498303,0.023285341525526693,0.025270630247222536,0.025270630247222526
2025-01-17,0.0,-4963423.013284999,4689066.0,-274357.01328499895,-274357.01328499895,0.0,4963423.013284999,4963423.013284999,-0.05527576685498303,0.0,0.0,0.0
2025-01-20,0.0,-4963423.013284999,4656043.0,-307380.01328499895,-307380.01328499895,0.0,4963423.013284999,4963423.013284999,-0.061929038178344206,-0.0066532713233611734,-0.007042553890262981,-0.007042553890263007
2025-01-21,0.0,-4963423.013284999,4606511.0,-356912.01328499895,-356912.01328499895,0.0,4963423.013284999,4963423.013284999,-0.0719084414787326,-0.009979403300388393,-0.010638217903056302,-0.010638217903056307
2025-01-22,0.0,-4963423.013284999,4590002.0,-373421.01328499895,-373421.01328499895,0.0,4963423.013284999,4963423.013284999,-0.0752345734557598,-0.003326131977027205,-0.0035838403511898598,-0.00358384035118987
2025-02-03,0.0,-4963423.013284999,4177231.0,-786192.013284999,-786192.013284999,0.0,4963423.013284999,4963423.013284999,-0.15839714067906224,-0.08316256722330244,-0.08992828325565005,-0.08992828325565
2025-02-04,0.0,-4963423.013284999,4012123.0,-951300.013284999,-951300.013284999,0.0,4963423.013284999,4963423.013284999,-0.19166208697883866,-0.033264946299776416,-0.039525704946649975,-0.039525704946650066
2025-02-05,0.0,-4963423.013284999,4061655.0,-901768.013284999,-901768.013284999,0.0,4963423.013284999,4963423.013284999,-0.18168268367845028,0.009979403300388379,0.012345583622436207,0.0123455836224363
2025-02-06,0.0,-4963423.013284999,4078167.0,-885256.013284999,-885256.013284999,0.0,4963423.013284999,4963423.013284999,-0.178355947279839,0.0033267363986112797,0.004065337897975141,0.004065337897975086
2025-02-07,0.0,-4963423.013284999,4127699.0,-835724.013284999,-835724.013284999,0.0,4963423.013284999,4963423.013284999,-0.16837654397945062,0.009979403300388379,0.012145652691515574,0.012145652691515576
2025-02-10,0.0,-4963423.013284999,4078167.0,-885256.013284999,-885256.013284999,0.0,4963423.013284999,4963423.013284999,-0.178355947279839,-0.009979403300388379,-0.011999906000897842,-0.011999906000897837
2025-02-11,0.0,-4963423.013284999,4111187.0,-852236.013284999,-852236.013284999,0.0,4963423.013284999,4963423.013284999,-0.17170328037806187,0.006652666901777127,0.008096774850073762,0.008096774850073575
2025-02-12,0.0,-4963423.013284999,4028635.0,-934788.013284999,-934788.013284999,0.0,4963423.013284999,4963423.013284999,-0.1883353505802274,-0.016632070202165533,-0.020079845553121367,-0.020079845553121277
2025-02-13,0.0,-4963423.013284999,4226763.0,-736660.013284999,-736660.013284999,0.0,4963423.013284999,4963423.013284999,-0.14841773737867384,0.03991761320155357,0.04917993315353719,0.049179933153537116
2025-02-14,0.0,-4963423.013284999,4177231.0,-786192.013284999,-786192.013284999,0.0,4963423.013284999,4963423.013284999,-0.15839714067906224,-0.009979403300388406,-0.011718660355454213,-0.011718660355454043
2025-02-17,0.0,-4963423.013284999,4127699.0,-835724.013284999,-835724.013284999,0.0,4963423.013284999,4963423.013284999,-0.16837654397945062,-0.009979403300388379,-0.011857615726781678,-0.011857615726781689
2025-02-18,0.0,-4963423.013284999,4226763.0,-736660.013284999,-736660.013284999,0.0,4963423.013284999,4963423.013284999,-0.14841773737867384,0.019958806600776785,0.023999812001795684,0.023999812001795674
2025-02-19,0.0,-4963423.013284999,4292807.0,-670616.013284999,-670616.013284999,0.0,4963423.013284999,4963423.013284999,-0.13511159767967418,0.013306139698999658,0.015625195924162227,0.015625195924162297
2025-02-20,0.0,-4963423.013284999,4210254.0,-753169.013284999,-753169.013284999,0.0,4963423.013284999,4963423.013284999,-0.15174386935570106,-0.016632271676026877,-0.019230540762722348,-0.019230540762722386
2025-02-21,0.0,-4963423.013284999,4342339.0,-621084.013284999,-621084.013284999,0.0,4963423.013284999,4963423.013284999,-0.1251321943792858,0.026611674976415256,0.03137221649810207,0.03137221649810201
2025-02-24,0.0,-4963423.013284999,4309319.0,-654104.013284999,-654104.013284999,0.0,4963423.013284999,4963423.013284999,-0.13178486128106293,-0.006652666901777127,-0.007604196724392054,-0.007604196724392084
2025-02-25,0.0,-4963423.013284999,4276295.0,-687128.013284999,-687128.013284999,0.0,4963423.013284999,4963423.013284999,-0.13843833407828546,-0.006653472797222532,-0.007663391825947441,-0.007663391825947441
2025-02-26,0.0,-4963423.013284999,4144211.0,-819212.013284999,-819212.013284999,0.0,4963423.013284999,4963423.013284999,-0.16504980758083937,-0.026611473502553912,-0.030887485545314286,-0.030887485545314345
2025-02-27,0.0,-4963423.013284999,3896547.0,-1066876.013284999,-1066876.013284999,0.0,4963423.013284999,4963423.013284999,-0.2149476299782267,-0.049897822397387326,-0.05976143589213967,-0.05976143589213966
2025-03-03,0.0,-4963423.013284999,3764463.0,-1198960.013284999,-1198960.013284999,0.0,4963423.013284999,4963423.013284999,-0.2415591034807806,-0.026611473502553912,-0.033897704814031426,-0.0338977048140315
2025-03-04,0.0,-4963423.013284999,3747951.0,-1215472.013284999,-1215472.013284999,0.0,4963423.013284999,4963423.013284999,-0.24488583987939186,-0.003326736398611252,-0.00438628298378807,-0.004386282983788126
2025-03-05,0.0,-4963423.013284999,3830503.0,-1132920.013284999,-1132920.013284999,0.0,4963423.013284999,4963423.013284999,-0.22825376967722635,0.016632070202165505,0.022025901619311394,0.022025901619311457
2025-03-06,0.0,-4963423.013284999,3747951.0,-1215472.013284999,-1215472.013284999,0.0,4963423.013284999,4963423.013284999,-0.24488583987939186,-0.016632070202165505,-0.021551216641783055,-0.021551216641783076
2025-03-07,0.0,-4963423.013284999,3698419.0,-1265004.013284999,-1265004.013284999,0.0,4963423.013284999,4963423.013284999,-0.25486524317978027,-0.009979403300388406,-0.013215754421549208,-0.013215754421549267
2025-03-10,0.0,-4963423.013284999,3731439.0,-1231984.013284999,-1231984.013284999,0.0,4963423.013284999,4963423.013284999,-0.24821257627800314,0.006652666901777127,0.008928139294114512,0.008928139294114594
2025-03-11,0.0,-4963423.013284999,3615863.0,-1347560.013284999,-1347560.013284999,0.0,4963423.013284999,4963423.013284999,-0.27149811927739115,-0.02328554299938801,-0.030973573465893245,-0.030973573465893453
2025-03-12,0.0,-4963423.013284999,3698419.0,-1265004.013284999,-1265004.013284999,0.0,4963423.013284999,4963423.013284999,-0.25486524317978027,0.016632876097610882,0.022831617237710544,0.02283161723771061
2025-03-13,0.0,-4963423.013284999,3549823.0,-1413600.013284999,-1413600.013284999,0.0,4963423.013284999,4963423.013284999,-0.2848034530809454,-0.029938209901165136,-0.040178249138348,-0.040178249138348034
2025-03-14,0.0,-4963423.013284999,3500287.0,-1463136.013284999,-1463136.013284999,0.0,4963423.013284999,4963423.013284999,-0.2947836622767792,-0.009980209195833811,-0.013954498576407959,-0.013954498576407895
2025-03-17,0.0,-4963423.013284999,3549823.0,-1413600.013284999,-1413600.013284999,0.0,4963423.013284999,4963423.013284999,-0.2848034530809454,0.009980209195833811,0.014151982394586593,0.014151982394586501
2025-03-18,0.0,-4963423.013284999,3566331.0,-1397092.013284999,-1397092.013284999,0.0,4963423.013284999,4963423.013284999,-0.2814775225777796,0.0033259305031658193,0.0046503727087237046,0.004650372708723787
2025-03-19,0.0,-4963423.013284999,3450755.0,-1512668.013284999,-1512668.013284999,0.0,4963423.013284999,4963423.013284999,-0.3047630655771676,-0.02328554299938801,-0.032407535924175224,-0.03240753592417529
2025-03-20,0.0,-4963423.013284999,3615863.0,-1347560.013284999,-1347560.013284999,0.0,4963423.013284999,4963423.013284999,-0.27149811927739115,0.03326494629977644,0.047846920456537934,0.047846920456537774
2025-03-21,0.0,-4963423.013284999,3632375.0,-1331048.013284999,-1331048.013284999,0.0,4963423.013284999,4963423.013284999,-0.2681713828787799,0.003326736398611252,0.0045665446948623956,0.00456654469486261
2025-03-24,0.0,-4963423.013284999,3516799.0,-1446624.013284999,-1446624.013284999,0.0,4963423.013284999,4963423.013284999,-0.29145692587816796,-0.023285542999388065,-0.031818300698578716,-0.03181830069857875
2025-03-25,0.0,-4963423.013284999,3500287.0,-1463136.013284999,-1463136.013284999,0.0,4963423.013284999,4963423.013284999,-0.2947836622767792,-0.003326736398611252,-0.004695178769102193,-0.004695178769102243
2025-03-26,0.0,-4963423.013284999,3533311.0,-1430112.013284999,-1430112.013284999,0.0,4963423.013284999,4963423.013284999,-0.2881301894795567,0.006653472797222504,0.009434654929724395,0.009434654929724335
2025-03-27,0.0,-4963423.013284999,3450755.0,-1512668.013284999,-1512668.013284999,0.0,4963423.013284999,4963423.013284999,-0.3047630655771676,-0.016632876097610882,-0.02336505334514849,-0.023365053345148504
2025-03-28,0.0,-4963423.013284999,3269139.0,-1694284.013284999,-1694284.013284999,0.0,4963423.013284999,4963423.013284999,-0.3413539423801099,-0.03659087680294232,-0.05263080108555962,-0.052630801085559537
2025-03-31,0.0,-4963423.013284999,3054499.0,-1908924.013284999,-1908924.013284999,0.0,4963423.013284999,4963423.013284999,-0.38459829198027473,-0.04324434960016482,-0.0656564312499407,-0.06565643124994074
2025-04-01,0.0,-4963423.013284999,3150259.0,-1813164.013284999,-1813164.013284999,0.0,4963423.013284999,4963423.013284999,-0.36530515501739835,0.019293136962876378,0.031350476788501114,0.031350476788501155
2025-04-02,0.0,-4963423.013284999,3183283.0,-1780140.013284999,-1780140.013284999,0.0,4963423.013284999,4963423.013284999,-0.3586516822201758,0.006653472797222559,0.010482947592563185,0.010482947592563024
2025-04-07,0.0,-4963423.013284999,2866275.0,-2097148.013284999,-2097148.013284999,0.0,4963423.013284999,4963423.013284999,-0.4225205080590178,-0.06386882583884201,-0.0995852395153054,-0.09958523951530543
2025-04-08,0.0,-4963423.013284999,2582287.0,-2381136.013284999,-2381136.013284999,0.0,4963423.013284999,4963423.013284999,-0.4797366669960827,-0.05721615893706489,-0.09907911836791672,-0.09907911836791655
2025-04-09,0.0,-4963423.013284999,2324719.0,-2638704.013284999,-2638704.013284999,0.0,4963423.013284999,4963423.013284999,-0.5316298865162805,-0.05189321952019782,-0.0997441415303566,-0.09974414153035661
2025-04-10,0.0,-4963423.013284999,2555871.0,-2407552.013284999,-2407552.013284999,0.0,4963423.013284999,4963423.013284999,-0.4850588005175044,0.04657108599877613,0.0994322324547614,0.0994322324547612
2025-04-11,0.0,-4963423.013284999,2585591.0,-2377832.013284999,-2377832.013284999,0.0,4963423.013284999,4963423.013284999,-0.4790709973581823,0.005987803159322069,0.011628129901704476,0.011628129901704741
2025-04-14,0.0,-4963423.013284999,2796927.0,-2166496.013284999,-2166496.013284999,0.0,4963423.013284999,4963423.013284999,-0.4364923173959179,0.04257867996226444,0.08173605183495791,0.08173605183495766
2025-04-15,0.0,-4963423.013284999,2932319.0,-2031104.013284999,-2031104.013284999,0.0,4963423.013284999,4963423.013284999,-0.4092143683600182,0.027277949035899696,0.048407412849888365,0.04840741284988847
2025-04-16,0.0,-4963423.013284999,2813439.0,-2149984.013284999,-2149984.013284999,0.0,4963423.013284999,4963423.013284999,-0.4331655809973066,-0.023951212637288444,-0.040541291721671424,-0.04054129172167148
2025-04-17,0.0,-4963423.013284999,2796927.0,-2166496.013284999,-2166496.013284999,0.0,4963423.013284999,4963423.013284999,-0.4364923173959179,-0.003326736398611252,-0.005868973878587758,-0.005868973878587735
2025-04-18,0.0,-4963423.013284999,2813439.0,-2149984.013284999,-2149984.013284999,0.0,4963423.013284999,4963423.013284999,-0.4331655809973066,0.003326736398611252,0.005903622082378268,0.005903622082378267
2025-04-21,0.0,-4963423.013284999,2681351.0,-2282072.013284999,-2282072.013284999,0.0,4963423.013284999,4963423.013284999,-0.45977786039530594,-0.026612279397999317,-0.04694894753360579,-0.04694894753360567
2025-04-22,0.0,-4963423.013284999,2674747.0,-2288676.013284999,-2288676.013284999,0.0,4963423.013284999,4963423.013284999,-0.4611083937756614,-0.0013305333803554364,-0.0024629375266422837,-0.002462937526642353
2025-04-23,0.0,-4963423.013284999,2932319.0,-2031104.013284999,-2031104.013284999,0.0,4963423.013284999,4963423.013284999,-0.4092143683600182,0.0518940254156432,0.09629770591386766,0.09629770591386774
2025-04-24,0.0,-4963423.013284999,2856367.0,-2107056.013284999,-2107056.013284999,0.0,4963423.013284999,4963423.013284999,-0.4245167110772737,-0.015302342717255502,-0.025901683957304633,-0.025901683957304782
2025-04-25,0.0,-4963423.013284999,3057799.0,-1905624.013284999,-1905624.013284999,0.0,4963423.013284999,4963423.013284999,-0.3839334282378197,0.040583282839454005,0.07052034980098831,0.07052034980098845
2025-04-28,0.0,-4963423.013284999,3146959.0,-1816464.013284999,-1816464.013284999,0.0,4963423.013284999,4963423.013284999,-0.36597001875985335,0.01796340947796632,0.029158227862590147,0.029158227862590053
2025-04-29,0.0,-4963423.013284999,3170071.0,-1793352.013284999,-1793352.013284999,0.0,4963423.013284999,4963423.013284999,-0.36131355487633204,0.004656463883521311,0.007344232956324026,0.007344232956323867
2025-04-30,0.0,-4963423.013284999,3100727.0,-1862696.013284999,-1862696.013284999,0.0,4963423.013284999,4963423.013284999,-0.37528455831778673,-0.013971003441454688,-0.02187458892876548,-0.02187458892876532
2025-05-02,0.0,-4963423.013284999,3123840.0,-1839583.013284999,-1839583.013284999,0.0,4963423.013284999,4963423.013284999,-0.3706278929604041,0.004656665357382628,0.007454058354702031,0.007454058354701978
2025-05-05,0.0,-4963423.013284999,3054495.0,-1908928.013284999,-1908928.013284999,0.0,4963423.013284999,4963423.013284999,-0.3845990978757201,-0.013971204915316005,-0.022198640135218217,-0.022198640135218193
2025-05-06,0.0,-4963423.013284999,3047891.0,-1915532.013284999,-1915532.013284999,0.0,4963423.013284999,4963423.013284999,-0.38592963125607554,-0.0013305333803554364,-0.0021620595221142347,-0.00216205952211413
2025-05-07,0.0,-4963423.013284999,3001660.0,-1961763.013284999,-1961763.013284999,0.0,4963423.013284999,4963423.013284999,-0.39524396934014755,-0.009314338084072005,-0.015168193350746262,-0.015168193350746467
2025-05-08,0.0,-4963423.013284999,3057799.0,-1905624.013284999,-1905624.013284999,0.0,4963423.013284999,4963423.013284999,-0.3839334282378197,0.011310541102327876,0.018702651199669296,0.018702651199669518
2025-05-09,0.0,-4963423.013284999,3100727.0,-1862696.013284999,-1862696.013284999,0.0,4963423.013284999,4963423.013284999,-0.37528455831778673,0.008648869920032942,0.014038856052997595,0.014038856052997596
2025-05-12,0.0,-4963423.013284999,3335179.0,-1628244.013284999,-1628244.013284999,0.0,4963423.013284999,4963423.013284999,-0.32804860857655566,0.047235949741231076,0.0756119451986581,0.07561194519865826
2025-05-13,0.0,-4963423.013284999,3295552.0,-1667871.013284999,-1667871.013284999,0.0,4963423.013284999,4963423.013284999,-0.3360324132802722,-0.007983804703716568,-0.011881521201710488,-0.011881521201710613
2025-05-14,0.0,-4963423.013284999,3384711.0,-1578712.013284999,-1578712.013284999,0.0,4963423.013284999,4963423.013284999,-0.3180692052761673,0.017963208004104947,0.02705434476530777,0.027054344765307905
2025-05-15,0.0,-4963423.013284999,3335179.0,-1628244.013284999,-1628244.013284999,0.0,4963423.013284999,4963423.013284999,-0.32804860857655566,-0.009979403300388379,-0.01463404113379252,-0.014634041133792516
2025-05-16,0.0,-4963423.013284999,3368199.0,-1595224.013284999,-1595224.013284999,0.0,4963423.013284999,4963423.013284999,-0.32139594167477853,0.006652666901777127,0.009900518083137522,0.009900518083137367
2025-05-19,0.0,-4963423.013284999,3269135.0,-1694288.013284999,-1694288.013284999,0.0,4963423.013284999,4963423.013284999,-0.3413547482755553,-0.019958806600776757,-0.02941156386543664,-0.029411563865436693
2025-05-20,0.0,-4963423.013284999,3318667.0,-1644756.013284999,-1644756.013284999,0.0,4963423.013284999,4963423.013284999,-0.3313753449751669,0.009979403300388379,0.015151408553027101,0.015151408553027023
2025-05-21,0.0,-4963423.013284999,3384711.0,-1578712.013284999,-1578712.013284999,0.0,4963423.013284999,4963423.013284999,-0.3180692052761673,0.01330613969899963,0.01990076135990715,0.019900761359907457
2025-05-22,0.0,-4963423.013284999,3368199.0,-1595224.013284999,-1595224.013284999,0.0,4963423.013284999,4963423.013284999,-0.32139594167477853,-0.003326736398611252,-0.004878407639529514,-0.004878407639529638
2025-05-23,0.0,-4963423.013284999,3500287.0,-1463136.013284999,-1463136.013284999,0.0,4963423.013284999,4963423.013284999,-0.2947836622767792,0.026612279397999317,0.039216210206107105,0.03921621020610718
2025-05-26,0.0,-4963423.013284999,3434243.0,-1529180.013284999,-1529180.013284999,0.0,4963423.013284999,4963423.013284999,-0.30808980197577884,-0.01330613969899963,-0.018868167096012356,-0.01886816709601241
2025-05-27,0.0,-4963423.013284999,3648883.0,-1314540.013284999,-1314540.013284999,0.0,4963423.013284999,4963423.013284999,-0.264845452375614,0.04324434960016482,0.062499945402815005,0.062499945402815116
2025-05-28,0.0,-4963423.013284999,3615863.0,-1347560.013284999,-1347560.013284999,0.0,4963423.013284999,4963423.013284999,-0.27149811927739115,-0.006652666901777127,-0.009049344689867955,-0.009049344689868104
2025-05-29,0.0,-4963423.013284999,3500287.0,-1463136.013284999,-1463136.013284999,0.0,4963423.013284999,4963423.013284999,-0.2947836622767792,-0.023285542999388065,-0.03196360039083346,-0.03196360039083339
2025-06-02,0.0,-4963423.013284999,3335179.0,-1628244.013284999,-1628244.013284999,0.0,4963423.013284999,4963423.013284999,-0.32804860857655566,-0.03326494629977644,-0.047169846358313006,-0.0471698463583129
2025-06-03,0.0,-4963423.013284999,3368199.0,-1595224.013284999,-1595224.013284999,0.0,4963423.013284999,4963423.013284999,-0.32139594167477853,0.006652666901777127,0.009900518083137522,0.009900518083137367
2025-06-04,0.0,-4963423.013284999,3401223.0,-1562200.013284999,-1562200.013284999,0.0,4963423.013284999,4963423.013284999,-0.31474246887755597,0.006653472797222559,0.009804646340670464,0.009804646340670489
2025-06-05,0.0,-4963423.013284999,3401223.0,-1562200.013284999,-1562200.013284999,0.0,4963423.013284999,4963423.013284999,-0.31474246887755597,0.0,0.0,0.0
2025-06-06,0.0,-4963423.013284999,3401223.0,-1562200.013284999,-1562200.013284999,0.0,4963423.013284999,4963423.013284999,-0.31474246887755597,0.0,0.0,0.0
2025-06-09,0.0,-4963423.013284999,3302156.0,-1661267.013284999,-1661267.013284999,0.0,4963423.013284999,4963423.013284999,-0.33470187989991684,-0.019959411022360873,-0.02912687583260498,-0.02912687583260492
2025-06-10,0.0,-4963423.013284999,3533307.0,-1430116.013284999,-1430116.013284999,0.0,4963423.013284999,4963423.013284999,-0.2881309953750021,0.04657088452491476,0.07000002422659635,0.0700000242265962
2025-06-11,0.0,-4963423.013284999,3599351.0,-1364072.013284999,-1364072.013284999,0.0,4963423.013284999,4963423.013284999,-0.27482485567600246,0.01330613969899963,0.018691837420297785,0.018691837420297754
2025-06-12,0.0,-4963423.013284999,3533307.0,-1430116.013284999,-1430116.013284999,0.0,4963423.013284999,4963423.013284999,-0.2881309953750021,-0.01330613969899963,-0.01834886344788267,-0.01834886344788269
2025-06-13,0.0,-4963423.013284999,3384711.0,-1578712.013284999,-1578712.013284999,0.0,4963423.013284999,4963423.013284999,-0.3180692052761673,-0.02993820990116519,-0.04205578513273833,-0.042055785132738256
2025-06-16,0.0,-4963423.013284999,3401223.0,-1562200.013284999,-1562200.013284999,0.0,4963423.013284999,4963423.013284999,-0.31474246887755597,0.0033267363986113074,0.004878407639529847,0.004878407639529638
2025-06-17,0.0,-4963423.013284999,3351691.0,-1611732.013284999,-1611732.013284999,0.0,4963423.013284999,4963423.013284999,-0.3247218721779444,-0.009979403300388434,-0.014562996898468517,-0.01456299689846858
2025-06-18,0.0,-4963423.013284999,3417732.0,-1545691.013284999,-1545691.013284999,0.0,4963423.013284999,4963423.013284999,-0.3114163369005288,0.013305535277415625,0.019703785342980673,0.019703785342980604
2025-06-19,0.0,-4963423.013284999,3318667.0,-1644756.013284999,-1644756.013284999,0.0,4963423.013284999,4963423.013284999,-0.3313753449751669,-0.01995900807463813,-0.028985596296023264,-0.028985596296023212
2025-06-20,0.0,-4963423.013284999,3302156.0,-1661267.013284999,-1661267.013284999,0.0,4963423.013284999,4963423.013284999,-0.33470187989991684,-0.0033265349247499354,-0.004975190339976954,-0.004975190339976864
2025-06-23,0.0,-4963423.013284999,3632372.0,-1331051.013284999,-1331051.013284999,0.0,4963423.013284999,4963423.013284999,-0.26817198730036396,0.06652989259955289,0.10000012113298107,0.100000121132981
2025-06-24,0.0,-4963423.013284999,3681904.0,-1281519.013284999,-1281519.013284999,0.0,4963423.013284999,4963423.013284999,-0.2581925839999756,0.009979403300388379,0.013636268531967533,0.013636268531967541
2025-06-25,0.0,-4963423.013284999,3764459.0,-1198964.013284999,-1198964.013284999,0.0,4963423.013284999,4963423.013284999,-0.241559909376226,0.016632674623749566,0.02242182305676632,0.022421823056766283
2025-06-26,0.0,-4963423.013284999,3764459.0,-1198964.013284999,-1198964.013284999,0.0,4963423.013284999,4963423.013284999,-0.241559909376226,0.0,0.0,0.0
2025-06-27,0.0,-4963423.013284999,3731439.0,-1231984.013284999,-1231984.013284999,0.0,4963423.013284999,4963423.013284999,-0.24821257627800314,-0.006652666901777127,-0.008771512719357721,-0.00877151271935755
2025-06-30,0.0,-4963423.013284999,3764459.0,-1198964.013284999,-1198964.013284999,0.0,4963423.013284999,4963423.013284999,-0.241559909376226,0.006652666901777127,0.008849133002040377,0.008849133002040231
2025-07-01,0.0,-4963423.013284999,3698415.0,-1265008.013284999,-1265008.013284999,0.0,4963423.013284999,4963423.013284999,-0.25486604907522564,-0.01330613969899963,-0.017544088008396574,-0.017544088008396425
2025-07-02,0.0,-4963423.013284999,3698415.0,-1265008.013284999,-1265008.013284999,0.0,4963423.013284999,4963423.013284999,-0.25486604907522564,0.0,0.0,0.0
2025-07-03,0.0,-4963423.013284999,3863523.0,-1099900.013284999,-1099900.013284999,0.0,4963423.013284999,4963423.013284999,-0.22160110277544923,0.033264946299776416,0.0446429078402506,0.04464290784025048
2025-07-04,0.0,-4963423.013284999,3896547.0,-1066876.013284999,-1066876.013284999,0.0,4963423.013284999,4963423.013284999,-0.2149476299782267,0.006653472797222532,0.008547639033079424,0.008547639033079394
2025-07-07,0.0,-4963423.013284999,3797479.0,-1165944.013284999,-1165944.013284999,0.0,4963423.013284999,4963423.013284999,-0.23490724247444889,-0.01995961249622219,-0.025424561797920187,-0.025424561797920055
2025-07-08,0.0,-4963423.013284999,3830503.0,-1132920.013284999,-1132920.013284999,0.0,4963423.013284999,4963423.013284999,-0.22825376967722635,0.006653472797222532,0.008696295621384742,0.008696295621384608
2025-07-09,0.0,-4963423.013284999,4045143.0,-918280.013284999,-918280.013284999,0.0,4963423.013284999,4963423.013284999,-0.18500942007706153,0.04324434960016482,0.056034416367771955,0.056034416367772066
2025-07-10,0.0,-4963423.013284999,4195929.0,-767494.013284999,-767494.013284999,0.0,4963423.013284999,4963423.013284999,-0.15462998241953987,0.030379437657521657,0.037275814476768865,0.03727581447676881
2025-07-11,0.0,-4963423.013284999,4145781.0,-817642.013284999,-817642.013284999,0.0,4963423.013284999,4963423.013284999,-0.16473349361851986,-0.01010351119897998,-0.011951584500119017,-0.011951584500119045
2025-07-14,0.0,-4963423.013284999,4012045.0,-951378.013284999,-951378.013284999,0.0,4963423.013284999,4963423.013284999,-0.19167780194002396,-0.0269443083215041,-0.032258336848955516,-0.0322583368489556
2025-07-15,0.0,-4963423.013284999,4413250.0,-550173.013284999,-550173.013284999,0.0,4963423.013284999,4963423.013284999,-0.11084548139709569,0.08083232054292827,0.10000012462472374,0.1000001246247238
2025-07-16,0.0,-4963423.013284999,4530268.0,-433155.01328499895,-433155.01328499895,0.0,4963423.013284999,4963423.013284999,-0.08726941308964094,0.023576068307454748,0.02651515323174536,0.026515153231745314
2025-07-17,0.0,-4963423.013284999,4463402.0,-500021.01328499895,-500021.01328499895,0.0,4963423.013284999,4963423.013284999,-0.10074116430267029,-0.013471751213029348,-0.014759833193091487,-0.014759833193091446
2025-07-18,0.0,-4963423.013284999,4446683.0,-516740.01328499895,-516740.01328499895,0.0,4963423.013284999,4963423.013284999,-0.10410960579058101,-0.0033684414879107255,-0.00374579748810433,-0.0037457974881043654
2025-07-21,0.0,-4963423.013284999,4463402.0,-500021.01328499895,-500021.01328499895,0.0,4963423.013284999,4963423.013284999,-0.10074116430267029,0.0033684414879107255,0.003759881241815588,0.0037598812418155286
2025-07-22,0.0,-4963423.013284999,4296232.0,-667191.013284999,-667191.013284999,0.0,4963423.013284999,4963423.013284999,-0.13442154970455042,-0.033680385401880134,-0.037453493994043074,-0.03745349399404311
2025-07-23,0.0,-4963423.013284999,4396532.0,-566891.013284999,-566891.013284999,0.0,4963423.013284999,4963423.013284999,-0.11421372141114505,0.020207828293405367,0.0233460390407223,0.023346039040722195
2025-07-24,0.0,-4963423.013284999,4429965.0,-533458.013284999,-533458.013284999,0.0,4963423.013284999,4963423.013284999,-0.10747784580463036,0.006735875606514688,0.007604402742889205,0.007604402742889168
2025-07-25,0.0,-4963423.013284999,4379817.0,-583606.013284999,-583606.013284999,0.0,4963423.013284999,4963423.013284999,-0.11758135700361036,-0.010103511198979995,-0.01132017973053967,-0.011320179730539632
2025-07-28,0.0,-4963423.013284999,4446683.0,-516740.01328499895,-516740.01328499895,0.0,4963423.013284999,4963423.013284999,-0.10410960579058101,0.013471751213029348,0.015266847907115855,0.015266847907115754
2025-07-29,0.0,-4963423.013284999,4680719.0,-282704.01328499895,-282704.01328499895,0.0,4963423.013284999,4963423.013284999,-0.056957469175671516,0.047152136614909496,0.05263159078351198,0.052631590783512115
2025-07-30,0.0,-4963423.013284999,4747586.0,-215837.01328499895,-215837.01328499895,0.0,4963423.013284999,4963423.013284999,-0.04348551648878081,0.013471952686890706,0.014285625776723654,0.01428562577672362
2025-07-31,0.0,-4963423.013284999,4597134.0,-366289.01328499895,-366289.01328499895,0.0,4963423.013284999,4963423.013284999,-0.07379766187661158,-0.030312145387830766,-0.03169021056174659,-0.03169021056174654
2025-08-01,0.0,-4963423.013284999,4630568.0,-332855.01328499895,-332855.01328499895,0.0,4963423.013284999,4963423.013284999,-0.06706158479623556,0.006736077080376018,0.0072727921352737646,0.007272792135273847
2025-08-04,0.0,-4963423.013284999,4513550.0,-449873.01328499895,-449873.01328499895,0.0,4963423.013284999,4963423.013284999,-0.0906376531036903,-0.023576068307454748,-0.02527076591899735,-0.02527076591899741
2025-08-05,0.0,-4963423.013284999,4530268.0,-433155.01328499895,-433155.01328499895,0.0,4963423.013284999,4963423.013284999,-0.08726941308964094,0.0033682400140493673,0.0037039580817759266,0.0037039580817759855
2025-08-06,0.0,-4963423.013284999,4480117.0,-483306.01328499895,-483306.01328499895,0.0,4963423.013284999,4963423.013284999,-0.09737352871020498,-0.010104115620564041,-0.011070206001057792,-0.011070206001057774
2025-08-07,0.0,-4963423.013284999,4546983.0,-416440.01328499895,-416440.01328499895,0.0,4963423.013284999,4963423.013284999,-0.08390177749717562,0.013471751213029362,0.014925056644726098,0.01492505664472602
2025-08-08,0.0,-4963423.013284999,4580420.0,-383003.01328499895,-383003.01328499895,0.0,4963423.013284999,4963423.013284999,-0.07716509599521555,0.006736681501960065,0.007353667255848517,0.0073536672558485484
2025-08-11,0.0,-4963423.013284999,4764304.0,-199119.01328499895,-199119.01328499895,0.0,4963423.013284999,4963423.013284999,-0.04011727647473144,0.03704781952048411,0.04014566349810722,0.04014566349810716
2025-08-12,0.0,-4963423.013284999,4630568.0,-332855.01328499895,-332855.01328499895,0.0,4963423.013284999,4963423.013284999,-0.06706158479623556,-0.026944308321504115,-0.028070417001098247,-0.028070417001098167
2025-08-13,0.0,-4963423.013284999,4613853.0,-349570.01328499895,-349570.01328499895,0.0,4963423.013284999,4963423.013284999,-0.07042922038870086,-0.0033676355924653067,-0.003609708355432839,-0.003609708355432854
2025-08-14,0.0,-4963423.013284999,4613853.0,-349570.01328499895,-349570.01328499895,0.0,4963423.013284999,4963423.013284999,-0.07042922038870086,0.0,0.0,0.0
2025-08-15,0.0,-4963423.013284999,4530268.0,-433155.01328499895,-433155.01328499895,0.0,4963423.013284999,4963423.013284999,-0.08726941308964094,-0.016840192700940074,-0.018116095159511958,-0.018116095159512017
2025-08-18,0.0,-4963423.013284999,4747586.0,-215837.01328499895,-215837.01328499895,0.0,4963423.013284999,4963423.013284999,-0.04348551648878081,0.04378389660086013,0.04797023045877191,0.047970230458771974
2025-08-19,0.0,-4963423.013284999,4647286.0,-316137.01328499895,-316137.01328499895,0.0,4963423.013284999,4963423.013284999,-0.06369334478218619,-0.02020782829340538,-0.02112652619668176,-0.02112652619668185
2025-08-20,0.0,-4963423.013284999,4463402.0,-500021.01328499895,-500021.01328499895,0.0,4963423.013284999,4963423.013284999,-0.10074116430267029,-0.037047819520484096,-0.03956804035731831,-0.03956804035731823
2025-08-21,0.0,-4963423.013284999,4463402.0,-500021.01328499895,-500021.01328499895,0.0,4963423.013284999,4963423.013284999,-0.10074116430267029,0.0,0.0,0.0
2025-08-22,0.0,-4963423.013284999,4513550.0,-449873.01328499895,-449873.01328499895,0.0,4963423.013284999,4963423.013284999,-0.0906376531036903,0.01010351119897998,0.011235376065162894,0.01123537606516285
2025-08-25,0.0,-4963423.013284999,4680719.0,-282704.01328499895,-282704.01328499895,0.0,4963423.013284999,4963423.013284999,-0.056957469175671516,0.03368018392801879,0.03703714371171252,0.03703714371171251
2025-08-26,0.0,-4963423.013284999,4747586.0,-215837.01328499895,-215837.01328499895,0.0,4963423.013284999,4963423.013284999,-0.04348551648878081,0.013471952686890706,0.014285625776723654,0.01428562577672362
2025-08-27,0.0,-4963423.013284999,5081924.0,118500.98671500105,118500.98671500105,0.0,4963423.013284999,4963423.013284999,0.023874851367256766,0.06736036785603758,0.07042273694462842,0.07042273694462828
2025-08-28,0.0,-4963423.013284999,5015058.0,51634.986715001054,51634.986715001054,0.0,4963423.013284999,4963423.013284999,0.01040310015422741,-0.013471751213029355,-0.013157615107978748,-0.013157615107978788
2025-08-29,0.0,-4963423.013284999,4831170.0,-132253.01328499895,-132253.01328499895,0.0,4963423.013284999,4963423.013284999,-0.02664552526170209,-0.0370486254159295,-0.03666717314136747,-0.03666717314136746
2025-09-01,0.0,-4963423.013284999,4496835.0,-466588.01328499895,-466588.01328499895,0.0,4963423.013284999,4963423.013284999,-0.09400528869615561,-0.06735976343445352,-0.06920373325716134,-0.06920373325716131
2025-09-02,0.0,-4963423.013284999,4379817.0,-583606.013284999,-583606.013284999,0.0,4963423.013284999,4963423.013284999,-0.11758135700361036,-0.023576068307454748,-0.02602230235265468,-0.0260223023526547
2025-09-03,0.0,-4963423.013284999,4429965.0,-533458.013284999,-533458.013284999,0.0,4963423.013284999,4963423.013284999,-0.10747784580463036,0.010103511198979995,0.011449793450274415,0.011449793450274292
2025-09-04,0.0,-4963423.013284999,4463402.0,-500021.01328499895,-500021.01328499895,0.0,4963423.013284999,4963423.013284999,-0.10074116430267029,0.006736681501960079,0.007547915164115349,0.007547915164115292
2025-09-05,0.0,-4963423.013284999,4480117.0,-483306.01328499895,-483306.01328499895,0.0,4963423.013284999,4963423.013284999,-0.09737352871020498,0.0033676355924653067,0.003744901310704263,0.0037449013107042567
2025-09-08,0.0,-4963423.013284999,4463402.0,-500021.01328499895,-500021.01328499895,0.0,4963423.013284999,4963423.013284999,-0.10074116430267029,-0.0033676355924653067,-0.0037309293484969475,-0.0037309293484969253
2025-09-09,0.0,-4963423.013284999,4513550.0,-449873.01328499895,-449873.01328499895,0.0,4963423.013284999,4963423.013284999,-0.0906376531036903,0.01010351119897998,0.011235376065162894,0.01123537606516285
2025-09-10,0.0,-4963423.013284999,4730871.0,-232552.01328499895,-232552.01328499895,0.0,4963423.013284999,4963423.013284999,-0.04685315208124612,0.04378450102244418,0.0481485748468502,0.04814857484685004
2025-09-11,0.0,-4963423.013284999,4764304.0,-199119.01328499895,-199119.01328499895,0.0,4963423.013284999,4963423.013284999,-0.04011727647473144,0.006735875606514681,0.007066986184996349,0.007066986184996378
2025-09-12,0.0,-4963423.013284999,4831170.0,-132253.01328499895,-132253.01328499895,0.0,4963423.013284999,4963423.013284999,-0.02664552526170209,0.013471751213029352,0.014034788712055324,0.014034788712055319
2025-09-15,0.0,-4963423.013284999,4747586.0,-215837.01328499895,-215837.01328499895,0.0,4963423.013284999,4963423.013284999,-0.04348551648878081,-0.01683999122707872,-0.017300985061589724,-0.017300985061589634
2025-09-16,0.0,-4963423.013284999,5081924.0,118500.98671500105,118500.98671500105,0.0,4963423.013284999,4963423.013284999,0.023874851367256766,0.06736036785603758,0.07042273694462842,0.07042273694462828
2025-09-17,0.0,-4963423.013284999,4931473.0,-31950.013284998946,-31950.013284998946,0.0,4963423.013284999,4963423.013284999,-0.006437092546712657,-0.030311943913969422,-0.029605125932619325,-0.02960512593261922
2025-09-18,0.0,-4963423.013284999,4964906.0,1482.986715001054,1482.986715001054,0.0,4963423.013284999,4963423.013284999,0.00029878305980202,0.006735875606514677,0.0067795159782888526,0.0067795159782888395
2025-09-19,0.0,-4963423.013284999,5265809.0,302385.98671500105,302385.98671500105,0.0,4963423.013284999,4963423.013284999,0.060922872361602216,0.060624089301800195,0.0606059812612767,0.06060598126127665
2025-09-22,0.0,-4963423.013284999,5299242.0,335818.98671500105,335818.98671500105,0.0,4963423.013284999,4963423.013284999,0.0676587479681169,0.006735875606514681,0.006349071908988924,0.006349071908988723
2025-09-23,0.0,-4963423.013284999,5315960.0,352536.98671500105,352536.98671500105,0.0,4963423.013284999,4963423.013284999,0.07102698798216625,0.0033682400140493535,0.003154790817252673,0.003154790817252732
2025-09-24,0.0,-4963423.013284999,5249094.0,285670.98671500105,285670.98671500105,0.0,4963423.013284999,4963423.013284999,0.0575552367691369,-0.013471751213029348,-0.012578348971775566,-0.012578348971775559
2025-09-25,0.0,-4963423.013284999,5249094.0,285670.98671500105,285670.98671500105,0.0,4963423.013284999,4963423.013284999,0.0575552367691369,0.0,0.0,0.0
2025-09-26,0.0,-4963423.013284999,4981621.0,18197.986715001054,18197.986715001054,0.0,4963423.013284999,4963423.013284999,0.0036664186522673337,-0.05388881811686957,-0.05095603165041451,-0.05095603165041434
2025-09-30,0.0,-4963423.013284999,5065206.0,101782.98671500105,101782.98671500105,0.0,4963423.013284999,4963423.013284999,0.020506611353207402,0.016840192700940067,0.016778675053762626,0.01677867505376262
2025-10-01,0.0,-4963423.013284999,5182224.0,218800.98671500105,218800.98671500105,0.0,4963423.013284999,4963423.013284999,0.04408267966066215,0.023576068307454748,0.023102318049848414,0.023102318049848317
2025-10-02,0.0,-4963423.013284999,5115358.0,151934.98671500105,151934.98671500105,0.0,4963423.013284999,4963423.013284999,0.030610928447632794,-0.013471751213029355,-0.01290295440721978,-0.012902954407219757
2025-10-03,0.0,-4963423.013284999,5215657.0,252233.98671500105,252233.98671500105,0.0,4963423.013284999,4963423.013284999,0.050818555267176824,0.02020762681954403,0.019607425325852024,0.019607425325852072
2025-10-07,0.0,-4963423.013284999,5282527.0,319103.98671500105,319103.98671500105,0.0,4963423.013284999,4963423.013284999,0.06429111237565158,0.013472557108474753,0.012821011811167793,0.012821011811167798
2025-10-08,0.0,-4963423.013284999,5349393.0,385969.98671500105,385969.98671500105,0.0,4963423.013284999,4963423.013284999,0.07776286358868094,0.013471751213029362,0.012657957072438997,0.012657957072439005
2025-10-09,0.0,-4963423.013284999,5382827.0,419403.98671500105,419403.98671500105,0.0,4963423.013284999,4963423.013284999,0.08449894066905696,0.006736077080376018,0.006250054912772418,0.006250054912772346
2025-10-13,0.0,-4963423.013284999,5132076.0,168652.98671500105,168652.98671500105,0.0,4963423.013284999,4963423.013284999,0.033979168461682155,-0.0505197722073748,-0.04658351457329035,-0.046583514573290206
2025-10-14,0.0,-4963423.013284999,4881322.0,-82101.01328499895,-82101.01328499895,0.0,4963423.013284999,4963423.013284999,-0.016541208167276698,-0.05052037662895885,-0.048860149382043416,-0.048860149382043444
2025-10-15,0.0,-4963423.013284999,5299242.0,335818.98671500105,335818.98671500105,0.0,4963423.013284999,4963423.013284999,0.0676587479681169,0.08419995613539359,0.08561615070671436,0.08561615070671429
2025-10-16,0.0,-4963423.013284999,5533278.0,569854.986715001,569854.986715001,0.0,4963423.013284999,4963423.013284999,0.11481088458302638,0.04715213661490948,0.04416405214179675,0.04416405214179688
2025-10-17,0.0,-4963423.013284999,5366112.0,402688.98671500105,402688.98671500105,0.0,4963423.013284999,4963423.013284999,0.08113130507659165,-0.03367957950643473,-0.030211025001816383,-0.030211025001816282
2025-10-20,0.0,-4963423.013284999,5349393.0,385969.98671500105,385969.98671500105,0.0,4963423.013284999,4963423.013284999,0.07776286358868094,-0.0033684414879107116,-0.0031156636313218744,-0.0031156636313218957
2025-10-21,0.0,-4963423.013284999,5349393.0,385969.98671500105,385969.98671500105,0.0,4963423.013284999,4963423.013284999,0.07776286358868094,0.0,0.0,0.0
2025-10-22,0.0,-4963423.013284999,5315960.0,352536.98671500105,352536.98671500105,0.0,4963423.013284999,4963423.013284999,0.07102698798216625,-0.006735875606514688,-0.006249867975674839,-0.0062498679756749975
2025-10-23,0.0,-4963423.013284999,5215657.0,252233.98671500105,252233.98671500105,0.0,4963423.013284999,4963423.013284999,0.050818555267176824,-0.020208432714989427,-0.018868275908773047,-0.018868275908772828
2025-10-27,0.0,-4963423.013284999,5466411.0,502987.98671500105,502987.98671500105,0.0,4963423.013284999,4963423.013284999,0.10133893189613569,0.05052037662895886,0.0480771645834841,0.04807716458348392
2025-10-28,0.0,-4963423.013284999,5432978.0,469554.98671500105,469554.98671500105,0.0,4963423.013284999,4963423.013284999,0.094603056289621,-0.006735875606514688,-0.006116078721486673,-0.006116078721486547
2025-10-29,0.0,-4963423.013284999,5549996.0,586572.986715001,586572.986715001,0.0,4963423.013284999,4963423.013284999,0.11817912459707575,0.023576068307454748,0.021538463803829178,0.021538463803829132
2025-10-30,0.0,-4963423.013284999,5349393.0,385969.98671500105,385969.98671500105,0.0,4963423.013284999,4963423.013284999,0.07776286358868094,-0.04041626100839481,-0.036144710734926755,-0.03614471073492666
2025-10-31,0.0,-4963423.013284999,5466411.0,502987.98671500105,502987.98671500105,0.0,4963423.013284999,4963423.013284999,0.10133893189613569,0.023576068307454748,0.021875005257605995,0.021875005257605863
2025-11-03,0.0,-4963423.013284999,5967916.0,1004492.986715001,1004492.986715001,0.0,4963423.013284999,4963423.013284999,0.20237908073246935,0.10104014883633367,0.0917430101761465,0.09174301017614665
2025-11-04,0.0,-4963423.013284999,5633581.0,670157.986715001,670157.986715001,0.0,4963423.013284999,4963423.013284999,0.1350193172980158,-0.06735976343445355,-0.056022068675229186,-0.056022068675229346
2025-11-05,0.0,-4963423.013284999,5483130.0,519706.98671500105,519706.98671500105,0.0,4963423.013284999,4963423.013284999,0.1047073733840464,-0.030311943913969408,-0.0267061039860792,-0.026706103986079192
2025-11-06,0.0,-4963423.013284999,5533278.0,569854.986715001,569854.986715001,0.0,4963423.013284999,4963423.013284999,0.11481088458302638,0.01010351119897998,0.009145871062695932,0.009145871062695942
2025-11-07,0.0,-4963423.013284999,5399545.0,436121.98671500105,436121.98671500105,0.0,4963423.013284999,4963423.013284999,0.08786718068310632,-0.026943703899920055,-0.024168856146392748,-0.02416885614639279
2025-11-10,0.0,-4963423.013284999,5499844.0,536420.986715001,536420.986715001,0.0,4963423.013284999,4963423.013284999,0.10807480750265036,0.020207626819544036,0.018575454042886852,0.018575454042886946
2025-11-11,0.0,-4963423.013284999,5566714.0,603290.986715001,603290.986715001,0.0,4963423.013284999,4963423.013284999,0.12154736461112511,0.013472557108474753,0.012158526678211379,0.012158526678211237
2025-11-12,0.0,-4963423.013284999,5600147.0,636723.986715001,636723.986715001,0.0,4963423.013284999,4963423.013284999,0.1282832402176398,0.006735875606514674,0.006005877075775601,0.006005877075775763
2025-11-13,0.0,-4963423.013284999,5967916.0,1004492.986715001,1004492.986715001,0.0,4963423.013284999,4963423.013284999,0.20237908073246935,0.07409584051482956,0.06567131184234976,0.06567131184234985
2025-11-14,0.0,-4963423.013284999,5793273.0,829849.986715001,829849.986715001,0.0,4963423.013284999,4963423.013284999,0.16719308116472062,-0.03518599956774873,-0.029263649153238647,-0.02926364915323875
2025-11-17,0.0,-4963423.013284999,5658155.0,694731.986715001,694731.986715001,0.0,4963423.013284999,4963423.013284999,0.1399703359668308,-0.02722274519788981,-0.023323257854411583,-0.023323257854411486
2025-11-18,0.0,-4963423.013284999,5742603.0,779179.986715001,779179.986715001,0.0,4963423.013284999,4963423.013284999,0.15698440061011593,0.017014064643285115,0.014925006472958247,0.014925006472958057
2025-11-19,0.0,-4963423.013284999,5421693.0,458269.98671500105,458269.98671500105,0.0,4963423.013284999,4963423.013284999,0.09232942376428621,-0.06465497684582971,-0.05588232374761071,-0.055882323747610624
2025-11-20,0.0,-4963423.013284999,5793273.0,829849.986715001,829849.986715001,0.0,4963423.013284999,4963423.013284999,0.16719308116472062,0.07486365740043441,0.06853578762205825,0.06853578762205828
2025-11-21,0.0,-4963423.013284999,5404805.0,441381.98671500105,441381.98671500105,0.0,4963423.013284999,4963423.013284999,0.08892693319380734,-0.07826614797091327,-0.06705501363391642,-0.06705501363391644
2025-11-24,0.0,-4963423.013284999,5539922.0,576498.986715001,576498.986715001,0.0,4963423.013284999,4963423.013284999,0.11614947691783581,0.027222543724028464,0.02499942181077741,0.024999421810777633
2025-11-25,0.0,-4963423.013284999,5945284.0,981860.986715001,981860.986715001,0.0,4963423.013284999,4963423.013284999,0.19781932430239604,0.08166984738456023,0.07317106630743186,0.07317106630743177
2025-11-26,0.0,-4963423.013284999,6029735.0,1066311.986715001,1066311.986715001,0.0,4963423.013284999,4963423.013284999,0.21483399336726522,0.017014669064869176,0.014204704098239818,0.014204704098239882
2025-11-27,0.0,-4963423.013284999,6316864.0,1353440.986715001,1353440.986715001,0.0,4963423.013284999,4963423.013284999,0.27268298170283045,0.05784898833556523,0.04761884228743063,0.04761884228743054
2025-11-28,0.0,-4963423.013284999,6299973.0,1336549.986715001,1336549.986715001,0.0,4963423.013284999,4963423.013284999,0.2692798867107676,-0.0034030949920628717,-0.002673953404727425,-0.002673953404727409
2025-12-01,0.0,-4963423.013284999,6654666.0,1691242.986715001,1691242.986715001,0.0,4963423.013284999,4963423.013284999,0.34074125501458447,0.07146136830381689,0.05630071747926557,0.056300717479265384
2025-12-02,0.0,-4963423.013284999,6620884.0,1657460.986715001,1657460.986715001,0.0,4963423.013284999,4963423.013284999,0.3339350650304586,-0.006806189984125854,-0.005076438096217051,-0.0050764380962170005
2025-12-03,0.0,-4963423.013284999,6637775.0,1674351.986715001,1674351.986715001,0.0,4963423.013284999,4963423.013284999,0.33733816002252154,0.003403094992062927,0.0025511699042000124,0.002551169904200104
2025-12-04,0.0,-4963423.013284999,6705335.0,1741911.986715001,1741911.986715001,0.0,4963423.013284999,4963423.013284999,0.3509497340953278,0.013611574072806276,0.010178109381532296,0.010178109381532215
2025-12-05,0.0,-4963423.013284999,7262705.0,2299281.986715001,2299281.986715001,0.0,4963423.013284999,4963423.013284999,0.4632452201959794,0.1122954861006516,0.08312336370964313,0.08312336370964314
2025-12-08,0.0,-4963423.013284999,7448495.0,2485071.986715001,2485071.986715001,0.0,4963423.013284999,4963423.013284999,0.5006770488961967,0.03743182870021727,0.025581377737358357,0.025581377737358187
2025-12-09,0.0,-4963423.013284999,7634285.0,2670861.986715001,2670861.986715001,0.0,4963423.013284999,4963423.013284999,0.5381088775964138,0.03743182870021711,0.02494329391373684,0.024943293913736935
2025-12-10,0.0,-4963423.013284999,7684955.0,2721531.986715001,2721531.986715001,0.0,4963423.013284999,4963423.013284999,0.5483175581510186,0.010208680554604777,0.006637163794644962,0.006637163794644816
2025-12-11,0.0,-4963423.013284999,7600507.0,2637083.986715001,2637083.986715001,0.0,4963423.013284999,4963423.013284999,0.5313034935077334,-0.017014064643285143,-0.010988743590561123,-0.010988743590561038
2025-12-12,0.0,-4963423.013284999,7600507.0,2637083.986715001,2637083.986715001,0.0,4963423.013284999,4963423.013284999,0.5313034935077334,0.0,0.0,0.0
2025-12-15,0.0,-4963423.013284999,7482274.0,2518850.986715001,2518850.986715001,0.0,4963423.013284999,4963423.013284999,0.5074826344587384,-0.023820859048995002,-0.015555935939536636,-0.015555935939536665
2025-12-16,0.0,-4963423.013284999,7228923.0,2265499.986715001,2265499.986715001,0.0,4963423.013284999,4963423.013284999,0.4564390302118536,-0.05104360424688481,-0.03386016069446274,-0.033860160694462675
2025-12-17,0.0,-4963423.013284999,7161367.0,2197943.986715001,2197943.986715001,0.0,4963423.013284999,4963423.013284999,0.4428282620344927,-0.013610768177360899,-0.009345237181250798,-0.009345237181250928
2025-12-18,0.0,-4963423.013284999,6992464.0,2029040.986715001,2029040.986715001,0.0,4963423.013284999,4963423.013284999,0.40879872243089305,-0.03402953960359967,-0.023585301521343638,-0.02358530152134362
2025-12-19,0.0,-4963423.013284999,7262705.0,2299281.986715001,2299281.986715001,0.0,4963423.013284999,4963423.013284999,0.4632452201959794,0.054446497765086366,0.03864746389827678,0.03864746389827677
2025-12-22,0.0,-4963423.013284999,7448495.0,2485071.986715001,2485071.986715001,0.0,4963423.013284999,4963423.013284999,0.5006770488961967,0.03743182870021727,0.025581377737358357,0.025581377737358187
2025-12-23,0.0,-4963423.013284999,7279596.0,2316172.986715001,2316172.986715001,0.0,4963423.013284999,4963423.013284999,0.46664831518804234,-0.034028733708154346,-0.022675587484451643,-0.022675587484451556
2025-12-24,0.0,-4963423.013284999,7330266.0,2366842.986715001,2366842.986715001,0.0,4963423.013284999,4963423.013284999,0.47685699574264706,0.010208680554604721,0.006960551107506596,0.0069605511075065156
2025-12-26,0.0,-4963423.013284999,7448495.0,2485071.986715001,2485071.986715001,0.0,4963423.013284999,4963423.013284999,0.5006770488961967,0.023820053153549625,0.01612888263536405,0.01612888263536412
2025-12-29,0.0,-4963423.013284999,7448495.0,2485071.986715001,2485071.986715001,0.0,4963423.013284999,4963423.013284999,0.5006770488961967,0.0,0.0,0.0
2025-12-30,0.0,-4963423.013284999,7414713.0,2451289.986715001,2451289.986715001,0.0,4963423.013284999,4963423.013284999,0.49387085891207083,-0.006806189984125854,-0.004535412858570731,-0.004535412858570758
2025-12-31,0.0,-4963423.013284999,7431604.0,2468180.986715001,2468180.986715001,0.0,4963423.013284999,4963423.013284999,0.4972739539041337,0.0034030949920628717,0.0022780382733627036,0.0022780382733627045
2026-01-02,0.0,-4963423.013284999,7397826.0,2434402.986715001,2434402.986715001,0.0,4963423.013284999,4963423.013284999,0.4904685698154533,-0.006805384088680422,-0.004545182977994999,-0.00454518297799506
2026-01-05,0.0,-4963423.013284999,7769406.0,2805982.986715001,2805982.986715001,0.0,4963423.013284999,4963423.013284999,0.5653322272158877,0.07486365740043444,0.05022826976465766,0.050228269764657885
2026-01-06,0.0,-4963423.013284999,7786297.0,2822873.986715001,2822873.986715001,0.0,4963423.013284999,4963423.013284999,0.5687353222079506,0.003403094992062927,0.0021740400746210753,0.0021740400746208914
2026-01-07,0.0,-4963423.013284999,7634285.0,2670861.986715001,2670861.986715001,0.0,4963423.013284999,4963423.013284999,0.5381088775964138,-0.03062644461153685,-0.019523015882903172,-0.019523015882903002
2026-01-08,0.0,-4963423.013284999,7684955.0,2721531.986715001,2721531.986715001,0.0,4963423.013284999,4963423.013284999,0.5483175581510186,0.010208680554604777,0.006637163794644962,0.006637163794644816
2026-01-09,0.0,-4963423.013284999,7617394.0,2653970.986715001,2653970.986715001,0.0,4963423.013284999,4963423.013284999,0.534705782604351,-0.013611775546667593,-0.00879133319583536,-0.008791333195835239
2026-01-12,0.0,-4963423.013284999,8225437.0,3262013.986715001,3262013.986715001,0.0,4963423.013284999,4963423.013284999,0.6572105536811913,0.12250477107684032,0.07982296832748825,0.07982296832748838
2026-01-13,0.0,-4963423.013284999,8580126.0,3616702.986715001,3616702.986715001,0.0,4963423.013284999,4963423.013284999,0.7286711160895628,0.07146056240837151,0.04312099162634153,0.04312099162634155
2026-01-14,0.0,-4963423.013284999,8445006.0,3481582.986715001,3481582.986715001,0.0,4963423.013284999,4963423.013284999,0.7014479679439503,-0.027223148145612552,-0.015748020483615233,-0.015748020483615274
2026-01-15,0.0,-4963423.013284999,8428115.0,3464691.986715001,3464691.986715001,0.0,4963423.013284999,4963423.013284999,0.6980448729518873,-0.003403094992062927,-0.0020001169922200246,-0.0020001169922200172
2026-01-16,0.0,-4963423.013284999,9255726.0,4292302.986715001,4292302.986715001,0.0,4963423.013284999,4963423.013284999,0.8647868568176253,0.16674198386573802,0.09819645318081216,0.09819645318081208
2026-01-19,0.0,-4963423.013284999,10167785.0,5204361.986715001,5204361.986715001,0.0,4963423.013284999,4963423.013284999,1.0485429053266484,0.18375604850902305,0.09853997406578374,0.09853997406578371
2026-01-20,0.0,-4963423.013284999,10404248.0,5440824.986715001,5440824.986715001,0.0,4963423.013284999,4963423.013284999,1.0961840190030545,0.04764111367640611,0.023256097566972445,0.023256097566972552
2026-01-21,0.0,-4963423.013284999,10843389.0,5879965.986715001,5879965.986715001,0.0,4963423.013284999,4963423.013284999,1.1846594519501565,0.08847543294710203,0.04220785586810316,0.042207855868103106
2026-01-22,0.0,-4963423.013284999,11046066.0,6082642.986715001,6082642.986715001,0.0,4963423.013284999,4963423.013284999,1.225493569746991,0.040834117796834546,0.018691296604779195,0.018691296604779188
2026-01-23,0.0,-4963423.013284999,11451428.0,6488004.986715001,6488004.986715001,0.0,4963423.013284999,4963423.013284999,1.3071634171315514,0.08166984738456029,0.03669740883315398,0.03669740883315381
2026-01-26,0.0,-4963423.013284999,11248747.0,6285323.986715001,6285323.986715001,0.0,4963423.013284999,4963423.013284999,1.2663284934392713,-0.040834923692280034,-0.017699190004949683,-0.0176991900049496
2026-01-27,0.0,-4963423.013284999,11958129.0,6994705.986715001,6994705.986715001,0.0,4963423.013284999,4963423.013284999,1.4092504241514596,0.14292193071218828,0.06306320161703338,0.06306320161703344
2026-01-28,0.0,-4963423.013284999,12414160.0,7450736.986715001,7450736.986715001,0.0,4963423.013284999,4963423.013284999,1.5011287506167632,0.09187832646530358,0.03813564814361836,0.03813564814361845
2026-01-29,0.0,-4963423.013284999,11637218.0,6673794.986715001,6673794.986715001,0.0,4963423.013284999,4963423.013284999,1.3445952458317687,-0.1565335047849945,-0.06258514470572296,-0.06258514470572314
2026-01-30,0.0,-4963423.013284999,12785740.0,7822316.986715001,7822316.986715001,0.0,4963423.013284999,4963423.013284999,1.5759924080171976,0.23139716218542894,0.09869386308652106,0.0986938630865212
2026-02-02,0.0,-4963423.013284999,12329709.0,7366285.986715001,7366285.986715001,0.0,4963423.013284999,4963423.013284999,1.484114081551894,-0.09187832646530358,-0.03566715731744896,-0.03566715731744897
2026-02-03,0.0,-4963423.013284999,13005309.0,8041885.986715001,8041885.986715001,0.0,4963423.013284999,4963423.013284999,1.6202298222799567,0.13611574072806265,0.05479448055100078,0.05479448055100084
2026-02-04,0.0,-4963423.013284999,13106647.0,8143223.986715001,8143223.986715001,0.0,4963423.013284999,4963423.013284999,1.6406467804414433,0.020416958161486587,0.007792048616453551,0.0077920486164534805
2026-02-05,0.0,-4963423.013284999,12346600.0,7383176.986715001,7383176.986715001,0.0,4963423.013284999,4963423.013284999,1.487517176543957,-0.1531296038974863,-0.05798943085901387,-0.05798943085901375
2026-02-06,0.0,-4963423.013284999,11485206.0,6521782.986715001,6521782.986715001,0.0,4963423.013284999,4963423.013284999,1.313968801220232,-0.17354837532372502,-0.06976770932888388,-0.06976770932888407
2026-02-09,0.0,-4963423.013284999,11738557.0,6775133.986715001,6775133.986715001,0.0,4963423.013284999,4963423.013284999,1.3650124054671167,0.0510436042468847,0.022058899074165472,0.022058899074165497
2026-02-10,0.0,-4963423.013284999,12549277.0,7585853.986715001,7585853.986715001,0.0,4963423.013284999,4963423.013284999,1.5283512943407918,0.1633388888736751,0.06906470701637324,0.06906470701637347
2026-02-11,0.0,-4963423.013284999,12464829.0,7501405.986715001,7501405.986715001,0.0,4963423.013284999,4963423.013284999,1.5113372296975067,-0.017014064643285032,-0.006729311975502639,-0.006729311975502653
2026-02-23,-9.313225746154785e-10,-4963423.013284999,13697799.0,8734375.986715,8734375.986715,0.0,4963423.013284999,4963423.013284999,1.7597484565262207,0.24841122682871397,0.09891591773942499,0.09891591773942499
2026-02-24,0.0,-4963423.013284999,15065890.0,10102466.986715,10102466.986715,0.0,4963423.013284999,4963423.013284999,2.035383032974409,0.27563457644818823,0.09987670281919026,0.09987670281919014
2026-02-25,0.0,-4963423.013284999,15488139.0,10524715.986715,10524715.986715,0.0,4963423.013284999,4963423.013284999,2.1204551694555867,0.08507213648117773,0.028026820851605905,0.028026820851605846
2026-02-26,0.0,-4963423.013284999,16265081.0,11301657.986715,11301657.986715,0.0,4963423.013284999,4963423.013284999,2.276988674240581,0.15653350478499428,0.05016367686266232,0.05016367686266245
2026-03-02,0.0,-4963423.013284999,16248190.0,11284766.986715,11284766.986715,0.0,4963423.013284999,4963423.013284999,2.2735855792485182,-0.003403094992062705,-0.0010384823782924046,-0.0010384823782924905
2026-03-03,0.0,-4963423.013284999,15640151.0,10676727.986715,10676727.986715,0.0,4963423.013284999,4963423.013284999,2.1510816140671234,-0.12250396518139484,-0.037421952845209216,-0.03742195284520922
2026-03-04,0.0,-4963423.013284999,14086270.0,9122846.986715,9122846.986715,0.0,4963423.013284999,4963423.013284999,1.838015208918718,-0.31306640514840534,-0.09935204589776658,-0.09935204589776658
2026-03-05,0.0,-4963423.013284999,15201010.0,10237586.986715,10237586.986715,0.0,4963423.013284999,4963423.013284999,2.0626061811200214,0.2245909722013033,0.07913663446746355,0.0791366344674637
2026-03-06,0.0,-4963423.013284999,14592971.0,9629547.986715,9629547.986715,0.0,4963423.013284999,4963423.013284999,1.9401022159386263,-0.12250396518139506,-0.0399999079008565,-0.039999907900856585
2026-03-09,9.313225746154785e-10,-4963423.013284999,13140429.0,8177005.986715001,8177005.986715001,0.0,4963423.013284999,4963423.013284999,1.6474529704255692,-0.29264924551305715,-0.09953709905954045,-0.09953709905954031
2026-03-10,-9.313225746154785e-10,-4963423.013284999,14322730.0,9359306.986715,9359306.986715,0.0,4963423.013284999,4963423.013284999,1.8856557181735398,0.23820274774797068,0.08997430753592606,0.08997430753592589
2026-03-11,0.0,-4963423.013284999,15741490.0,10778066.986715,10778066.986715,0.0,4963423.013284999,4963423.013284999,2.171498773702471,0.2858430555289313,0.09905653461316377,0.09905653461316383
2026-03-12,0.0,-4963423.013284999,16214412.0,11250988.986715,11250988.986715,0.0,4963423.013284999,4963423.013284999,2.266780195159838,0.09528142145736673,0.03004302642253065,0.03004302642253052
2026-03-13,0.0,-4963423.013284999,17160253.0,12196829.986715,12196829.986715,0.0,4963423.013284999,4963423.013284999,2.4573424336529865,0.19056223849314868,0.0583333518353919,0.05833335183539187
2026-03-16,0.0,-4963423.013284999,18545234.0,13581810.986715,13581810.986715,0.0,4963423.013284999,4963423.013284999,2.7363799036193766,0.27903746996639,0.08070865854949827,0.08070865854949807
2026-03-17,0.0,-4963423.013284999,18342553.0,13379129.986715,13379129.986715,0.0,4963423.013284999,4963423.013284999,2.6955449799270963,-0.040834923692280256,-0.010929007420450998,-0.010929007420450991
2026-03-18,0.0,-4963423.013284999,19592414.0,14628990.986715,14628990.986715,0.0,4963423.013284999,4963423.013284999,2.9473593017478734,0.2518143218207771,0.06813996939248312,0.06813996939248315
2026-03-19,0.0,-4963423.013284999,19626192.0,14662768.986715,14662768.986715,0.0,4963423.013284999,4963423.013284999,2.954164685836554,0.006805384088680366,0.0017240346187048505,0.0017240346187049743
2026-03-20,0.0,-4963423.013284999,18714133.0,13750709.986715,13750709.986715,0.0,4963423.013284999,4963423.013284999,2.7704086373275305,-0.18375604850902327,-0.04647152132211896,-0.04647152132211893
2026-03-23,0.0,-4963423.013284999,16856233.0,11892809.986715,11892809.986715,0.0,4963423.013284999,4963423.013284999,2.3960903503253586,-0.37431828700217196,-0.0992779093746956,-0.09927790937469558
2026-03-24,0.0,-4963423.013284999,15538812.0,10575388.986715,10575388.986715,0.0,4963423.013284999,4963423.013284999,2.130664454431775,-0.26542589589358334,-0.0781563116741445,-0.07815631167414451
2026-03-25,0.0,-4963423.013284999,17092692.0,12129268.986715,12129268.986715,0.0,4963423.013284999,4963423.013284999,2.443730658106319,0.31306620367454396,0.09999992277401915,0.09999992277401902
2026-03-26,0.0,-4963423.013284999,16957572.0,11994148.986715,11994148.986715,0.0,4963423.013284999,4963423.013284999,2.4165075099607067,-0.02722314814561244,-0.007905132790083647,-0.007905132790083622
2026-03-27,0.0,-4963423.013284999,17058911.0,12095487.986715,12095487.986715,0.0,4963423.013284999,4963423.013284999,2.4369246695960545,0.020417159635347737,0.005976032417848387,0.005976032417848499
2026-03-30,0.0,-4963423.013284999,16670443.0,11707019.986715,11707019.986715,0.0,4963423.013284999,4963423.013284999,2.3586585216251414,-0.07826614797091302,-0.02277214530282734,-0.02277214530282736
2026-03-31,0.0,-4963423.013284999,15015220.0,10051796.986715,10051796.986715,0.0,4963423.013284999,4963423.013284999,2.025174352419804,-0.33348416920533763,-0.0992908826718043,-0.09929088267180422
2026-04-01,0.0,-4963423.013284999,16501541.0,11538117.986715,11538117.986715,0.0,4963423.013284999,4963423.013284999,2.324629183495403,0.29945483107559934,0.09898762722091337,0.09898762722091319
2026-04-02,0.0,-4963423.013284999,17531833.0,12568409.986715,12568409.986715,0.0,4963423.013284999,4963423.013284999,2.532206091053421,0.20757690755801805,0.06243610823983037,0.06243610823983045
2026-04-07,0.0,-4963423.013284999,19051931.0,14088507.986715,14088507.986715,0.0,4963423.013284999,4963423.013284999,2.8384661047438393,0.3062600136904181,0.08670502394130719,0.08670502394130722
2026-04-08,0.0,-4963423.013284999,20943614.0,15980190.986715,15980190.986715,0.0,4963423.013284999,4963423.013284999,3.2195907832039987,0.3811246784601594,0.09929088027874977,0.0992908802787497
2026-04-09,0.0,-4963423.013284999,21112516.0,16149092.986715,16149092.986715,0.0,4963423.013284999,4963423.013284999,3.253620121333737,0.034029338129738296,0.008064606232716098,0.008064606232716091
2026-04-10,0.0,-4963423.013284999,21551653.0,16588229.986715,16588229.986715,0.0,4963423.013284999,4963423.013284999,3.3420947483853936,0.08847462705165654,0.020799842141031366,0.020799842141031415
2026-04-13,0.0,-4963423.013284999,21146295.0,16182871.986715,16182871.986715,0.0,4963423.013284999,4963423.013284999,3.2604257068962785,-0.08166904148911502,-0.018808673283668975,-0.018808673283668774
2026-04-14,0.0,-4963423.013284999,20166675.0,15203251.986715,15203251.986715,0.0,4963423.013284999,4963423.013284999,3.063057882840588,-0.19736782405569064,-0.046325845733259485,-0.04632584573325966
2026-04-15,0.0,-4963423.013284999,20876053.0,15912629.986715,15912629.986715,0.0,4963423.013284999,4963423.013284999,3.205979007657331,0.14292112481674302,0.035175754059605824,0.03517575405960576
2026-04-16,0.0,-4963423.013284999,21788116.0,16824692.986715,16824692.986715,0.0,4963423.013284999,4963423.013284999,3.389735862061799,0.18375685440446832,0.04368943688732729,0.043689436887327314
2026-04-17,0.0,-4963423.013284999,21720556.0,16757132.986715,16757132.986715,0.0,4963423.013284999,4963423.013284999,3.376124287988993,-0.01361157407280622,-0.0031007729167588094,-0.0031007729167588424
2026-04-20,0.0,-4963423.013284999,22902856.0,17939432.986715,17939432.986715,0.0,4963423.013284999,4963423.013284999,3.6143268342631028,0.23820254627410975,0.05443230827056178,0.054432308270561766
2026-04-21,0.0,-4963423.013284999,23983818.0,19020394.986715,19020394.986715,0.0,4963423.013284999,4963423.013284999,3.8321124223757255,0.21778558811262272,0.04719769447094291,0.04719769447094284
2026-04-22,0.0,-4963423.013284999,24186495.0,19223071.986715,19223071.986715,0.0,4963423.013284999,4963423.013284999,3.8729465401725602,0.04083411779683477,0.008450572798709421,0.00845057279870953
2026-04-23,0.0,-4963423.013284999,24591857.0,19628433.986715,19628433.986715,0.0,4963423.013284999,4963423.013284999,3.9546163875571203,0.08166984738456007,0.016759848832995417,0.016759848832995437
2026-04-24,0.0,-4963423.013284999,26686217.0,21722793.986715,21722793.986715,0.0,4963423.013284999,4963423.013284999,4.376575183814114,0.42195879625699373,0.08516477629159924,0.08516477629159928
2026-04-27,0.0,-4963423.013284999,28341440.0,23378016.986715,23378016.986715,0.0,4963423.013284999,4963423.013284999,4.710059353019452,0.3334841692053381,0.06202538936110735,0.06202538936110727
2026-04-28,0.0,-4963423.013284999,27868521.0,22905097.986715,22905097.986715,0.0,4963423.013284999,4963423.013284999,4.614778535983669,-0.09528081703578284,-0.016686484525839318,-0.016686484525839197
2026-04-29,0.0,-4963423.013284999,27125357.0,22161933.986715,22161933.986715,0.0,4963423.013284999,4963423.013284999,4.465050415287355,-0.14972812069631392,-0.026666790103428872,-0.026666790103428883
2026-04-30,0.0,-4963423.013284999,29827760.0,24864336.986715,24864336.986715,0.0,4963423.013284999,4963423.013284999,5.00951398262119,0.5444635673338345,0.09962644915604257,0.09962644915604245
2026-05-04,0.0,-4963423.013284999,30773601.0,25810177.986715,25810177.986715,0.0,4963423.013284999,4963423.013284999,5.2000762211143385,0.19056223849314868,0.031710091538888596,0.0317100915388886
2026-05-05,0.0,-4963423.013284999,30503360.0,25539936.986715,25539936.986715,0.0,4963423.013284999,4963423.013284999,5.145629723349252,-0.05444649776508648,-0.008781585229495903,-0.00878158522949589
2026-05-06,0.0,-4963423.013284999,28983261.0,24019837.986715,24019837.986715,0.0,4963423.013284999,4963423.013284999,4.839369508184973,-0.30626021516427926,-0.04983382158555649,-0.04983382158555648
2026-05-07,0.0,-4963423.013284999,30266900.0,25303476.986715,25303476.986715,0.0,4963423.013284999,4963423.013284999,5.09798921409443,0.2586197059094575,0.044288977696471,0.044288977696471075
2026-05-08,0.0,-4963423.013284999,27632058.0,22668634.986715,22668634.986715,0.0,4963423.013284999,4963423.013284999,4.567137422307264,-0.5308517917871667,-0.08705357998341423,-0.08705357998341423
2026-05-11,0.0,-4963423.013284999,29084600.0,24121176.986715,24121176.986715,0.0,4963423.013284999,4963423.013284999,4.8597866678203205,0.29264924551305693,0.05256727530030503,0.05256727530030517
2026-05-12,0.0,-4963423.013284999,29557522.0,24594098.986715,24594098.986715,0.0,4963423.013284999,4963423.013284999,4.955068089277687,0.09528142145736673,0.01626022018525264,0.016260220185252677
2026-05-13,0.0,-4963423.013284999,30131779.0,25168355.986715,25168355.986715,0.0,4963423.013284999,4963423.013284999,5.070765864474956,0.11569777519726898,0.01942845547065808,0.019428455470658197
2026-05-14,0.0,-4963423.013284999,29760199.0,24796775.986715,24796775.986715,0.0,4963423.013284999,4963423.013284999,4.995902207074522,-0.07486365740043421,-0.012331830789015119,-0.012331830789015145
2026-05-15,0.0,-4963423.013284999,27733400.0,22769976.986715,22769976.986715,0.0,4963423.013284999,4963423.013284999,4.587555186364195,-0.4083470207103268,-0.06810434970545731,-0.06810434970545728
2026-05-18,0.0,-4963423.013284999,27564498.0,22601074.986715,22601074.986715,0.0,4963423.013284999,4963423.013284999,4.553525848234457,-0.03402933812973785,-0.006090201706245857,-0.0060902017062458985
2026-05-19,0.0,-4963423.013284999,27632058.0,22668634.986715,22668634.986715,0.0,4963423.013284999,4963423.013284999,4.567137422307264,0.01361157407280622,0.0024509787916326964,0.0024509787916326283
2026-05-20,0.0,-4963423.013284999,27800960.0,22837536.986715,22837536.986715,0.0,4963423.013284999,4963423.013284999,4.6011667604370015,0.03402933812973785,0.006112537835581966,0.006112537835582134
2026-05-21,0.0,-4963423.013284999,30570920.0,25607496.986715,25607496.986715,0.0,4963423.013284999,4963423.013284999,5.159241297422058,0.5580745369850568,0.09963540827367123,0.09963540827367112
2026-05-22,0.0,-4963423.013284999,32766622.0,27803198.986715,27803198.986715,0.0,4963423.013284999,4963423.013284999,5.6016178577359845,0.44237656031392625,0.07182322285361376,0.07182322285361382
2026-05-25,0.0,-4963423.013284999,33442221.0,28478797.986715,28478797.986715,0.0,4963423.013284999,4963423.013284999,5.737733396990186,0.1361155392542015,0.020618512338562045,0.02061851233856209
2026-05-26,0.0,-4963423.013284999,36651325.0,31687901.986715,31687901.986715,0.0,4963423.013284999,4963423.013284999,6.384283971343928,0.6465505743537419,0.09595965531117079,0.09595965531117087
2026-05-27,0.0,-4963423.013284999,36482426.0,31519002.986715,31519002.986715,0.0,4963423.013284999,4963423.013284999,6.350255237635774,-0.03402873370815396,-0.0046082645033979075,-0.004608264503397899
2026-05-28,0.0,-4963423.013284999,34624525.0,29661101.986715,29661101.986715,0.0,4963423.013284999,4963423.013284999,5.97593674915974,-0.37431848847603355,-0.050925917042907165,-0.05092591704290718
2026-05-29,0.0,-4963423.013284999,35637923.0,30674499.986715,30674499.986715,0.0,4963423.013284999,4963423.013284999,6.180109957304111,0.204173208144371,0.029268213787770447,0.029268213787770374
2026-06-01,0.0,-4963423.013284999,35469024.0,30505600.986715,30505600.986715,0.0,4963423.013284999,4963423.013284999,6.146081223595957,-0.03402873370815396,-0.004739305374221625,-0.004739305374221724
2026-06-02,0.0,-4963423.013284999,32935524.0,27972100.986715,27972100.986715,0.0,4963423.013284999,4963423.013284999,5.635647195865722,-0.510434027730235,-0.07142852309666037,-0.07142852309666034
2026-06-03,0.0,-4963423.013284999,33780023.0,28816599.986715,28816599.986715,0.0,4963423.013284999,4963423.013284999,5.805791670301939,0.17014447443621705,0.0256409765941481,0.025640976594148008
2026-06-04,0.0,-4963423.013284999,32800404.0,27836980.986715,27836980.986715,0.0,4963423.013284999,4963423.013284999,5.60842404772011,-0.1973676225818295,-0.02899995065130656,-0.028999950651306543
2026-06-05,0.0,-4963423.013284999,31516761.0,26553337.986715,26553337.986715,0.0,4963423.013284999,4963423.013284999,5.349803535915207,-0.258620511804903,-0.03913497528871901,-0.039134975288719
2026-06-08,0.0,-4963423.013284999,30773601.0,25810177.986715,25810177.986715,0.0,4963423.013284999,4963423.013284999,5.2000762211143385,-0.14972731480086843,-0.023579834234869423,-0.023579834234869503
2026-06-09,0.0,-4963423.013284999,32732843.0,27769419.986715,27769419.986715,0.0,4963423.013284999,4963423.013284999,5.594812272173443,0.3947360510591045,0.06366632231307623,0.06366632231307606
2026-06-10,0.0,-4963423.013284999,29861542.0,24898118.986715,24898118.986715,0.0,4963423.013284999,4963423.013284999,5.016320172605315,-0.5784920995681277,-0.08771926715928713,-0.08771926715928709
2026-06-11,0.0,-4963423.013284999,28848140.0,23884716.986715,23884716.986715,0.0,4963423.013284999,4963423.013284999,4.812146158565499,-0.2041740140398165,-0.03393669355721818,-0.03393669355721818
2026-06-12,0.0,-4963423.013284999,30469581.0,25506157.986715,25506157.986715,0.0,4963423.013284999,4963423.013284999,5.1388241377867105,0.3266779792212118,0.05620608469038224,0.056206084690382116
2026-06-15,0.0,-4963423.013284999,32428823.0,27465399.986715,27465399.986715,0.0,4963423.013284999,4963423.013284999,5.533560188845814,0.3947360510591036,0.06430157342826592,0.06430157342826605
2026-06-16,0.0,-4963423.013284999,33138202.0,28174778.986715,28174778.986715,0.0,4963423.013284999,4963423.013284999,5.676481515136419,0.1429213262906046,0.02187495364848746,0.021874953648487336
2026-06-17,0.0,-4963423.013284999,33374661.0,28411237.986715,28411237.986715,0.0,4963423.013284999,4963423.013284999,5.724121822917379,0.04764030778096018,0.007135541029051451,0.007135541029051606
2026-06-18,0.0,-4963423.013284999,32699061.0,27735637.986715,27735637.986715,0.0,4963423.013284999,4963423.013284999,5.588006082189317,-0.1361157407280622,-0.020242902242512573,-0.020242902242512666
2026-06-22,0.0,-4963423.013284999,33948922.0,28985498.986715,28985498.986715,0.0,4963423.013284999,4963423.013284999,5.839820404010094,0.25181432182077756,0.03822314653010994,0.03822314653010984
2026-06-23,0.0,-4963423.013284999,32901742.0,27938318.986715,27938318.986715,0.0,4963423.013284999,4963423.013284999,5.628841005881597,-0.2109793981284973,-0.030845751155220813,-0.030845751155220775
2026-06-24,0.0,-4963423.013284999,31449201.0,26485777.986715,26485777.986715,0.0,4963423.013284999,4963423.013284999,5.336191961842401,-0.2926490440391962,-0.04414784481624112,-0.04414784481624104
2026-06-25,0.0,-4963423.013284999,34455623.0,29492199.986715,29492199.986715,0.0,4963423.013284999,4963423.013284999,5.9419074110300025,0.6057154491876018,0.09559613295104064,0.09559613295104064
2026-06-26,0.0,-4963423.013284999,32935524.0,27972100.986715,27972100.986715,0.0,4963423.013284999,4963423.013284999,5.635647195865722,-0.30626021516428015,-0.044117588586339074,-0.04411758858633901
2026-06-29,0.0,-4963423.013284999,32969303.0,28005879.986715,28005879.986715,0.0,4963423.013284999,4963423.013284999,5.642452781428265,0.006805585562542404,0.0010256099159073884,0.0010256099159072132
2026-06-30,0.0,-4963423.013284999,36144624.0,31181200.986715,31181200.986715,0.0,4963423.013284999,4963423.013284999,6.28219696432402,0.6397441828957549,0.09631143855240132,0.0963114385524013
2026-07-01,0.0,-4963423.013284999,35131223.0,30167799.986715,30167799.986715,0.0,4963423.013284999,4963423.013284999,6.078023151758065,-0.2041738125659549,-0.02803739222740287,-0.028037392227402893
2026-07-02,0.0,-4963423.013284999,33070641.0,28107217.986715,28107217.986715,0.0,4963423.013284999,4963423.013284999,5.662869739589751,-0.4151534121683138,-0.05865386468327627,-0.058653864683276186
2026-07-03,0.0,-4963423.013284999,32732843.0,27769419.986715,27769419.986715,0.0,4963423.013284999,4963423.013284999,5.594812272173443,-0.06805746741630792,-0.010214437633670248,-0.0102144376336703
2026-07-06,0.0,-4963423.013284999,31040037.0,26076613.986715,26076613.986715,0.0,4963423.013284999,4963423.013284999,5.253756110836988,-0.34105616133645533,-0.051715825600605614,-0.05171582560060548
2026-07-07,0.0,-4963423.013284999,28433622.0,23470198.986715,23470198.986715,0.0,4963423.013284999,4963423.013284999,4.7286316165064175,-0.5251244943305702,-0.08396945531991473,-0.08396945531991473
2026-07-08,0.0,-4963423.013284999,29212162.0,24248738.986715,24248738.986715,0.0,4963423.013284999,4963423.013284999,4.88548707652185,0.15685546001543216,0.02738096469032336,0.02738096469032331
2026-07-09,0.0,-4963423.013284999,29618356.0,24654932.986715,24654932.986715,0.0,4963423.013284999,4963423.013284999,4.967324550159053,0.0818374736372034,0.013904961912781344,0.013904961912781396
2026-07-13,0.0,-4963423.013284999,30566144.0,25602720.986715,25602720.986715,0.0,4963423.013284999,4963423.013284999,5.158279058260251,0.19095450810119807,0.03200002052781059,0.03200002052781052
2026-07-14,0.0,-4963423.013284999,29584507.0,24621083.986715,24621083.986715,0.0,4963423.013284999,4963423.013284999,4.960504861426217,-0.1977741968340343,-0.03211517291811494,-0.032115172918114894
2026-07-15,0.0,-4963423.013284999,31683179.0,26719755.986715,26719755.986715,0.0,4963423.013284999,4963423.013284999,5.383332412973353,0.4228275515471358,0.07093821100348241,0.07093821100348233
2026-07-16,0.0,-4963423.013284999,29855303.0,24891879.986715,24891879.986715,0.0,4963423.013284999,4963423.013284999,5.015063177184353,-0.3682692357889996,-0.05769231679687192,-0.05769231679687193
2026-07-17,0.0,-4963423.013284999,26876543.0,21913119.986715,21913119.986715,0.0,4963423.013284999,4963423.013284999,4.414920897949416,-0.6001422792349373,-0.09977322956662005,-0.09977322956662005
2026-07-20,0.0,-4963423.013284999,25387162.0,20423738.986715,20423738.986715,0.0,4963423.013284999,4963423.013284999,4.114849556858085,-0.30007134109133027,-0.055415646275639,-0.05541564627563895
2026-07-21,0.0,-4963423.013284999,27925879.0,22962455.986715,22962455.986715,0.0,4963423.013284999,4963423.013284999,4.626334673722983,0.5114851168648977,0.10000003151199022,0.10000003151199019
2026-07-22,0.0,-4963423.013284999,30701542.0,25738118.986715,25738118.986715,0.0,4963423.013284999,4963423.013284999,5.185558216139318,0.5592235424163352,0.09939393492323001,0.09939393492323018
2026-07-23,0.0,-4963423.013284999,30329197.0,25365773.986715,25365773.986715,0.0,4963423.013284999,4963423.013284999,5.110540431234951,-0.07501778490436717,-0.012127892468723589,-0.012127892468723558
2026-07-24,0.0,-4963423.013284999,28399772.0,23436348.986715,23436348.986715,0.0,4963423.013284999,4963423.013284999,4.721811726299721,-0.3887287049352306,-0.06361609244056143,-0.06361609244056149
2026-07-27,0.0,-4963423.013284999,28704418.0,23740994.986715,23740994.986715,0.0,4963423.013284999,4963423.013284999,4.783189932264554,0.06137820596483312,0.010727057949620145,0.010727057949620158
2026-07-28,0.0,-4963423.013284999,25861056.0,20897632.986715,20897632.986715,0.0,4963423.013284999,4963423.013284999,4.2103268109086835,-0.5728631213558701,-0.09905659818638379,-0.09905659818638371
2026-07-29,0.0,-4963423.013284999,23288490.0,18325066.986715,18325066.986715,0.0,4963423.013284999,4963423.013284999,3.69202200531095,-0.5183048055977335,-0.09947644829352675,-0.09947644829352677
2026-07-30,0.0,-4963423.013284999,24236278.0,19272854.986715,19272854.986715,0.0,4963423.013284999,4963423.013284999,3.8829765134121477,0.19095450810119763,0.04069770088142266,0.04069770088142254
2026-07-31,0.0,-4963423.013284999,26639596.0,21676172.986715,21676172.986715,0.0,4963423.013284999,4963423.013284999,4.367182270924116,0.48420575751196804,0.09916200829186717,0.09916200829186726
2026-08-03,0.0,-4963423.013284999,29279861.0,24316437.986715,24316437.986715,0.0,4963423.013284999,4963423.013284999,4.899126655461384,0.531944384537268,0.09911054957440046,0.09911054957440045
2026-08-04,0.0,-4963423.013284999,31276984.0,26313560.986715,26313560.986715,0.0,4963423.013284999,4963423.013284999,5.301494737862288,0.40236808240090394,0.06820807653424321,0.06820807653424311
2026-08-05,0.0,-4963423.013284999,32800214.0,27836790.986715,27836790.986715,0.0,4963423.013284999,4963423.013284999,5.608385767686454,0.3068910298241665,0.04870130700581621,0.04870130700581616
2026-08-06,0.0,-4963423.013284999,32935612.0,27972188.986715,27972188.986715,0.0,4963423.013284999,4963423.013284999,5.635664925565521,0.027279157879067206,0.004127960872450265,0.004127960872450405
2026-08-07,0.0,-4963423.013284999,32326320.0,27362896.986715,27362896.986715,0.0,4963423.013284999,4963423.013284999,5.512908513635855,-0.12275641192966624,-0.01849948924586553,-0.01849948924586554
2026-08-10,0.0,-4963423.013284999,33578754.0,28615330.986715,28615330.986715,0.0,4963423.013284999,4963423.013284999,5.765241227701885,0.2523327140660303,0.03874347590446425,0.038743475904464225
2026-08-11,0.0,-4963423.013284999,33578754.0,28615330.986715,28615330.986715,0.0,4963423.013284999,4963423.013284999,5.765241227701885,0.0,0.0,0.0
2026-08-12,0.0,-4963423.013284999,33849550.0,28886126.986715,28886126.986715,0.0,4963423.013284999,4963423.013284999,5.819799543460022,0.05455831575813619,0.008064504120671057,0.008064504120671065
2026-08-13,0.0,-4963423.013284999,33849550.0,28886126.986715,28886126.986715,0.0,4963423.013284999,4963423.013284999,5.819799543460022,0.0,0.0,0.0
2026-08-14,0.0,-4963423.013284999,34526541.0,29563117.986715,29563117.986715,0.0,4963423.013284999,4963423.013284999,5.956195534329222,0.1363959908692003,0.020000000000000018,0.02
2026-08-17,0.0,-4963423.013284999,37911496.0,32948072.986715,32948072.986715,0.0,4963423.013284999,4963423.013284999,6.638175488675224,0.6819799543460023,0.0980392156862746,0.09803921568627451
2026-08-18,3.725290298461914e-09,-4963423.013284999,38757735.0,33794311.986715004,33794311.986715004,0.0,4963423.013284999,4963423.013284999,6.80867052763019,0.1704950389549662,0.02232143516573437,0.022321435165734524
2026-08-19,-3.725290298461914e-09,-4963423.013284999,38249992.0,33286568.986715,33286568.986715,0.0,4963423.013284999,4963423.013284999,6.706373584846755,-0.10229694278343526,-0.013100430146395281,-0.01310043014639539
2026-08-20,3.725290298461914e-09,-4963423.013284999,38588487.0,33625063.986715004,33625063.986715004,0.0,4963423.013284999,4963423.013284999,6.774571479544425,0.06819789469767024,0.008849544334545323,0.008849544334545318
2026-08-21,-3.725290298461914e-09,-4963423.013284999,36726762.0,31763338.986715,31763338.986715,0.0,4963423.013284999,4963423.013284999,6.399482555022589,-0.37508892452183673,-0.04824560755647156,-0.04824560755647154
2026-08-24,0.0,-4963423.013284999,36388266.0,31424842.986715,31424842.986715,0.0,4963423.013284999,4963423.013284999,6.331284458851058,-0.06819809617153094,-0.009216603413064295,-0.009216603413064293
2026-08-25,0.0,-4963423.013284999,37065257.0,32101833.986715,32101833.986715,0.0,4963423.013284999,4963423.013284999,6.467680449720258,0.1363959908692003,0.018604651290611063,0.0186046512906111
2026-08-26,3.725290298461914e-09,-4963423.013284999,39265478.0,34302054.986715004,34302054.986715004,0.0,4963423.013284999,4963423.013284999,6.910967470413626,0.4432870206933677,0.05936073773884809,0.0593607377388481
2026-08-27,0.0,-4963423.013284999,39942469.0,34979045.986715004,34979045.986715004,0.0,4963423.013284999,4963423.013284999,7.047363461282826,0.1363959908692003,0.01724137931034475,0.017241379310344827
2026-08-28,-3.725290298461914e-09,-4963423.013284999,37573000.0,32609576.986715,32609576.986715,0.0,4963423.013284999,4963423.013284999,6.569977392503693,-0.4773860687791327,-0.05932204641630945,-0.05932204641630951
2026-08-31,0.0,-4963423.013284999,33815700.0,28852276.986715,28852276.986715,0.0,4963423.013284999,4963423.013284999,5.812979653253324,-0.7569977392503695,-0.09999999999999998,-0.1
2026-09-01,0.0,-4963423.013284999,32867913.0,27904489.986715,27904489.986715,0.0,4963423.013284999,4963423.013284999,5.622025346625987,-0.19095430662733648,-0.02802801657218401,-0.028028016572183928
2026-09-02,0.0,-4963423.013284999,32935612.0,27972188.986715,27972188.986715,0.0,4963423.013284999,4963423.013284999,5.635664925565521,0.013639578939534047,0.0020597291954618235,0.0020597291954618474
2026-09-03,0.0,-4963423.013284999,31243135.0,26279711.986715,26279711.986715,0.0,4963423.013284999,4963423.013284999,5.294675049129451,-0.3409898764360699,-0.05138744651230398,-0.05138744651230407
2026-09-04,0.0,-4963423.013284999,30532294.0,25568870.986715,25568870.986715,0.0,4963423.013284999,4963423.013284999,5.151459168053553,-0.1432158810758981,-0.022751910139619524,-0.022751910139619472
2026-09-07,0.0,-4963423.013284999,32123223.0,27159799.986715,27159799.986715,0.0,4963423.013284999,4963423.013284999,5.471989776817253,0.32053060876369965,0.05210643523870151,0.05210643523870168
2026-09-08,0.0,-4963423.013284999,32292471.0,27329047.986715,27329047.986715,0.0,4963423.013284999,4963423.013284999,5.506088824903019,0.034099048085765915,0.005268711673171778,0.005268711673171773
2026-09-09,0.0,-4963423.013284999,33612603.0,28649179.986715,28649179.986715,0.0,4963423.013284999,4963423.013284999,5.772060916434722,0.26597209153170276,0.04088048882973361,0.04088048882973372
2026-09-10,0.0,-4963423.013284999,33646453.0,28683029.986715,28683029.986715,0.0,4963423.013284999,4963423.013284999,5.7788808066414195,0.006819890206697821,0.0010070627377476438,0.001007062737747505
2026-09-11,0.0,-4963423.013284999,33071010.0,28107586.986715,28107586.986715,0.0,4963423.013284999,4963423.013284999,5.662944083444589,-0.11593672319683002,-0.01710263486020347,-0.017102634860203542
2026-09-14,0.0,-4963423.013284999,32834064.0,27870640.986715,27870640.986715,0.0,4963423.013284999,4963423.013284999,5.615205657893151,-0.04773842555143837,-0.0071647645475599875,-0.007164764547559932
2026-09-15,0.0,-4963423.013284999,32190922.0,27227498.986715,27227498.986715,0.0,4963423.013284999,4963423.013284999,5.485629355756787,-0.12957630213636406,-0.019587645318593472,-0.01958764531859352
2026-09-16,0.0,-4963423.013284999,32529418.0,27565994.986715,27565994.986715,0.0,4963423.013284999,4963423.013284999,5.553827451928318,0.06819809617153094,0.010515262656968893,0.010515262656968944
2026-09-17,0.0,-4963423.013284999,31818577.0,26855153.986715,26855153.986715,0.0,4963423.013284999,4963423.013284999,5.41061157085242,-0.1432158810758981,-0.021852250784197835,-0.02185225078419786
2026-09-18,0.0,-4963423.013284999,33206409.0,28242985.986715,28242985.986715,0.0,4963423.013284999,4963423.013284999,5.690223442797518,0.2796118719450984,0.043617035419277306,0.043617035419277236
2026-09-21,0.0,-4963423.013284999,34526541.0,29563117.986715,29563117.986715,0.0,4963423.013284999,4963423.013284999,5.956195534329222,0.26597209153170365,0.039755337591607764,0.039755337591607695
2026-09-22,0.0,-4963423.013284999,37911496.0,32948072.986715,32948072.986715,0.0,4963423.013284999,4963423.013284999,6.638175488675224,0.6819799543460023,0.0980392156862746,0.09803921568627451
2026-09-23,3.725290298461914e-09,-4963423.013284999,39265478.0,34302054.986715004,34302054.986715004,0.0,4963423.013284999,4963423.013284999,6.910967470413626,0.27279198173840147,0.03571428571428581,0.03571428571428581
2026-09-24,0.0,-4963423.013284999,40111717.0,35148293.986715004,35148293.986715004,0.0,4963423.013284999,4963423.013284999,7.081462509368591,0.17049503895496532,0.021551730504847155,0.02155173050484703
2026-09-29,0.0,-4963423.013284999,39434726.0,34471302.986715004,34471302.986715004,0.0,4963423.013284999,4963423.013284999,6.945066518499391,-0.1363959908692003,-0.016877637025610293,-0.016877637025610247
2026-09-30,0.0,-4963423.013284999,39773221.0,34809797.986715004,34809797.986715004,0.0,4963423.013284999,4963423.013284999,7.01326441319706,0.06819789469766935,0.008583678253527127,0.008583678253527106
2026-10-01,40450212.24999999,0.0,0.0,35486789.236715,0.0,35486789.236715,-0.0,4963423.013284999,7.149660454434724,0.13639604123766436,0.017021282988370245,0.017021282988370304
