,cashflow,entry_cost,market_value,profit_loss,unrealized,realized,position,invest,PNL/COST,return,return_pct,value_pct
2022-11-13,0.0,0.0,0.0,0.0,0.0,0.0,0.0,0.0,,,,
2022-11-14,-4951062.023940001,-4951062.023940001,4937474.0,-13588.023940000683,-13588.023940000683,0.0,4951062.023940001,4951062.023940001,-0.002744466515325026,-0.002744466515325026,-0.002744466515325006,-0.002744466515325026
2022-11-15,0.0,-4951062.023940001,4968141.0,17078.976059999317,17078.976059999317,0.0,4951062.023940001,4951062.023940001,0.003449558090247485,0.006194024605572511,0.006211070681080955,0.006211070681081055
2022-11-16,0.0,-4951062.023940001,5320818.0,369755.9760599993,369755.9760599993,0.0,4951062.023940001,4951062.023940001,0.07468215390397222,0.07123259581372474,0.0709877195514379,0.07098771955143786
2022-11-17,0.0,-4951062.023940001,5635160.0,684097.9760599993,684097.9760599993,0.0,4951062.023940001,4951062.023940001,0.13817196648964652,0.06348981258567431,0.05907775834467577,0.059077758344675574
2022-11-18,0.0,-4951062.023940001,5612159.0,661096.9760599993,661096.9760599993,0.0,4951062.023940001,4951062.023940001,0.13352629655281628,-0.004645669936830243,-0.004081694219862375,-0.004081694219862435
2022-11-21,5642826.71064,0.0,0.0,691764.6866999994,0.0,691764.6866999994,-0.0,4951062.023940001,0.13972046469123015,0.006194168138413864,0.005464512078150241,0.005464512078150328
2022-11-22,-4912502.154315,-4912502.154315,4816720.0,595982.532384999,-95782.1543150004,691764.6866999994,4912502.154315,4951062.023940001,0.06042263441635926,-0.019345779522022225,-0.01697414420584553,-0.01697414420584554
2022-11-23,0.0,-4912502.154315,4736218.0,515480.532384999,-176284.1543150004,691764.6866999994,4912502.154315,4951062.023940001,0.052261081599835495,-0.01625954181360413,-0.014512593000214569,-0.014512593000214475
2022-11-24,4796594.531435,0.0,0.0,575857.0638199993,0.0,575857.0638199993,-0.0,4951062.023940001,0.058382249399210204,0.012194662709346007,0.011044738207542704,0.011044738207542608
2022-11-25,0.0,0.0,0.0,575857.0638199993,0.0,575857.0638199993,-0.0,4951062.023940001,0.058382249399210204,0.0,0.0,0.0
2022-11-28,0.0,0.0,0.0,575857.0638199993,0.0,575857.0638199993,-0.0,4951062.023940001,0.058382249399210204,0.0,0.0,0.0
2022-11-29,0.0,0.0,0.0,575857.0638199993,0.0,575857.0638199993,-0.0,4951062.023940001,0.058382249399210204,0.0,0.0,0.0
2022-11-30,0.0,0.0,0.0,575857.0638199993,0.0,575857.0638199993,-0.0,4951062.023940001,0.058382249399210204,0.0,0.0,0.0
2022-12-01,0.0,0.0,0.0,575857.0638199993,0.0,575857.0638199993,-0.0,4951062.023940001,0.058382249399210204,0.0,0.0,0.0
2022-12-02,0.0,0.0,0.0,575857.0638199993,0.0,575857.0638199993,-0.0,4951062.023940001,0.058382249399210204,0.0,0.0,0.0
2022-12-05,0.0,0.0,0.0,575857.0638199993,0.0,575857.0638199993,-0.0,4951062.023940001,0.058382249399210204,0.0,0.0,0.0
2022-12-06,0.0,0.0,0.0,575857.0638199993,0.0,575857.0638199993,-0.0,4951062.023940001,0.058382249399210204,0.0,0.0,0.0
2022-12-07,-5175672.037759999,-5175672.03776,4977724.0,377909.0260599996,-197948.03775999974,575857.0638199993,5175672.03776,4951062.023940001,0.025128206022694916,-0.039980924658761366,-0.0358152588479862,-0.03581525884798613
2022-12-08,4944181.755274999,0.0,0.0,344366.7813349993,0.0,344366.7813349993,-0.0,4951062.023940001,0.022897890317613974,-0.006774757529356842,-0.006294319186628039,-0.006294319186628023
2022-12-09,0.0,0.0,0.0,344366.7813349993,0.0,344366.7813349993,-0.0,4951062.023940001,0.022897890317613974,0.0,0.0,0.0
2022-12-12,0.0,0.0,0.0,344366.7813349993,0.0,344366.7813349993,-0.0,4951062.023940001,0.022897890317613974,0.0,0.0,0.0
2022-12-13,0.0,0.0,0.0,344366.7813349993,0.0,344366.7813349993,-0.0,4951062.023940001,0.022897890317613974,0.0,0.0,0.0
2022-12-14,0.0,0.0,0.0,344366.7813349993,0.0,344366.7813349993,-0.0,4951062.023940001,0.022897890317613974,0.0,0.0,0.0
2022-12-15,-4563537.5874149995,-4563537.5874149995,4508128.0,288957.1939199998,-55409.58741499949,344366.7813349993,4563537.5874149995,4951062.023940001,0.01474062787325738,-0.011191454913526848,-0.01046366393592213,-0.01046366393592218
2022-12-16,4456376.48757,0.0,0.0,237205.6814899997,0.0,237205.6814899997,-0.0,4951062.023940001,0.012100618201720748,-0.010452608385789694,-0.009876206608863347,-0.009876206608863392
2022-12-19,0.0,0.0,0.0,237205.6814899997,0.0,237205.6814899997,-0.0,4951062.023940001,0.012100618201720748,0.0,0.0,0.0
2022-12-20,-4696568.086124999,-4696568.086124999,4283872.0,-175490.40463499975,-412696.08612499945,237205.6814899997,4696568.086124999,4951062.023940001,-0.0072220229433634904,-0.08335506283893823,-0.07954410018069724,-0.07954410018069712
2022-12-21,4370124.050985,0.0,0.0,-89238.35365000024,0.0,-89238.35365000024,-0.0,4951062.023940001,-0.0036724596927606126,0.017420919101385254,0.01806109464180805,0.01806109464180792
2022-12-22,0.0,0.0,0.0,-89238.35365000024,0.0,-89238.35365000024,-0.0,4951062.023940001,-0.0036724596927606126,0.0,0.0,0.0
2022-12-23,0.0,0.0,0.0,-89238.35365000024,0.0,-89238.35365000024,-0.0,4951062.023940001,-0.0036724596927606126,0.0,0.0,0.0
2022-12-26,0.0,0.0,0.0,-89238.35365000024,0.0,-89238.35365000024,-0.0,4951062.023940001,-0.0036724596927606126,0.0,0.0,0.0
2022-12-27,0.0,0.0,0.0,-89238.35365000024,0.0,-89238.35365000024,-0.0,4951062.023940001,-0.0036724596927606126,0.0,0.0,0.0
2022-12-28,0.0,0.0,0.0,-89238.35365000024,0.0,-89238.35365000024,-0.0,4951062.023940001,-0.0036724596927606126,0.0,0.0,0.0
2022-12-29,0.0,0.0,0.0,-89238.35365000024,0.0,-89238.35365000024,-0.0,4951062.023940001,-0.0036724596927606126,0.0,0.0,0.0
2022-12-30,0.0,0.0,0.0,-89238.35365000024,0.0,-89238.35365000024,-0.0,4951062.023940001,-0.0036724596927606126,0.0,0.0,0.0
2023-01-03,0.0,0.0,0.0,-89238.35365000024,0.0,-89238.35365000024,-0.0,4951062.023940001,-0.0036724596927606126,0.0,0.0,0.0
2023-01-04,0.0,0.0,0.0,-89238.35365000024,0.0,-89238.35365000024,-0.0,4951062.023940001,-0.0036724596927606126,0.0,0.0,0.0
2023-01-05,0.0,0.0,0.0,-89238.35365000024,0.0,-89238.35365000024,-0.0,4951062.023940001,-0.0036724596927606126,0.0,0.0,0.0
2023-01-06,0.0,0.0,0.0,-89238.35365000024,0.0,-89238.35365000024,-0.0,4951062.023940001,-0.0036724596927606126,0.0,0.0,0.0
2023-01-09,0.0,0.0,0.0,-89238.35365000024,0.0,-89238.35365000024,-0.0,4951062.023940001,-0.0036724596927606126,0.0,0.0,0.0
2023-01-10,0.0,0.0,0.0,-89238.35365000024,0.0,-89238.35365000024,-0.0,4951062.023940001,-0.0036724596927606126,0.0,0.0,0.0
2023-01-11,0.0,0.0,0.0,-89238.35365000024,0.0,-89238.35365000024,-0.0,4951062.023940001,-0.0036724596927606126,0.0,0.0,0.0
2023-01-12,0.0,0.0,0.0,-89238.35365000024,0.0,-89238.35365000024,-0.0,4951062.023940001,-0.0036724596927606126,0.0,0.0,0.0
2023-01-13,0.0,0.0,0.0,-89238.35365000024,0.0,-89238.35365000024,-0.0,4951062.023940001,-0.0036724596927606126,0.0,0.0,0.0
2023-01-16,0.0,0.0,0.0,-89238.35365000024,0.0,-89238.35365000024,-0.0,4951062.023940001,-0.0036724596927606126,0.0,0.0,0.0
2023-01-17,0.0,0.0,0.0,-89238.35365000024,0.0,-89238.35365000024,-0.0,4951062.023940001,-0.0036724596927606126,0.0,0.0,0.0
2023-01-30,0.0,0.0,0.0,-89238.35365000024,0.0,-89238.35365000024,-0.0,4951062.023940001,-0.0036724596927606126,0.0,0.0,0.0
2023-01-31,-4447858.579395,-4447858.579395,4496627.0,-40469.93304500013,48768.42060500011,-89238.35365000024,4447858.579395,4951062.023940001,-0.0014077869282858313,0.009850092842543456,0.010030890446113494,0.010030890446113432
2023-02-01,0.0,-4447858.579395,4519628.0,-17468.93304500013,71769.42060500011,-89238.35365000024,4447858.579395,4951062.023940001,-0.0006076742347091646,0.00464566993683025,0.0046839565523366655,0.004683956552336615
2023-02-02,0.0,-4447858.579395,4968141.0,431044.0669549999,520282.4206050001,-89238.35365000024,4447858.579395,4951062.023940001,0.014994297181061954,0.09058925091854904,0.09091001056162007,0.09091001056162
2023-02-03,0.0,-4447858.579395,4945140.0,408043.0669549999,497281.4206050001,-89238.35365000024,4447858.579395,4951062.023940001,0.014194184487485287,-0.004645669936830257,-0.00427360583599623,-0.00427360583599628
2023-02-06,0.0,-4447858.579395,4588630.0,51533.06695499987,140771.4206050001,-89238.35365000024,4447858.579395,4951062.023940001,0.0017926290600248536,-0.07200677314809587,-0.06652416661985283,-0.06652416661985272
2023-02-07,4605880.591515,0.0,0.0,68783.65846999991,0.0,68783.65846999991,-0.0,4951062.023940001,0.0023927080671487817,0.0034842204423187993,0.0034483285577915357,0.0034483285577913483
2023-02-08,-4962630.285255,-4962630.285255,5318901.0,425054.3732149999,356270.714745,68783.65846999991,4962630.285255,4951062.023940001,0.0126092111323335,0.07195844306177439,0.07097244363375643,0.07097244363375656
2023-02-09,0.0,-4962630.285255,5290150.0,396303.3732149999,327519.714745,68783.65846999991,4962630.285255,4951062.023940001,0.011756314533426264,-0.005807036926820858,-0.0053479124847845005,-0.00534791248478452
2023-02-10,0.0,-4962630.285255,5232648.0,338801.3732149999,270017.714745,68783.65846999991,4962630.285255,4951062.023940001,0.010050521335611792,-0.011614073853641715,-0.010753332852584396,-0.010753332852584419
2023-02-13,0.0,-4962630.285255,5163647.0,269800.3732149999,201016.714745,68783.65846999991,4962630.285255,4951062.023940001,0.008003611029145992,-0.013936605856755102,-0.013044004130070785,-0.013044004130070765
2023-02-14,0.0,-4962630.285255,5238398.0,344551.3732149999,275767.714745,68783.65846999991,4962630.285255,4951062.023940001,0.010221094722405871,0.015097972846745716,0.0143177495045137,0.014317749504513658
2023-02-15,5163646.706505,0.0,0.0,269800.07972000015,0.0,269800.07972000015,-0.0,4951062.023940001,0.008003602322635363,-0.015098032125946494,-0.014115700654273478,-0.014115700654273387
2023-02-16,0.0,0.0,0.0,269800.07972000015,0.0,269800.07972000015,-0.0,4951062.023940001,0.008003602322635363,0.0,0.0,0.0
2023-02-17,0.0,0.0,0.0,269800.07972000015,0.0,269800.07972000015,-0.0,4951062.023940001,0.008003602322635363,0.0,0.0,0.0
2023-02-20,-4723559.994862501,-4723559.994862501,4767844.0,314084.0848574996,44284.00513749942,269800.07972000015,4723559.994862501,4951062.023940001,0.00817216692922469,0.008944344652394139,0.008482125031889831,0.008482125031889817
2023-02-21,0.0,-4723559.994862501,4959516.0,505756.0848574996,235956.00513749942,269800.07972000015,4723559.994862501,4951062.023940001,0.013159288707041042,0.03871331020964862,0.036403928027702204,0.03640392802770211
2023-02-22,0.0,-4723559.994862501,4863680.0,409920.0848574996,140120.00513749942,269800.07972000015,4723559.994862501,4951062.023940001,0.010665727818132865,-0.019356655104824316,-0.01756261581185803,-0.017562615811857994
2023-02-23,0.0,-4723559.994862501,5342860.0,889100.0848574996,619300.0051374994,269800.07972000015,4723559.994862501,4951062.023940001,0.023133532262673742,0.09678327552412157,0.08938287617368723,0.08938287617368731
2023-02-24,0.0,-4723559.994862501,5558491.0,1104731.0848574997,834931.0051374994,269800.07972000027,4723559.994862501,4951062.023940001,0.02874404426271714,0.04355247398585471,0.03692209154180448,0.03692209154180464
2023-03-01,5414736.794512501,0.0,0.0,960976.8793700002,0.0,960976.8793700002,-0.0,4951062.023940001,0.02500369758276704,-0.02903502416095799,-0.02373829536525296,-0.02373829536525312
2023-03-02,-4550041.382689999,-4550041.382689999,4580963.0,991898.4966800008,30921.617310000584,960976.8793700002,4550041.382689999,4951062.023940001,0.023076298180180806,0.006245451412340314,0.005230279742017174,0.005230279742017319
2023-03-03,0.0,-4550041.382689999,4140117.0,551052.4966800008,-409924.3826899994,960976.8793700002,4550041.382689999,4951062.023940001,0.012820113921821195,-0.08904069427293895,-0.07417952693281704,-0.07417952693281708
2023-03-06,0.0,-4550041.382689999,4120950.0,531885.4966800008,-429091.3826899994,960976.8793700002,4550041.382689999,4951062.023940001,0.01237419792467031,-0.0038712906255913004,-0.0034835698036035367,-0.0034835698036034665
2023-03-07,4101782.93805,0.0,0.0,512718.43473000074,0.0,512718.43473000074,-0.0,4951062.023940001,0.011928280486266438,-0.0038713031380582658,-0.0034957587826469627,-0.003495758782647018
2023-03-08,0.0,0.0,0.0,512718.43473000074,0.0,512718.43473000074,-0.0,4951062.023940001,0.011928280486266438,0.0,0.0,0.0
2023-03-09,0.0,0.0,0.0,512718.43473000074,0.0,512718.43473000074,-0.0,4951062.023940001,0.011928280486266438,0.0,0.0,0.0
2023-03-10,0.0,0.0,0.0,512718.43473000074,0.0,512718.43473000074,-0.0,4951062.023940001,0.011928280486266438,0.0,0.0,0.0
2023-03-13,0.0,0.0,0.0,512718.43473000074,0.0,512718.43473000074,-0.0,4951062.023940001,0.011928280486266438,0.0,0.0,0.0
2023-03-14,0.0,0.0,0.0,512718.43473000074,0.0,512718.43473000074,-0.0,4951062.023940001,0.011928280486266438,0.0,0.0,0.0
2023-03-15,0.0,0.0,0.0,512718.43473000074,0.0,512718.43473000074,-0.0,4951062.023940001,0.011928280486266438,0.0,0.0,0.0
2023-03-16,0.0,0.0,0.0,512718.43473000074,0.0,512718.43473000074,-0.0,4951062.023940001,0.011928280486266438,0.0,0.0,0.0
2023-03-17,0.0,0.0,0.0,512718.43473000074,0.0,512718.43473000074,-0.0,4951062.023940001,0.011928280486266438,0.0,0.0,0.0
2023-03-20,0.0,0.0,0.0,512718.43473000074,0.0,512718.43473000074,-0.0,4951062.023940001,0.011928280486266438,0.0,0.0,0.0
2023-03-21,0.0,0.0,0.0,512718.43473000074,0.0,512718.43473000074,-0.0,4951062.023940001,0.011928280486266438,0.0,0.0,0.0
2023-03-22,-4434362.37467,-4434362.37467,4446793.0,525149.060060001,12430.625330000184,512718.4347300008,4434362.37467,4951062.023940001,0.011074936435283105,0.0025106987692527644,0.002275096048245384,0.002275096048245342
2023-03-23,4446792.68439,0.0,0.0,525148.7444500014,0.0,525148.7444500014,-0.0,4951062.023940001,0.011074929779343013,-6.374591916824546e-08,-5.76329135526521e-08,-5.763291347647816e-08
2023-03-24,-4685000.22538,-4685000.22538,4465960.0,306108.51907000167,-219040.22537999973,525148.7444500014,4685000.22538,4951062.023940001,0.005875088287406775,-0.04424105864981468,-0.039998501636268724,-0.039998501636268696
2023-03-27,4446792.68439,0.0,0.0,286941.2034600017,0.0,286941.2034600017,-0.0,4951062.023940001,0.005507213287444464,-0.003871354371510552,-0.003645937572918423,-0.0036459375729183995
2023-03-28,0.0,0.0,0.0,286941.2034600017,0.0,286941.2034600017,-0.0,4951062.023940001,0.005507213287444464,0.0,0.0,0.0
2023-03-29,0.0,0.0,0.0,286941.2034600017,0.0,286941.2034600017,-0.0,4951062.023940001,0.005507213287444464,0.0,0.0,0.0
2023-03-30,0.0,0.0,0.0,286941.2034600017,0.0,286941.2034600017,-0.0,4951062.023940001,0.005507213287444464,0.0,0.0,0.0
2023-03-31,0.0,0.0,0.0,286941.2034600017,0.0,286941.2034600017,-0.0,4951062.023940001,0.005507213287444464,0.0,0.0,0.0
2023-04-06,0.0,0.0,0.0,286941.2034600017,0.0,286941.2034600017,-0.0,4951062.023940001,0.005507213287444464,0.0,0.0,0.0
2023-04-07,0.0,0.0,0.0,286941.2034600017,0.0,286941.2034600017,-0.0,4951062.023940001,0.005507213287444464,0.0,0.0,0.0
2023-04-10,0.0,0.0,0.0,286941.2034600017,0.0,286941.2034600017,-0.0,4951062.023940001,0.005507213287444464,0.0,0.0,0.0
2023-04-11,0.0,0.0,0.0,286941.2034600017,0.0,286941.2034600017,-0.0,4951062.023940001,0.005507213287444464,0.0,0.0,0.0
2023-04-12,0.0,0.0,0.0,286941.2034600017,0.0,286941.2034600017,-0.0,4951062.023940001,0.005507213287444464,0.0,0.0,0.0
2023-04-13,0.0,0.0,0.0,286941.2034600017,0.0,286941.2034600017,-0.0,4951062.023940001,0.005507213287444464,0.0,0.0,0.0
2023-04-14,0.0,0.0,0.0,286941.2034600017,0.0,286941.2034600017,-0.0,4951062.023940001,0.005507213287444464,0.0,0.0,0.0
2023-04-17,0.0,0.0,0.0,286941.2034600017,0.0,286941.2034600017,-0.0,4951062.023940001,0.005507213287444464,0.0,0.0,0.0
2023-04-18,0.0,0.0,0.0,286941.2034600017,0.0,286941.2034600017,-0.0,4951062.023940001,0.005507213287444464,0.0,0.0,0.0
2023-04-19,0.0,0.0,0.0,286941.2034600017,0.0,286941.2034600017,-0.0,4951062.023940001,0.005507213287444464,0.0,0.0,0.0
2023-04-20,0.0,0.0,0.0,286941.2034600017,0.0,286941.2034600017,-0.0,4951062.023940001,0.005507213287444464,0.0,0.0,0.0
2023-04-21,0.0,0.0,0.0,286941.2034600017,0.0,286941.2034600017,-0.0,4951062.023940001,0.005507213287444464,0.0,0.0,0.0
2023-04-24,0.0,0.0,0.0,286941.2034600017,0.0,286941.2034600017,-0.0,4951062.023940001,0.005507213287444464,0.0,0.0,0.0
2023-04-25,0.0,0.0,0.0,286941.2034600017,0.0,286941.2034600017,-0.0,4951062.023940001,0.005507213287444464,0.0,0.0,0.0
2023-04-26,0.0,0.0,0.0,286941.2034600017,0.0,286941.2034600017,-0.0,4951062.023940001,0.005507213287444464,0.0,0.0,0.0
2023-04-27,0.0,0.0,0.0,286941.2034600017,0.0,286941.2034600017,-0.0,4951062.023940001,0.005507213287444464,0.0,0.0,0.0
2023-04-28,0.0,0.0,0.0,286941.2034600017,0.0,286941.2034600017,-0.0,4951062.023940001,0.005507213287444464,0.0,0.0,0.0
2023-05-02,0.0,0.0,0.0,286941.2034600017,0.0,286941.2034600017,-0.0,4951062.023940001,0.005507213287444464,0.0,0.0,0.0
2023-05-03,0.0,0.0,0.0,286941.2034600017,0.0,286941.2034600017,-0.0,4951062.023940001,0.005507213287444464,0.0,0.0,0.0
2023-05-04,-4241564.02797,-4241564.02797,4235953.0,281330.1754900015,-5611.02797000017,286941.2034600017,4241564.02797,4951062.023940001,0.004993049556024665,-0.0011332978546560318,-0.00107121506543717,-0.001071215065437317
2023-05-05,0.0,-4241564.02797,4370124.0,415501.1754900015,128559.97202999983,286941.2034600017,4241564.02797,4951062.023940001,0.007374317227772143,0.027099438332874724,0.025642382085696136,0.02564238208569612
2023-05-08,0.0,-4241564.02797,4312622.0,357999.1754900015,71057.97202999983,286941.2034600017,4241564.02797,4951062.023940001,0.0063537714044509825,-0.011614073853641715,-0.01071486496350349,-0.010714864963503542
2023-05-09,0.0,-4241564.02797,4370124.0,415501.1754900015,128559.97202999983,286941.2034600017,4241564.02797,4951062.023940001,0.007374317227772143,0.011614073853641715,0.010830916774169586,0.010830916774169716
2023-05-10,4389291.0600000005,0.0,0.0,434668.23549000174,0.0,434668.23549000174,-0.0,4951062.023940001,0.007714494317757645,0.0038713027442034142,0.003571570721842221,0.003571570721842243
2023-05-11,0.0,0.0,0.0,434668.23549000174,0.0,434668.23549000174,-0.0,4951062.023940001,0.007714494317757645,0.0,0.0,0.0
2023-05-12,0.0,0.0,0.0,434668.23549000174,0.0,434668.23549000174,-0.0,4951062.023940001,0.007714494317757645,0.0,0.0,0.0
2023-05-15,0.0,0.0,0.0,434668.23549000174,0.0,434668.23549000174,-0.0,4951062.023940001,0.007714494317757645,0.0,0.0,0.0
2023-05-16,0.0,0.0,0.0,434668.23549000174,0.0,434668.23549000174,-0.0,4951062.023940001,0.007714494317757645,0.0,0.0,0.0
2023-05-17,0.0,0.0,0.0,434668.23549000174,0.0,434668.23549000174,-0.0,4951062.023940001,0.007714494317757645,0.0,0.0,0.0
2023-05-18,0.0,0.0,0.0,434668.23549000174,0.0,434668.23549000174,-0.0,4951062.023940001,0.007714494317757645,0.0,0.0,0.0
2023-05-19,-4588601.052030001,-4588601.052030001,4906806.0,752873.1834600009,318204.94796999916,434668.23549000174,4588601.052030001,4951062.023940001,0.012355762559134871,0.06427003871722359,0.059082971601269074,0.05908297160126923
2023-05-22,0.0,-4588601.052030001,4887639.0,733706.1834600009,299037.94796999916,434668.23549000174,4588601.052030001,4951062.023940001,0.012041203738109312,-0.0038712906255913004,-0.0033603116625751106,-0.0033603116625752845
2023-05-23,0.0,-4588601.052030001,4925973.0,772040.1834600009,337371.94796999916,434668.23549000174,4588601.052030001,4951062.023940001,0.012670321380160431,0.007742581251182601,0.0067432828571794,0.0067432828571795935
2023-05-24,0.0,-4588601.052030001,4849304.0,695371.1834600009,260702.94796999916,434668.23549000174,4588601.052030001,4951062.023940001,0.011412069684579033,-0.015485364479233016,-0.013396405868982497,-0.013396405868982485
2023-05-25,0.0,-4588601.052030001,5328485.0,1174552.183460001,739883.9479699992,434668.23549000174,4588601.052030001,4951062.023940001,0.019276138679092985,0.09678347750098937,0.08486437055024476,0.08486437055024462
2023-05-26,5462655.1135100005,0.0,0.0,1308722.2969700014,0.0,1308722.2969700014,-0.0,4951062.023940001,0.02147806870061807,0.027099259282401283,0.02190312823617213,0.021903128236172194
2023-05-29,-5610432.69011,-5610432.69011,5807665.0,1505954.6068600016,197232.30989000015,1308722.2969700014,5610432.69011,4951062.023940001,0.02263116667543823,0.03983636418536418,0.031507844324791145,0.03150784432479104
2023-05-30,0.0,-5610432.69011,5711829.0,1410118.6068600016,101396.30989000015,1308722.2969700014,5610432.69011,4951062.023940001,0.021190963577929513,-0.019356655104824316,-0.014842148546259204,-0.014842148546259242
2023-05-31,0.0,-5610432.69011,5730996.0,1429285.6068600016,120563.30989000015,1308722.2969700014,5610432.69011,4951062.023940001,0.021479001191873643,0.003871290625591328,0.0030131199084642013,0.003013119908464146
2023-06-01,0.0,-5610432.69011,5884334.0,1582623.6068600016,273901.30989000015,1308722.2969700014,5610432.69011,4951062.023940001,0.023783332159002822,0.030970728958465976,0.0240328597864774,0.024032859786477442
2023-06-02,0.0,-5610432.69011,5512936.0,1211225.6068600016,-97496.69010999985,1308722.2969700014,5610432.69011,4951062.023940001,0.01820204172525618,-0.07501380475626629,-0.056843567472732004,-0.05684356747273208
2023-06-05,5570967.301829999,0.0,0.0,1269256.9086900013,0.0,1269256.9086900013,-0.0,4951062.023940001,0.01907412383060312,0.011720980579398799,0.009417168640416973,0.009417168640417068
2023-06-06,0.0,0.0,0.0,1269256.9086900013,0.0,1269256.9086900013,-0.0,4951062.023940001,0.01907412383060312,0.0,0.0,0.0
2023-06-07,0.0,0.0,0.0,1269256.9086900013,0.0,1269256.9086900013,-0.0,4951062.023940001,0.01907412383060312,0.0,0.0,0.0
2023-06-08,0.0,0.0,0.0,1269256.9086900013,0.0,1269256.9086900013,-0.0,4951062.023940001,0.01907412383060312,0.0,0.0,0.0
2023-06-09,0.0,0.0,0.0,1269256.9086900013,0.0,1269256.9086900013,-0.0,4951062.023940001,0.01907412383060312,0.0,0.0,0.0
2023-06-12,0.0,0.0,0.0,1269256.9086900013,0.0,1269256.9086900013,-0.0,4951062.023940001,0.01907412383060312,0.0,0.0,0.0
2023-06-13,0.0,0.0,0.0,1269256.9086900013,0.0,1269256.9086900013,-0.0,4951062.023940001,0.01907412383060312,0.0,0.0,0.0
2023-06-14,-4407078.2501175,-4407078.2501175,4540918.0,1403096.658572501,133839.7498824997,1269256.9086900013,4407078.2501175,4951062.023940001,0.019775720212994608,0.027032533471675557,0.021516541407614165,0.021516541407614147
2023-06-15,0.0,-4407078.2501175,4773042.0,1635220.658572501,365963.7498824997,1269256.9086900013,4407078.2501175,4951062.023940001,0.023047354601598607,0.046883678466883405,0.036531036066007605,0.036531036066007674
2023-06-16,0.0,-4407078.2501175,4787550.0,1649728.658572501,380471.7498824997,1269256.9086900013,4407078.2501175,4951062.023940001,0.023251835274471153,0.002930280398397156,0.0022027599936638165,0.0022027599936639167
2023-06-19,0.0,-4407078.2501175,4932627.0,1794805.658572501,525548.7498824997,1269256.9086900013,4407078.2501175,4951062.023940001,0.02529659972017906,0.0293021980533682,0.02197873057607369,0.021978730576073715
2023-06-20,0.0,-4407078.2501175,4903612.0,1765790.658572501,496533.7498824997,1269256.9086900013,4407078.2501175,4951062.023940001,0.024887652468773152,-0.00586035881992647,-0.0043011516628492785,-0.0043011516628493
2023-06-21,4918119.39381,0.0,0.0,1780298.0523825013,0.0,1780298.0523825013,-0.0,4951062.023940001,0.02509212459779823,0.0029301579620397145,0.0021598499320627518,0.0021598499320627717
2023-06-26,0.0,0.0,0.0,1780298.0523825013,0.0,1780298.0523825013,-0.0,4951062.023940001,0.02509212459779823,0.0,0.0,0.0
2023-06-27,0.0,0.0,0.0,1780298.0523825013,0.0,1780298.0523825013,-0.0,4951062.023940001,0.02509212459779823,0.0,0.0,0.0
2023-06-28,0.0,0.0,0.0,1780298.0523825013,0.0,1780298.0523825013,-0.0,4951062.023940001,0.02509212459779823,0.0,0.0,0.0
2023-06-29,0.0,0.0,0.0,1780298.0523825013,0.0,1780298.0523825013,-0.0,4951062.023940001,0.02509212459779823,0.0,0.0,0.0
2023-06-30,0.0,0.0,0.0,1780298.0523825013,0.0,1780298.0523825013,-0.0,4951062.023940001,0.02509212459779823,0.0,0.0,0.0
2023-07-03,0.0,0.0,0.0,1780298.0523825013,0.0,1780298.0523825013,-0.0,4951062.023940001,0.02509212459779823,0.0,0.0,0.0
2023-07-04,0.0,0.0,0.0,1780298.0523825013,0.0,1780298.0523825013,-0.0,4951062.023940001,0.02509212459779823,0.0,0.0,0.0
2023-07-05,-4815681.581325,-4815681.581325,4744027.0,1708643.4710575012,-71654.58132500015,1780298.0523825013,4815681.581325,4951062.023940001,0.022551540739982674,-0.01447256790129614,-0.010644889073315844,-0.01064488907331588
2023-07-06,4758534.495645,0.0,0.0,1723150.9667025013,0.0,1723150.9667025013,-0.0,4951062.023940001,0.02274301800520223,0.002930178530354044,0.0021783989781376523,0.0021783989781376327
2023-07-07,0.0,0.0,0.0,1723150.9667025013,0.0,1723150.9667025013,-0.0,4951062.023940001,0.02274301800520223,0.0,0.0,0.0
2023-07-10,0.0,0.0,0.0,1723150.9667025013,0.0,1723150.9667025013,-0.0,4951062.023940001,0.02274301800520223,0.0,0.0,0.0
2023-07-11,0.0,0.0,0.0,1723150.9667025013,0.0,1723150.9667025013,-0.0,4951062.023940001,0.02274301800520223,0.0,0.0,0.0
2023-07-12,0.0,0.0,0.0,1723150.9667025013,0.0,1723150.9667025013,-0.0,4951062.023940001,0.02274301800520223,0.0,0.0,0.0
2023-07-13,0.0,0.0,0.0,1723150.9667025013,0.0,1723150.9667025013,-0.0,4951062.023940001,0.02274301800520223,0.0,0.0,0.0
2023-07-14,-5253470.8433024995,-5253470.8433024995,5425890.0,1895570.1234000018,172419.1566975005,1723150.9667025013,5253470.8433024995,4951062.023940001,0.023396432235518176,0.034824681222694776,0.02583363116209192,0.025833631162091867
2023-07-17,0.0,-5253470.8433024995,5208274.0,1677954.1234000018,-45196.8433024995,1723150.9667025013,5253470.8433024995,4951062.023940001,0.02071046565769924,-0.04395339806848625,-0.03178438615028367,-0.031784386150283596
2023-07-18,0.0,-5253470.8433024995,5193766.0,1663446.1234000018,-59704.8433024995,1723150.9667025013,5253470.8433024995,4951062.023940001,0.020531397927794282,-0.002930280398397156,-0.002188560063444811,-0.002188560063444945
2023-07-19,0.0,-5253470.8433024995,5367859.0,1837539.1234000018,114388.1566975005,1723150.9667025013,5253470.8433024995,4951062.023940001,0.022680173658587204,0.03516275885016257,0.026319870823654723,0.026319870823654633
2023-07-20,0.0,-5253470.8433024995,5309828.0,1779508.1234000018,56357.1566975005,1723150.9667025013,5253470.8433024995,4951062.023940001,0.021963915081656227,-0.011720919616720893,-0.008548300119640806,-0.008548300119640768
2023-07-21,5121227.7446925,0.0,0.0,1590907.8680925013,0.0,1590907.8680925013,-0.0,4951062.023940001,0.019636080812466164,-0.03809288883790113,-0.028021438181138003,-0.028021438181137958
2023-07-24,0.0,0.0,0.0,1590907.8680925013,0.0,1590907.8680925013,-0.0,4951062.023940001,0.019636080812466164,0.0,0.0,0.0
2023-07-25,-5559923.1163874995,-5559923.1163874995,5469413.0,1500397.7517050018,-90510.1163874995,1590907.8680925013,5559923.1163874995,4951062.023940001,0.017329702174997925,-0.018280949814373892,-0.013835300052012056,-0.013835300052012195
2023-07-26,0.0,-5559923.1163874995,5338844.0,1369828.7517050018,-221079.1163874995,1590907.8680925013,5559923.1163874995,4951062.023940001,0.015821620814094776,-0.026371917654971044,-0.020238675360406688,-0.020238675360406473
2023-07-27,5498428.413082499,0.0,0.0,1529413.1647875013,0.0,1529413.1647875013,-0.0,4951062.023940001,0.01766483228741835,0.032232359908006936,0.02524713980146487,0.025247139801464938
2023-07-28,0.0,0.0,0.0,1529413.1647875013,0.0,1529413.1647875013,-0.0,4951062.023940001,0.01766483228741835,0.0,0.0,0.0
2023-07-31,0.0,0.0,0.0,1529413.1647875013,0.0,1529413.1647875013,-0.0,4951062.023940001,0.01766483228741835,0.0,0.0,0.0
2023-08-01,0.0,0.0,0.0,1529413.1647875013,0.0,1529413.1647875013,-0.0,4951062.023940001,0.01766483228741835,0.0,0.0,0.0
2023-08-02,0.0,0.0,0.0,1529413.1647875013,0.0,1529413.1647875013,-0.0,4951062.023940001,0.01766483228741835,0.0,0.0,0.0
2023-08-04,0.0,0.0,0.0,1529413.1647875013,0.0,1529413.1647875013,-0.0,4951062.023940001,0.01766483228741835,0.0,0.0,0.0
2023-08-07,0.0,0.0,0.0,1529413.1647875013,0.0,1529413.1647875013,-0.0,4951062.023940001,0.01766483228741835,0.0,0.0,0.0
2023-08-08,0.0,0.0,0.0,1529413.1647875013,0.0,1529413.1647875013,-0.0,4951062.023940001,0.01766483228741835,0.0,0.0,0.0
2023-08-09,0.0,0.0,0.0,1529413.1647875013,0.0,1529413.1647875013,-0.0,4951062.023940001,0.01766483228741835,0.0,0.0,0.0
2023-08-10,0.0,0.0,0.0,1529413.1647875013,0.0,1529413.1647875013,-0.0,4951062.023940001,0.01766483228741835,0.0,0.0,0.0
2023-08-11,0.0,0.0,0.0,1529413.1647875013,0.0,1529413.1647875013,-0.0,4951062.023940001,0.01766483228741835,0.0,0.0,0.0
2023-08-14,0.0,0.0,0.0,1529413.1647875013,0.0,1529413.1647875013,-0.0,4951062.023940001,0.01766483228741835,0.0,0.0,0.0
2023-08-15,0.0,0.0,0.0,1529413.1647875013,0.0,1529413.1647875013,-0.0,4951062.023940001,0.01766483228741835,0.0,0.0,0.0
2023-08-16,0.0,0.0,0.0,1529413.1647875013,0.0,1529413.1647875013,-0.0,4951062.023940001,0.01766483228741835,0.0,0.0,0.0
2023-08-17,0.0,0.0,0.0,1529413.1647875013,0.0,1529413.1647875013,-0.0,4951062.023940001,0.01766483228741835,0.0,0.0,0.0
2023-08-18,0.0,0.0,0.0,1529413.1647875013,0.0,1529413.1647875013,-0.0,4951062.023940001,0.01766483228741835,0.0,0.0,0.0
2023-08-21,0.0,0.0,0.0,1529413.1647875013,0.0,1529413.1647875013,-0.0,4951062.023940001,0.01766483228741835,0.0,0.0,0.0
2023-08-22,0.0,0.0,0.0,1529413.1647875013,0.0,1529413.1647875013,-0.0,4951062.023940001,0.01766483228741835,0.0,0.0,0.0
2023-08-23,0.0,0.0,0.0,1529413.1647875013,0.0,1529413.1647875013,-0.0,4951062.023940001,0.01766483228741835,0.0,0.0,0.0
2023-08-24,-4494636.042427499,-4494636.042427499,4308795.0,1343572.1223600025,-185841.04242749885,1529413.1647875013,4494636.042427499,4951062.023940001,0.014752502717080345,-0.037535591662737566,-0.02867707027885258,-0.028677070278852555
2023-08-25,0.0,-4494636.042427499,4149210.0,1183987.1223600025,-345426.04242749885,1529413.1647875013,4494636.042427499,4951062.023940001,0.013000249818315265,-0.032232478451765356,-0.025352545722423625,-0.025352545722423653
2023-08-28,0.0,-4494636.042427499,4149210.0,1183987.1223600025,-345426.04242749885,1529413.1647875013,4494636.042427499,4951062.023940001,0.013000249818315265,0.0,0.0,0.0
2023-08-29,0.0,-4494636.042427499,4352318.0,1387095.1223600025,-142318.04242749885,1529413.1647875013,4494636.042427499,4951062.023940001,0.015230387874914432,0.04102311767008904,0.03310617326064813,0.03310617326064824
2023-08-30,0.0,-4494636.042427499,4308795.0,1343572.1223600025,-185841.04242749885,1529413.1647875013,4494636.042427499,4951062.023940001,0.014752502717080345,-0.008790639218323681,-0.006866822484104418,-0.006866822484104425
2023-08-31,4279779.5024775,0.0,0.0,1314556.6248375017,0.0,1314556.6248375017,-0.0,4951062.023940001,0.014433910809050687,-0.005860459307962862,-0.004609560595281836,-0.004609560595281962
2023-09-01,0.0,0.0,0.0,1314556.6248375017,0.0,1314556.6248375017,-0.0,4951062.023940001,0.014433910809050687,0.0,0.0,0.0
2023-09-04,0.0,0.0,0.0,1314556.6248375017,0.0,1314556.6248375017,-0.0,4951062.023940001,0.014433910809050687,0.0,0.0,0.0
2023-09-05,0.0,0.0,0.0,1314556.6248375017,0.0,1314556.6248375017,-0.0,4951062.023940001,0.014433910809050687,0.0,0.0,0.0
2023-09-06,0.0,0.0,0.0,1314556.6248375017,0.0,1314556.6248375017,-0.0,4951062.023940001,0.014433910809050687,0.0,0.0,0.0
2023-09-07,0.0,0.0,0.0,1314556.6248375017,0.0,1314556.6248375017,-0.0,4951062.023940001,0.014433910809050687,0.0,0.0,0.0
2023-09-08,0.0,0.0,0.0,1314556.6248375017,0.0,1314556.6248375017,-0.0,4951062.023940001,0.014433910809050687,0.0,0.0,0.0
2023-09-11,0.0,0.0,0.0,1314556.6248375017,0.0,1314556.6248375017,-0.0,4951062.023940001,0.014433910809050687,0.0,0.0,0.0
2023-09-12,0.0,0.0,0.0,1314556.6248375017,0.0,1314556.6248375017,-0.0,4951062.023940001,0.014433910809050687,0.0,0.0,0.0
2023-09-13,0.0,0.0,0.0,1314556.6248375017,0.0,1314556.6248375017,-0.0,4951062.023940001,0.014433910809050687,0.0,0.0,0.0
2023-09-14,0.0,0.0,0.0,1314556.6248375017,0.0,1314556.6248375017,-0.0,4951062.023940001,0.014433910809050687,0.0,0.0,0.0
2023-09-15,0.0,0.0,0.0,1314556.6248375017,0.0,1314556.6248375017,-0.0,4951062.023940001,0.014433910809050687,0.0,0.0,0.0
2023-09-18,-5623159.60015,-5623159.60015,5570967.0,1262364.0246875014,-52192.600150000304,1314556.6248375017,5623159.60015,4951062.023940001,0.01305479550335387,-0.010541697901911173,-0.008329999490183537,-0.008329999490183416
2023-09-19,5628998.17389,0.0,0.0,1320395.1985775016,0.0,1320395.1985775016,-0.0,4951062.023940001,0.013654927551747012,0.01172095473847845,0.009339641839435586,0.009339641839435564
2023-09-20,0.0,0.0,0.0,1320395.1985775016,0.0,1320395.1985775016,-0.0,4951062.023940001,0.013654927551747012,0.0,0.0,0.0
2023-09-21,0.0,0.0,0.0,1320395.1985775016,0.0,1320395.1985775016,-0.0,4951062.023940001,0.013654927551747012,0.0,0.0,0.0
2023-09-22,0.0,0.0,0.0,1320395.1985775016,0.0,1320395.1985775016,-0.0,4951062.023940001,0.013654927551747012,0.0,0.0,0.0
2023-09-25,0.0,0.0,0.0,1320395.1985775016,0.0,1320395.1985775016,-0.0,4951062.023940001,0.013654927551747012,0.0,0.0,0.0
2023-09-26,0.0,0.0,0.0,1320395.1985775016,0.0,1320395.1985775016,-0.0,4951062.023940001,0.013654927551747012,0.0,0.0,0.0
2023-09-27,0.0,0.0,0.0,1320395.1985775016,0.0,1320395.1985775016,-0.0,4951062.023940001,0.013654927551747012,0.0,0.0,0.0
2023-09-28,0.0,0.0,0.0,1320395.1985775016,0.0,1320395.1985775016,-0.0,4951062.023940001,0.013654927551747012,0.0,0.0,0.0
2023-10-02,0.0,0.0,0.0,1320395.1985775016,0.0,1320395.1985775016,-0.0,4951062.023940001,0.013654927551747012,0.0,0.0,0.0
2023-10-03,0.0,0.0,0.0,1320395.1985775016,0.0,1320395.1985775016,-0.0,4951062.023940001,0.013654927551747012,0.0,0.0,0.0
2023-10-04,0.0,0.0,0.0,1320395.1985775016,0.0,1320395.1985775016,-0.0,4951062.023940001,0.013654927551747012,0.0,0.0,0.0
2023-10-05,0.0,0.0,0.0,1320395.1985775016,0.0,1320395.1985775016,-0.0,4951062.023940001,0.013654927551747012,0.0,0.0,0.0
2023-10-06,0.0,0.0,0.0,1320395.1985775016,0.0,1320395.1985775016,-0.0,4951062.023940001,0.013654927551747012,0.0,0.0,0.0
2023-10-11,-4348706.3885775,-4348706.3885775,4569934.0,1541622.8100000012,221227.61142249964,1320395.1985775016,4348706.3885775,4951062.023940001,0.015256636311533168,0.044682860031401705,0.035275312191907826,0.035275312191907764
2023-10-12,0.0,-4348706.3885775,4918119.0,1889807.8100000012,569412.6114224996,1320395.1985775016,4348706.3885775,4951062.023940001,0.018702441523854314,0.0703253157234573,0.05362727575807935,0.05362727575807933
2023-10-13,0.0,-4348706.3885775,4918119.0,1889807.8100000012,569412.6114224996,1320395.1985775016,4348706.3885775,4951062.023940001,0.018702441523854314,0.0,0.0,0.0
2023-10-16,0.0,-4348706.3885775,4976150.0,1947838.8100000012,627443.6114224996,1320395.1985775016,4348706.3885775,4951062.023940001,0.019276744041987516,0.011720919616720893,0.008482985557200173,0.008482985557200264
2023-10-17,0.0,-4348706.3885775,4889104.0,1860792.8100000012,540397.6114224996,1320395.1985775016,4348706.3885775,4951062.023940001,0.018415295213026744,-0.017581278436647363,-0.012617372259036697,-0.012617372259036738
2023-10-18,4831073.08572,0.0,0.0,1802761.8957200015,0.0,1802761.8957200015,-0.0,4951062.023940001,0.017840993543219646,-0.011720902303263725,-0.008519106131102627,-0.008519106131102676
2023-10-19,0.0,0.0,0.0,1802761.8957200015,0.0,1802761.8957200015,-0.0,4951062.023940001,0.017840993543219646,0.0,0.0,0.0
2023-10-20,0.0,0.0,0.0,1802761.8957200015,0.0,1802761.8957200015,-0.0,4951062.023940001,0.017840993543219646,0.0,0.0,0.0
2023-10-23,0.0,0.0,0.0,1802761.8957200015,0.0,1802761.8957200015,-0.0,4951062.023940001,0.017840993543219646,0.0,0.0,0.0
2023-10-24,0.0,0.0,0.0,1802761.8957200015,0.0,1802761.8957200015,-0.0,4951062.023940001,0.017840993543219646,0.0,0.0,0.0
2023-10-25,0.0,0.0,0.0,1802761.8957200015,0.0,1802761.8957200015,-0.0,4951062.023940001,0.017840993543219646,0.0,0.0,0.0
2023-10-26,0.0,0.0,0.0,1802761.8957200015,0.0,1802761.8957200015,-0.0,4951062.023940001,0.017840993543219646,0.0,0.0,0.0
2023-10-27,0.0,0.0,0.0,1802761.8957200015,0.0,1802761.8957200015,-0.0,4951062.023940001,0.017840993543219646,0.0,0.0,0.0
2023-10-30,0.0,0.0,0.0,1802761.8957200015,0.0,1802761.8957200015,-0.0,4951062.023940001,0.017840993543219646,0.0,0.0,0.0
2023-10-31,0.0,0.0,0.0,1802761.8957200015,0.0,1802761.8957200015,-0.0,4951062.023940001,0.017840993543219646,0.0,0.0,0.0
2023-11-01,0.0,0.0,0.0,1802761.8957200015,0.0,1802761.8957200015,-0.0,4951062.023940001,0.017840993543219646,0.0,0.0,0.0
2023-11-02,0.0,0.0,0.0,1802761.8957200015,0.0,1802761.8957200015,-0.0,4951062.023940001,0.017840993543219646,0.0,0.0,0.0
2023-11-03,0.0,0.0,0.0,1802761.8957200015,0.0,1802761.8957200015,-0.0,4951062.023940001,0.017840993543219646,0.0,0.0,0.0
2023-11-06,0.0,0.0,0.0,1802761.8957200015,0.0,1802761.8957200015,-0.0,4951062.023940001,0.017840993543219646,0.0,0.0,0.0
2023-11-07,0.0,0.0,0.0,1802761.8957200015,0.0,1802761.8957200015,-0.0,4951062.023940001,0.017840993543219646,0.0,0.0,0.0
2023-11-08,0.0,0.0,0.0,1802761.8957200015,0.0,1802761.8957200015,-0.0,4951062.023940001,0.017840993543219646,0.0,0.0,0.0
2023-11-09,-4728123.789015001,-4728123.789015001,4831073.0,1905711.1067050009,102949.21098499931,1802761.8957200015,4728123.789015001,4951062.023940001,0.018016790570245637,0.020793359179749005,0.01524309964393944,0.01524309964393948
2023-11-10,0.0,-4728123.789015001,4845581.0,1920219.1067050009,117457.21098499931,1802761.8957200015,4728123.789015001,4951062.023940001,0.018153950707830744,0.002930280398397156,0.0021158640841068,0.002115864084106756
2023-11-13,0.0,-4728123.789015001,4932627.0,2007265.1067050009,204503.2109849993,1802761.8957200015,4728123.789015001,4951062.023940001,0.01897689262513383,0.017581278436647363,0.01266808886799664,0.012668088867996741
2023-11-14,0.0,-4728123.789015001,5034181.0,2108819.1067050006,306057.2109849993,1802761.8957200013,4728123.789015001,4951062.023940001,0.01993699468002202,0.02051155883504452,0.014594599836036615,0.014594599836036486
2023-11-15,0.0,-4728123.789015001,4860089.0,1934727.1067050009,131965.2109849993,1802761.8957200015,4728123.789015001,4951062.023940001,0.018291110845415848,-0.035162556873294726,-0.02465933870250514,-0.024659338702505102
2023-11-16,4860088.521750001,0.0,0.0,1934726.6284550014,0.0,1934726.6284550014,-0.0,4951062.023940001,0.018291106323990725,-9.65954369269717e-08,-6.945463926211204e-08,-6.945463916884385e-08
2023-11-17,0.0,0.0,0.0,1934726.6284550014,0.0,1934726.6284550014,-0.0,4951062.023940001,0.018291106323990725,0.0,0.0,0.0
2023-11-20,0.0,0.0,0.0,1934726.6284550014,0.0,1934726.6284550014,-0.0,4951062.023940001,0.018291106323990725,0.0,0.0,0.0
2023-11-21,0.0,0.0,0.0,1934726.6284550014,0.0,1934726.6284550014,-0.0,4951062.023940001,0.018291106323990725,0.0,0.0,0.0
2023-11-22,0.0,0.0,0.0,1934726.6284550014,0.0,1934726.6284550014,-0.0,4951062.023940001,0.018291106323990725,0.0,0.0,0.0
2023-11-23,-5224284.9125325,-5224284.9125325,4918119.0,1628560.7159225014,-306165.9125325,1934726.6284550014,5224284.9125325,4951062.023940001,0.014671922110995318,-0.06183843204792988,-0.044463448994475074,-0.044463448994475005
2023-11-24,4961642.547855,0.0,0.0,1672084.2637775014,0.0,1672084.2637775014,-0.0,4951062.023940001,0.015064031596309174,0.008790749872360615,0.0066149002117270594,0.006614900211726964
2023-11-27,0.0,0.0,0.0,1672084.2637775014,0.0,1672084.2637775014,-0.0,4951062.023940001,0.015064031596309174,0.0,0.0,0.0
2023-11-28,0.0,0.0,0.0,1672084.2637775014,0.0,1672084.2637775014,-0.0,4951062.023940001,0.015064031596309174,0.0,0.0,0.0
2023-11-29,0.0,0.0,0.0,1672084.2637775014,0.0,1672084.2637775014,-0.0,4951062.023940001,0.015064031596309174,0.0,0.0,0.0
2023-11-30,0.0,0.0,0.0,1672084.2637775014,0.0,1672084.2637775014,-0.0,4951062.023940001,0.015064031596309174,0.0,0.0,0.0
2023-12-01,0.0,0.0,0.0,1672084.2637775014,0.0,1672084.2637775014,-0.0,4951062.023940001,0.015064031596309174,0.0,0.0,0.0
2023-12-04,0.0,0.0,0.0,1672084.2637775014,0.0,1672084.2637775014,-0.0,4951062.023940001,0.015064031596309174,0.0,0.0,0.0
2023-12-05,0.0,0.0,0.0,1672084.2637775014,0.0,1672084.2637775014,-0.0,4951062.023940001,0.015064031596309174,0.0,0.0,0.0
2023-12-06,0.0,0.0,0.0,1672084.2637775014,0.0,1672084.2637775014,-0.0,4951062.023940001,0.015064031596309174,0.0,0.0,0.0
2023-12-07,0.0,0.0,0.0,1672084.2637775014,0.0,1672084.2637775014,-0.0,4951062.023940001,0.015064031596309174,0.0,0.0,0.0
2023-12-08,0.0,0.0,0.0,1672084.2637775014,0.0,1672084.2637775014,-0.0,4951062.023940001,0.015064031596309174,0.0,0.0,0.0
2023-12-11,-5413993.4625375,-5413993.4625375,5295320.0,1553410.8012400013,-118673.46253750008,1672084.2637775014,5413993.4625375,4951062.023940001,0.013344026302377856,-0.023969294257206897,-0.017917989031523862,-0.017917989031523845
2023-12-12,0.0,-5413993.4625375,5193766.0,1451856.8012400013,-220227.46253750008,1672084.2637775014,5413993.4625375,4951062.023940001,0.012471662568309604,-0.02051155883504452,-0.015612948616968048,-0.015612948616967994
2023-12-13,0.0,-5413993.4625375,5251797.0,1509887.8012400013,-162196.46253750008,1672084.2637775014,5413993.4625375,4951062.023940001,0.0129701573577981,0.011720919616720837,0.009063210323983606,0.009063210323983549
2023-12-14,0.0,-5413993.4625375,5237289.0,1495379.8012400013,-176704.46253750008,1672084.2637775014,5413993.4625375,4951062.023940001,0.01284553151288936,-0.002930280398397156,-0.002245490275045836,-0.0022454902750457142
2023-12-15,5280812.6428575,0.0,0.0,1538903.4440975015,0.0,1538903.4440975015,-0.0,4951062.023940001,0.013219405979709197,0.008790769060668002,0.006751576146626581,0.00675157614662641
2023-12-18,0.0,0.0,0.0,1538903.4440975015,0.0,1538903.4440975015,-0.0,4951062.023940001,0.013219405979709197,0.0,0.0,0.0
2023-12-19,0.0,0.0,0.0,1538903.4440975015,0.0,1538903.4440975015,-0.0,4951062.023940001,0.013219405979709197,0.0,0.0,0.0
2023-12-20,0.0,0.0,0.0,1538903.4440975015,0.0,1538903.4440975015,-0.0,4951062.023940001,0.013219405979709197,0.0,0.0,0.0
2023-12-21,0.0,0.0,0.0,1538903.4440975015,0.0,1538903.4440975015,-0.0,4951062.023940001,0.013219405979709197,0.0,0.0,0.0
2023-12-22,0.0,0.0,0.0,1538903.4440975015,0.0,1538903.4440975015,-0.0,4951062.023940001,0.013219405979709197,0.0,0.0,0.0
2023-12-25,0.0,0.0,0.0,1538903.4440975015,0.0,1538903.4440975015,-0.0,4951062.023940001,0.013219405979709197,0.0,0.0,0.0
2023-12-26,0.0,0.0,0.0,1538903.4440975015,0.0,1538903.4440975015,-0.0,4951062.023940001,0.013219405979709197,0.0,0.0,0.0
2023-12-27,0.0,0.0,0.0,1538903.4440975015,0.0,1538903.4440975015,-0.0,4951062.023940001,0.013219405979709197,0.0,0.0,0.0
2023-12-28,0.0,0.0,0.0,1538903.4440975015,0.0,1538903.4440975015,-0.0,4951062.023940001,0.013219405979709197,0.0,0.0,0.0
2023-12-29,0.0,0.0,0.0,1538903.4440975015,0.0,1538903.4440975015,-0.0,4951062.023940001,0.013219405979709197,0.0,0.0,0.0
2024-01-02,0.0,0.0,0.0,1538903.4440975015,0.0,1538903.4440975015,-0.0,4951062.023940001,0.013219405979709197,0.0,0.0,0.0
2024-01-03,0.0,0.0,0.0,1538903.4440975015,0.0,1538903.4440975015,-0.0,4951062.023940001,0.013219405979709197,0.0,0.0,0.0
2024-01-04,0.0,0.0,0.0,1538903.4440975015,0.0,1538903.4440975015,-0.0,4951062.023940001,0.013219405979709197,0.0,0.0,0.0
2024-01-05,0.0,0.0,0.0,1538903.4440975015,0.0,1538903.4440975015,-0.0,4951062.023940001,0.013219405979709197,0.0,0.0,0.0
2024-01-08,0.0,0.0,0.0,1538903.4440975015,0.0,1538903.4440975015,-0.0,4951062.023940001,0.013219405979709197,0.0,0.0,0.0
2024-01-09,0.0,0.0,0.0,1538903.4440975015,0.0,1538903.4440975015,-0.0,4951062.023940001,0.013219405979709197,0.0,0.0,0.0
2024-01-10,0.0,0.0,0.0,1538903.4440975015,0.0,1538903.4440975015,-0.0,4951062.023940001,0.013219405979709197,0.0,0.0,0.0
2024-01-11,0.0,0.0,0.0,1538903.4440975015,0.0,1538903.4440975015,-0.0,4951062.023940001,0.013219405979709197,0.0,0.0,0.0
2024-01-12,-5443179.3933075,-5443179.3933075,5251797.0,1347521.0507900019,-191382.3933074996,1538903.4440975015,5443179.3933075,4951062.023940001,0.011058340530505953,-0.03865481635699636,-0.029488969432894696,-0.02948896943289463
2024-01-15,0.0,-5443179.3933075,5106720.0,1202444.0507900019,-336459.3933074996,1538903.4440975015,5443179.3933075,4951062.023940001,0.009867775924332517,-0.029302198053368228,-0.023033275623854377,-0.023033275623854328
2024-01-16,5121227.744692499,0.0,0.0,1216951.795482501,0.0,1216951.795482501,-0.0,4951062.023940001,0.009986832751715838,0.002930228832187798,0.0023576388023858197,0.0023576388023856154
2024-01-17,0.0,0.0,0.0,1216951.795482501,0.0,1216951.795482501,-0.0,4951062.023940001,0.009986832751715838,0.0,0.0,0.0
2024-01-18,0.0,0.0,0.0,1216951.795482501,0.0,1216951.795482501,-0.0,4951062.023940001,0.009986832751715838,0.0,0.0,0.0
2024-01-19,0.0,0.0,0.0,1216951.795482501,0.0,1216951.795482501,-0.0,4951062.023940001,0.009986832751715838,0.0,0.0,0.0
2024-01-22,0.0,0.0,0.0,1216951.795482501,0.0,1216951.795482501,-0.0,4951062.023940001,0.009986832751715838,0.0,0.0,0.0
2024-01-23,0.0,0.0,0.0,1216951.795482501,0.0,1216951.795482501,-0.0,4951062.023940001,0.009986832751715838,0.0,0.0,0.0
2024-01-24,0.0,0.0,0.0,1216951.795482501,0.0,1216951.795482501,-0.0,4951062.023940001,0.009986832751715838,0.0,0.0,0.0
2024-01-25,0.0,0.0,0.0,1216951.795482501,0.0,1216951.795482501,-0.0,4951062.023940001,0.009986832751715838,0.0,0.0,0.0
2024-01-26,0.0,0.0,0.0,1216951.795482501,0.0,1216951.795482501,-0.0,4951062.023940001,0.009986832751715838,0.0,0.0,0.0
2024-01-29,0.0,0.0,0.0,1216951.795482501,0.0,1216951.795482501,-0.0,4951062.023940001,0.009986832751715838,0.0,0.0,0.0
2024-01-30,0.0,0.0,0.0,1216951.795482501,0.0,1216951.795482501,-0.0,4951062.023940001,0.009986832751715838,0.0,0.0,0.0
2024-01-31,0.0,0.0,0.0,1216951.795482501,0.0,1216951.795482501,-0.0,4951062.023940001,0.009986832751715838,0.0,0.0,0.0
2024-02-01,0.0,0.0,0.0,1216951.795482501,0.0,1216951.795482501,-0.0,4951062.023940001,0.009986832751715838,0.0,0.0,0.0
2024-02-02,0.0,0.0,0.0,1216951.795482501,0.0,1216951.795482501,-0.0,4951062.023940001,0.009986832751715838,0.0,0.0,0.0
2024-02-05,0.0,0.0,0.0,1216951.795482501,0.0,1216951.795482501,-0.0,4951062.023940001,0.009986832751715838,0.0,0.0,0.0
2024-02-15,0.0,0.0,0.0,1216951.795482501,0.0,1216951.795482501,-0.0,4951062.023940001,0.009986832751715838,0.0,0.0,0.0
2024-02-16,0.0,0.0,0.0,1216951.795482501,0.0,1216951.795482501,-0.0,4951062.023940001,0.009986832751715838,0.0,0.0,0.0
2024-02-19,0.0,0.0,0.0,1216951.795482501,0.0,1216951.795482501,-0.0,4951062.023940001,0.009986832751715838,0.0,0.0,0.0
2024-02-20,0.0,0.0,0.0,1216951.795482501,0.0,1216951.795482501,-0.0,4951062.023940001,0.009986832751715838,0.0,0.0,0.0
2024-02-21,0.0,0.0,0.0,1216951.795482501,0.0,1216951.795482501,-0.0,4951062.023940001,0.009986832751715838,0.0,0.0,0.0
2024-02-22,0.0,0.0,0.0,1216951.795482501,0.0,1216951.795482501,-0.0,4951062.023940001,0.009986832751715838,0.0,0.0,0.0
2024-02-23,0.0,0.0,0.0,1216951.795482501,0.0,1216951.795482501,-0.0,4951062.023940001,0.009986832751715838,0.0,0.0,0.0
2024-02-26,0.0,0.0,0.0,1216951.795482501,0.0,1216951.795482501,-0.0,4951062.023940001,0.009986832751715838,0.0,0.0,0.0
2024-02-27,0.0,0.0,0.0,1216951.795482501,0.0,1216951.795482501,-0.0,4951062.023940001,0.009986832751715838,0.0,0.0,0.0
2024-02-29,0.0,0.0,0.0,1216951.795482501,0.0,1216951.795482501,-0.0,4951062.023940001,0.009986832751715838,0.0,0.0,0.0
2024-03-01,-4640565.6962775,-4640565.6962775,4584442.0,1160828.0992050008,-56123.69627750013,1216951.795482501,4640565.6962775,4951062.023940001,0.009176782700080169,-0.011335688384860404,-0.009099152161555213,-0.009099152161555123
2024-03-04,0.0,-4640565.6962775,4482888.0,1059274.0992050008,-157677.69627750013,1216951.795482501,4640565.6962775,4951062.023940001,0.00837396013663414,-0.020511558835044547,-0.016615809177495944,-0.016615809177496024
2024-03-05,4526410.708732501,0.0,0.0,1102796.8079375012,0.0,1102796.8079375012,-0.0,4951062.023940001,0.008718023517621012,0.008790580389026414,0.007241310276292046,0.007241310276292254
2024-03-06,0.0,0.0,0.0,1102796.8079375012,0.0,1102796.8079375012,-0.0,4951062.023940001,0.008718023517621012,0.0,0.0,0.0
2024-03-07,0.0,0.0,0.0,1102796.8079375012,0.0,1102796.8079375012,-0.0,4951062.023940001,0.008718023517621012,0.0,0.0,0.0
2024-03-08,0.0,0.0,0.0,1102796.8079375012,0.0,1102796.8079375012,-0.0,4951062.023940001,0.008718023517621012,0.0,0.0,0.0
2024-03-11,0.0,0.0,0.0,1102796.8079375012,0.0,1102796.8079375012,-0.0,4951062.023940001,0.008718023517621012,0.0,0.0,0.0
2024-03-12,0.0,0.0,0.0,1102796.8079375012,0.0,1102796.8079375012,-0.0,4951062.023940001,0.008718023517621012,0.0,0.0,0.0
2024-03-13,0.0,0.0,0.0,1102796.8079375012,0.0,1102796.8079375012,-0.0,4951062.023940001,0.008718023517621012,0.0,0.0,0.0
2024-03-14,0.0,0.0,0.0,1102796.8079375012,0.0,1102796.8079375012,-0.0,4951062.023940001,0.008718023517621012,0.0,0.0,0.0
2024-03-15,0.0,0.0,0.0,1102796.8079375012,0.0,1102796.8079375012,-0.0,4951062.023940001,0.008718023517621012,0.0,0.0,0.0
2024-03-18,0.0,0.0,0.0,1102796.8079375012,0.0,1102796.8079375012,-0.0,4951062.023940001,0.008718023517621012,0.0,0.0,0.0
2024-03-19,0.0,0.0,0.0,1102796.8079375012,0.0,1102796.8079375012,-0.0,4951062.023940001,0.008718023517621012,0.0,0.0,0.0
2024-03-20,0.0,0.0,0.0,1102796.8079375012,0.0,1102796.8079375012,-0.0,4951062.023940001,0.008718023517621012,0.0,0.0,0.0
2024-03-21,0.0,0.0,0.0,1102796.8079375012,0.0,1102796.8079375012,-0.0,4951062.023940001,0.008718023517621012,0.0,0.0,0.0
2024-03-22,0.0,0.0,0.0,1102796.8079375012,0.0,1102796.8079375012,-0.0,4951062.023940001,0.008718023517621012,0.0,0.0,0.0
2024-03-25,0.0,0.0,0.0,1102796.8079375012,0.0,1102796.8079375012,-0.0,4951062.023940001,0.008718023517621012,0.0,0.0,0.0
2024-03-26,0.0,0.0,0.0,1102796.8079375012,0.0,1102796.8079375012,-0.0,4951062.023940001,0.008718023517621012,0.0,0.0,0.0
2024-03-27,0.0,0.0,0.0,1102796.8079375012,0.0,1102796.8079375012,-0.0,4951062.023940001,0.008718023517621012,0.0,0.0,0.0
2024-03-28,0.0,0.0,0.0,1102796.8079375012,0.0,1102796.8079375012,-0.0,4951062.023940001,0.008718023517621012,0.0,0.0,0.0
2024-03-29,0.0,0.0,0.0,1102796.8079375012,0.0,1102796.8079375012,-0.0,4951062.023940001,0.008718023517621012,0.0,0.0,0.0
2024-04-01,0.0,0.0,0.0,1102796.8079375012,0.0,1102796.8079375012,-0.0,4951062.023940001,0.008718023517621012,0.0,0.0,0.0
2024-04-02,0.0,0.0,0.0,1102796.8079375012,0.0,1102796.8079375012,-0.0,4951062.023940001,0.008718023517621012,0.0,0.0,0.0
2024-04-03,-5370214.46624,-5370214.46624,5358187.0,1090769.3416975013,-12027.46623999998,1102796.8079375012,5370214.46624,4951062.023940001,0.00827177551381426,-0.002429269959019542,-0.0019867437570011415,-0.0019867437570013284
2024-04-08,0.0,-5370214.46624,5029345.0,761927.3416975013,-340869.46624,1102796.8079375012,5370214.46624,4951062.023940001,0.005778024452494033,-0.06641847716912888,-0.05442753696673275,-0.05442753696673266
2024-04-09,5145407.17516,0.0,0.0,877989.5168575009,0.0,877989.5168575009,-0.0,4951062.023940001,0.006658174106383692,0.023441874611709795,0.02031548944552397,0.02031548944552402
2024-04-10,0.0,0.0,0.0,877989.5168575009,0.0,877989.5168575009,-0.0,4951062.023940001,0.006658174106383692,0.0,0.0,0.0
2024-04-11,0.0,0.0,0.0,877989.5168575009,0.0,877989.5168575009,-0.0,4951062.023940001,0.006658174106383692,0.0,0.0,0.0
2024-04-12,0.0,0.0,0.0,877989.5168575009,0.0,877989.5168575009,-0.0,4951062.023940001,0.006658174106383692,0.0,0.0,0.0
2024-04-15,0.0,0.0,0.0,877989.5168575009,0.0,877989.5168575009,-0.0,4951062.023940001,0.006658174106383692,0.0,0.0,0.0
2024-04-16,0.0,0.0,0.0,877989.5168575009,0.0,877989.5168575009,-0.0,4951062.023940001,0.006658174106383692,0.0,0.0,0.0
2024-04-17,0.0,0.0,0.0,877989.5168575009,0.0,877989.5168575009,-0.0,4951062.023940001,0.006658174106383692,0.0,0.0,0.0
2024-04-18,0.0,0.0,0.0,877989.5168575009,0.0,877989.5168575009,-0.0,4951062.023940001,0.006658174106383692,0.0,0.0,0.0
2024-04-19,0.0,0.0,0.0,877989.5168575009,0.0,877989.5168575009,-0.0,4951062.023940001,0.006658174106383692,0.0,0.0,0.0
2024-04-22,0.0,0.0,0.0,877989.5168575009,0.0,877989.5168575009,-0.0,4951062.023940001,0.006658174106383692,0.0,0.0,0.0
2024-04-23,0.0,0.0,0.0,877989.5168575009,0.0,877989.5168575009,-0.0,4951062.023940001,0.006658174106383692,0.0,0.0,0.0
2024-04-24,0.0,0.0,0.0,877989.5168575009,0.0,877989.5168575009,-0.0,4951062.023940001,0.006658174106383692,0.0,0.0,0.0
2024-04-25,0.0,0.0,0.0,877989.5168575009,0.0,877989.5168575009,-0.0,4951062.023940001,0.006658174106383692,0.0,0.0,0.0
2024-04-26,0.0,0.0,0.0,877989.5168575009,0.0,877989.5168575009,-0.0,4951062.023940001,0.006658174106383692,0.0,0.0,0.0
2024-04-29,-5253470.74316,-5253470.74316,5261469.0,885987.7736975008,7998.256839999929,877989.5168575009,5253470.74316,4951062.023940001,0.0064614100348585075,0.0016154628645986824,0.001372136922108247,0.0013721369221081972
2024-04-30,0.0,-5253470.74316,5300156.0,924674.7736975008,46685.25683999993,877989.5168575009,5253470.74316,4951062.023940001,0.0067435500117741685,0.007813879085524639,0.006627834495374296,0.006627834495374401
2024-05-02,0.0,-5253470.74316,5319500.0,944018.7736975008,66029.25683999993,877989.5168575009,5253470.74316,4951062.023940001,0.006884623646676243,0.003907040531196226,0.0032921828642458184,0.0032921828642456853
2024-05-03,0.0,-5253470.74316,5203438.0,827956.7736975008,-50032.74316000007,877989.5168575009,5253470.74316,4951062.023940001,0.006038196423040772,-0.023441839233441703,-0.019687940502276513,-0.01968794050227653
2024-05-06,0.0,-5253470.74316,5222782.0,847300.7736975008,-30688.74316000007,877989.5168575009,5253470.74316,4951062.023940001,0.0061792700579428456,0.003907040531196226,0.00334728103115145,0.0033472810311515073
2024-05-07,5106719.927119999,0.0,0.0,731238.7008175004,0.0,731238.7008175004,-0.0,4951062.023940001,0.005332842302801658,-0.023441853953515918,-0.02001635236196142,-0.02001635236196139
2024-05-08,0.0,0.0,0.0,731238.7008175004,0.0,731238.7008175004,-0.0,4951062.023940001,0.005332842302801658,0.0,0.0,0.0
2024-05-09,0.0,0.0,0.0,731238.7008175004,0.0,731238.7008175004,-0.0,4951062.023940001,0.005332842302801658,0.0,0.0,0.0
2024-05-10,0.0,0.0,0.0,731238.7008175004,0.0,731238.7008175004,-0.0,4951062.023940001,0.005332842302801658,0.0,0.0,0.0
2024-05-13,0.0,0.0,0.0,731238.7008175004,0.0,731238.7008175004,-0.0,4951062.023940001,0.005332842302801658,0.0,0.0,0.0
2024-05-14,0.0,0.0,0.0,731238.7008175004,0.0,731238.7008175004,-0.0,4951062.023940001,0.005332842302801658,0.0,0.0,0.0
2024-05-15,0.0,0.0,0.0,731238.7008175004,0.0,731238.7008175004,-0.0,4951062.023940001,0.005332842302801658,0.0,0.0,0.0
2024-05-16,0.0,0.0,0.0,731238.7008175004,0.0,731238.7008175004,-0.0,4951062.023940001,0.005332842302801658,0.0,0.0,0.0
2024-05-17,-4173590.8039575005,-4173590.8039575005,4149210.0,706857.8968599999,-24380.803957500495,731238.7008175004,4173590.8039575005,4951062.023940001,0.005002764026528893,-0.004924358418377989,-0.004290657101493234,-0.004290657101493159
2024-05-20,0.0,-4173590.8039575005,4236256.0,793903.8968599999,62665.196042499505,731238.7008175004,4173590.8039575005,4951062.023940001,0.005618829291397092,0.017581278436647363,0.015384805939015811,0.015384805939015861
2024-05-21,0.0,-4173590.8039575005,4163718.0,721365.8968599999,-9872.803957500495,731238.7008175004,4173590.8039575005,4951062.023940001,0.005105443929829536,-0.014650998038250207,-0.012626358624229783,-0.012626358624229908
2024-05-22,4149210.0403425004,0.0,0.0,706857.9372025004,0.0,706857.9372025004,-0.0,4951062.023940001,0.005002764312051642,-0.002930272250145277,-0.002557627855314215,-0.0025576278553140867
2024-05-23,0.0,0.0,0.0,706857.9372025004,0.0,706857.9372025004,-0.0,4951062.023940001,0.005002764312051642,0.0,0.0,0.0
2024-05-24,0.0,0.0,0.0,706857.9372025004,0.0,706857.9372025004,-0.0,4951062.023940001,0.005002764312051642,0.0,0.0,0.0
2024-05-27,0.0,0.0,0.0,706857.9372025004,0.0,706857.9372025004,-0.0,4951062.023940001,0.005002764312051642,0.0,0.0,0.0
2024-05-28,0.0,0.0,0.0,706857.9372025004,0.0,706857.9372025004,-0.0,4951062.023940001,0.005002764312051642,0.0,0.0,0.0
2024-05-29,-4523821.973197501,-4523821.973197501,4439364.0,622399.9640049993,-84457.97319750115,706857.9372025004,4523821.973197501,4951062.023940001,0.0042683549309601556,-0.017058556889232912,-0.014927389177920691,-0.01492738917792089
2024-05-30,0.0,-4523821.973197501,4381334.0,564369.9640049993,-142487.97319750115,706857.9372025004,4523821.973197501,4951062.023940001,0.0038703911601241595,-0.011720717639853023,-0.010411840993177157,-0.010411840993177086
2024-05-31,0.0,-4523821.973197501,4221749.0,404784.96400499926,-302072.97319750115,706857.9372025004,4523821.973197501,4951062.023940001,0.0027759736455823286,-0.032232478451765384,-0.028934270307167886,-0.028934270307167713
2024-06-03,4423901.527972502,0.0,0.0,606937.4919775004,0.0,606937.4919775004,-0.0,4951062.023940001,0.004162314888318254,0.040830134422680964,0.03774426872677816,0.0377442687267781
2024-06-04,-4641448.051844999,-4641448.051844999,4497145.0,462634.4401325012,-144303.0518449992,606937.4919775004,4641448.051844999,4951062.023940001,0.0030748259301037416,-0.029145878429162636,-0.02596312781815313,-0.02596312781815311
2024-06-05,4570388.442322499,0.0,0.0,535877.8824550003,0.0,535877.8824550003,-0.0,4951062.023940001,0.0035616267735488955,0.014793481068979375,0.013529284991977697,0.01352928499197775
2024-06-06,0.0,0.0,0.0,535877.8824550003,0.0,535877.8824550003,-0.0,4951062.023940001,0.0035616267735488955,0.0,0.0,0.0
2024-06-07,0.0,0.0,0.0,535877.8824550003,0.0,535877.8824550003,-0.0,4951062.023940001,0.0035616267735488955,0.0,0.0,0.0
2024-06-11,-4759326.189165,-4759326.189165,4570388.0,346939.69329000043,-188938.18916499987,535877.8824550003,4759326.189165,4951062.023940001,0.0022351759572530974,-0.03816114365997074,-0.034434164103892106,-0.034434164103892106
2024-06-12,4585037.133757499,0.0,0.0,361588.82704750006,0.0,361588.82704750006,-0.0,4951062.023940001,0.0023295537185834456,0.0029587861526812337,0.002765030013081704,0.0027650300130817543
2024-06-13,0.0,0.0,0.0,361588.82704750006,0.0,361588.82704750006,-0.0,4951062.023940001,0.0023295537185834456,0.0,0.0,0.0
2024-06-14,0.0,0.0,0.0,361588.82704750006,0.0,361588.82704750006,-0.0,4951062.023940001,0.0023295537185834456,0.0,0.0,0.0
2024-06-17,0.0,0.0,0.0,361588.82704750006,0.0,361588.82704750006,-0.0,4951062.023940001,0.0023295537185834456,0.0,0.0,0.0
2024-06-18,0.0,0.0,0.0,361588.82704750006,0.0,361588.82704750006,-0.0,4951062.023940001,0.0023295537185834456,0.0,0.0,0.0
2024-06-19,-4921408.62798,-4921408.62798,4731524.0,171704.19906749972,-189884.62798000034,361588.82704750006,4921408.62798,4951062.023940001,0.0010722165632837445,-0.03835230240741202,-0.03574197388573064,-0.03574197388573072
2024-06-20,4731523.749435001,0.0,0.0,171703.94850250037,0.0,171703.94850250037,-0.0,4951062.023940001,0.0010722149986164622,-5.060833375980511e-08,-4.891205029888823e-08,-4.891205033506967e-08
2024-06-21,0.0,0.0,0.0,171703.94850250037,0.0,171703.94850250037,-0.0,4951062.023940001,0.0010722149986164622,0.0,0.0,0.0
2024-06-24,0.0,0.0,0.0,171703.94850250037,0.0,171703.94850250037,-0.0,4951062.023940001,0.0010722149986164622,0.0,0.0,0.0
2024-06-25,0.0,0.0,0.0,171703.94850250037,0.0,171703.94850250037,-0.0,4951062.023940001,0.0010722149986164622,0.0,0.0,0.0
2024-06-26,0.0,0.0,0.0,171703.94850250037,0.0,171703.94850250037,-0.0,4951062.023940001,0.0010722149986164622,0.0,0.0,0.0
2024-06-27,0.0,0.0,0.0,171703.94850250037,0.0,171703.94850250037,-0.0,4951062.023940001,0.0010722149986164622,0.0,0.0,0.0
2024-06-28,0.0,0.0,0.0,171703.94850250037,0.0,171703.94850250037,-0.0,4951062.023940001,0.0010722149986164622,0.0,0.0,0.0
2024-07-01,0.0,0.0,0.0,171703.94850250037,0.0,171703.94850250037,-0.0,4951062.023940001,0.0010722149986164622,0.0,0.0,0.0
2024-07-02,0.0,0.0,0.0,171703.94850250037,0.0,171703.94850250037,-0.0,4951062.023940001,0.0010722149986164622,0.0,0.0,0.0
2024-07-03,0.0,0.0,0.0,171703.94850250037,0.0,171703.94850250037,-0.0,4951062.023940001,0.0010722149986164622,0.0,0.0,0.0
2024-07-04,0.0,0.0,0.0,171703.94850250037,0.0,171703.94850250037,-0.0,4951062.023940001,0.0010722149986164622,0.0,0.0,0.0
2024-07-05,0.0,0.0,0.0,171703.94850250037,0.0,171703.94850250037,-0.0,4951062.023940001,0.0010722149986164622,0.0,0.0,0.0
2024-07-08,0.0,0.0,0.0,171703.94850250037,0.0,171703.94850250037,-0.0,4951062.023940001,0.0010722149986164622,0.0,0.0,0.0
2024-07-09,0.0,0.0,0.0,171703.94850250037,0.0,171703.94850250037,-0.0,4951062.023940001,0.0010722149986164622,0.0,0.0,0.0
2024-07-10,-4774060.9563299995,-4774060.9563299995,4702226.0,99868.99217250088,-71834.95632999949,171703.94850250037,4774060.9563299995,4951062.023940001,0.000605583954799748,-0.014508999479839683,-0.014022689444809666,-0.014022689444809647
2024-07-11,4775469.82374,0.0,0.0,173112.8159125008,0.0,173112.8159125008,-0.0,4951062.023940001,0.0010497186504669596,0.014793558106491522,0.014501054064359975,0.014501054064359952
2024-07-12,0.0,0.0,0.0,173112.8159125008,0.0,173112.8159125008,-0.0,4951062.023940001,0.0010497186504669596,0.0,0.0,0.0
2024-07-15,0.0,0.0,0.0,173112.8159125008,0.0,173112.8159125008,-0.0,4951062.023940001,0.0010497186504669596,0.0,0.0,0.0
2024-07-16,0.0,0.0,0.0,173112.8159125008,0.0,173112.8159125008,-0.0,4951062.023940001,0.0010497186504669596,0.0,0.0,0.0
2024-07-17,0.0,0.0,0.0,173112.8159125008,0.0,173112.8159125008,-0.0,4951062.023940001,0.0010497186504669596,0.0,0.0,0.0
2024-07-18,0.0,0.0,0.0,173112.8159125008,0.0,173112.8159125008,-0.0,4951062.023940001,0.0010497186504669596,0.0,0.0,0.0
2024-07-19,0.0,0.0,0.0,173112.8159125008,0.0,173112.8159125008,-0.0,4951062.023940001,0.0010497186504669596,0.0,0.0,0.0
2024-07-22,0.0,0.0,0.0,173112.8159125008,0.0,173112.8159125008,-0.0,4951062.023940001,0.0010497186504669596,0.0,0.0,0.0
2024-07-23,0.0,0.0,0.0,173112.8159125008,0.0,173112.8159125008,-0.0,4951062.023940001,0.0010497186504669596,0.0,0.0,0.0
2024-07-26,0.0,0.0,0.0,173112.8159125008,0.0,173112.8159125008,-0.0,4951062.023940001,0.0010497186504669596,0.0,0.0,0.0
2024-07-29,0.0,0.0,0.0,173112.8159125008,0.0,173112.8159125008,-0.0,4951062.023940001,0.0010497186504669596,0.0,0.0,0.0
2024-07-30,0.0,0.0,0.0,173112.8159125008,0.0,173112.8159125008,-0.0,4951062.023940001,0.0010497186504669596,0.0,0.0,0.0
2024-07-31,0.0,0.0,0.0,173112.8159125008,0.0,173112.8159125008,-0.0,4951062.023940001,0.0010497186504669596,0.0,0.0,0.0
2024-08-01,0.0,0.0,0.0,173112.8159125008,0.0,173112.8159125008,-0.0,4951062.023940001,0.0010497186504669596,0.0,0.0,0.0
2024-08-02,0.0,0.0,0.0,173112.8159125008,0.0,173112.8159125008,-0.0,4951062.023940001,0.0010497186504669596,0.0,0.0,0.0
2024-08-05,0.0,0.0,0.0,173112.8159125008,0.0,173112.8159125008,-0.0,4951062.023940001,0.0010497186504669596,0.0,0.0,0.0
2024-08-06,0.0,0.0,0.0,173112.8159125008,0.0,173112.8159125008,-0.0,4951062.023940001,0.0010497186504669596,0.0,0.0,0.0
2024-08-07,0.0,0.0,0.0,173112.8159125008,0.0,173112.8159125008,-0.0,4951062.023940001,0.0010497186504669596,0.0,0.0,0.0
2024-08-08,0.0,0.0,0.0,173112.8159125008,0.0,173112.8159125008,-0.0,4951062.023940001,0.0010497186504669596,0.0,0.0,0.0
2024-08-09,0.0,0.0,0.0,173112.8159125008,0.0,173112.8159125008,-0.0,4951062.023940001,0.0010497186504669596,0.0,0.0,0.0
2024-08-12,0.0,0.0,0.0,173112.8159125008,0.0,173112.8159125008,-0.0,4951062.023940001,0.0010497186504669596,0.0,0.0,0.0
2024-08-13,0.0,0.0,0.0,173112.8159125008,0.0,173112.8159125008,-0.0,4951062.023940001,0.0010497186504669596,0.0,0.0,0.0
2024-08-14,0.0,0.0,0.0,173112.8159125008,0.0,173112.8159125008,-0.0,4951062.023940001,0.0010497186504669596,0.0,0.0,0.0
2024-08-15,0.0,0.0,0.0,173112.8159125008,0.0,173112.8159125008,-0.0,4951062.023940001,0.0010497186504669596,0.0,0.0,0.0
2024-08-16,0.0,0.0,0.0,173112.8159125008,0.0,173112.8159125008,-0.0,4951062.023940001,0.0010497186504669596,0.0,0.0,0.0
2024-08-19,0.0,0.0,0.0,173112.8159125008,0.0,173112.8159125008,-0.0,4951062.023940001,0.0010497186504669596,0.0,0.0,0.0
2024-08-20,-4636536.46279,-4636536.46279,4609451.0,146027.35312250056,-27085.462790000252,173112.8159125008,4636536.46279,4951062.023940001,0.0008612638721083812,-0.005470636937900029,-0.005285819402442549,-0.005285819402442541
2024-08-21,0.0,-4636536.46279,4550857.0,87433.35312250056,-85679.46279000025,173112.8159125008,4636536.46279,4951062.023940001,0.0005156786495919935,-0.01183463259330602,-0.011495580254817561,-0.011495580254817554
2024-08-22,0.0,-4636536.46279,4589920.0,126496.35312250056,-46616.46279000025,173112.8159125008,4636536.46279,4951062.023940001,0.0007460707639237962,0.007889822387826623,0.007752909763067972,0.007752909763067831
2024-08-23,0.0,-4636536.46279,4492262.0,28838.353122500557,-144274.46279000025,173112.8159125008,4636536.46279,4951062.023940001,0.00017008752911297267,-0.019724656958000464,-0.019233259915073186,-0.019233259915073134
2024-08-26,4531324.96649,0.0,0.0,67901.31961250055,0.0,67901.31961250055,-0.0,4951062.023940001,0.0004004794458040476,0.00788981561958178,0.007844126093349946,0.007844126093350105
2024-08-27,0.0,0.0,0.0,67901.31961250055,0.0,67901.31961250055,-0.0,4951062.023940001,0.0004004794458040476,0.0,0.0,0.0
2024-08-28,0.0,0.0,0.0,67901.31961250055,0.0,67901.31961250055,-0.0,4951062.023940001,0.0004004794458040476,0.0,0.0,0.0
2024-08-29,0.0,0.0,0.0,67901.31961250055,0.0,67901.31961250055,-0.0,4951062.023940001,0.0004004794458040476,0.0,0.0,0.0
2024-08-30,0.0,0.0,0.0,67901.31961250055,0.0,67901.31961250055,-0.0,4951062.023940001,0.0004004794458040476,0.0,0.0,0.0
2024-09-02,0.0,0.0,0.0,67901.31961250055,0.0,67901.31961250055,-0.0,4951062.023940001,0.0004004794458040476,0.0,0.0,0.0
2024-09-03,0.0,0.0,0.0,67901.31961250055,0.0,67901.31961250055,-0.0,4951062.023940001,0.0004004794458040476,0.0,0.0,0.0
2024-09-04,0.0,0.0,0.0,67901.31961250055,0.0,67901.31961250055,-0.0,4951062.023940001,0.0004004794458040476,0.0,0.0,0.0
2024-09-05,0.0,0.0,0.0,67901.31961250055,0.0,67901.31961250055,-0.0,4951062.023940001,0.0004004794458040476,0.0,0.0,0.0
2024-09-06,0.0,0.0,0.0,67901.31961250055,0.0,67901.31961250055,-0.0,4951062.023940001,0.0004004794458040476,0.0,0.0,0.0
2024-09-09,0.0,0.0,0.0,67901.31961250055,0.0,67901.31961250055,-0.0,4951062.023940001,0.0004004794458040476,0.0,0.0,0.0
2024-09-10,0.0,0.0,0.0,67901.31961250055,0.0,67901.31961250055,-0.0,4951062.023940001,0.0004004794458040476,0.0,0.0,0.0
2024-09-11,0.0,0.0,0.0,67901.31961250055,0.0,67901.31961250055,-0.0,4951062.023940001,0.0004004794458040476,0.0,0.0,0.0
2024-09-12,0.0,0.0,0.0,67901.31961250055,0.0,67901.31961250055,-0.0,4951062.023940001,0.0004004794458040476,0.0,0.0,0.0
2024-09-13,0.0,0.0,0.0,67901.31961250055,0.0,67901.31961250055,-0.0,4951062.023940001,0.0004004794458040476,0.0,0.0,0.0
2024-09-16,0.0,0.0,0.0,67901.31961250055,0.0,67901.31961250055,-0.0,4951062.023940001,0.0004004794458040476,0.0,0.0,0.0
2024-09-18,0.0,0.0,0.0,67901.31961250055,0.0,67901.31961250055,-0.0,4951062.023940001,0.0004004794458040476,0.0,0.0,0.0
2024-09-19,0.0,0.0,0.0,67901.31961250055,0.0,67901.31961250055,-0.0,4951062.023940001,0.0004004794458040476,0.0,0.0,0.0
2024-09-20,0.0,0.0,0.0,67901.31961250055,0.0,67901.31961250055,-0.0,4951062.023940001,0.0004004794458040476,0.0,0.0,0.0
2024-09-23,0.0,0.0,0.0,67901.31961250055,0.0,67901.31961250055,-0.0,4951062.023940001,0.0004004794458040476,0.0,0.0,0.0
2024-09-24,0.0,0.0,0.0,67901.31961250055,0.0,67901.31961250055,-0.0,4951062.023940001,0.0004004794458040476,0.0,0.0,0.0
2024-09-25,0.0,0.0,0.0,67901.31961250055,0.0,67901.31961250055,-0.0,4951062.023940001,0.0004004794458040476,0.0,0.0,0.0
2024-09-26,-4793707.31255,-4793707.31255,4394604.0,-331201.99293749937,-399103.3125499999,67901.31961250055,4793707.31255,4951062.023940001,-0.001899706377389377,-0.08060963700721283,-0.07951907300990724,-0.07951907300990732
2024-09-27,0.0,-4793707.31255,4375073.0,-350732.99293749937,-418634.3125499999,67901.31961250055,4793707.31255,4951062.023940001,-0.0020117321684412852,-0.003944810205479404,-0.0042276172587336625,-0.004227617258733661
2024-09-30,0.0,-4793707.31255,4296946.0,-428859.99293749937,-496761.3125499999,67901.31961250055,4793707.31255,4951062.023940001,-0.002459852540030679,-0.015779846752521073,-0.01698291567265886,-0.016982915672658878
2024-10-01,0.0,-4793707.31255,4140694.0,-585111.9929374994,-653013.3125499999,67901.31961250049,4793707.31255,4951062.023940001,-0.0033560818116216257,-0.03155928955130649,-0.034552193583744284,-0.0345521935837443
2024-10-04,4160225.1817,0.0,0.0,-565580.8112374996,0.0,-565580.8112374996,-0.0,4951062.023940001,-0.0032440549783759633,0.003944846904676252,0.004473523874829022,0.00447352387482894
2024-10-07,0.0,0.0,0.0,-565580.8112374996,0.0,-565580.8112374996,-0.0,4951062.023940001,-0.0032440549783759633,0.0,0.0,0.0
2024-10-08,0.0,0.0,0.0,-565580.8112374996,0.0,-565580.8112374996,-0.0,4951062.023940001,-0.0032440549783759633,0.0,0.0,0.0
2024-10-09,0.0,0.0,0.0,-565580.8112374996,0.0,-565580.8112374996,-0.0,4951062.023940001,-0.0032440549783759633,0.0,0.0,0.0
2024-10-11,-4656182.819010001,-4656182.81901,4668046.0,-553717.6302474993,11863.180990000255,-565580.8112374996,4656182.81901,5221763.6302475,-0.00309339520479839,0.008193893191555043,0.009250632129359726,0.002547834020083131
2024-10-14,0.0,-4656182.81901,4746172.0,-475591.6302474993,89989.18099000026,-565580.8112374996,4656182.81901,5221763.6302475,-0.002656937016421661,0.014961611733524019,0.01673633893067894,0.01673633893067892
2024-10-15,0.0,-4656182.81901,4746172.0,-475591.6302474993,89989.18099000026,-565580.8112374996,4656182.81901,5221763.6302475,-0.002656937016421661,0.0,0.0,0.0
2024-10-16,0.0,-4656182.81901,4726641.0,-495122.6302474993,70458.18099000026,-565580.8112374996,4656182.81901,5221763.6302475,-0.002766048770219192,-0.003740307180291544,-0.0041151058158026554,-0.004115105815802714
2024-10-17,4726640.85229,0.0,0.0,-495122.77795749996,0.0,-495122.77795749996,-0.0,5221763.6302475,-0.0027660495954148923,-2.8287377815128245e-08,-3.1250522503079026e-08,-3.125052243876108e-08
2024-10-18,0.0,0.0,0.0,-495122.77795749996,0.0,-495122.77795749996,-0.0,5221763.6302475,-0.0027660495954148923,0.0,0.0,0.0
2024-10-21,0.0,0.0,0.0,-495122.77795749996,0.0,-495122.77795749996,-0.0,5221763.6302475,-0.0027660495954148923,0.0,0.0,0.0
2024-10-22,0.0,0.0,0.0,-495122.77795749996,0.0,-495122.77795749996,-0.0,5221763.6302475,-0.0027660495954148923,0.0,0.0,0.0
2024-10-23,-3727893.388897501,-3727893.388897501,3852603.0,-370413.1668550009,124709.61110249907,-495122.77795749996,3727893.388897501,5221763.6302475,-0.002027130248120222,0.023882661095593893,0.0263844059660423,0.0263844059660422
2024-10-24,0.0,-3727893.388897501,3750062.0,-472954.1668550009,22168.611102499068,-495122.77795749996,3727893.388897501,5221763.6302475,-0.002588298104374815,-0.019637235091612096,-0.021136588826916825,-0.021136588826916897
2024-10-25,0.0,-3727893.388897501,3764711.0,-458305.1668550009,36817.61110249907,-495122.77795749996,3727893.388897501,5221763.6302475,-0.0025081297041615,0.0028053740148528405,0.0030847731653429467,0.003084773165342985
2024-10-28,0.0,-3727893.388897501,3691468.0,-531548.1668550009,-36425.38889750093,-495122.77795749996,3727893.388897501,5221763.6302475,-0.002908960759989463,-0.014026487061906415,-0.015376013155751656,-0.015376013155751734
2024-10-29,3647521.479262501,0.0,0.0,-575494.6875925001,0.0,-575494.6875925001,-0.0,5221763.6302475,-0.0031494633378081937,-0.00841603026282832,-0.009369829825624287,-0.009369829825624279
2024-10-30,0.0,0.0,0.0,-575494.6875925001,0.0,-575494.6875925001,-0.0,5221763.6302475,-0.0031494633378081937,0.0,0.0,0.0
2024-11-01,0.0,0.0,0.0,-575494.6875925001,0.0,-575494.6875925001,-0.0,5221763.6302475,-0.0031494633378081937,0.0,0.0,0.0
2024-11-04,0.0,0.0,0.0,-575494.6875925001,0.0,-575494.6875925001,-0.0,5221763.6302475,-0.0031494633378081937,0.0,0.0,0.0
2024-11-05,0.0,0.0,0.0,-575494.6875925001,0.0,-575494.6875925001,-0.0,5221763.6302475,-0.0031494633378081937,0.0,0.0,0.0
2024-11-06,0.0,0.0,0.0,-575494.6875925001,0.0,-575494.6875925001,-0.0,5221763.6302475,-0.0031494633378081937,0.0,0.0,0.0
2024-11-07,0.0,0.0,0.0,-575494.6875925001,0.0,-575494.6875925001,-0.0,5221763.6302475,-0.0031494633378081937,0.0,0.0,0.0
2024-11-08,0.0,0.0,0.0,-575494.6875925001,0.0,-575494.6875925001,-0.0,5221763.6302475,-0.0031494633378081937,0.0,0.0,0.0
2024-11-11,0.0,0.0,0.0,-575494.6875925001,0.0,-575494.6875925001,-0.0,5221763.6302475,-0.0031494633378081937,0.0,0.0,0.0
2024-11-12,0.0,0.0,0.0,-575494.6875925001,0.0,-575494.6875925001,-0.0,5221763.6302475,-0.0031494633378081937,0.0,0.0,0.0
2024-11-13,0.0,0.0,0.0,-575494.6875925001,0.0,-575494.6875925001,-0.0,5221763.6302475,-0.0031494633378081937,0.0,0.0,0.0
2024-11-14,0.0,0.0,0.0,-575494.6875925001,0.0,-575494.6875925001,-0.0,5221763.6302475,-0.0031494633378081937,0.0,0.0,0.0
2024-11-15,0.0,0.0,0.0,-575494.6875925001,0.0,-575494.6875925001,-0.0,5221763.6302475,-0.0031494633378081937,0.0,0.0,0.0
2024-11-18,0.0,0.0,0.0,-575494.6875925001,0.0,-575494.6875925001,-0.0,5221763.6302475,-0.0031494633378081937,0.0,0.0,0.0
2024-11-19,0.0,0.0,0.0,-575494.6875925001,0.0,-575494.6875925001,-0.0,5221763.6302475,-0.0031494633378081937,0.0,0.0,0.0
2024-11-20,0.0,0.0,0.0,-575494.6875925001,0.0,-575494.6875925001,-0.0,5221763.6302475,-0.0031494633378081937,0.0,0.0,0.0
2024-11-21,0.0,0.0,0.0,-575494.6875925001,0.0,-575494.6875925001,-0.0,5221763.6302475,-0.0031494633378081937,0.0,0.0,0.0
2024-11-22,0.0,0.0,0.0,-575494.6875925001,0.0,-575494.6875925001,-0.0,5221763.6302475,-0.0031494633378081937,0.0,0.0,0.0
2024-11-25,0.0,0.0,0.0,-575494.6875925001,0.0,-575494.6875925001,-0.0,5221763.6302475,-0.0031494633378081937,0.0,0.0,0.0
2024-11-26,0.0,0.0,0.0,-575494.6875925001,0.0,-575494.6875925001,-0.0,5221763.6302475,-0.0031494633378081937,0.0,0.0,0.0
2024-11-27,0.0,0.0,0.0,-575494.6875925001,0.0,-575494.6875925001,-0.0,5221763.6302475,-0.0031494633378081937,0.0,0.0,0.0
2024-11-28,0.0,0.0,0.0,-575494.6875925001,0.0,-575494.6875925001,-0.0,5221763.6302475,-0.0031494633378081937,0.0,0.0,0.0
2024-11-29,0.0,0.0,0.0,-575494.6875925001,0.0,-575494.6875925001,-0.0,5221763.6302475,-0.0031494633378081937,0.0,0.0,0.0
2024-12-02,0.0,0.0,0.0,-575494.6875925001,0.0,-575494.6875925001,-0.0,5221763.6302475,-0.0031494633378081937,0.0,0.0,0.0
2024-12-03,0.0,0.0,0.0,-575494.6875925001,0.0,-575494.6875925001,-0.0,5221763.6302475,-0.0031494633378081937,0.0,0.0,0.0
2024-12-04,0.0,0.0,0.0,-575494.6875925001,0.0,-575494.6875925001,-0.0,5221763.6302475,-0.0031494633378081937,0.0,0.0,0.0
2024-12-05,0.0,0.0,0.0,-575494.6875925001,0.0,-575494.6875925001,-0.0,5221763.6302475,-0.0031494633378081937,0.0,0.0,0.0
2024-12-06,0.0,0.0,0.0,-575494.6875925001,0.0,-575494.6875925001,-0.0,5221763.6302475,-0.0031494633378081937,0.0,0.0,0.0
2024-12-09,0.0,0.0,0.0,-575494.6875925001,0.0,-575494.6875925001,-0.0,5221763.6302475,-0.0031494633378081937,0.0,0.0,0.0
2024-12-10,0.0,0.0,0.0,-575494.6875925001,0.0,-575494.6875925001,-0.0,5221763.6302475,-0.0031494633378081937,0.0,0.0,0.0
2024-12-11,-3668954.3202375006,-3668954.3202375,3662170.0,-582279.0078300002,-6784.320237500127,-575494.6875925001,3668954.3202375,5221763.6302475,-0.003123867852355188,-0.0012992392451855461,-0.0014601652037868895,-0.0014601652037868021
2024-12-12,3720764.9364375,0.0,0.0,-523684.07139250037,0.0,-523684.07139250037,-0.0,5221763.6302475,-0.00280951195803907,0.011221292380620959,0.01262962186669947,0.012629621866699449
2024-12-13,-3904710.2944500004,-3904710.29445,3881900.0,-546494.3658425002,-22810.29444999993,-523684.0713925003,3904710.29445,5221763.6302475,-0.002871728823471342,-0.004368312329931859,-0.004855238010392338,-0.004855238010392298
2024-12-16,0.0,-3904710.29445,3999090.0,-429304.3658425003,94379.70555000007,-523684.07139250037,3904710.29445,5221763.6302475,-0.0022559166177887006,0.022442609106464936,0.025065935964848407,0.025065935964848476
2024-12-17,0.0,-3904710.29445,4350658.0,-77736.3658425003,445947.7055500001,-523684.07139250037,3904710.29445,5221763.6302475,-0.0004084905103782137,0.06732744430703702,0.0733585786761295,0.07335857867612953
2024-12-18,0.0,-3904710.29445,4189522.0,-238872.3658425003,284811.7055500001,-523684.07139250037,3904710.29445,5221763.6302475,-0.0012552309794871663,-0.030858539644844578,-0.03132487285108487,-0.03132487285108477
2024-12-19,0.0,-3904710.29445,4072333.0,-356061.3658425003,167622.70555000007,-523684.07139250037,3904710.29445,5221763.6302475,-0.0018710379303510888,-0.02244241760028603,-0.0235182735848829,-0.02351827358488293
2024-12-20,4072333.232205,0.0,0.0,-356061.1336375009,0.0,-356061.1336375009,-0.0,5221763.6302475,-0.0018710367101559115,4.446869214524973e-08,4.772281303466741e-08,4.772281301836621e-08
2024-12-23,0.0,0.0,0.0,-356061.1336375009,0.0,-356061.1336375009,-0.0,5221763.6302475,-0.0018710367101559115,0.0,0.0,0.0
2024-12-24,0.0,0.0,0.0,-356061.1336375009,0.0,-356061.1336375009,-0.0,5221763.6302475,-0.0018710367101559115,0.0,0.0,0.0
2024-12-25,0.0,0.0,0.0,-356061.1336375009,0.0,-356061.1336375009,-0.0,5221763.6302475,-0.0018710367101559115,0.0,0.0,0.0
2024-12-26,0.0,0.0,0.0,-356061.1336375009,0.0,-356061.1336375009,-0.0,5221763.6302475,-0.0018710367101559115,0.0,0.0,0.0
2024-12-27,0.0,0.0,0.0,-356061.1336375009,0.0,-356061.1336375009,-0.0,5221763.6302475,-0.0018710367101559115,0.0,0.0,0.0
2024-12-30,0.0,0.0,0.0,-356061.1336375009,0.0,-356061.1336375009,-0.0,5221763.6302475,-0.0018710367101559115,0.0,0.0,0.0
2024-12-31,0.0,0.0,0.0,-356061.1336375009,0.0,-356061.1336375009,-0.0,5221763.6302475,-0.0018710367101559115,0.0,0.0,0.0
2025-01-02,0.0,0.0,0.0,-356061.1336375009,0.0,-356061.1336375009,-0.0,5221763.6302475,-0.0018710367101559115,0.0,0.0,0.0
2025-01-03,0.0,0.0,0.0,-356061.1336375009,0.0,-356061.1336375009,-0.0,5221763.6302475,-0.0018710367101559115,0.0,0.0,0.0
2025-01-06,0.0,0.0,0.0,-356061.1336375009,0.0,-356061.1336375009,-0.0,5221763.6302475,-0.0018710367101559115,0.0,0.0,0.0
2025-01-07,0.0,0.0,0.0,-356061.1336375009,0.0,-356061.1336375009,-0.0,5221763.6302475,-0.0018710367101559115,0.0,0.0,0.0
2025-01-08,0.0,0.0,0.0,-356061.1336375009,0.0,-356061.1336375009,-0.0,5221763.6302475,-0.0018710367101559115,0.0,0.0,0.0
2025-01-09,0.0,0.0,0.0,-356061.1336375009,0.0,-356061.1336375009,-0.0,5221763.6302475,-0.0018710367101559115,0.0,0.0,0.0
2025-01-10,0.0,0.0,0.0,-356061.1336375009,0.0,-356061.1336375009,-0.0,5221763.6302475,-0.0018710367101559115,0.0,0.0,0.0
2025-01-13,0.0,0.0,0.0,-356061.1336375009,0.0,-356061.1336375009,-0.0,5221763.6302475,-0.0018710367101559115,0.0,0.0,0.0
2025-01-14,0.0,0.0,0.0,-356061.1336375009,0.0,-356061.1336375009,-0.0,5221763.6302475,-0.0018710367101559115,0.0,0.0,0.0
2025-01-15,0.0,0.0,0.0,-356061.1336375009,0.0,-356061.1336375009,-0.0,5221763.6302475,-0.0018710367101559115,0.0,0.0,0.0
2025-01-16,0.0,0.0,0.0,-356061.1336375009,0.0,-356061.1336375009,-0.0,5221763.6302475,-0.0018710367101559115,0.0,0.0,0.0
2025-01-17,0.0,0.0,0.0,-356061.1336375009,0.0,-356061.1336375009,-0.0,5221763.6302475,-0.0018710367101559115,0.0,0.0,0.0
2025-01-20,0.0,0.0,0.0,-356061.1336375009,0.0,-356061.1336375009,-0.0,5221763.6302475,-0.0018710367101559115,0.0,0.0,0.0
2025-01-21,0.0,0.0,0.0,-356061.1336375009,0.0,-356061.1336375009,-0.0,5221763.6302475,-0.0018710367101559115,0.0,0.0,0.0
2025-01-22,0.0,0.0,0.0,-356061.1336375009,0.0,-356061.1336375009,-0.0,5221763.6302475,-0.0018710367101559115,0.0,0.0,0.0
2025-02-03,0.0,0.0,0.0,-356061.1336375009,0.0,-356061.1336375009,-0.0,5221763.6302475,-0.0018710367101559115,0.0,0.0,0.0
2025-02-04,0.0,0.0,0.0,-356061.1336375009,0.0,-356061.1336375009,-0.0,5221763.6302475,-0.0018710367101559115,0.0,0.0,0.0
2025-02-05,-3948914.5959450006,-3948914.595945,3955144.0,-349831.7295825011,6229.404054999817,-356061.1336375009,3948914.595945,5221763.6302475,-0.001800931497170094,0.0011929693674595787,0.0012802681749120026,0.0012802681749120354
2025-02-06,3999089.77503,0.0,0.0,-305885.9545525012,0.0,-305885.9545525012,-0.0,5221763.6302475,-0.0015746989295481412,0.008415887455234548,0.009020194847961793,0.009020194847961953
2025-02-07,0.0,0.0,0.0,-305885.9545525012,0.0,-305885.9545525012,-0.0,5221763.6302475,-0.0015746989295481412,0.0,0.0,0.0
2025-02-10,0.0,0.0,0.0,-305885.9545525012,0.0,-305885.9545525012,-0.0,5221763.6302475,-0.0015746989295481412,0.0,0.0,0.0
2025-02-11,0.0,0.0,0.0,-305885.9545525012,0.0,-305885.9545525012,-0.0,5221763.6302475,-0.0015746989295481412,0.0,0.0,0.0
2025-02-12,0.0,0.0,0.0,-305885.9545525012,0.0,-305885.9545525012,-0.0,5221763.6302475,-0.0015746989295481412,0.0,0.0,0.0
2025-02-13,0.0,0.0,0.0,-305885.9545525012,0.0,-305885.9545525012,-0.0,5221763.6302475,-0.0015746989295481412,0.0,0.0,0.0
2025-02-14,0.0,0.0,0.0,-305885.9545525012,0.0,-305885.9545525012,-0.0,5221763.6302475,-0.0015746989295481412,0.0,0.0,0.0
2025-02-17,0.0,0.0,0.0,-305885.9545525012,0.0,-305885.9545525012,-0.0,5221763.6302475,-0.0015746989295481412,0.0,0.0,0.0
2025-02-18,-4214140.1044875,-4214140.1044875,4248117.0,-271909.05904000136,33976.89551249985,-305885.9545525012,4214140.1044875,5221763.6302475,-0.0013700634318601864,0.00650678543082376,0.0069116641531761225,0.006911664153176116
2025-02-19,0.0,-4214140.1044875,4160225.0,-359801.05904000136,-53915.10448750015,-305885.9545525012,4214140.1044875,5221763.6302475,-0.0018129233188319569,-0.016831861076759255,-0.017756481273460745,-0.017756481273460745
2025-02-20,0.0,-4214140.1044875,4145577.0,-374449.05904000136,-68563.10448750015,-305885.9545525012,4214140.1044875,5221763.6302475,-0.0018867299408722165,-0.0028051825086739396,-0.003012775146963409,-0.0030127751469633548
2025-02-21,0.0,-4214140.1044875,4116279.0,-403747.05904000136,-97861.10448750015,-305885.9545525012,4214140.1044875,5221763.6302475,-0.0020343532623178424,-0.005610748029705681,-0.006044171379762875,-0.006044171379762893
2025-02-24,4086981.92364,0.0,0.0,-433044.1354000014,0.0,-433044.1354000014,-0.0,5221763.6302475,-0.002181971929834715,-0.005610571146938623,-0.006080733830406415,-0.006080733830406397
2025-02-25,0.0,0.0,0.0,-433044.1354000014,0.0,-433044.1354000014,-0.0,5221763.6302475,-0.002181971929834715,0.0,0.0,0.0
2025-02-26,0.0,0.0,0.0,-433044.1354000014,0.0,-433044.1354000014,-0.0,5221763.6302475,-0.002181971929834715,0.0,0.0,0.0
2025-02-27,0.0,0.0,0.0,-433044.1354000014,0.0,-433044.1354000014,-0.0,5221763.6302475,-0.002181971929834715,0.0,0.0,0.0
2025-03-03,0.0,0.0,0.0,-433044.1354000014,0.0,-433044.1354000014,-0.0,5221763.6302475,-0.002181971929834715,0.0,0.0,0.0
2025-03-04,0.0,0.0,0.0,-433044.1354000014,0.0,-433044.1354000014,-0.0,5221763.6302475,-0.002181971929834715,0.0,0.0,0.0
2025-03-05,0.0,0.0,0.0,-433044.1354000014,0.0,-433044.1354000014,-0.0,5221763.6302475,-0.002181971929834715,0.0,0.0,0.0
2025-03-06,0.0,0.0,0.0,-433044.1354000014,0.0,-433044.1354000014,-0.0,5221763.6302475,-0.002181971929834715,0.0,0.0,0.0
2025-03-07,0.0,0.0,0.0,-433044.1354000014,0.0,-433044.1354000014,-0.0,5221763.6302475,-0.002181971929834715,0.0,0.0,0.0
2025-03-10,0.0,0.0,0.0,-433044.1354000014,0.0,-433044.1354000014,-0.0,5221763.6302475,-0.002181971929834715,0.0,0.0,0.0
2025-03-11,0.0,0.0,0.0,-433044.1354000014,0.0,-433044.1354000014,-0.0,5221763.6302475,-0.002181971929834715,0.0,0.0,0.0
2025-03-12,0.0,0.0,0.0,-433044.1354000014,0.0,-433044.1354000014,-0.0,5221763.6302475,-0.002181971929834715,0.0,0.0,0.0
2025-03-13,0.0,0.0,0.0,-433044.1354000014,0.0,-433044.1354000014,-0.0,5221763.6302475,-0.002181971929834715,0.0,0.0,0.0
2025-03-14,0.0,0.0,0.0,-433044.1354000014,0.0,-433044.1354000014,-0.0,5221763.6302475,-0.002181971929834715,0.0,0.0,0.0
2025-03-17,0.0,0.0,0.0,-433044.1354000014,0.0,-433044.1354000014,-0.0,5221763.6302475,-0.002181971929834715,0.0,0.0,0.0
2025-03-18,0.0,0.0,0.0,-433044.1354000014,0.0,-433044.1354000014,-0.0,5221763.6302475,-0.002181971929834715,0.0,0.0,0.0
2025-03-19,0.0,0.0,0.0,-433044.1354000014,0.0,-433044.1354000014,-0.0,5221763.6302475,-0.002181971929834715,0.0,0.0,0.0
2025-03-20,0.0,0.0,0.0,-433044.1354000014,0.0,-433044.1354000014,-0.0,5221763.6302475,-0.002181971929834715,0.0,0.0,0.0
2025-03-21,0.0,0.0,0.0,-433044.1354000014,0.0,-433044.1354000014,-0.0,5221763.6302475,-0.002181971929834715,0.0,0.0,0.0
2025-03-24,0.0,0.0,0.0,-433044.1354000014,0.0,-433044.1354000014,-0.0,5221763.6302475,-0.002181971929834715,0.0,0.0,0.0
2025-03-25,0.0,0.0,0.0,-433044.1354000014,0.0,-433044.1354000014,-0.0,5221763.6302475,-0.002181971929834715,0.0,0.0,0.0
2025-03-26,0.0,0.0,0.0,-433044.1354000014,0.0,-433044.1354000014,-0.0,5221763.6302475,-0.002181971929834715,0.0,0.0,0.0
2025-03-27,0.0,0.0,0.0,-433044.1354000014,0.0,-433044.1354000014,-0.0,5221763.6302475,-0.002181971929834715,0.0,0.0,0.0
2025-03-28,0.0,0.0,0.0,-433044.1354000014,0.0,-433044.1354000014,-0.0,5221763.6302475,-0.002181971929834715,0.0,0.0,0.0
2025-03-31,0.0,0.0,0.0,-433044.1354000014,0.0,-433044.1354000014,-0.0,5221763.6302475,-0.002181971929834715,0.0,0.0,0.0
2025-04-01,0.0,0.0,0.0,-433044.1354000014,0.0,-433044.1354000014,-0.0,5221763.6302475,-0.002181971929834715,0.0,0.0,0.0
2025-04-02,0.0,0.0,0.0,-433044.1354000014,0.0,-433044.1354000014,-0.0,5221763.6302475,-0.002181971929834715,0.0,0.0,0.0
2025-04-07,0.0,0.0,0.0,-433044.1354000014,0.0,-433044.1354000014,-0.0,5221763.6302475,-0.002181971929834715,0.0,0.0,0.0
2025-04-08,0.0,0.0,0.0,-433044.1354000014,0.0,-433044.1354000014,-0.0,5221763.6302475,-0.002181971929834715,0.0,0.0,0.0
2025-04-09,0.0,0.0,0.0,-433044.1354000014,0.0,-433044.1354000014,-0.0,5221763.6302475,-0.002181971929834715,0.0,0.0,0.0
2025-04-10,0.0,0.0,0.0,-433044.1354000014,0.0,-433044.1354000014,-0.0,5221763.6302475,-0.002181971929834715,0.0,0.0,0.0
2025-04-11,0.0,0.0,0.0,-433044.1354000014,0.0,-433044.1354000014,-0.0,5221763.6302475,-0.002181971929834715,0.0,0.0,0.0
2025-04-14,0.0,0.0,0.0,-433044.1354000014,0.0,-433044.1354000014,-0.0,5221763.6302475,-0.002181971929834715,0.0,0.0,0.0
2025-04-15,0.0,0.0,0.0,-433044.1354000014,0.0,-433044.1354000014,-0.0,5221763.6302475,-0.002181971929834715,0.0,0.0,0.0
2025-04-16,0.0,0.0,0.0,-433044.1354000014,0.0,-433044.1354000014,-0.0,5221763.6302475,-0.002181971929834715,0.0,0.0,0.0
2025-04-17,0.0,0.0,0.0,-433044.1354000014,0.0,-433044.1354000014,-0.0,5221763.6302475,-0.002181971929834715,0.0,0.0,0.0
2025-04-18,0.0,0.0,0.0,-433044.1354000014,0.0,-433044.1354000014,-0.0,5221763.6302475,-0.002181971929834715,0.0,0.0,0.0
2025-04-21,0.0,0.0,0.0,-433044.1354000014,0.0,-433044.1354000014,-0.0,5221763.6302475,-0.002181971929834715,0.0,0.0,0.0
2025-04-22,0.0,0.0,0.0,-433044.1354000014,0.0,-433044.1354000014,-0.0,5221763.6302475,-0.002181971929834715,0.0,0.0,0.0
2025-04-23,0.0,0.0,0.0,-433044.1354000014,0.0,-433044.1354000014,-0.0,5221763.6302475,-0.002181971929834715,0.0,0.0,0.0
2025-04-24,0.0,0.0,0.0,-433044.1354000014,0.0,-433044.1354000014,-0.0,5221763.6302475,-0.002181971929834715,0.0,0.0,0.0
2025-04-25,0.0,0.0,0.0,-433044.1354000014,0.0,-433044.1354000014,-0.0,5221763.6302475,-0.002181971929834715,0.0,0.0,0.0
2025-04-28,0.0,0.0,0.0,-433044.1354000014,0.0,-433044.1354000014,-0.0,5221763.6302475,-0.002181971929834715,0.0,0.0,0.0
2025-04-29,-4047146.1767600006,-4047146.17676,4082099.0,-398091.3121600016,34952.82323999982,-433044.1354000014,4047146.17676,5221763.6302475,-0.0019657692232741574,0.006693681620809619,0.007298991573343905,0.007298991573343957
2025-04-30,4082098.8273800006,0.0,0.0,-398091.48478000145,0.0,-398091.48478000145,-0.0,5221763.6302475,-0.0019657700756692555,-3.305779656959107e-08,-3.578601293074968e-08,-3.578601291069297e-08
2025-05-02,0.0,0.0,0.0,-398091.48478000145,0.0,-398091.48478000145,-0.0,5221763.6302475,-0.0019657700756692555,0.0,0.0,0.0
2025-05-05,-4282902.4514,-4282902.4514,4355541.0,-325452.9361800011,72638.54860000033,-398091.48478000145,4282902.4514,5221763.6302475,-0.0015737978474162195,0.013910730883955662,0.015058765689176079,0.015058765689176079
2025-05-06,0.0,-4282902.4514,4199288.0,-481705.9361800011,-83614.45139999967,-398091.48478000145,4282902.4514,5221763.6302475,-0.0023293929203588664,-0.02992341497322696,-0.031912394813776834,-0.0319123948137769
2025-05-07,4238351.5360199995,0.0,0.0,-442642.40016000177,0.0,-442642.40016000177,-0.0,5221763.6302475,-0.002140492769011826,0.007480908517903909,0.00824115201569997,0.008241152015700148
2025-05-08,0.0,0.0,0.0,-442642.40016000177,0.0,-442642.40016000177,-0.0,5221763.6302475,-0.002140492769011826,0.0,0.0,0.0
2025-05-09,-4381134.2325,-4381134.2325,4296946.0,-526830.6326600017,-84188.23249999993,-442642.4001600018,4381134.2325,5221763.6302475,-0.0024947495573624974,-0.016122566715263145,-0.01761583949157497,-0.01761583949157503
2025-05-12,4414135.83324,0.0,0.0,-409640.7994200018,0.0,-409640.7994200018,-0.0,5221763.6302475,-0.0019398097598667939,0.02244257717089454,0.024960917078096445,0.024960917078096365
2025-05-13,0.0,0.0,0.0,-409640.7994200018,0.0,-409640.7994200018,-0.0,5221763.6302475,-0.0019398097598667939,0.0,0.0,0.0
2025-05-14,-4597243.75035,-4597243.75035,4492262.0,-514622.54977000214,-104981.75035000034,-409640.7994200018,4597243.75035,5221763.6302475,-0.0023850182455706827,-0.020104653864813943,-0.021816099472246386,-0.021816099472246338
2025-05-15,0.0,-4597243.75035,4472731.0,-534153.5497700021,-124512.75035000034,-409640.7994200018,4597243.75035,5221763.6302475,-0.0024755346665379717,-0.0037403071802915577,-0.004149227666237376,-0.004149227666237434
2025-05-16,4511793.776140001,0.0,0.0,-495090.7736300019,0.0,-495090.7736300019,-0.0,5221763.6302475,-0.0022944982275825048,0.0074807629961888555,0.008333196547785526,0.008333196547785643
2025-05-19,-4538305.0822600005,-4538305.0822600005,4375073.0,-658322.8558900023,-163232.08226000052,-495090.7736300018,4538305.0822600005,5221763.6302475,-0.0029881482740339413,-0.03125995234913834,-0.03453424580283149,-0.03453424580283151
2025-05-20,4472730.598979999,0.0,0.0,-560665.2569100024,0.0,-560665.2569100024,-0.0,5221763.6302475,-0.002544877342108187,0.0187020336221866,0.021399992639052012,0.02139999263905193
2025-05-21,0.0,0.0,0.0,-560665.2569100024,0.0,-560665.2569100024,-0.0,5221763.6302475,-0.002544877342108187,0.0,0.0,0.0
2025-05-22,0.0,0.0,0.0,-560665.2569100024,0.0,-560665.2569100024,-0.0,5221763.6302475,-0.002544877342108187,0.0,0.0,0.0
2025-05-23,0.0,0.0,0.0,-560665.2569100024,0.0,-560665.2569100024,-0.0,5221763.6302475,-0.002544877342108187,0.0,0.0,0.0
2025-05-26,0.0,0.0,0.0,-560665.2569100024,0.0,-560665.2569100024,-0.0,5221763.6302475,-0.002544877342108187,0.0,0.0,0.0
2025-05-27,0.0,0.0,0.0,-560665.2569100024,0.0,-560665.2569100024,-0.0,5221763.6302475,-0.002544877342108187,0.0,0.0,0.0
2025-05-28,0.0,0.0,0.0,-560665.2569100024,0.0,-560665.2569100024,-0.0,5221763.6302475,-0.002544877342108187,0.0,0.0,0.0
2025-05-29,0.0,0.0,0.0,-560665.2569100024,0.0,-560665.2569100024,-0.0,5221763.6302475,-0.002544877342108187,0.0,0.0,0.0
2025-06-02,0.0,0.0,0.0,-560665.2569100024,0.0,-560665.2569100024,-0.0,5221763.6302475,-0.002544877342108187,0.0,0.0,0.0
2025-06-03,0.0,0.0,0.0,-560665.2569100024,0.0,-560665.2569100024,-0.0,5221763.6302475,-0.002544877342108187,0.0,0.0,0.0
2025-06-04,0.0,0.0,0.0,-560665.2569100024,0.0,-560665.2569100024,-0.0,5221763.6302475,-0.002544877342108187,0.0,0.0,0.0
2025-06-05,-4725227.8682,-4725227.8682,4677804.0,-608089.1251100028,-47423.868200000376,-560665.2569100024,4725227.8682,5285893.125110003,-0.0027021795449054223,-0.007669135217404699,-0.008591625438065909,-0.010036313490647751
2025-06-06,4598518.71262,0.0,0.0,-687374.4124900026,0.0,-687374.4124900026,-0.0,5285893.125110003,-0.0030545013887328825,-0.014999411736753523,-0.016949253833636435,-0.016949253833636414
2025-06-09,0.0,0.0,0.0,-687374.4124900026,0.0,-687374.4124900026,-0.0,5285893.125110003,-0.0030545013887328825,0.0,0.0,0.0
2025-06-10,0.0,0.0,0.0,-687374.4124900026,0.0,-687374.4124900026,-0.0,5285893.125110003,-0.0030545013887328825,0.0,0.0,0.0
2025-06-11,0.0,0.0,0.0,-687374.4124900026,0.0,-687374.4124900026,-0.0,5285893.125110003,-0.0030545013887328825,0.0,0.0,0.0
2025-06-12,0.0,0.0,0.0,-687374.4124900026,0.0,-687374.4124900026,-0.0,5285893.125110003,-0.0030545013887328825,0.0,0.0,0.0
2025-06-13,0.0,0.0,0.0,-687374.4124900026,0.0,-687374.4124900026,-0.0,5285893.125110003,-0.0030545013887328825,0.0,0.0,0.0
2025-06-16,0.0,0.0,0.0,-687374.4124900026,0.0,-687374.4124900026,-0.0,5285893.125110003,-0.0030545013887328825,0.0,0.0,0.0
2025-06-17,0.0,0.0,0.0,-687374.4124900026,0.0,-687374.4124900026,-0.0,5285893.125110003,-0.0030545013887328825,0.0,0.0,0.0
2025-06-18,0.0,0.0,0.0,-687374.4124900026,0.0,-687374.4124900026,-0.0,5285893.125110003,-0.0030545013887328825,0.0,0.0,0.0
2025-06-19,0.0,0.0,0.0,-687374.4124900026,0.0,-687374.4124900026,-0.0,5285893.125110003,-0.0030545013887328825,0.0,0.0,0.0
2025-06-20,0.0,0.0,0.0,-687374.4124900026,0.0,-687374.4124900026,-0.0,5285893.125110003,-0.0030545013887328825,0.0,0.0,0.0
2025-06-23,0.0,0.0,0.0,-687374.4124900026,0.0,-687374.4124900026,-0.0,5285893.125110003,-0.0030545013887328825,0.0,0.0,0.0
2025-06-24,0.0,0.0,0.0,-687374.4124900026,0.0,-687374.4124900026,-0.0,5285893.125110003,-0.0030545013887328825,0.0,0.0,0.0
2025-06-25,0.0,0.0,0.0,-687374.4124900026,0.0,-687374.4124900026,-0.0,5285893.125110003,-0.0030545013887328825,0.0,0.0,0.0
2025-06-26,-3663546.9256649995,-3663546.925665,3612414.0,-738507.3381550026,-51132.92566499999,-687374.4124900026,3663546.925665,5285893.125110003,-0.003229152031348785,-0.00967346945062117,-0.011119434074427725,-0.011119434074427647
2025-06-27,0.0,-3663546.925665,3880000.0,-470921.33815500257,216453.074335,-687374.4124900026,3663546.925665,5285893.125110003,-0.0020591218490906118,0.05062266558679833,0.05884391880003226,0.05884391880003207
2025-06-30,0.0,-3663546.925665,3880000.0,-470921.33815500257,216453.074335,-687374.4124900026,3663546.925665,5285893.125110003,-0.0020591218490906118,0.0,0.0,0.0
2025-07-01,0.0,-3663546.925665,3894866.0,-456055.33815500257,231319.074335,-687374.4124900026,3663546.925665,5285893.125110003,-0.0019941196864608404,0.0028123913306875026,0.003087453189295042,0.00308745318929507
2025-07-02,0.0,-3663546.925665,3939464.0,-411457.33815500257,275917.074335,-687374.4124900026,3663546.925665,5285893.125110003,-0.0017991131985715262,0.00843717399206248,0.009233850486750406,0.00923385048675042
2025-07-03,3939463.6931474996,0.0,0.0,-411457.6450075028,0.0,-411457.6450075028,-0.0,5285893.125110003,-0.0017991145402960066,-5.805121158775073e-08,-6.295138821332813e-08,-6.295138835691334e-08
2025-07-04,0.0,0.0,0.0,-411457.6450075028,0.0,-411457.6450075028,-0.0,5285893.125110003,-0.0017991145402960066,0.0,0.0,0.0
2025-07-07,0.0,0.0,0.0,-411457.6450075028,0.0,-411457.6450075028,-0.0,5285893.125110003,-0.0017991145402960066,0.0,0.0,0.0
2025-07-08,0.0,0.0,0.0,-411457.6450075028,0.0,-411457.6450075028,-0.0,5285893.125110003,-0.0017991145402960066,0.0,0.0,0.0
2025-07-09,0.0,0.0,0.0,-411457.6450075028,0.0,-411457.6450075028,-0.0,5285893.125110003,-0.0017991145402960066,0.0,0.0,0.0
2025-07-10,0.0,0.0,0.0,-411457.6450075028,0.0,-411457.6450075028,-0.0,5285893.125110003,-0.0017991145402960066,0.0,0.0,0.0
2025-07-11,0.0,0.0,0.0,-411457.6450075028,0.0,-411457.6450075028,-0.0,5285893.125110003,-0.0017991145402960066,0.0,0.0,0.0
2025-07-14,0.0,0.0,0.0,-411457.6450075028,0.0,-411457.6450075028,-0.0,5285893.125110003,-0.0017991145402960066,0.0,0.0,0.0
2025-07-15,0.0,0.0,0.0,-411457.6450075028,0.0,-411457.6450075028,-0.0,5285893.125110003,-0.0017991145402960066,0.0,0.0,0.0
2025-07-16,0.0,0.0,0.0,-411457.6450075028,0.0,-411457.6450075028,-0.0,5285893.125110003,-0.0017991145402960066,0.0,0.0,0.0
2025-07-17,0.0,0.0,0.0,-411457.6450075028,0.0,-411457.6450075028,-0.0,5285893.125110003,-0.0017991145402960066,0.0,0.0,0.0
2025-07-18,0.0,0.0,0.0,-411457.6450075028,0.0,-411457.6450075028,-0.0,5285893.125110003,-0.0017991145402960066,0.0,0.0,0.0
2025-07-21,0.0,0.0,0.0,-411457.6450075028,0.0,-411457.6450075028,-0.0,5285893.125110003,-0.0017991145402960066,0.0,0.0,0.0
2025-07-22,0.0,0.0,0.0,-411457.6450075028,0.0,-411457.6450075028,-0.0,5285893.125110003,-0.0017991145402960066,0.0,0.0,0.0
2025-07-23,0.0,0.0,0.0,-411457.6450075028,0.0,-411457.6450075028,-0.0,5285893.125110003,-0.0017991145402960066,0.0,0.0,0.0
2025-07-24,0.0,0.0,0.0,-411457.6450075028,0.0,-411457.6450075028,-0.0,5285893.125110003,-0.0017991145402960066,0.0,0.0,0.0
2025-07-25,0.0,0.0,0.0,-411457.6450075028,0.0,-411457.6450075028,-0.0,5285893.125110003,-0.0017991145402960066,0.0,0.0,0.0
2025-07-28,0.0,0.0,0.0,-411457.6450075028,0.0,-411457.6450075028,-0.0,5285893.125110003,-0.0017991145402960066,0.0,0.0,0.0
2025-07-29,0.0,0.0,0.0,-411457.6450075028,0.0,-411457.6450075028,-0.0,5285893.125110003,-0.0017991145402960066,0.0,0.0,0.0
2025-07-30,0.0,0.0,0.0,-411457.6450075028,0.0,-411457.6450075028,-0.0,5285893.125110003,-0.0017991145402960066,0.0,0.0,0.0
2025-07-31,0.0,0.0,0.0,-411457.6450075028,0.0,-411457.6450075028,-0.0,5285893.125110003,-0.0017991145402960066,0.0,0.0,0.0
2025-08-01,0.0,0.0,0.0,-411457.6450075028,0.0,-411457.6450075028,-0.0,5285893.125110003,-0.0017991145402960066,0.0,0.0,0.0
2025-08-04,0.0,0.0,0.0,-411457.6450075028,0.0,-411457.6450075028,-0.0,5285893.125110003,-0.0017991145402960066,0.0,0.0,0.0
2025-08-05,0.0,0.0,0.0,-411457.6450075028,0.0,-411457.6450075028,-0.0,5285893.125110003,-0.0017991145402960066,0.0,0.0,0.0
2025-08-06,-3857939.4408225003,-3857939.4408225,3761073.0,-508324.0858300026,-96866.4408224998,-411457.6450075028,3857939.4408225,5285893.125110003,-0.002185794667979199,-0.018325463366322597,-0.01987234033928853,-0.019872340339288457
2025-08-07,0.0,-3857939.4408225,3805671.0,-463726.0858300026,-52268.440822499804,-411457.6450075028,3857939.4408225,5285893.125110003,-0.0019940231715659105,0.008437173992062494,0.009334872951772377,0.009334872951772374
2025-08-08,0.0,-3857939.4408225,3657012.0,-612385.0858300026,-200927.4408224998,-411457.64500750275,3857939.4408225,5285893.125110003,-0.0026332571929413755,-0.028123724124086646,-0.030828256007945476,-0.0308282560079454
2025-08-11,3657011.7979500005,0.0,0.0,-612385.2878800024,0.0,-612385.2878800024,-0.0,5285893.125110003,-0.0026332580617568118,-3.8224382353790887e-08,-4.3233048474533575e-08,-4.3233048525622003e-08
2025-08-12,0.0,0.0,0.0,-612385.2878800024,0.0,-612385.2878800024,-0.0,5285893.125110003,-0.0026332580617568118,0.0,0.0,0.0
2025-08-13,0.0,0.0,0.0,-612385.2878800024,0.0,-612385.2878800024,-0.0,5285893.125110003,-0.0026332580617568118,0.0,0.0,0.0
2025-08-14,0.0,0.0,0.0,-612385.2878800024,0.0,-612385.2878800024,-0.0,5285893.125110003,-0.0026332580617568118,0.0,0.0,0.0
2025-08-15,0.0,0.0,0.0,-612385.2878800024,0.0,-612385.2878800024,-0.0,5285893.125110003,-0.0026332580617568118,0.0,0.0,0.0
2025-08-18,0.0,0.0,0.0,-612385.2878800024,0.0,-612385.2878800024,-0.0,5285893.125110003,-0.0026332580617568118,0.0,0.0,0.0
2025-08-19,0.0,0.0,0.0,-612385.2878800024,0.0,-612385.2878800024,-0.0,5285893.125110003,-0.0026332580617568118,0.0,0.0,0.0
2025-08-20,0.0,0.0,0.0,-612385.2878800024,0.0,-612385.2878800024,-0.0,5285893.125110003,-0.0026332580617568118,0.0,0.0,0.0
2025-08-21,0.0,0.0,0.0,-612385.2878800024,0.0,-612385.2878800024,-0.0,5285893.125110003,-0.0026332580617568118,0.0,0.0,0.0
2025-08-22,0.0,0.0,0.0,-612385.2878800024,0.0,-612385.2878800024,-0.0,5285893.125110003,-0.0026332580617568118,0.0,0.0,0.0
2025-08-25,0.0,0.0,0.0,-612385.2878800024,0.0,-612385.2878800024,-0.0,5285893.125110003,-0.0026332580617568118,0.0,0.0,0.0
2025-08-26,-3992518.6432950003,-3992518.6432950003,4147586.0,-457317.9311750027,155067.3567049997,-612385.2878800024,3992518.6432950003,5285893.125110003,-0.001933277889538069,0.02933607491388178,0.03318007845620907,0.033180078456209135
2025-08-27,0.0,-3992518.6432950003,3998927.0,-605976.9311750027,6408.356704999693,-612385.2878800024,3992518.6432950003,5285893.125110003,-0.002561722868816304,-0.02812372412408666,-0.03078734285565765,-0.03078734285565755
2025-08-28,0.0,-3992518.6432950003,4013793.0,-591110.9311750027,21274.356704999693,-612385.2878800024,3992518.6432950003,5285893.125110003,-0.002498877948145842,0.0028123913306875026,0.0031765526099092334,0.0031765526099090816
2025-08-29,0.0,-3992518.6432950003,3954330.0,-650573.9311750027,-38188.64329500031,-612385.2878800024,3992518.6432950003,5285893.125110003,-0.0027502534034013035,-0.0112493761399617,-0.0126657632971382,-0.012665763297138226
2025-09-01,0.0,-3992518.6432950003,3969196.0,-635707.9311750027,-23322.643295000307,-612385.2878800024,3992518.6432950003,5285893.125110003,-0.002687408482730841,0.0028123913306875026,0.0032071146296572817,0.0032071146296572517
2025-09-02,4028659.2485475005,0.0,0.0,-576244.6826275024,0.0,-576244.6826275024,-0.0,5285893.125110003,-0.002436031976759118,0.011249423160870825,0.01278728611175639,0.012787286111756417
2025-09-03,0.0,0.0,0.0,-576244.6826275024,0.0,-576244.6826275024,-0.0,5285893.125110003,-0.002436031976759118,0.0,0.0,0.0
2025-09-04,0.0,0.0,0.0,-576244.6826275024,0.0,-576244.6826275024,-0.0,5285893.125110003,-0.002436031976759118,0.0,0.0,0.0
2025-09-05,0.0,0.0,0.0,-576244.6826275024,0.0,-576244.6826275024,-0.0,5285893.125110003,-0.002436031976759118,0.0,0.0,0.0
2025-09-08,0.0,0.0,0.0,-576244.6826275024,0.0,-576244.6826275024,-0.0,5285893.125110003,-0.002436031976759118,0.0,0.0,0.0
2025-09-09,0.0,0.0,0.0,-576244.6826275024,0.0,-576244.6826275024,-0.0,5285893.125110003,-0.002436031976759118,0.0,0.0,0.0
2025-09-10,0.0,0.0,0.0,-576244.6826275024,0.0,-576244.6826275024,-0.0,5285893.125110003,-0.002436031976759118,0.0,0.0,0.0
2025-09-11,0.0,0.0,0.0,-576244.6826275024,0.0,-576244.6826275024,-0.0,5285893.125110003,-0.002436031976759118,0.0,0.0,0.0
2025-09-12,0.0,0.0,0.0,-576244.6826275024,0.0,-576244.6826275024,-0.0,5285893.125110003,-0.002436031976759118,0.0,0.0,0.0
2025-09-15,0.0,0.0,0.0,-576244.6826275024,0.0,-576244.6826275024,-0.0,5285893.125110003,-0.002436031976759118,0.0,0.0,0.0
2025-09-16,0.0,0.0,0.0,-576244.6826275024,0.0,-576244.6826275024,-0.0,5285893.125110003,-0.002436031976759118,0.0,0.0,0.0
2025-09-17,0.0,0.0,0.0,-576244.6826275024,0.0,-576244.6826275024,-0.0,5285893.125110003,-0.002436031976759118,0.0,0.0,0.0
2025-09-18,0.0,0.0,0.0,-576244.6826275024,0.0,-576244.6826275024,-0.0,5285893.125110003,-0.002436031976759118,0.0,0.0,0.0
2025-09-19,0.0,0.0,0.0,-576244.6826275024,0.0,-576244.6826275024,-0.0,5285893.125110003,-0.002436031976759118,0.0,0.0,0.0
2025-09-22,0.0,0.0,0.0,-576244.6826275024,0.0,-576244.6826275024,-0.0,5285893.125110003,-0.002436031976759118,0.0,0.0,0.0
2025-09-23,0.0,0.0,0.0,-576244.6826275024,0.0,-576244.6826275024,-0.0,5285893.125110003,-0.002436031976759118,0.0,0.0,0.0
2025-09-24,0.0,0.0,0.0,-576244.6826275024,0.0,-576244.6826275024,-0.0,5285893.125110003,-0.002436031976759118,0.0,0.0,0.0
2025-09-25,0.0,0.0,0.0,-576244.6826275024,0.0,-576244.6826275024,-0.0,5285893.125110003,-0.002436031976759118,0.0,0.0,0.0
2025-09-26,0.0,0.0,0.0,-576244.6826275024,0.0,-576244.6826275024,-0.0,5285893.125110003,-0.002436031976759118,0.0,0.0,0.0
2025-09-30,0.0,0.0,0.0,-576244.6826275024,0.0,-576244.6826275024,-0.0,5285893.125110003,-0.002436031976759118,0.0,0.0,0.0
2025-10-01,0.0,0.0,0.0,-576244.6826275024,0.0,-576244.6826275024,-0.0,5285893.125110003,-0.002436031976759118,0.0,0.0,0.0
2025-10-02,0.0,0.0,0.0,-576244.6826275024,0.0,-576244.6826275024,-0.0,5285893.125110003,-0.002436031976759118,0.0,0.0,0.0
2025-10-03,-4142051.0237249997,-4142051.023725,4088123.0,-630172.7063525026,-53928.02372500021,-576244.6826275024,4142051.023725,5285893.125110003,-0.0026181641087288363,-0.010202253895150018,-0.011450541241794787,-0.011450541241794733
2025-10-07,4177318.1093174997,0.0,0.0,-540977.5970350023,0.0,-540977.5970350023,-0.0,5285893.125110003,-0.002247587231096509,0.016874179482326196,0.019158175597946414,0.0191581755979463
2025-10-08,-4216817.5143675,-4216817.5143675,4415173.0,-342622.11140250263,198355.48563249968,-540977.5970350023,4216817.5143675,5285893.125110003,-0.0013989748768160747,0.037525443844151074,0.04180379702417403,0.0418037970241742
2025-10-09,0.0,-4216817.5143675,4504368.0,-253427.11140250263,287550.4856324997,-540977.5970350023,4216817.5143675,5285893.125110003,-0.0010347789887374447,0.016874158801336678,0.01804372039337232,0.01804372039337226
2025-10-13,0.0,-4216817.5143675,4459770.0,-298025.11140250263,242952.48563249968,-540977.5970350023,4216817.5143675,5285893.125110003,-0.0012168789743479693,-0.00843717399206248,-0.008862056868048973,-0.008862056868049053
2025-10-14,0.0,-4216817.5143675,4296245.0,-461550.11140250263,79427.48563249968,-540977.5970350023,4216817.5143675,5285893.125110003,-0.0018845748384441405,-0.03093611545477415,-0.032784548338208985,-0.032784548338208985
2025-10-15,0.0,-4216817.5143675,4385441.0,-372354.11140250263,168623.48563249968,-540977.5970350023,4216817.5143675,5285893.125110003,-0.0015203748672230912,0.01687434798412496,0.018488735097518028,0.018488735097518076
2025-10-16,4444904.476845,0.0,0.0,-312890.6345575026,0.0,-312890.6345575026,-0.0,5285893.125110003,-0.0012775770225254305,0.01124946635082838,0.012101964933851628,0.01210196493385162
2025-10-17,0.0,0.0,0.0,-312890.6345575026,0.0,-312890.6345575026,-0.0,5285893.125110003,-0.0012775770225254305,0.0,0.0,0.0
2025-10-20,0.0,0.0,0.0,-312890.6345575026,0.0,-312890.6345575026,-0.0,5285893.125110003,-0.0012775770225254305,0.0,0.0,0.0
2025-10-21,0.0,0.0,0.0,-312890.6345575026,0.0,-312890.6345575026,-0.0,5285893.125110003,-0.0012775770225254305,0.0,0.0,0.0
2025-10-22,-3309653.344915,-3309653.344915,3300230.0,-322313.97947250237,-9423.34491499979,-312890.6345575026,3309653.344915,5285893.125110003,-0.0012985061477233293,-0.0017827346660179919,-0.0018949005018400467,-0.0018949005018400577
2025-10-23,0.0,-3309653.344915,3201124.0,-421419.97947250237,-108529.34491499979,-312890.6345575026,3309653.344915,5285893.125110003,-0.0016977744341528577,-0.01874914941605777,-0.019966640420573167,-0.019966640420573216
2025-10-27,0.0,-3309653.344915,3171392.0,-451151.97947250237,-138261.3449149998,-312890.6345575026,3309653.344915,5285893.125110003,-0.0018175557258216038,-0.005624782661374991,-0.00611206992203539,-0.006112069922035421
2025-10-28,0.0,-3309653.344915,2933538.0,-689005.9794725024,-376115.3449149998,-312890.6345575026,3309653.344915,5285893.125110003,-0.0027757980017726973,-0.04499788292542334,-0.04919684277505132,-0.049196842775051396
2025-10-29,2963269.6512299995,0.0,0.0,-659274.3282425026,0.0,-659274.3282425026,-0.0,5285893.125110003,-0.002656018115193455,0.005624716680093872,0.006467779235828308,0.006467779235828186
2025-10-30,0.0,0.0,0.0,-659274.3282425026,0.0,-659274.3282425026,-0.0,5285893.125110003,-0.002656018115193455,0.0,0.0,0.0
2025-10-31,0.0,0.0,0.0,-659274.3282425026,0.0,-659274.3282425026,-0.0,5285893.125110003,-0.002656018115193455,0.0,0.0,0.0
2025-11-03,0.0,0.0,0.0,-659274.3282425026,0.0,-659274.3282425026,-0.0,5285893.125110003,-0.002656018115193455,0.0,0.0,0.0
2025-11-04,0.0,0.0,0.0,-659274.3282425026,0.0,-659274.3282425026,-0.0,5285893.125110003,-0.002656018115193455,0.0,0.0,0.0
2025-11-05,-3130214.4082850004,-3130214.4082850004,3181303.0,-608185.736527503,51088.59171499964,-659274.3282425026,3130214.4082850004,5285893.125110003,-0.0024196836468126145,0.009665082230344277,0.011042317069560603,0.011042317069560537
2025-11-06,3339872.3772750003,0.0,0.0,-449616.3592525027,0.0,-449616.3592525027,-0.0,5285893.125110003,-0.0017888110267668348,0.029998596929955976,0.03389895179464242,0.033898951794642314
2025-11-07,-3399372.81323,-3399372.81323,3409247.0,-439742.17248250265,9874.18677000003,-449616.3592525027,3399372.81323,5285893.125110003,-0.0017261805778140866,0.0018680261852238034,0.002041691831970338,0.0020416918319705133
2025-11-10,0.0,-3399372.81323,3746207.0,-102782.17248250265,346834.18677000003,-449616.3592525027,3399372.81323,5285893.125110003,-0.0004034650324375998,0.0637470323414811,0.06953147008706084,0.06953147008706075
2025-11-11,0.0,-3399372.81323,3785850.0,-63139.17248250265,386477.18677000003,-449616.3592525027,3399372.81323,5285893.125110003,-0.0002478488988746841,0.007499773276096081,0.007648495346198159,0.007648495346198131
2025-11-12,0.0,-3399372.81323,3736296.0,-112693.17248250265,336923.18677000003,-449616.3592525027,3399372.81323,5285893.125110003,-0.00044237004718779673,-0.009374763890817171,-0.00948809774488224,-0.00948809774488228
2025-11-13,0.0,-3399372.81323,3716475.0,-132514.17248250265,317102.18677000003,-449616.3592525027,3399372.81323,5285893.125110003,-0.0005201761512503186,-0.003749792046653898,-0.003831477650488413,-0.003831477650488416
2025-11-14,3607458.645245,0.0,0.0,-241530.5272375028,0.0,-241530.5272375028,-0.0,5285893.125110003,-0.0009481130788818375,-0.020624017961530666,-0.02115434470415123,-0.021154344704151264
2025-11-17,-3798126.2282799995,-3798126.2282799995,3845313.0,-194343.75551750226,47186.77172000054,-241530.5272375028,3798126.2282799995,5285893.125110003,-0.0007516773485985361,0.008926925044292974,0.009354357622884057,0.009354357622884195
2025-11-18,3775938.8069199994,0.0,0.0,-263717.9485975028,0.0,-263717.9485975028,-0.0,5285893.125110003,-0.0010200009146255466,-0.013124403282095638,-0.013625359992444297,-0.013625359992444273
2025-11-19,0.0,0.0,0.0,-263717.9485975028,0.0,-263717.9485975028,-0.0,5285893.125110003,-0.0010200009146255466,0.0,0.0,0.0
2025-11-20,0.0,0.0,0.0,-263717.9485975028,0.0,-263717.9485975028,-0.0,5285893.125110003,-0.0010200009146255466,0.0,0.0,0.0
2025-11-21,0.0,0.0,0.0,-263717.9485975028,0.0,-263717.9485975028,-0.0,5285893.125110003,-0.0010200009146255466,0.0,0.0,0.0
2025-11-24,0.0,0.0,0.0,-263717.9485975028,0.0,-263717.9485975028,-0.0,5285893.125110003,-0.0010200009146255466,0.0,0.0,0.0
2025-11-25,0.0,0.0,0.0,-263717.9485975028,0.0,-263717.9485975028,-0.0,5285893.125110003,-0.0010200009146255466,0.0,0.0,0.0
2025-11-26,-4346412.224044999,-4346412.224044999,4301201.0,-308929.1726425019,-45211.22404499911,-263717.9485975028,4346412.224044999,5285893.125110003,-0.0011751128815226442,-0.008553185426740585,-0.009002319205518972,-0.00900231920551897
2025-11-27,0.0,-4346412.224044999,4231827.0,-378303.1726425019,-114585.22404499911,-263717.9485975028,4346412.224044999,5285893.125110003,-0.0014389995204743202,-0.013124366754682787,-0.013939019985387935,-0.01393901998538797
2025-11-28,0.0,-4346412.224044999,4479592.0,-130538.17264250189,133179.7759550009,-263717.9485975028,4346412.224044999,5285893.125110003,-0.0004965445214853326,0.04687287354014443,0.050486084289789845,0.050486084289789845
2025-12-01,0.0,-4346412.224044999,4330932.0,-279198.1726425019,-15480.224044999108,-263717.9485975028,4346412.224044999,5285893.125110003,-0.0010620213247049275,-0.028123913306874943,-0.02883603580561367,-0.028836035805613548
2025-12-02,0.0,-4346412.224044999,4301201.0,-308929.1726425019,-45211.22404499911,-263717.9485975028,4346412.224044999,5285893.125110003,-0.0011751128815226442,-0.005624593478586702,-0.005938248741387264,-0.0059382487413872425
2025-12-03,4321021.893754999,0.0,0.0,-289108.2788875028,0.0,-289108.2788875028,-0.0,5285893.125110003,-0.001099717646506284,0.003749771946928389,0.003982527087657894,0.00398252708765797
2025-12-04,0.0,0.0,0.0,-289108.2788875028,0.0,-289108.2788875028,-0.0,5285893.125110003,-0.001099717646506284,0.0,0.0,0.0
2025-12-05,0.0,0.0,0.0,-289108.2788875028,0.0,-289108.2788875028,-0.0,5285893.125110003,-0.001099717646506284,0.0,0.0,0.0
2025-12-08,0.0,0.0,0.0,-289108.2788875028,0.0,-289108.2788875028,-0.0,5285893.125110003,-0.001099717646506284,0.0,0.0,0.0
2025-12-09,0.0,0.0,0.0,-289108.2788875028,0.0,-289108.2788875028,-0.0,5285893.125110003,-0.001099717646506284,0.0,0.0,0.0
2025-12-10,0.0,0.0,0.0,-289108.2788875028,0.0,-289108.2788875028,-0.0,5285893.125110003,-0.001099717646506284,0.0,0.0,0.0
2025-12-11,0.0,0.0,0.0,-289108.2788875028,0.0,-289108.2788875028,-0.0,5285893.125110003,-0.001099717646506284,0.0,0.0,0.0
2025-12-12,0.0,0.0,0.0,-289108.2788875028,0.0,-289108.2788875028,-0.0,5285893.125110003,-0.001099717646506284,0.0,0.0,0.0
2025-12-15,0.0,0.0,0.0,-289108.2788875028,0.0,-289108.2788875028,-0.0,5285893.125110003,-0.001099717646506284,0.0,0.0,0.0
2025-12-16,0.0,0.0,0.0,-289108.2788875028,0.0,-289108.2788875028,-0.0,5285893.125110003,-0.001099717646506284,0.0,0.0,0.0
2025-12-17,0.0,0.0,0.0,-289108.2788875028,0.0,-289108.2788875028,-0.0,5285893.125110003,-0.001099717646506284,0.0,0.0,0.0
2025-12-18,0.0,0.0,0.0,-289108.2788875028,0.0,-289108.2788875028,-0.0,5285893.125110003,-0.001099717646506284,0.0,0.0,0.0
2025-12-19,0.0,0.0,0.0,-289108.2788875028,0.0,-289108.2788875028,-0.0,5285893.125110003,-0.001099717646506284,0.0,0.0,0.0
2025-12-22,0.0,0.0,0.0,-289108.2788875028,0.0,-289108.2788875028,-0.0,5285893.125110003,-0.001099717646506284,0.0,0.0,0.0
2025-12-23,0.0,0.0,0.0,-289108.2788875028,0.0,-289108.2788875028,-0.0,5285893.125110003,-0.001099717646506284,0.0,0.0,0.0
2025-12-24,0.0,0.0,0.0,-289108.2788875028,0.0,-289108.2788875028,-0.0,5285893.125110003,-0.001099717646506284,0.0,0.0,0.0
2025-12-26,0.0,0.0,0.0,-289108.2788875028,0.0,-289108.2788875028,-0.0,5285893.125110003,-0.001099717646506284,0.0,0.0,0.0
2025-12-29,0.0,0.0,0.0,-289108.2788875028,0.0,-289108.2788875028,-0.0,5285893.125110003,-0.001099717646506284,0.0,0.0,0.0
2025-12-30,0.0,0.0,0.0,-289108.2788875028,0.0,-289108.2788875028,-0.0,5285893.125110003,-0.001099717646506284,0.0,0.0,0.0
2025-12-31,0.0,0.0,0.0,-289108.2788875028,0.0,-289108.2788875028,-0.0,5285893.125110003,-0.001099717646506284,0.0,0.0,0.0
2026-01-02,0.0,0.0,0.0,-289108.2788875028,0.0,-289108.2788875028,-0.0,5285893.125110003,-0.001099717646506284,0.0,0.0,0.0
2026-01-05,-4565726.702465,-4565726.702465,4598519.0,-256315.98135250242,32792.29753500037,-289108.2788875028,4565726.702465,5285893.125110003,-0.0009583377725712729,0.0062037382820368525,0.006562679511764591,0.006562679511764628
2026-01-06,0.0,-4565726.702465,4925568.0,70733.01864749758,359841.29753500037,-289108.2788875028,4565726.702465,5285893.125110003,0.0002644631176729525,0.061872041726760016,0.06502514836777462,0.0650251483677747
2026-01-07,0.0,-4565726.702465,4935479.0,80644.01864749758,369752.29753500037,-289108.2788875028,4565726.702465,5285893.125110003,0.00030151927630120244,0.0018749906147210935,0.0018502317940463087,0.001850231794046346
2026-01-08,0.0,-4565726.702465,4856194.0,1359.018647497578,290467.29753500037,-289108.2788875028,4565726.702465,5285893.125110003,5.081223951207744e-06,-0.014999357369403875,-0.01477395904959422,-0.014773959049594287
2026-01-09,0.0,-4565726.702465,4687714.0,-167120.98135250242,121987.29753500037,-289108.2788875028,4565726.702465,5285893.125110003,-0.00062484730048503,-0.03187351617074056,-0.031865323502477394,-0.03186532350247742
2026-01-12,4707535.36981,0.0,0.0,-147299.61154250253,0.0,-147299.61154250253,-0.0,5285893.125110003,-0.0005507373394408809,0.003749862008340814,0.0038722899268279765,0.0038722899268279903
2026-01-13,0.0,0.0,0.0,-147299.61154250253,0.0,-147299.61154250253,-0.0,5285893.125110003,-0.0005507373394408809,0.0,0.0,0.0
2026-01-14,0.0,0.0,0.0,-147299.61154250253,0.0,-147299.61154250253,-0.0,5285893.125110003,-0.0005507373394408809,0.0,0.0,0.0
2026-01-15,0.0,0.0,0.0,-147299.61154250253,0.0,-147299.61154250253,-0.0,5285893.125110003,-0.0005507373394408809,0.0,0.0,0.0
2026-01-16,0.0,0.0,0.0,-147299.61154250253,0.0,-147299.61154250253,-0.0,5285893.125110003,-0.0005507373394408809,0.0,0.0,0.0
2026-01-19,-2517130.9074675003,-2517130.9074675003,2670907.0,6476.480989997159,153776.0925324997,-147299.61154250253,2517130.9074675003,5285893.125110003,2.3989094868713674e-05,0.029091789957311993,0.029925716468228503,0.029925716468228614
2026-01-20,0.0,-2517130.9074675003,2675862.0,11431.480989997159,158731.0925324997,-147299.61154250253,2517130.9074675003,5285893.125110003,4.234257498516321e-05,0.0009374007159664024,0.0009362535818149276,0.0009362535818150064
2026-01-21,0.0,-2517130.9074675003,2601533.0,-62897.51901000284,84402.0925324997,-147299.61154250253,2517130.9074675003,5285893.125110003,-0.00023297444289083628,-0.014061767470649184,-0.014031422562704288,-0.01403142256270426
2026-01-22,0.0,-2517130.9074675003,2551980.0,-112450.51901000284,34849.09253249969,-147299.61154250253,2517130.9074675003,5285893.125110003,-0.000416520356152274,-0.009374574708028887,-0.009487467295995033,-0.009487467295995127
2026-01-23,2675862.1819125004,0.0,0.0,11431.662902497483,0.0,11431.662902497483,-0.0,5285893.125110003,4.234324879494275e-05,0.023436376593392108,0.02394579225957405,0.023945792259574113
2026-01-26,-2691585.5515875,-2691585.5515875,2596577.0,-83576.88868500266,-95008.55158750014,11431.662902497483,2691585.5515875,5285893.125110003,-0.00030651562152352014,-0.017973982700515336,-0.01793519472366467,-0.01793519472366472
2026-01-27,2606488.026975,0.0,0.0,-73665.86171000286,0.0,-73665.86171000286,-0.0,5285893.125110003,-0.0002701672405179998,0.0018749957179267657,0.0019051181290377084,0.0019051181290375752
2026-01-28,0.0,0.0,0.0,-73665.86171000286,0.0,-73665.86171000286,-0.0,5285893.125110003,-0.0002701672405179998,0.0,0.0,0.0
2026-01-29,0.0,0.0,0.0,-73665.86171000286,0.0,-73665.86171000286,-0.0,5285893.125110003,-0.0002701672405179998,0.0,0.0,0.0
2026-01-30,0.0,0.0,0.0,-73665.86171000286,0.0,-73665.86171000286,-0.0,5285893.125110003,-0.0002701672405179998,0.0,0.0,0.0
2026-02-02,0.0,0.0,0.0,-73665.86171000286,0.0,-73665.86171000286,-0.0,5285893.125110003,-0.0002701672405179998,0.0,0.0,0.0
2026-02-03,0.0,0.0,0.0,-73665.86171000286,0.0,-73665.86171000286,-0.0,5285893.125110003,-0.0002701672405179998,0.0,0.0,0.0
2026-02-04,0.0,0.0,0.0,-73665.86171000286,0.0,-73665.86171000286,-0.0,5285893.125110003,-0.0002701672405179998,0.0,0.0,0.0
2026-02-05,0.0,0.0,0.0,-73665.86171000286,0.0,-73665.86171000286,-0.0,5285893.125110003,-0.0002701672405179998,0.0,0.0,0.0
2026-02-06,0.0,0.0,0.0,-73665.86171000286,0.0,-73665.86171000286,-0.0,5285893.125110003,-0.0002701672405179998,0.0,0.0,0.0
2026-02-09,0.0,0.0,0.0,-73665.86171000286,0.0,-73665.86171000286,-0.0,5285893.125110003,-0.0002701672405179998,0.0,0.0,0.0
2026-02-10,0.0,0.0,0.0,-73665.86171000286,0.0,-73665.86171000286,-0.0,5285893.125110003,-0.0002701672405179998,0.0,0.0,0.0
2026-02-11,0.0,0.0,0.0,-73665.86171000286,0.0,-73665.86171000286,-0.0,5285893.125110003,-0.0002701672405179998,0.0,0.0,0.0
2026-02-23,0.0,0.0,0.0,-73665.86171000286,0.0,-73665.86171000286,-0.0,5285893.125110003,-0.0002701672405179998,0.0,0.0,0.0
2026-02-24,0.0,0.0,0.0,-73665.86171000286,0.0,-73665.86171000286,-0.0,5285893.125110003,-0.0002701672405179998,0.0,0.0,0.0
2026-02-25,0.0,0.0,0.0,-73665.86171000286,0.0,-73665.86171000286,-0.0,5285893.125110003,-0.0002701672405179998,0.0,0.0,0.0
2026-02-26,0.0,0.0,0.0,-73665.86171000286,0.0,-73665.86171000286,-0.0,5285893.125110003,-0.0002701672405179998,0.0,0.0,0.0
2026-03-02,0.0,0.0,0.0,-73665.86171000286,0.0,-73665.86171000286,-0.0,5285893.125110003,-0.0002701672405179998,0.0,0.0,0.0
2026-03-03,-2656694.6027350007,-2656694.602735,2467740.0,-262620.4644450031,-188954.6027350002,-73665.86171000288,2656694.602735,5285893.125110003,-0.0009538585554961621,-0.03574695860523437,-0.036252180341757145,-0.03625218034175716
2026-03-04,0.0,-2656694.602735,2259617.0,-470743.4644450031,-397077.6027350002,-73665.86171000288,2656694.602735,5285893.125110003,-0.001709777956389237,-0.03937328944683663,-0.04143175456704118,-0.04143175456704114
2026-03-05,2383499.4371475005,0.0,0.0,-346861.027297503,0.0,-346861.027297503,-0.0,5285893.125110003,-0.0012598270251144032,0.023436424879461015,0.025727640027369603,0.025727640027369613
2026-03-06,0.0,0.0,0.0,-346861.027297503,0.0,-346861.027297503,-0.0,5285893.125110003,-0.0012598270251144032,0.0,0.0,0.0
2026-03-09,0.0,0.0,0.0,-346861.027297503,0.0,-346861.027297503,-0.0,5285893.125110003,-0.0012598270251144032,0.0,0.0,0.0
2026-03-10,0.0,0.0,0.0,-346861.027297503,0.0,-346861.027297503,-0.0,5285893.125110003,-0.0012598270251144032,0.0,0.0,0.0
2026-03-11,0.0,0.0,0.0,-346861.027297503,0.0,-346861.027297503,-0.0,5285893.125110003,-0.0012598270251144032,0.0,0.0,0.0
2026-03-12,0.0,0.0,0.0,-346861.027297503,0.0,-346861.027297503,-0.0,5285893.125110003,-0.0012598270251144032,0.0,0.0,0.0
2026-03-13,0.0,0.0,0.0,-346861.027297503,0.0,-346861.027297503,-0.0,5285893.125110003,-0.0012598270251144032,0.0,0.0,0.0
2026-03-16,0.0,0.0,0.0,-346861.027297503,0.0,-346861.027297503,-0.0,5285893.125110003,-0.0012598270251144032,0.0,0.0,0.0
2026-03-17,0.0,0.0,0.0,-346861.027297503,0.0,-346861.027297503,-0.0,5285893.125110003,-0.0012598270251144032,0.0,0.0,0.0
2026-03-18,0.0,0.0,0.0,-346861.027297503,0.0,-346861.027297503,-0.0,5285893.125110003,-0.0012598270251144032,0.0,0.0,0.0
2026-03-19,-2492208.8440625,-2492208.8440625,2586667.0,-252402.8713600032,94458.15593749983,-346861.027297503,2492208.8440625,5285893.125110003,-0.0009085235728474662,0.017869857316786766,0.01912483135700538,0.019124831357005233
2026-03-20,0.0,-2492208.8440625,2621354.0,-217715.8713600032,129145.15593749983,-346861.027297503,2492208.8440625,5285893.125110003,-0.0007836677936657327,0.0065621833773413935,0.00689124211061265,0.0068912421106125795
2026-03-23,0.0,-2492208.8440625,2566846.0,-272223.8713600032,74637.15593749983,-346861.027297503,2492208.8440625,5285893.125110003,-0.0009798692181659182,-0.010311975423995291,-0.010754951390003042,-0.01075495139000297
2026-03-24,0.0,-2492208.8440625,2482605.0,-356464.8713600032,-9603.844062500168,-346861.027297503,2492208.8440625,5285893.125110003,-0.0012830945098904378,-0.015936947268158565,-0.016802265114914006,-0.016802265114913895
2026-03-25,0.0,-2492208.8440625,2452874.0,-386195.8713600032,-39334.84406250017,-346861.027297503,2492208.8440625,5285893.125110003,-0.0013901111781192304,-0.005624593478586695,-0.006031328273696346,-0.006031328273696349
2026-03-26,2467739.6175425,0.0,0.0,-371330.25381750305,0.0,-371330.25381750305,-0.0,5285893.125110003,-0.0013366024209108668,0.002812318976311262,0.003033986953198564,0.0030339869531985247
2026-03-27,0.0,0.0,0.0,-371330.25381750305,0.0,-371330.25381750305,-0.0,5285893.125110003,-0.0013366024209108668,0.0,0.0,0.0
2026-03-30,0.0,0.0,0.0,-371330.25381750305,0.0,-371330.25381750305,-0.0,5285893.125110003,-0.0013366024209108668,0.0,0.0,0.0
2026-03-31,0.0,0.0,0.0,-371330.25381750305,0.0,-371330.25381750305,-0.0,5285893.125110003,-0.0013366024209108668,0.0,0.0,0.0
2026-04-01,0.0,0.0,0.0,-371330.25381750305,0.0,-371330.25381750305,-0.0,5285893.125110003,-0.0013366024209108668,0.0,0.0,0.0
2026-04-02,0.0,0.0,0.0,-371330.25381750305,0.0,-371330.25381750305,-0.0,5285893.125110003,-0.0013366024209108668,0.0,0.0,0.0
2026-04-07,0.0,0.0,0.0,-371330.25381750305,0.0,-371330.25381750305,-0.0,5285893.125110003,-0.0013366024209108668,0.0,0.0,0.0
2026-04-08,0.0,0.0,0.0,-371330.25381750305,0.0,-371330.25381750305,-0.0,5285893.125110003,-0.0013366024209108668,0.0,0.0,0.0
2026-04-09,0.0,0.0,0.0,-371330.25381750305,0.0,-371330.25381750305,-0.0,5285893.125110003,-0.0013366024209108668,0.0,0.0,0.0
2026-04-10,-2686601.158935,-2686601.158935,2641175.0,-416756.41275250324,-45426.15893500019,-371330.25381750305,2686601.158935,5285893.125110003,-0.0014857459985246476,-0.008593847408531322,-0.0092431738334956,-0.00924317383349567
2026-04-13,0.0,-2686601.158935,2750192.0,-307739.41275250324,63590.84106499981,-371330.25381750305,2686601.158935,5285893.125110003,-0.001097097938015137,0.020624140030778858,0.022389389832354167,0.02238938983235429
2026-04-14,0.0,-2686601.158935,3022733.0,-35198.41275250324,336131.8410649998,-371330.25381750305,2686601.158935,5285893.125110003,-0.0001254831342751462,0.051560066302764725,0.054747405513706715,0.05474740551370661
2026-04-15,0.0,-2686601.158935,3042554.0,-15377.412752503238,355952.8410649998,-371330.25381750305,2686601.158935,5285893.125110003,-5.482082282501445e-05,0.003749792046653897,0.0037749290495505683,0.003774929049550589
2026-04-16,0.0,-2686601.158935,3315096.0,257164.58724749676,628494.8410649998,-371330.25381750305,2686601.158935,5285893.125110003,0.0009167975459375004,0.051560255485553014,0.051710689214147676,0.05171068921414752
2026-04-17,3310140.6250325,0.0,0.0,252209.21227999666,0.0,252209.21227999666,-0.0,5285893.125110003,0.0008991315225630147,-0.0009374716533635946,-0.0008939785989334759,-0.0008939785989333579
2026-04-20,-3484107.989035,-3484107.989035,3547995.0,316096.22324499657,63887.01096499991,252209.21227999666,3484107.989035,5285893.125110003,0.0011130648621941674,0.012086322869736495,0.011535902927194641,0.011535902927194483
2026-04-21,0.0,-3484107.989035,3701609.0,469710.22324499657,217501.0109649999,252209.21227999666,3484107.989035,5285893.125110003,0.0016539835229292296,0.02906112484005305,0.027421330253887044,0.027421330253887058
2026-04-22,0.0,-3484107.989035,3642146.0,410247.22324499657,158038.0109649999,252209.21227999666,3484107.989035,5285893.125110003,0.0014445973581051314,-0.011249376139961687,-0.010331323477493437,-0.010331323477493463
2026-04-23,0.0,-3484107.989035,3875045.0,643146.2232449965,390937.0109649999,252209.2122799966,3484107.989035,5285893.125110003,0.0022647010932239048,0.04406048220945692,0.04088715968300538,0.040887159683005235
2026-04-24,0.0,-3484107.989035,3998927.0,767028.2232449965,514819.0109649999,252209.2122799966,3484107.989035,5285893.125110003,0.002700924910904461,0.02343634217867807,0.020894109942847905,0.020894109942847794
2026-04-27,4083167.477585,0.0,0.0,851268.700829997,0.0,851268.700829997,-0.0,5285893.125110003,0.002997559633748476,0.015936848436232304,0.013917325657617274,0.013917325657617285
2026-04-28,-4002487.4286,-4002487.4286,4152542.0,1001323.2722299967,150054.57139999978,851268.700829997,4002487.4286,5285893.125110003,0.003476940880052469,0.028387742212793415,0.024450157199010558,0.024450157199010576
2026-04-29,0.0,-4002487.4286,4083167.0,931948.2722299967,80679.57139999978,851268.700829997,4002487.4286,5285893.125110003,0.003236046874846291,-0.013124555937471055,-0.011034294927299015,-0.011034294927299024
2026-04-30,0.0,-4002487.4286,4221916.0,1070697.2722299967,219428.57139999978,851268.700829997,4002487.4286,5285893.125110003,0.003717831412912626,0.026248922692153842,0.02231465731167681,0.022314657311676846
2026-05-04,0.0,-4002487.4286,4643116.0,1491897.2722299967,640628.5713999998,851268.700829997,4002487.4286,5285893.125110003,0.0051803835569535946,0.07968379042685136,0.06626193818879011,0.06626193818879014
2026-05-05,0.0,-4002487.4286,4791775.0,1640556.2722299967,789287.5713999998,851268.700829997,4002487.4286,5285893.125110003,0.00569657904408794,0.028123724124086702,0.02193325424438375,0.021933254244383606
2026-05-06,4880970.806932501,0.0,0.0,1729752.079162497,0.0,1729752.079162497,-0.0,5285893.125110003,0.006006297749378995,0.01687431145907703,0.012877565663982793,0.012877565663982857
2026-05-07,-4939557.9539675,-4939557.9539675,5401277.0,2191471.1251949975,461719.04603250045,1729752.079162497,4939557.9539675,5285893.125110003,0.007481229089556426,0.08734929653404444,0.06581277025687027,0.06581277025687036
2026-05-08,0.0,-4939557.9539675,5163423.0,1953617.1251949975,223865.04603250045,1729752.079162497,4939557.9539675,5285893.125110003,0.00666924473648446,-0.04499788292542334,-0.03180987204017738,-0.031809872040177524
2026-05-11,0.0,-4939557.9539675,5678774.0,2468968.1251949975,739216.0460325005,1729752.079162497,4939557.9539675,5285893.125110003,0.00842854644400248,0.09749553912694275,0.0711858927167468,0.07118589271674672
2026-05-12,0.0,-4939557.9539675,5520205.0,2310399.1251949975,580647.0460325005,1729752.079162497,4939557.9539675,5285893.125110003,0.007887224679885547,-0.029998525556019506,-0.02044769014968051,-0.020447690149680425
2026-05-13,0.0,-4939557.9539675,5282350.0,2072544.1251949975,342792.04603250045,1729752.079162497,4939557.9539675,5285893.125110003,0.007075236913020443,-0.044998072108211606,-0.03131198644844779,-0.031311986448447904
2026-05-14,5455785.64601,0.0,0.0,2245979.771204998,0.0,2245979.771204998,-0.0,5285893.125110003,0.00766731033127302,0.03281103910068006,0.023569630359056237,0.023569630359056404
2026-05-15,0.0,0.0,0.0,2245979.771204998,0.0,2245979.771204998,-0.0,5285893.125110003,0.00766731033127302,0.0,0.0,0.0
2026-05-18,0.0,0.0,0.0,2245979.771204998,0.0,2245979.771204998,-0.0,5285893.125110003,0.00766731033127302,0.0,0.0,0.0
2026-05-19,0.0,0.0,0.0,2245979.771204998,0.0,2245979.771204998,-0.0,5285893.125110003,0.00766731033127302,0.0,0.0,0.0
2026-05-20,0.0,0.0,0.0,2245979.771204998,0.0,2245979.771204998,-0.0,5285893.125110003,0.00766731033127302,0.0,0.0,0.0
2026-05-21,0.0,0.0,0.0,2245979.771204998,0.0,2245979.771204998,-0.0,5285893.125110003,0.00766731033127302,0.0,0.0,0.0
2026-05-22,0.0,0.0,0.0,2245979.771204998,0.0,2245979.771204998,-0.0,5285893.125110003,0.00766731033127302,0.0,0.0,0.0
2026-05-25,0.0,0.0,0.0,2245979.771204998,0.0,2245979.771204998,-0.0,5285893.125110003,0.00766731033127302,0.0,0.0,0.0
2026-05-26,0.0,0.0,0.0,2245979.771204998,0.0,2245979.771204998,-0.0,5285893.125110003,0.00766731033127302,0.0,0.0,0.0
2026-05-27,0.0,0.0,0.0,2245979.771204998,0.0,2245979.771204998,-0.0,5285893.125110003,0.00766731033127302,0.0,0.0,0.0
2026-05-28,0.0,0.0,0.0,2245979.771204998,0.0,2245979.771204998,-0.0,5285893.125110003,0.00766731033127302,0.0,0.0,0.0
2026-05-29,0.0,0.0,0.0,2245979.771204998,0.0,2245979.771204998,-0.0,5285893.125110003,0.00766731033127302,0.0,0.0,0.0
2026-06-01,0.0,0.0,0.0,2245979.771204998,0.0,2245979.771204998,-0.0,5285893.125110003,0.00766731033127302,0.0,0.0,0.0
2026-06-02,0.0,0.0,0.0,2245979.771204998,0.0,2245979.771204998,-0.0,5285893.125110003,0.00766731033127302,0.0,0.0,0.0
2026-06-03,0.0,0.0,0.0,2245979.771204998,0.0,2245979.771204998,-0.0,5285893.125110003,0.00766731033127302,0.0,0.0,0.0
2026-06-04,0.0,0.0,0.0,2245979.771204998,0.0,2245979.771204998,-0.0,5285893.125110003,0.00766731033127302,0.0,0.0,0.0
2026-06-05,0.0,0.0,0.0,2245979.771204998,0.0,2245979.771204998,-0.0,5285893.125110003,0.00766731033127302,0.0,0.0,0.0
2026-06-08,0.0,0.0,0.0,2245979.771204998,0.0,2245979.771204998,-0.0,5285893.125110003,0.00766731033127302,0.0,0.0,0.0
2026-06-09,0.0,0.0,0.0,2245979.771204998,0.0,2245979.771204998,-0.0,5285893.125110003,0.00766731033127302,0.0,0.0,0.0
2026-06-10,0.0,0.0,0.0,2245979.771204998,0.0,2245979.771204998,-0.0,5285893.125110003,0.00766731033127302,0.0,0.0,0.0
2026-06-11,0.0,0.0,0.0,2245979.771204998,0.0,2245979.771204998,-0.0,5285893.125110003,0.00766731033127302,0.0,0.0,0.0
2026-06-12,0.0,0.0,0.0,2245979.771204998,0.0,2245979.771204998,-0.0,5285893.125110003,0.00766731033127302,0.0,0.0,0.0
2026-06-15,0.0,0.0,0.0,2245979.771204998,0.0,2245979.771204998,-0.0,5285893.125110003,0.00766731033127302,0.0,0.0,0.0
2026-06-16,-5062203.375,-5062203.375,4898229.0,2082005.3962049978,-163974.375,2245979.771204998,5062203.375,5285893.125110003,0.0069867947334283425,-0.031021129470260977,-0.021770730501868174,-0.02177073050186828
2026-06-17,0.0,-5062203.375,5052543.0,2236319.396204998,-9660.375,2245979.771204998,5062203.375,5285893.125110003,0.007504641730587664,0.029193552791854538,0.02094409953578702,0.020944099535787103
2026-06-18,0.0,-5062203.375,4838494.0,2022270.3962049978,-223709.375,2245979.771204998,5062203.375,5285893.125110003,0.006786335991024464,-0.04049438665023053,-0.02845559061160119,-0.028455590611601182
2026-06-22,0.0,-5062203.375,4733959.0,1917735.3962049978,-328244.375,2245979.771204998,5062203.375,5285893.125110003,0.006435537386568293,-0.019776222773672636,-0.014303867133666825,-0.014303867133666763
2026-06-23,0.0,-5062203.375,4704092.0,1887868.3962049978,-358111.375,2245979.771204998,5062203.375,5285893.125110003,0.0063353096932666,-0.005650322337793834,-0.004146104968020814,-0.004146104968020737
2026-06-24,4704091.875,0.0,0.0,1887868.2712049978,0.0,1887868.2712049978,-0.0,5285893.125110003,0.006335309273791538,-2.364784856823121e-08,-1.7424610532223994e-08,-1.742461045416612e-08
2026-06-25,0.0,0.0,0.0,1887868.2712049978,0.0,1887868.2712049978,-0.0,5285893.125110003,0.006335309273791538,0.0,0.0,0.0
2026-06-26,0.0,0.0,0.0,1887868.2712049978,0.0,1887868.2712049978,-0.0,5285893.125110003,0.006335309273791538,0.0,0.0,0.0
2026-06-29,0.0,0.0,0.0,1887868.2712049978,0.0,1887868.2712049978,-0.0,5285893.125110003,0.006335309273791538,0.0,0.0,0.0
2026-06-30,0.0,0.0,0.0,1887868.2712049978,0.0,1887868.2712049978,-0.0,5285893.125110003,0.006335309273791538,0.0,0.0,0.0
2026-07-01,0.0,0.0,0.0,1887868.2712049978,0.0,1887868.2712049978,-0.0,5285893.125110003,0.006335309273791538,0.0,0.0,0.0
2026-07-02,0.0,0.0,0.0,1887868.2712049978,0.0,1887868.2712049978,-0.0,5285893.125110003,0.006335309273791538,0.0,0.0,0.0
2026-07-03,-5232445.625,-5232445.625,5017698.0,1673120.6462049978,-214747.625,1887868.2712049978,5232445.625,5285893.125110003,0.005517772283978204,-0.040626554475698184,-0.02993515021426707,-0.029935150214267094
2026-07-06,0.0,-5232445.625,4584623.0,1240045.6462049978,-647822.625,1887868.2712049978,5232445.625,5285893.125110003,0.0040895374239852825,-0.08193033603776984,-0.06223223781868803,-0.062232237818688
2026-07-07,4748892.75,0.0,0.0,1404315.3962049978,0.0,1404315.3962049978,-0.0,5285893.125110003,0.004631281425352995,0.031077009336351546,0.025171819067940637,0.02517181906794063
2026-07-08,0.0,0.0,0.0,1404315.3962049978,0.0,1404315.3962049978,-0.0,5285893.125110003,0.004631281425352995,0.0,0.0,0.0
2026-07-09,0.0,0.0,0.0,1404315.3962049978,0.0,1404315.3962049978,-0.0,5285893.125110003,0.004631281425352995,0.0,0.0,0.0
2026-07-13,0.0,0.0,0.0,1404315.3962049978,0.0,1404315.3962049978,-0.0,5285893.125110003,0.004631281425352995,0.0,0.0,0.0
2026-07-14,0.0,0.0,0.0,1404315.3962049978,0.0,1404315.3962049978,-0.0,5285893.125110003,0.004631281425352995,0.0,0.0,0.0
2026-07-15,0.0,0.0,0.0,1404315.3962049978,0.0,1404315.3962049978,-0.0,5285893.125110003,0.004631281425352995,0.0,0.0,0.0
2026-07-16,0.0,0.0,0.0,1404315.3962049978,0.0,1404315.3962049978,-0.0,5285893.125110003,0.004631281425352995,0.0,0.0,0.0
2026-07-17,0.0,0.0,0.0,1404315.3962049978,0.0,1404315.3962049978,-0.0,5285893.125110003,0.004631281425352995,0.0,0.0,0.0
2026-07-20,0.0,0.0,0.0,1404315.3962049978,0.0,1404315.3962049978,-0.0,5285893.125110003,0.004631281425352995,0.0,0.0,0.0
2026-07-21,0.0,0.0,0.0,1404315.3962049978,0.0,1404315.3962049978,-0.0,5285893.125110003,0.004631281425352995,0.0,0.0,0.0
2026-07-22,0.0,0.0,0.0,1404315.3962049978,0.0,1404315.3962049978,-0.0,5285893.125110003,0.004631281425352995,0.0,0.0,0.0
2026-07-23,0.0,0.0,0.0,1404315.3962049978,0.0,1404315.3962049978,-0.0,5285893.125110003,0.004631281425352995,0.0,0.0,0.0
2026-07-24,0.0,0.0,0.0,1404315.3962049978,0.0,1404315.3962049978,-0.0,5285893.125110003,0.004631281425352995,0.0,0.0,0.0
2026-07-27,0.0,0.0,0.0,1404315.3962049978,0.0,1404315.3962049978,-0.0,5285893.125110003,0.004631281425352995,0.0,0.0,0.0
2026-07-28,0.0,0.0,0.0,1404315.3962049978,0.0,1404315.3962049978,-0.0,5285893.125110003,0.004631281425352995,0.0,0.0,0.0
2026-07-29,0.0,0.0,0.0,1404315.3962049978,0.0,1404315.3962049978,-0.0,5285893.125110003,0.004631281425352995,0.0,0.0,0.0
2026-07-30,0.0,0.0,0.0,1404315.3962049978,0.0,1404315.3962049978,-0.0,5285893.125110003,0.004631281425352995,0.0,0.0,0.0
2026-07-31,0.0,0.0,0.0,1404315.3962049978,0.0,1404315.3962049978,-0.0,5285893.125110003,0.004631281425352995,0.0,0.0,0.0
2026-08-03,0.0,0.0,0.0,1404315.3962049978,0.0,1404315.3962049978,-0.0,5285893.125110003,0.004631281425352995,0.0,0.0,0.0
2026-08-04,0.0,0.0,0.0,1404315.3962049978,0.0,1404315.3962049978,-0.0,5285893.125110003,0.004631281425352995,0.0,0.0,0.0
2026-08-05,0.0,0.0,0.0,1404315.3962049978,0.0,1404315.3962049978,-0.0,5285893.125110003,0.004631281425352995,0.0,0.0,0.0
2026-08-06,0.0,0.0,0.0,1404315.3962049978,0.0,1404315.3962049978,-0.0,5285893.125110003,0.004631281425352995,0.0,0.0,0.0
2026-08-07,0.0,0.0,0.0,1404315.3962049978,0.0,1404315.3962049978,-0.0,5285893.125110003,0.004631281425352995,0.0,0.0,0.0
2026-08-10,-4646612.0,-4646612.0,4509955.0,1267658.3962049978,-136657.0,1404315.3962049978,4646612.0,5285893.125110003,0.004117504555965104,-0.02585315229905563,-0.020426418633232468,-0.020426418633232562
2026-08-11,0.0,-4646612.0,4933074.0,1690777.3962049978,286462.0,1404315.3962049978,4646612.0,5285893.125110003,0.005491845163364561,0.08004683219757583,0.06456331328499254,0.06456331328499255
2026-08-12,0.0,-4646612.0,5107300.0,1865003.3962049978,460688.0,1404315.3962049978,4646612.0,5285893.125110003,0.006057751838944665,0.03296056047224266,0.024972657009917354,0.024972657009917236
2026-08-13,0.0,-4646612.0,5515486.0,2273189.396204998,868874.0,1404315.3962049978,4646612.0,5285893.125110003,0.007383588294343631,0.07722176562007299,0.057081793700034744,0.05708179370003488
2026-08-14,0.0,-4646612.0,5440817.0,2198520.396204998,794205.0,1404315.3962049978,4646612.0,5285893.125110003,0.00714105454186759,-0.01412608961866707,-0.009878050648269743,-0.009878050648269725
2026-08-17,5450773.125,0.0,0.0,2208476.521204998,0.0,2208476.521204998,-0.0,5285893.125110003,0.0071733932146283135,0.0018835274880426023,0.0013302478506360682,0.0013302478506359604
2026-08-18,-5853329.125,-5853329.125,5510508.0,1865655.3962049978,-342821.125,2208476.521204998,5853329.125,5285893.125110003,0.00594680709587304,-0.06485585631148483,-0.045743823854293875,-0.04574382385429386
2026-08-19,0.0,-5853329.125,5271570.0,1626717.3962049978,-581759.125,2208476.521204998,5853329.125,5285893.125110003,0.00518518831205902,-0.04520295706792743,-0.03341066613585175,-0.03341066613585179
2026-08-20,5321348.375,0.0,0.0,1676495.7712049978,0.0,1676495.7712049978,-0.0,5285893.125110003,0.0053438576967016396,0.009417211778939283,0.00720109643766409,0.007201096437663979
2026-08-21,0.0,0.0,0.0,1676495.7712049978,0.0,1676495.7712049978,-0.0,5285893.125110003,0.0053438576967016396,0.0,0.0,0.0
2026-08-24,0.0,0.0,0.0,1676495.7712049978,0.0,1676495.7712049978,-0.0,5285893.125110003,0.0053438576967016396,0.0,0.0,0.0
2026-08-25,0.0,0.0,0.0,1676495.7712049978,0.0,1676495.7712049978,-0.0,5285893.125110003,0.0053438576967016396,0.0,0.0,0.0
2026-08-26,0.0,0.0,0.0,1676495.7712049978,0.0,1676495.7712049978,-0.0,5285893.125110003,0.0053438576967016396,0.0,0.0,0.0
2026-08-27,0.0,0.0,0.0,1676495.7712049978,0.0,1676495.7712049978,-0.0,5285893.125110003,0.0053438576967016396,0.0,0.0,0.0
2026-08-28,0.0,0.0,0.0,1676495.7712049978,0.0,1676495.7712049978,-0.0,5285893.125110003,0.0053438576967016396,0.0,0.0,0.0
2026-08-31,0.0,0.0,0.0,1676495.7712049978,0.0,1676495.7712049978,-0.0,5285893.125110003,0.0053438576967016396,0.0,0.0,0.0
2026-09-01,0.0,0.0,0.0,1676495.7712049978,0.0,1676495.7712049978,-0.0,5285893.125110003,0.0053438576967016396,0.0,0.0,0.0
2026-09-02,0.0,0.0,0.0,1676495.7712049978,0.0,1676495.7712049978,-0.0,5285893.125110003,0.0053438576967016396,0.0,0.0,0.0
2026-09-03,0.0,0.0,0.0,1676495.7712049978,0.0,1676495.7712049978,-0.0,5285893.125110003,0.0053438576967016396,0.0,0.0,0.0
2026-09-04,0.0,0.0,0.0,1676495.7712049978,0.0,1676495.7712049978,-0.0,5285893.125110003,0.0053438576967016396,0.0,0.0,0.0
2026-09-07,0.0,0.0,0.0,1676495.7712049978,0.0,1676495.7712049978,-0.0,5285893.125110003,0.0053438576967016396,0.0,0.0,0.0
2026-09-08,0.0,0.0,0.0,1676495.7712049978,0.0,1676495.7712049978,-0.0,5285893.125110003,0.0053438576967016396,0.0,0.0,0.0
2026-09-09,0.0,0.0,0.0,1676495.7712049978,0.0,1676495.7712049978,-0.0,5285893.125110003,0.0053438576967016396,0.0,0.0,0.0
2026-09-10,0.0,0.0,0.0,1676495.7712049978,0.0,1676495.7712049978,-0.0,5285893.125110003,0.0053438576967016396,0.0,0.0,0.0
2026-09-11,0.0,0.0,0.0,1676495.7712049978,0.0,1676495.7712049978,-0.0,5285893.125110003,0.0053438576967016396,0.0,0.0,0.0
2026-09-14,0.0,0.0,0.0,1676495.7712049978,0.0,1676495.7712049978,-0.0,5285893.125110003,0.0053438576967016396,0.0,0.0,0.0
2026-09-15,0.0,0.0,0.0,1676495.7712049978,0.0,1676495.7712049978,-0.0,5285893.125110003,0.0053438576967016396,0.0,0.0,0.0
2026-09-16,0.0,0.0,0.0,1676495.7712049978,0.0,1676495.7712049978,-0.0,5285893.125110003,0.0053438576967016396,0.0,0.0,0.0
2026-09-17,0.0,0.0,0.0,1676495.7712049978,0.0,1676495.7712049978,-0.0,5285893.125110003,0.0053438576967016396,0.0,0.0,0.0
2026-09-18,0.0,0.0,0.0,1676495.7712049978,0.0,1676495.7712049978,-0.0,5285893.125110003,0.0053438576967016396,0.0,0.0,0.0
2026-09-21,0.0,0.0,0.0,1676495.7712049978,0.0,1676495.7712049978,-0.0,5285893.125110003,0.0053438576967016396,0.0,0.0,0.0
2026-09-22,0.0,0.0,0.0,1676495.7712049978,0.0,1676495.7712049978,-0.0,5285893.125110003,0.0053438576967016396,0.0,0.0,0.0
2026-09-23,0.0,0.0,0.0,1676495.7712049978,0.0,1676495.7712049978,-0.0,5285893.125110003,0.0053438576967016396,0.0,0.0,0.0
2026-09-24,0.0,0.0,0.0,1676495.7712049978,0.0,1676495.7712049978,-0.0,5285893.125110003,0.0053438576967016396,0.0,0.0,0.0
2026-09-29,0.0,0.0,0.0,1676495.7712049978,0.0,1676495.7712049978,-0.0,5285893.125110003,0.0053438576967016396,0.0,0.0,0.0
2026-09-30,0.0,0.0,0.0,1676495.7712049978,0.0,1676495.7712049978,-0.0,5285893.125110003,0.0053438576967016396,0.0,0.0,0.0
2026-10-01,0.0,0.0,0.0,1676495.7712049978,0.0,1676495.7712049978,-0.0,5285893.125110003,0.0053438576967016396,0.0,0.0,0.0
