,cashflow,entry_cost,market_value,profit_loss,unrealized,realized,position,invest,PNL/COST,return,return_pct,value_pct
2022-11-13,0.0,0.0,0.0,0.0,0.0,0.0,0.0,0.0,,,,
2022-11-14,-4784835.688475,-4784835.688475,4947160.0,162324.31152500026,162324.31152500026,0.0,4784835.688475,4784835.688475,0.033924741013778785,0.033924741013778785,0.03392474101377885,0.033924741013778785
2022-11-15,0.0,-4784835.688475,4947160.0,162324.31152500026,162324.31152500026,0.0,4784835.688475,4784835.688475,0.033924741013778785,0.0,0.0,0.0
2022-11-16,0.0,-4784835.688475,4975701.0,190865.31152500026,190865.31152500026,0.0,4784835.688475,4784835.688475,0.039889627136983664,0.005964886123204879,0.00576916857348464,0.005769168573484585
2022-11-17,0.0,-4784835.688475,5061325.0,276489.31152500026,276489.31152500026,0.0,4784835.688475,4784835.688475,0.0577844945001908,0.017894867363207133,0.017208429525809477,0.01720842952580953
2022-11-18,0.0,-4784835.688475,5346738.0,561902.3115250003,561902.3115250003,0.0,4784835.688475,4784835.688475,0.11743398271301707,0.05964948821282627,0.05639096481652528,0.056390964816525314
2022-11-21,5375279.6683249995,0.0,0.0,590443.9798499999,0.0,590443.9798499999,-0.0,4784835.688475,0.12339900851186457,0.005965025798847501,0.005338146048113668,0.005338146048113752
2022-11-22,-5225041.0885499995,-5225041.0885499995,5013757.0,379159.89130000037,-211284.08854999952,590443.9798499999,5225041.0885499995,4784835.688475,0.03787857730379466,-0.04415702070165317,-0.039306622461904084,-0.03930662246190404
2022-11-23,5127921.094974999,0.0,0.0,493323.98627499986,0.0,493323.98627499986,-0.0,4784835.688475,0.049283722193992775,0.023859564341985856,0.02210770578931709,0.02210770578931706
2022-11-24,0.0,0.0,0.0,493323.98627499986,0.0,493323.98627499986,-0.0,4784835.688475,0.049283722193992775,0.0,0.0,0.0
2022-11-25,-5003980.8259275,-5003980.8259275,4606567.0,95910.16034750018,-397413.8259274997,493323.98627499986,5003980.8259275,4784835.688475,0.00638810909786698,-0.08305694318505669,-0.07529401352306042,-0.07529401352306062
2022-11-28,4512380.866717501,0.0,0.0,1724.0270650004386,0.0,1724.0270650004386,-0.0,4784835.688475,0.00011482905397087328,-0.019684298357279285,-0.019297487761060772,-0.019297487761060644
2022-11-29,0.0,0.0,0.0,1724.0270650004386,0.0,1724.0270650004386,-0.0,4784835.688475,0.00011482905397087328,0.0,0.0,0.0
2022-11-30,0.0,0.0,0.0,1724.0270650004386,0.0,1724.0270650004386,-0.0,4784835.688475,0.00011482905397087328,0.0,0.0,0.0
2022-12-01,0.0,0.0,0.0,1724.0270650004386,0.0,1724.0270650004386,-0.0,4784835.688475,0.00011482905397087328,0.0,0.0,0.0
2022-12-02,0.0,0.0,0.0,1724.0270650004386,0.0,1724.0270650004386,-0.0,4784835.688475,0.00011482905397087328,0.0,0.0,0.0
2022-12-05,0.0,0.0,0.0,1724.0270650004386,0.0,1724.0270650004386,-0.0,4784835.688475,0.00011482905397087328,0.0,0.0,0.0
2022-12-06,0.0,0.0,0.0,1724.0270650004386,0.0,1724.0270650004386,-0.0,4784835.688475,0.00011482905397087328,0.0,0.0,0.0
2022-12-07,0.0,0.0,0.0,1724.0270650004386,0.0,1724.0270650004386,-0.0,4784835.688475,0.00011482905397087328,0.0,0.0,0.0
2022-12-08,0.0,0.0,0.0,1724.0270650004386,0.0,1724.0270650004386,-0.0,4784835.688475,0.00011482905397087328,0.0,0.0,0.0
2022-12-09,0.0,0.0,0.0,1724.0270650004386,0.0,1724.0270650004386,-0.0,4784835.688475,0.00011482905397087328,0.0,0.0,0.0
2022-12-12,0.0,0.0,0.0,1724.0270650004386,0.0,1724.0270650004386,-0.0,4784835.688475,0.00011482905397087328,0.0,0.0,0.0
2022-12-13,0.0,0.0,0.0,1724.0270650004386,0.0,1724.0270650004386,-0.0,4784835.688475,0.00011482905397087328,0.0,0.0,0.0
2022-12-14,0.0,0.0,0.0,1724.0270650004386,0.0,1724.0270650004386,-0.0,4784835.688475,0.00011482905397087328,0.0,0.0,0.0
2022-12-15,0.0,0.0,0.0,1724.0270650004386,0.0,1724.0270650004386,-0.0,4784835.688475,0.00011482905397087328,0.0,0.0,0.0
2022-12-16,0.0,0.0,0.0,1724.0270650004386,0.0,1724.0270650004386,-0.0,4784835.688475,0.00011482905397087328,0.0,0.0,0.0
2022-12-19,0.0,0.0,0.0,1724.0270650004386,0.0,1724.0270650004386,-0.0,4784835.688475,0.00011482905397087328,0.0,0.0,0.0
2022-12-20,0.0,0.0,0.0,1724.0270650004386,0.0,1724.0270650004386,-0.0,4784835.688475,0.00011482905397087328,0.0,0.0,0.0
2022-12-21,0.0,0.0,0.0,1724.0270650004386,0.0,1724.0270650004386,-0.0,4784835.688475,0.00011482905397087328,0.0,0.0,0.0
2022-12-22,0.0,0.0,0.0,1724.0270650004386,0.0,1724.0270650004386,-0.0,4784835.688475,0.00011482905397087328,0.0,0.0,0.0
2022-12-23,0.0,0.0,0.0,1724.0270650004386,0.0,1724.0270650004386,-0.0,4784835.688475,0.00011482905397087328,0.0,0.0,0.0
2022-12-26,0.0,0.0,0.0,1724.0270650004386,0.0,1724.0270650004386,-0.0,4784835.688475,0.00011482905397087328,0.0,0.0,0.0
2022-12-27,0.0,0.0,0.0,1724.0270650004386,0.0,1724.0270650004386,-0.0,4784835.688475,0.00011482905397087328,0.0,0.0,0.0
2022-12-28,0.0,0.0,0.0,1724.0270650004386,0.0,1724.0270650004386,-0.0,4784835.688475,0.00011482905397087328,0.0,0.0,0.0
2022-12-29,0.0,0.0,0.0,1724.0270650004386,0.0,1724.0270650004386,-0.0,4784835.688475,0.00011482905397087328,0.0,0.0,0.0
2022-12-30,0.0,0.0,0.0,1724.0270650004386,0.0,1724.0270650004386,-0.0,4784835.688475,0.00011482905397087328,0.0,0.0,0.0
2023-01-03,0.0,0.0,0.0,1724.0270650004386,0.0,1724.0270650004386,-0.0,4784835.688475,0.00011482905397087328,0.0,0.0,0.0
2023-01-04,0.0,0.0,0.0,1724.0270650004386,0.0,1724.0270650004386,-0.0,4784835.688475,0.00011482905397087328,0.0,0.0,0.0
2023-01-05,0.0,0.0,0.0,1724.0270650004386,0.0,1724.0270650004386,-0.0,4784835.688475,0.00011482905397087328,0.0,0.0,0.0
2023-01-06,0.0,0.0,0.0,1724.0270650004386,0.0,1724.0270650004386,-0.0,4784835.688475,0.00011482905397087328,0.0,0.0,0.0
2023-01-09,0.0,0.0,0.0,1724.0270650004386,0.0,1724.0270650004386,-0.0,4784835.688475,0.00011482905397087328,0.0,0.0,0.0
2023-01-10,-4745600.257545,-4745600.257545,4700753.0,-43123.2304799995,-44847.25754499994,1724.0270650004386,4745600.257545,4784835.688475,-0.0021824095976949926,-0.009372789467571759,-0.009369413568454887,-0.009369413568454867
2023-01-11,0.0,-4745600.257545,4392507.0,-351369.2304799995,-353093.25754499994,1724.0270650004386,4745600.257545,4784835.688475,-0.017782331527548947,-0.06442143891010868,-0.06500731597089282,-0.06500731597089286
2023-01-12,4401069.50871,0.0,0.0,-342806.7217699994,0.0,-342806.7217699994,-0.0,4784835.688475,-0.01734899429884299,0.0017895094560141656,0.0019313349477494413,0.0019313349477493077
2023-01-13,-4487218.787880001,-4487218.787880001,4426757.0,-403268.5096500001,-60461.78788000066,-342806.7217699994,4487218.787880001,4830025.50965,-0.016631908590944378,-0.011847595787200738,-0.012761915685406855,-0.013474223285770739
2023-01-16,4469568.254550001,0.0,0.0,-360457.25509999937,0.0,-360457.25509999937,-0.0,4830025.50965,-0.01486625405730067,0.008863566965529951,0.009671019789430524,0.009671019789430663
2023-01-17,0.0,0.0,0.0,-360457.25509999937,0.0,-360457.25509999937,-0.0,4830025.50965,-0.01486625405730067,0.0,0.0,0.0
2023-01-30,0.0,0.0,0.0,-360457.25509999937,0.0,-360457.25509999937,-0.0,4830025.50965,-0.01486625405730067,0.0,0.0,0.0
2023-01-31,-4521669.4101599995,-4521669.4101599995,4495255.0,-386871.6652599989,-26414.410159999505,-360457.25509999937,4521669.4101599995,4882126.665259999,-0.013447824371717335,-0.004614010223099693,-0.004986116289122711,-0.005841738473990921
2023-02-01,4572317.2693275,0.0,0.0,-309809.39593249926,0.0,-309809.39593249926,-0.0,4882126.665259999,-0.010769106965763784,0.015784569842453203,0.017143025107029475,0.017143025107029437
2023-02-02,0.0,0.0,0.0,-309809.39593249926,0.0,-309809.39593249926,-0.0,4882126.665259999,-0.010769106965763784,0.0,0.0,0.0
2023-02-03,0.0,0.0,0.0,-309809.39593249926,0.0,-309809.39593249926,-0.0,4882126.665259999,-0.010769106965763784,0.0,0.0,0.0
2023-02-06,0.0,0.0,0.0,-309809.39593249926,0.0,-309809.39593249926,-0.0,4882126.665259999,-0.010769106965763784,0.0,0.0,0.0
2023-02-07,0.0,0.0,0.0,-309809.39593249926,0.0,-309809.39593249926,-0.0,4882126.665259999,-0.010769106965763784,0.0,0.0,0.0
2023-02-08,0.0,0.0,0.0,-309809.39593249926,0.0,-309809.39593249926,-0.0,4882126.665259999,-0.010769106965763784,0.0,0.0,0.0
2023-02-09,-4371426.017980001,-4371426.017980001,4543776.0,-137459.4139125002,172349.98201999906,-309809.39593249926,4371426.017980001,4882126.665259999,-0.00414786841608674,0.03530223483270082,0.0376942307079553,0.03769423070795532
2023-02-10,0.0,-4371426.017980001,4429610.0,-251625.4139125002,58183.982019999065,-309809.39593249926,4371426.017980001,4882126.665259999,-0.00759285288177342,-0.023384481359809223,-0.024061961345672067,-0.02406196134567214
2023-02-13,4391555.395780001,0.0,0.0,-289680.01813249907,0.0,-289680.01813249907,-0.0,4882126.665259999,-0.00874115903584513,-0.0077946777765488875,-0.008218247259716094,-0.008218247259716168
2023-02-14,-4379081.711820001,-4379081.711820001,4262168.0,-406593.72995249985,-116913.71182000078,-289680.01813249907,4379081.711820001,4882126.665259999,-0.01083705094634013,-0.02394729179231045,-0.02545782690652021,-0.025457826906520164
2023-02-15,4231724.192360001,0.0,0.0,-437037.5375924994,0.0,-437037.5375924994,-0.0,4882126.665259999,-0.011648477857507198,-0.006235767674081488,-0.006802275411678549,-0.00680227541167851
2023-02-16,0.0,0.0,0.0,-437037.5375924994,0.0,-437037.5375924994,-0.0,4882126.665259999,-0.011648477857507198,0.0,0.0,0.0
2023-02-17,0.0,0.0,0.0,-437037.5375924994,0.0,-437037.5375924994,-0.0,4882126.665259999,-0.011648477857507198,0.0,0.0,0.0
2023-02-20,0.0,0.0,0.0,-437037.5375924994,0.0,-437037.5375924994,-0.0,4882126.665259999,-0.011648477857507198,0.0,0.0,0.0
2023-02-21,0.0,0.0,0.0,-437037.5375924994,0.0,-437037.5375924994,-0.0,4882126.665259999,-0.011648477857507198,0.0,0.0,0.0
2023-02-22,0.0,0.0,0.0,-437037.5375924994,0.0,-437037.5375924994,-0.0,4882126.665259999,-0.011648477857507198,0.0,0.0,0.0
2023-02-23,0.0,0.0,0.0,-437037.5375924994,0.0,-437037.5375924994,-0.0,4882126.665259999,-0.011648477857507198,0.0,0.0,0.0
2023-02-24,0.0,0.0,0.0,-437037.5375924994,0.0,-437037.5375924994,-0.0,4882126.665259999,-0.011648477857507198,0.0,0.0,0.0
2023-03-01,0.0,0.0,0.0,-437037.5375924994,0.0,-437037.5375924994,-0.0,4882126.665259999,-0.011648477857507198,0.0,0.0,0.0
2023-03-02,0.0,0.0,0.0,-437037.5375924994,0.0,-437037.5375924994,-0.0,4882126.665259999,-0.011648477857507198,0.0,0.0,0.0
2023-03-03,0.0,0.0,0.0,-437037.5375924994,0.0,-437037.5375924994,-0.0,4882126.665259999,-0.011648477857507198,0.0,0.0,0.0
2023-03-06,0.0,0.0,0.0,-437037.5375924994,0.0,-437037.5375924994,-0.0,4882126.665259999,-0.011648477857507198,0.0,0.0,0.0
2023-03-07,0.0,0.0,0.0,-437037.5375924994,0.0,-437037.5375924994,-0.0,4882126.665259999,-0.011648477857507198,0.0,0.0,0.0
2023-03-08,-4356114.6303,-4356114.6303,4406777.0,-386375.1678924997,50662.36969999969,-437037.5375924994,4356114.6303,4882126.665259999,-0.009226876639757268,0.010377110872706458,0.011397379950080833,0.011397379950080794
2023-03-09,4361111.50874,0.0,0.0,-432040.6591524993,0.0,-432040.6591524993,-0.0,4882126.665259999,-0.010317396656476255,-0.00935360640782712,-0.010157476739259041,-0.010157476739259085
2023-03-10,0.0,0.0,0.0,-432040.6591524993,0.0,-432040.6591524993,-0.0,4882126.665259999,-0.010317396656476255,0.0,0.0,0.0
2023-03-13,0.0,0.0,0.0,-432040.6591524993,0.0,-432040.6591524993,-0.0,4882126.665259999,-0.010317396656476255,0.0,0.0,0.0
2023-03-14,0.0,0.0,0.0,-432040.6591524993,0.0,-432040.6591524993,-0.0,4882126.665259999,-0.010317396656476255,0.0,0.0,0.0
2023-03-15,0.0,0.0,0.0,-432040.6591524993,0.0,-432040.6591524993,-0.0,4882126.665259999,-0.010317396656476255,0.0,0.0,0.0
2023-03-16,0.0,0.0,0.0,-432040.6591524993,0.0,-432040.6591524993,-0.0,4882126.665259999,-0.010317396656476255,0.0,0.0,0.0
2023-03-17,0.0,0.0,0.0,-432040.6591524993,0.0,-432040.6591524993,-0.0,4882126.665259999,-0.010317396656476255,0.0,0.0,0.0
2023-03-20,0.0,0.0,0.0,-432040.6591524993,0.0,-432040.6591524993,-0.0,4882126.665259999,-0.010317396656476255,0.0,0.0,0.0
2023-03-21,0.0,0.0,0.0,-432040.6591524993,0.0,-432040.6591524993,-0.0,4882126.665259999,-0.010317396656476255,0.0,0.0,0.0
2023-03-22,0.0,0.0,0.0,-432040.6591524993,0.0,-432040.6591524993,-0.0,4882126.665259999,-0.010317396656476255,0.0,0.0,0.0
2023-03-23,0.0,0.0,0.0,-432040.6591524993,0.0,-432040.6591524993,-0.0,4882126.665259999,-0.010317396656476255,0.0,0.0,0.0
2023-03-24,0.0,0.0,0.0,-432040.6591524993,0.0,-432040.6591524993,-0.0,4882126.665259999,-0.010317396656476255,0.0,0.0,0.0
2023-03-27,0.0,0.0,0.0,-432040.6591524993,0.0,-432040.6591524993,-0.0,4882126.665259999,-0.010317396656476255,0.0,0.0,0.0
2023-03-28,0.0,0.0,0.0,-432040.6591524993,0.0,-432040.6591524993,-0.0,4882126.665259999,-0.010317396656476255,0.0,0.0,0.0
2023-03-29,0.0,0.0,0.0,-432040.6591524993,0.0,-432040.6591524993,-0.0,4882126.665259999,-0.010317396656476255,0.0,0.0,0.0
2023-03-30,0.0,0.0,0.0,-432040.6591524993,0.0,-432040.6591524993,-0.0,4882126.665259999,-0.010317396656476255,0.0,0.0,0.0
2023-03-31,0.0,0.0,0.0,-432040.6591524993,0.0,-432040.6591524993,-0.0,4882126.665259999,-0.010317396656476255,0.0,0.0,0.0
2023-04-06,0.0,0.0,0.0,-432040.6591524993,0.0,-432040.6591524993,-0.0,4882126.665259999,-0.010317396656476255,0.0,0.0,0.0
2023-04-07,0.0,0.0,0.0,-432040.6591524993,0.0,-432040.6591524993,-0.0,4882126.665259999,-0.010317396656476255,0.0,0.0,0.0
2023-04-10,0.0,0.0,0.0,-432040.6591524993,0.0,-432040.6591524993,-0.0,4882126.665259999,-0.010317396656476255,0.0,0.0,0.0
2023-04-11,0.0,0.0,0.0,-432040.6591524993,0.0,-432040.6591524993,-0.0,4882126.665259999,-0.010317396656476255,0.0,0.0,0.0
2023-04-12,0.0,0.0,0.0,-432040.6591524993,0.0,-432040.6591524993,-0.0,4882126.665259999,-0.010317396656476255,0.0,0.0,0.0
2023-04-13,0.0,0.0,0.0,-432040.6591524993,0.0,-432040.6591524993,-0.0,4882126.665259999,-0.010317396656476255,0.0,0.0,0.0
2023-04-14,0.0,0.0,0.0,-432040.6591524993,0.0,-432040.6591524993,-0.0,4882126.665259999,-0.010317396656476255,0.0,0.0,0.0
2023-04-17,0.0,0.0,0.0,-432040.6591524993,0.0,-432040.6591524993,-0.0,4882126.665259999,-0.010317396656476255,0.0,0.0,0.0
2023-04-18,0.0,0.0,0.0,-432040.6591524993,0.0,-432040.6591524993,-0.0,4882126.665259999,-0.010317396656476255,0.0,0.0,0.0
2023-04-19,0.0,0.0,0.0,-432040.6591524993,0.0,-432040.6591524993,-0.0,4882126.665259999,-0.010317396656476255,0.0,0.0,0.0
2023-04-20,0.0,0.0,0.0,-432040.6591524993,0.0,-432040.6591524993,-0.0,4882126.665259999,-0.010317396656476255,0.0,0.0,0.0
2023-04-21,0.0,0.0,0.0,-432040.6591524993,0.0,-432040.6591524993,-0.0,4882126.665259999,-0.010317396656476255,0.0,0.0,0.0
2023-04-24,0.0,0.0,0.0,-432040.6591524993,0.0,-432040.6591524993,-0.0,4882126.665259999,-0.010317396656476255,0.0,0.0,0.0
2023-04-25,0.0,0.0,0.0,-432040.6591524993,0.0,-432040.6591524993,-0.0,4882126.665259999,-0.010317396656476255,0.0,0.0,0.0
2023-04-26,0.0,0.0,0.0,-432040.6591524993,0.0,-432040.6591524993,-0.0,4882126.665259999,-0.010317396656476255,0.0,0.0,0.0
2023-04-27,0.0,0.0,0.0,-432040.6591524993,0.0,-432040.6591524993,-0.0,4882126.665259999,-0.010317396656476255,0.0,0.0,0.0
2023-04-28,0.0,0.0,0.0,-432040.6591524993,0.0,-432040.6591524993,-0.0,4882126.665259999,-0.010317396656476255,0.0,0.0,0.0
2023-05-02,0.0,0.0,0.0,-432040.6591524993,0.0,-432040.6591524993,-0.0,4882126.665259999,-0.010317396656476255,0.0,0.0,0.0
2023-05-03,0.0,0.0,0.0,-432040.6591524993,0.0,-432040.6591524993,-0.0,4882126.665259999,-0.010317396656476255,0.0,0.0,0.0
2023-05-04,0.0,0.0,0.0,-432040.6591524993,0.0,-432040.6591524993,-0.0,4882126.665259999,-0.010317396656476255,0.0,0.0,0.0
2023-05-05,0.0,0.0,0.0,-432040.6591524993,0.0,-432040.6591524993,-0.0,4882126.665259999,-0.010317396656476255,0.0,0.0,0.0
2023-05-08,0.0,0.0,0.0,-432040.6591524993,0.0,-432040.6591524993,-0.0,4882126.665259999,-0.010317396656476255,0.0,0.0,0.0
2023-05-09,0.0,0.0,0.0,-432040.6591524993,0.0,-432040.6591524993,-0.0,4882126.665259999,-0.010317396656476255,0.0,0.0,0.0
2023-05-10,0.0,0.0,0.0,-432040.6591524993,0.0,-432040.6591524993,-0.0,4882126.665259999,-0.010317396656476255,0.0,0.0,0.0
2023-05-11,0.0,0.0,0.0,-432040.6591524993,0.0,-432040.6591524993,-0.0,4882126.665259999,-0.010317396656476255,0.0,0.0,0.0
2023-05-12,0.0,0.0,0.0,-432040.6591524993,0.0,-432040.6591524993,-0.0,4882126.665259999,-0.010317396656476255,0.0,0.0,0.0
2023-05-15,0.0,0.0,0.0,-432040.6591524993,0.0,-432040.6591524993,-0.0,4882126.665259999,-0.010317396656476255,0.0,0.0,0.0
2023-05-16,0.0,0.0,0.0,-432040.6591524993,0.0,-432040.6591524993,-0.0,4882126.665259999,-0.010317396656476255,0.0,0.0,0.0
2023-05-17,0.0,0.0,0.0,-432040.6591524993,0.0,-432040.6591524993,-0.0,4882126.665259999,-0.010317396656476255,0.0,0.0,0.0
2023-05-18,0.0,0.0,0.0,-432040.6591524993,0.0,-432040.6591524993,-0.0,4882126.665259999,-0.010317396656476255,0.0,0.0,0.0
2023-05-19,0.0,0.0,0.0,-432040.6591524993,0.0,-432040.6591524993,-0.0,4882126.665259999,-0.010317396656476255,0.0,0.0,0.0
2023-05-22,-4717848.367374999,-4717848.367374999,4533311.0,-616578.0265274987,-184537.36737499945,-432040.6591524993,4717848.367374999,5149889.026527499,-0.013233327990433922,-0.031232111722351158,-0.03426430977801331,-0.03911473048839754
2023-05-23,0.0,-4717848.367374999,4699802.0,-450087.02652749873,-18046.36737499945,-432040.6591524993,4717848.367374999,5149889.026527499,-0.00966000893645516,0.03232904614883762,0.03672613681258574,0.03672613681258577
2023-05-24,0.0,-4717848.367374999,4723586.0,-426303.02652749873,5737.632625000551,-432040.6591524993,4717848.367374999,5149889.026527499,-0.00914954398411641,0.004618351944573301,0.005060638724780242,0.005060638724780321
2023-05-25,0.0,-4717848.367374999,4718829.0,-431060.02652749873,980.6326250005513,-432040.6591524993,4717848.367374999,5149889.026527499,-0.009251641267091326,-0.0009237092247029594,-0.0010070738629507359,-0.0010070738629507328
2023-05-26,0.0,-4717848.367374999,4766398.0,-383491.02652749873,48549.63262500055,-432040.6591524993,4717848.367374999,5149889.026527499,-0.00823068989987799,0.009236898068088112,0.010080678914196728,0.010080678914196721
2023-05-29,4852022.3730999995,0.0,0.0,-297866.65342749946,0.0,-297866.65342749946,-0.0,5149889.026527499,-0.006392973723729044,0.016626450134933225,0.017964167721621127,0.01796416772162108
2023-05-30,-4452768.1656,-4452768.1656,4358258.0,-392376.8190274994,-94510.16559999995,-297866.65342749946,4452768.1656,5149889.026527499,-0.0076867924894864865,-0.01835188391694858,-0.01947850985271049,-0.019478509852710463
2023-05-31,4358257.79256,0.0,0.0,-392377.0264674992,0.0,-392377.0264674992,-0.0,5149889.026527499,-0.00768679655330513,-4.0280479576826345e-08,-4.360262051417152e-08,-4.360262060233242e-08
2023-06-01,0.0,0.0,0.0,-392377.0264674992,0.0,-392377.0264674992,-0.0,5149889.026527499,-0.00768679655330513,0.0,0.0,0.0
2023-06-02,0.0,0.0,0.0,-392377.0264674992,0.0,-392377.0264674992,-0.0,5149889.026527499,-0.00768679655330513,0.0,0.0,0.0
2023-06-05,0.0,0.0,0.0,-392377.0264674992,0.0,-392377.0264674992,-0.0,5149889.026527499,-0.00768679655330513,0.0,0.0,0.0
2023-06-06,0.0,0.0,0.0,-392377.0264674992,0.0,-392377.0264674992,-0.0,5149889.026527499,-0.00768679655330513,0.0,0.0,0.0
2023-06-07,0.0,0.0,0.0,-392377.0264674992,0.0,-392377.0264674992,-0.0,5149889.026527499,-0.00768679655330513,0.0,0.0,0.0
2023-06-08,0.0,0.0,0.0,-392377.0264674992,0.0,-392377.0264674992,-0.0,5149889.026527499,-0.00768679655330513,0.0,0.0,0.0
2023-06-09,0.0,0.0,0.0,-392377.0264674992,0.0,-392377.0264674992,-0.0,5149889.026527499,-0.00768679655330513,0.0,0.0,0.0
2023-06-12,0.0,0.0,0.0,-392377.0264674992,0.0,-392377.0264674992,-0.0,5149889.026527499,-0.00768679655330513,0.0,0.0,0.0
2023-06-13,0.0,0.0,0.0,-392377.0264674992,0.0,-392377.0264674992,-0.0,5149889.026527499,-0.00768679655330513,0.0,0.0,0.0
2023-06-14,0.0,0.0,0.0,-392377.0264674992,0.0,-392377.0264674992,-0.0,5149889.026527499,-0.00768679655330513,0.0,0.0,0.0
2023-06-15,0.0,0.0,0.0,-392377.0264674992,0.0,-392377.0264674992,-0.0,5149889.026527499,-0.00768679655330513,0.0,0.0,0.0
2023-06-16,-4607796.867142499,-4607796.867142499,4512381.0,-487792.89360999863,-95415.86714249942,-392377.0264674992,4607796.867142499,5149889.026527499,-0.008764838320132669,-0.018527752083783655,-0.020055833204686846,-0.020055833204686836
2023-06-19,0.0,-4607796.867142499,4546630.0,-453543.89360999863,-61166.867142499425,-392377.0264674992,4607796.867142499,5149889.026527499,-0.008149439958330723,0.006650434567343225,0.0073462663625014635,0.007346266362501467
2023-06-20,0.0,-4607796.867142499,4435319.0,-564854.8936099986,-172477.86714249942,-392377.0264674992,4607796.867142499,5149889.026527499,-0.010149516078817054,-0.021614252157013084,-0.02370162261282749,-0.023701622612827544
2023-06-21,4461005.91132,0.0,0.0,-539167.982289999,0.0,-539167.982289999,-0.0,5149889.026527499,-0.009687964408809768,0.0049878572504541835,0.005602338079794267,0.0056023380797941376
2023-06-26,0.0,0.0,0.0,-539167.982289999,0.0,-539167.982289999,-0.0,5149889.026527499,-0.009687964408809768,0.0,0.0,0.0
2023-06-27,0.0,0.0,0.0,-539167.982289999,0.0,-539167.982289999,-0.0,5149889.026527499,-0.009687964408809768,0.0,0.0,0.0
2023-06-28,0.0,0.0,0.0,-539167.982289999,0.0,-539167.982289999,-0.0,5149889.026527499,-0.009687964408809768,0.0,0.0,0.0
2023-06-29,0.0,0.0,0.0,-539167.982289999,0.0,-539167.982289999,-0.0,5149889.026527499,-0.009687964408809768,0.0,0.0,0.0
2023-06-30,0.0,0.0,0.0,-539167.982289999,0.0,-539167.982289999,-0.0,5149889.026527499,-0.009687964408809768,0.0,0.0,0.0
2023-07-03,0.0,0.0,0.0,-539167.982289999,0.0,-539167.982289999,-0.0,5149889.026527499,-0.009687964408809768,0.0,0.0,0.0
2023-07-04,0.0,0.0,0.0,-539167.982289999,0.0,-539167.982289999,-0.0,5149889.026527499,-0.009687964408809768,0.0,0.0,0.0
2023-07-05,0.0,0.0,0.0,-539167.982289999,0.0,-539167.982289999,-0.0,5149889.026527499,-0.009687964408809768,0.0,0.0,0.0
2023-07-06,0.0,0.0,0.0,-539167.982289999,0.0,-539167.982289999,-0.0,5149889.026527499,-0.009687964408809768,0.0,0.0,0.0
2023-07-07,0.0,0.0,0.0,-539167.982289999,0.0,-539167.982289999,-0.0,5149889.026527499,-0.009687964408809768,0.0,0.0,0.0
2023-07-10,0.0,0.0,0.0,-539167.982289999,0.0,-539167.982289999,-0.0,5149889.026527499,-0.009687964408809768,0.0,0.0,0.0
2023-07-11,0.0,0.0,0.0,-539167.982289999,0.0,-539167.982289999,-0.0,5149889.026527499,-0.009687964408809768,0.0,0.0,0.0
2023-07-12,0.0,0.0,0.0,-539167.982289999,0.0,-539167.982289999,-0.0,5149889.026527499,-0.009687964408809768,0.0,0.0,0.0
2023-07-13,0.0,0.0,0.0,-539167.982289999,0.0,-539167.982289999,-0.0,5149889.026527499,-0.009687964408809768,0.0,0.0,0.0
2023-07-14,0.0,0.0,0.0,-539167.982289999,0.0,-539167.982289999,-0.0,5149889.026527499,-0.009687964408809768,0.0,0.0,0.0
2023-07-17,0.0,0.0,0.0,-539167.982289999,0.0,-539167.982289999,-0.0,5149889.026527499,-0.009687964408809768,0.0,0.0,0.0
2023-07-18,0.0,0.0,0.0,-539167.982289999,0.0,-539167.982289999,-0.0,5149889.026527499,-0.009687964408809768,0.0,0.0,0.0
2023-07-19,0.0,0.0,0.0,-539167.982289999,0.0,-539167.982289999,-0.0,5149889.026527499,-0.009687964408809768,0.0,0.0,0.0
2023-07-20,0.0,0.0,0.0,-539167.982289999,0.0,-539167.982289999,-0.0,5149889.026527499,-0.009687964408809768,0.0,0.0,0.0
2023-07-21,0.0,0.0,0.0,-539167.982289999,0.0,-539167.982289999,-0.0,5149889.026527499,-0.009687964408809768,0.0,0.0,0.0
2023-07-24,0.0,0.0,0.0,-539167.982289999,0.0,-539167.982289999,-0.0,5149889.026527499,-0.009687964408809768,0.0,0.0,0.0
2023-07-25,0.0,0.0,0.0,-539167.982289999,0.0,-539167.982289999,-0.0,5149889.026527499,-0.009687964408809768,0.0,0.0,0.0
2023-07-26,0.0,0.0,0.0,-539167.982289999,0.0,-539167.982289999,-0.0,5149889.026527499,-0.009687964408809768,0.0,0.0,0.0
2023-07-27,0.0,0.0,0.0,-539167.982289999,0.0,-539167.982289999,-0.0,5149889.026527499,-0.009687964408809768,0.0,0.0,0.0
2023-07-28,0.0,0.0,0.0,-539167.982289999,0.0,-539167.982289999,-0.0,5149889.026527499,-0.009687964408809768,0.0,0.0,0.0
2023-07-31,0.0,0.0,0.0,-539167.982289999,0.0,-539167.982289999,-0.0,5149889.026527499,-0.009687964408809768,0.0,0.0,0.0
2023-08-01,0.0,0.0,0.0,-539167.982289999,0.0,-539167.982289999,-0.0,5149889.026527499,-0.009687964408809768,0.0,0.0,0.0
2023-08-02,0.0,0.0,0.0,-539167.982289999,0.0,-539167.982289999,-0.0,5149889.026527499,-0.009687964408809768,0.0,0.0,0.0
2023-08-04,0.0,0.0,0.0,-539167.982289999,0.0,-539167.982289999,-0.0,5149889.026527499,-0.009687964408809768,0.0,0.0,0.0
2023-08-07,0.0,0.0,0.0,-539167.982289999,0.0,-539167.982289999,-0.0,5149889.026527499,-0.009687964408809768,0.0,0.0,0.0
2023-08-08,0.0,0.0,0.0,-539167.982289999,0.0,-539167.982289999,-0.0,5149889.026527499,-0.009687964408809768,0.0,0.0,0.0
2023-08-09,0.0,0.0,0.0,-539167.982289999,0.0,-539167.982289999,-0.0,5149889.026527499,-0.009687964408809768,0.0,0.0,0.0
2023-08-10,0.0,0.0,0.0,-539167.982289999,0.0,-539167.982289999,-0.0,5149889.026527499,-0.009687964408809768,0.0,0.0,0.0
2023-08-11,0.0,0.0,0.0,-539167.982289999,0.0,-539167.982289999,-0.0,5149889.026527499,-0.009687964408809768,0.0,0.0,0.0
2023-08-14,0.0,0.0,0.0,-539167.982289999,0.0,-539167.982289999,-0.0,5149889.026527499,-0.009687964408809768,0.0,0.0,0.0
2023-08-15,0.0,0.0,0.0,-539167.982289999,0.0,-539167.982289999,-0.0,5149889.026527499,-0.009687964408809768,0.0,0.0,0.0
2023-08-16,0.0,0.0,0.0,-539167.982289999,0.0,-539167.982289999,-0.0,5149889.026527499,-0.009687964408809768,0.0,0.0,0.0
2023-08-17,0.0,0.0,0.0,-539167.982289999,0.0,-539167.982289999,-0.0,5149889.026527499,-0.009687964408809768,0.0,0.0,0.0
2023-08-18,0.0,0.0,0.0,-539167.982289999,0.0,-539167.982289999,-0.0,5149889.026527499,-0.009687964408809768,0.0,0.0,0.0
2023-08-21,0.0,0.0,0.0,-539167.982289999,0.0,-539167.982289999,-0.0,5149889.026527499,-0.009687964408809768,0.0,0.0,0.0
2023-08-22,0.0,0.0,0.0,-539167.982289999,0.0,-539167.982289999,-0.0,5149889.026527499,-0.009687964408809768,0.0,0.0,0.0
2023-08-23,-4329231.376174999,-4329231.376174999,4241911.0,-626488.3584649984,-87320.3761749994,-539167.982289999,4329231.376174999,5149889.026527499,-0.01044449924895823,-0.01695577821681303,-0.018938551115369018,-0.018938551115368994
2023-08-24,0.0,-4329231.376174999,4184653.0,-683746.3584649984,-144578.3761749994,-539167.982289999,4329231.376174999,5149889.026527499,-0.011399075866251052,-0.011118297832256069,-0.012658175607628608,-0.012658175607628675
2023-08-25,4127394.104924999,0.0,0.0,-741005.2535399991,0.0,-741005.2535399991,-0.0,5149889.026527499,-0.012353667405784719,-0.011118471636972271,-0.012820659645393917,-0.012820659645393891
2023-08-28,-4310033.0575,-4310033.0575,4027191.0,-1023847.3110399992,-282842.0575000001,-741005.2535399991,4310033.0575,5149889.026527499,-0.015924796547028143,-0.05492197133628657,-0.06415275885314242,-0.06415275885314249
2023-08-29,4041505.8496750006,0.0,0.0,-1009532.4613649987,0.0,-1009532.4613649987,-0.0,5149889.026527499,-0.015702145116275136,0.002779642357585488,0.0034693904381208895,0.003469390438120959
2023-08-30,0.0,0.0,0.0,-1009532.4613649987,0.0,-1009532.4613649987,-0.0,5149889.026527499,-0.015702145116275136,0.0,0.0,0.0
2023-08-31,0.0,0.0,0.0,-1009532.4613649987,0.0,-1009532.4613649987,-0.0,5149889.026527499,-0.015702145116275136,0.0,0.0,0.0
2023-09-01,0.0,0.0,0.0,-1009532.4613649987,0.0,-1009532.4613649987,-0.0,5149889.026527499,-0.015702145116275136,0.0,0.0,0.0
2023-09-04,0.0,0.0,0.0,-1009532.4613649987,0.0,-1009532.4613649987,-0.0,5149889.026527499,-0.015702145116275136,0.0,0.0,0.0
2023-09-05,0.0,0.0,0.0,-1009532.4613649987,0.0,-1009532.4613649987,-0.0,5149889.026527499,-0.015702145116275136,0.0,0.0,0.0
2023-09-06,0.0,0.0,0.0,-1009532.4613649987,0.0,-1009532.4613649987,-0.0,5149889.026527499,-0.015702145116275136,0.0,0.0,0.0
2023-09-07,0.0,0.0,0.0,-1009532.4613649987,0.0,-1009532.4613649987,-0.0,5149889.026527499,-0.015702145116275136,0.0,0.0,0.0
2023-09-08,0.0,0.0,0.0,-1009532.4613649987,0.0,-1009532.4613649987,-0.0,5149889.026527499,-0.015702145116275136,0.0,0.0,0.0
2023-09-11,0.0,0.0,0.0,-1009532.4613649987,0.0,-1009532.4613649987,-0.0,5149889.026527499,-0.015702145116275136,0.0,0.0,0.0
2023-09-12,0.0,0.0,0.0,-1009532.4613649987,0.0,-1009532.4613649987,-0.0,5149889.026527499,-0.015702145116275136,0.0,0.0,0.0
2023-09-13,0.0,0.0,0.0,-1009532.4613649987,0.0,-1009532.4613649987,-0.0,5149889.026527499,-0.015702145116275136,0.0,0.0,0.0
2023-09-14,0.0,0.0,0.0,-1009532.4613649987,0.0,-1009532.4613649987,-0.0,5149889.026527499,-0.015702145116275136,0.0,0.0,0.0
2023-09-15,0.0,0.0,0.0,-1009532.4613649987,0.0,-1009532.4613649987,-0.0,5149889.026527499,-0.015702145116275136,0.0,0.0,0.0
2023-09-18,0.0,0.0,0.0,-1009532.4613649987,0.0,-1009532.4613649987,-0.0,5149889.026527499,-0.015702145116275136,0.0,0.0,0.0
2023-09-19,0.0,0.0,0.0,-1009532.4613649987,0.0,-1009532.4613649987,-0.0,5149889.026527499,-0.015702145116275136,0.0,0.0,0.0
2023-09-20,0.0,0.0,0.0,-1009532.4613649987,0.0,-1009532.4613649987,-0.0,5149889.026527499,-0.015702145116275136,0.0,0.0,0.0
2023-09-21,0.0,0.0,0.0,-1009532.4613649987,0.0,-1009532.4613649987,-0.0,5149889.026527499,-0.015702145116275136,0.0,0.0,0.0
2023-09-22,0.0,0.0,0.0,-1009532.4613649987,0.0,-1009532.4613649987,-0.0,5149889.026527499,-0.015702145116275136,0.0,0.0,0.0
2023-09-25,0.0,0.0,0.0,-1009532.4613649987,0.0,-1009532.4613649987,-0.0,5149889.026527499,-0.015702145116275136,0.0,0.0,0.0
2023-09-26,0.0,0.0,0.0,-1009532.4613649987,0.0,-1009532.4613649987,-0.0,5149889.026527499,-0.015702145116275136,0.0,0.0,0.0
2023-09-27,0.0,0.0,0.0,-1009532.4613649987,0.0,-1009532.4613649987,-0.0,5149889.026527499,-0.015702145116275136,0.0,0.0,0.0
2023-09-28,0.0,0.0,0.0,-1009532.4613649987,0.0,-1009532.4613649987,-0.0,5149889.026527499,-0.015702145116275136,0.0,0.0,0.0
2023-10-02,0.0,0.0,0.0,-1009532.4613649987,0.0,-1009532.4613649987,-0.0,5149889.026527499,-0.015702145116275136,0.0,0.0,0.0
2023-10-03,0.0,0.0,0.0,-1009532.4613649987,0.0,-1009532.4613649987,-0.0,5149889.026527499,-0.015702145116275136,0.0,0.0,0.0
2023-10-04,0.0,0.0,0.0,-1009532.4613649987,0.0,-1009532.4613649987,-0.0,5149889.026527499,-0.015702145116275136,0.0,0.0,0.0
2023-10-05,0.0,0.0,0.0,-1009532.4613649987,0.0,-1009532.4613649987,-0.0,5149889.026527499,-0.015702145116275136,0.0,0.0,0.0
2023-10-06,0.0,0.0,0.0,-1009532.4613649987,0.0,-1009532.4613649987,-0.0,5149889.026527499,-0.015702145116275136,0.0,0.0,0.0
2023-10-11,0.0,0.0,0.0,-1009532.4613649987,0.0,-1009532.4613649987,-0.0,5149889.026527499,-0.015702145116275136,0.0,0.0,0.0
2023-10-12,0.0,0.0,0.0,-1009532.4613649987,0.0,-1009532.4613649987,-0.0,5149889.026527499,-0.015702145116275136,0.0,0.0,0.0
2023-10-13,0.0,0.0,0.0,-1009532.4613649987,0.0,-1009532.4613649987,-0.0,5149889.026527499,-0.015702145116275136,0.0,0.0,0.0
2023-10-16,0.0,0.0,0.0,-1009532.4613649987,0.0,-1009532.4613649987,-0.0,5149889.026527499,-0.015702145116275136,0.0,0.0,0.0
2023-10-17,0.0,0.0,0.0,-1009532.4613649987,0.0,-1009532.4613649987,-0.0,5149889.026527499,-0.015702145116275136,0.0,0.0,0.0
2023-10-18,0.0,0.0,0.0,-1009532.4613649987,0.0,-1009532.4613649987,-0.0,5149889.026527499,-0.015702145116275136,0.0,0.0,0.0
2023-10-19,0.0,0.0,0.0,-1009532.4613649987,0.0,-1009532.4613649987,-0.0,5149889.026527499,-0.015702145116275136,0.0,0.0,0.0
2023-10-20,0.0,0.0,0.0,-1009532.4613649987,0.0,-1009532.4613649987,-0.0,5149889.026527499,-0.015702145116275136,0.0,0.0,0.0
2023-10-23,0.0,0.0,0.0,-1009532.4613649987,0.0,-1009532.4613649987,-0.0,5149889.026527499,-0.015702145116275136,0.0,0.0,0.0
2023-10-24,0.0,0.0,0.0,-1009532.4613649987,0.0,-1009532.4613649987,-0.0,5149889.026527499,-0.015702145116275136,0.0,0.0,0.0
2023-10-25,0.0,0.0,0.0,-1009532.4613649987,0.0,-1009532.4613649987,-0.0,5149889.026527499,-0.015702145116275136,0.0,0.0,0.0
2023-10-26,0.0,0.0,0.0,-1009532.4613649987,0.0,-1009532.4613649987,-0.0,5149889.026527499,-0.015702145116275136,0.0,0.0,0.0
2023-10-27,0.0,0.0,0.0,-1009532.4613649987,0.0,-1009532.4613649987,-0.0,5149889.026527499,-0.015702145116275136,0.0,0.0,0.0
2023-10-30,0.0,0.0,0.0,-1009532.4613649987,0.0,-1009532.4613649987,-0.0,5149889.026527499,-0.015702145116275136,0.0,0.0,0.0
2023-10-31,0.0,0.0,0.0,-1009532.4613649987,0.0,-1009532.4613649987,-0.0,5149889.026527499,-0.015702145116275136,0.0,0.0,0.0
2023-11-01,0.0,0.0,0.0,-1009532.4613649987,0.0,-1009532.4613649987,-0.0,5149889.026527499,-0.015702145116275136,0.0,0.0,0.0
2023-11-02,0.0,0.0,0.0,-1009532.4613649987,0.0,-1009532.4613649987,-0.0,5149889.026527499,-0.015702145116275136,0.0,0.0,0.0
2023-11-03,0.0,0.0,0.0,-1009532.4613649987,0.0,-1009532.4613649987,-0.0,5149889.026527499,-0.015702145116275136,0.0,0.0,0.0
2023-11-06,0.0,0.0,0.0,-1009532.4613649987,0.0,-1009532.4613649987,-0.0,5149889.026527499,-0.015702145116275136,0.0,0.0,0.0
2023-11-07,0.0,0.0,0.0,-1009532.4613649987,0.0,-1009532.4613649987,-0.0,5149889.026527499,-0.015702145116275136,0.0,0.0,0.0
2023-11-08,-4418984.292085,-4418984.292085,4309190.0,-1119326.753449999,-109794.29208500031,-1009532.4613649987,4418984.292085,5428516.753449999,-0.016290207997972636,-0.010163902346636888,-0.012642140438353322,-0.024846047151979418
2023-11-09,4309189.7835525,0.0,0.0,-1119326.9698974986,0.0,-1119326.9698974986,-0.0,5428516.753449999,-0.016290211148057968,-3.987230939861419e-08,-5.0229277404056916e-08,-5.022927733070051e-08
2023-11-10,0.0,0.0,0.0,-1119326.9698974986,0.0,-1119326.9698974986,-0.0,5428516.753449999,-0.016290211148057968,0.0,0.0,0.0
2023-11-13,0.0,0.0,0.0,-1119326.9698974986,0.0,-1119326.9698974986,-0.0,5428516.753449999,-0.016290211148057968,0.0,0.0,0.0
2023-11-14,0.0,0.0,0.0,-1119326.9698974986,0.0,-1119326.9698974986,-0.0,5428516.753449999,-0.016290211148057968,0.0,0.0,0.0
2023-11-15,0.0,0.0,0.0,-1119326.9698974986,0.0,-1119326.9698974986,-0.0,5428516.753449999,-0.016290211148057968,0.0,0.0,0.0
2023-11-16,0.0,0.0,0.0,-1119326.9698974986,0.0,-1119326.9698974986,-0.0,5428516.753449999,-0.016290211148057968,0.0,0.0,0.0
2023-11-17,0.0,0.0,0.0,-1119326.9698974986,0.0,-1119326.9698974986,-0.0,5428516.753449999,-0.016290211148057968,0.0,0.0,0.0
2023-11-20,-4348429.69485,-4348429.69485,4275312.0,-1192444.6647474982,-73117.69484999962,-1119326.9698974986,4348429.69485,5467756.664747498,-0.016321430078769704,-0.011892750354876108,-0.01498193344662102,-0.016814735428882642
2023-11-21,0.0,-4348429.69485,4447088.0,-1020668.6647474982,98658.30515000038,-1119326.9698974986,4348429.69485,5467756.664747498,-0.013970268590027231,0.03141617495663235,0.04017858813578967,0.04017858813578985
2023-11-22,0.0,-4348429.69485,4886071.0,-581685.6647474982,537641.3051500004,-1119326.9698974986,4348429.69485,5467756.664747498,-0.007961746306281912,0.0802857601235757,0.09871246082829921,0.09871246082829933
2023-11-23,0.0,-4348429.69485,4800183.0,-667573.6647474982,451753.3051500004,-1119326.9698974986,4348429.69485,5467756.664747498,-0.009137327050653147,-0.015708087478316174,-0.01757813179546497,-0.017578131795465107
2023-11-24,0.0,-4348429.69485,4666580.0,-801176.6647474982,318150.3051500004,-1119326.9698974986,4348429.69485,5467756.664747498,-0.010966000604470097,-0.024434701138290285,-0.027832897204127405,-0.027832897204127426
2023-11-27,4666579.604575,0.0,0.0,-801177.0601724986,0.0,-801177.0601724986,-0.0,5467756.664747498,-0.010966006016797968,-7.23194217566725e-08,-8.473550228149662e-08,-8.473550230455774e-08
2023-11-28,-4583609.348975,-4583609.348975,4752468.0,-632318.4091474985,168858.65102500003,-801177.0601724986,4583609.348975,5467756.664747498,-0.008143850136141117,0.03088261994424324,0.0361846717153298,0.036184671715329825
2023-11-29,0.0,-4583609.348975,4809726.0,-575060.4091474985,226116.65102500003,-801177.0601724986,4583609.348975,5467756.664747498,-0.00740640431082687,0.01047193639196893,0.01184132584749431,0.011841325847494501
2023-11-30,4857441.287825,0.0,0.0,-527345.1213224989,0.0,-527345.1213224989,-0.0,5467756.664747498,-0.006791862416066074,0.008726666300392719,0.009752350305904711,0.009752350305904744
2023-12-01,0.0,0.0,0.0,-527345.1213224989,0.0,-527345.1213224989,-0.0,5467756.664747498,-0.006791862416066074,0.0,0.0,0.0
2023-12-04,0.0,0.0,0.0,-527345.1213224989,0.0,-527345.1213224989,-0.0,5467756.664747498,-0.006791862416066074,0.0,0.0,0.0
2023-12-05,0.0,0.0,0.0,-527345.1213224989,0.0,-527345.1213224989,-0.0,5467756.664747498,-0.006791862416066074,0.0,0.0,0.0
2023-12-06,0.0,0.0,0.0,-527345.1213224989,0.0,-527345.1213224989,-0.0,5467756.664747498,-0.006791862416066074,0.0,0.0,0.0
2023-12-07,0.0,0.0,0.0,-527345.1213224989,0.0,-527345.1213224989,-0.0,5467756.664747498,-0.006791862416066074,0.0,0.0,0.0
2023-12-08,0.0,0.0,0.0,-527345.1213224989,0.0,-527345.1213224989,-0.0,5467756.664747498,-0.006791862416066074,0.0,0.0,0.0
2023-12-11,0.0,0.0,0.0,-527345.1213224989,0.0,-527345.1213224989,-0.0,5467756.664747498,-0.006791862416066074,0.0,0.0,0.0
2023-12-12,0.0,0.0,0.0,-527345.1213224989,0.0,-527345.1213224989,-0.0,5467756.664747498,-0.006791862416066074,0.0,0.0,0.0
2023-12-13,0.0,0.0,0.0,-527345.1213224989,0.0,-527345.1213224989,-0.0,5467756.664747498,-0.006791862416066074,0.0,0.0,0.0
2023-12-14,0.0,0.0,0.0,-527345.1213224989,0.0,-527345.1213224989,-0.0,5467756.664747498,-0.006791862416066074,0.0,0.0,0.0
2023-12-15,0.0,0.0,0.0,-527345.1213224989,0.0,-527345.1213224989,-0.0,5467756.664747498,-0.006791862416066074,0.0,0.0,0.0
2023-12-18,0.0,0.0,0.0,-527345.1213224989,0.0,-527345.1213224989,-0.0,5467756.664747498,-0.006791862416066074,0.0,0.0,0.0
2023-12-19,0.0,0.0,0.0,-527345.1213224989,0.0,-527345.1213224989,-0.0,5467756.664747498,-0.006791862416066074,0.0,0.0,0.0
2023-12-20,0.0,0.0,0.0,-527345.1213224989,0.0,-527345.1213224989,-0.0,5467756.664747498,-0.006791862416066074,0.0,0.0,0.0
2023-12-21,0.0,0.0,0.0,-527345.1213224989,0.0,-527345.1213224989,-0.0,5467756.664747498,-0.006791862416066074,0.0,0.0,0.0
2023-12-22,0.0,0.0,0.0,-527345.1213224989,0.0,-527345.1213224989,-0.0,5467756.664747498,-0.006791862416066074,0.0,0.0,0.0
2023-12-25,0.0,0.0,0.0,-527345.1213224989,0.0,-527345.1213224989,-0.0,5467756.664747498,-0.006791862416066074,0.0,0.0,0.0
2023-12-26,0.0,0.0,0.0,-527345.1213224989,0.0,-527345.1213224989,-0.0,5467756.664747498,-0.006791862416066074,0.0,0.0,0.0
2023-12-27,0.0,0.0,0.0,-527345.1213224989,0.0,-527345.1213224989,-0.0,5467756.664747498,-0.006791862416066074,0.0,0.0,0.0
2023-12-28,0.0,0.0,0.0,-527345.1213224989,0.0,-527345.1213224989,-0.0,5467756.664747498,-0.006791862416066074,0.0,0.0,0.0
2023-12-29,0.0,0.0,0.0,-527345.1213224989,0.0,-527345.1213224989,-0.0,5467756.664747498,-0.006791862416066074,0.0,0.0,0.0
2024-01-02,-4607607.497675,-4607607.497675,4542519.0,-592433.6189974986,-65088.49767499976,-527345.1213224989,4607607.497675,5467756.664747498,-0.007202728516640003,-0.011904058952485516,-0.013174711681990026,-0.013174711681990034
2024-01-03,0.0,-4607607.497675,4413688.0,-721264.6189974986,-193919.49767499976,-527345.1213224989,4607607.497675,5467756.664747498,-0.008769038543234166,-0.02356194832711149,-0.02642512071324321,-0.026425120713243152
2024-01-04,4423230.21175,0.0,0.0,-711722.407247499,0.0,-711722.407247499,-0.0,5467756.664747498,-0.008653025612030425,0.0017451785686662946,0.0020103713770138754,0.0020103713770138407
2024-01-05,0.0,0.0,0.0,-711722.407247499,0.0,-711722.407247499,-0.0,5467756.664747498,-0.008653025612030425,0.0,0.0,0.0
2024-01-08,0.0,0.0,0.0,-711722.407247499,0.0,-711722.407247499,-0.0,5467756.664747498,-0.008653025612030425,0.0,0.0,0.0
2024-01-09,0.0,0.0,0.0,-711722.407247499,0.0,-711722.407247499,-0.0,5467756.664747498,-0.008653025612030425,0.0,0.0,0.0
2024-01-10,0.0,0.0,0.0,-711722.407247499,0.0,-711722.407247499,-0.0,5467756.664747498,-0.008653025612030425,0.0,0.0,0.0
2024-01-11,0.0,0.0,0.0,-711722.407247499,0.0,-711722.407247499,-0.0,5467756.664747498,-0.008653025612030425,0.0,0.0,0.0
2024-01-12,0.0,0.0,0.0,-711722.407247499,0.0,-711722.407247499,-0.0,5467756.664747498,-0.008653025612030425,0.0,0.0,0.0
2024-01-15,0.0,0.0,0.0,-711722.407247499,0.0,-711722.407247499,-0.0,5467756.664747498,-0.008653025612030425,0.0,0.0,0.0
2024-01-16,0.0,0.0,0.0,-711722.407247499,0.0,-711722.407247499,-0.0,5467756.664747498,-0.008653025612030425,0.0,0.0,0.0
2024-01-17,0.0,0.0,0.0,-711722.407247499,0.0,-711722.407247499,-0.0,5467756.664747498,-0.008653025612030425,0.0,0.0,0.0
2024-01-18,0.0,0.0,0.0,-711722.407247499,0.0,-711722.407247499,-0.0,5467756.664747498,-0.008653025612030425,0.0,0.0,0.0
2024-01-19,0.0,0.0,0.0,-711722.407247499,0.0,-711722.407247499,-0.0,5467756.664747498,-0.008653025612030425,0.0,0.0,0.0
2024-01-22,0.0,0.0,0.0,-711722.407247499,0.0,-711722.407247499,-0.0,5467756.664747498,-0.008653025612030425,0.0,0.0,0.0
2024-01-23,0.0,0.0,0.0,-711722.407247499,0.0,-711722.407247499,-0.0,5467756.664747498,-0.008653025612030425,0.0,0.0,0.0
2024-01-24,0.0,0.0,0.0,-711722.407247499,0.0,-711722.407247499,-0.0,5467756.664747498,-0.008653025612030425,0.0,0.0,0.0
2024-01-25,0.0,0.0,0.0,-711722.407247499,0.0,-711722.407247499,-0.0,5467756.664747498,-0.008653025612030425,0.0,0.0,0.0
2024-01-26,0.0,0.0,0.0,-711722.407247499,0.0,-711722.407247499,-0.0,5467756.664747498,-0.008653025612030425,0.0,0.0,0.0
2024-01-29,0.0,0.0,0.0,-711722.407247499,0.0,-711722.407247499,-0.0,5467756.664747498,-0.008653025612030425,0.0,0.0,0.0
2024-01-30,0.0,0.0,0.0,-711722.407247499,0.0,-711722.407247499,-0.0,5467756.664747498,-0.008653025612030425,0.0,0.0,0.0
2024-01-31,0.0,0.0,0.0,-711722.407247499,0.0,-711722.407247499,-0.0,5467756.664747498,-0.008653025612030425,0.0,0.0,0.0
2024-02-01,0.0,0.0,0.0,-711722.407247499,0.0,-711722.407247499,-0.0,5467756.664747498,-0.008653025612030425,0.0,0.0,0.0
2024-02-02,0.0,0.0,0.0,-711722.407247499,0.0,-711722.407247499,-0.0,5467756.664747498,-0.008653025612030425,0.0,0.0,0.0
2024-02-05,-4185243.485399999,-4185243.4853999997,3863050.0,-1033915.8926474986,-322193.48539999966,-711722.407247499,4185243.4853999997,5467756.664747498,-0.011961563073252857,-0.05892608342966166,-0.0677441473202004,-0.06774414732020036
2024-02-15,4015739.3731,0.0,0.0,-881226.5195474983,0.0,-881226.5195474983,-0.0,5467756.664747498,-0.010195071640110931,0.02792541483867436,0.03443727029188781,0.03443727029188783
2024-02-16,-4308113.52606,-4308113.526059999,4214236.0,-975104.0456074974,-93877.52605999913,-881226.5195474983,4308113.526059999,5467756.664747498,-0.010745583530152005,-0.017169294797857365,-0.020468093109176633,-0.02046809310917666
2024-02-19,0.0,-4308113.526059999,4031008.0,-1158332.0456074974,-277105.52605999913,-881226.5195474983,4308113.526059999,5467756.664747498,-0.012764744242213306,-0.03351063539117127,-0.04078392333727199,-0.04078392333727199
2024-02-20,0.0,-4308113.526059999,3985202.0,-1204138.0456074974,-322911.52605999913,-881226.5195474983,4308113.526059999,5467756.664747498,-0.013269523400293295,-0.00837747595743002,-0.010629261223541464,-0.010629261223541521
2024-02-21,4000470.43844,0.0,0.0,-1188869.6071674977,0.0,-1188869.6071674977,-0.0,5467756.664747498,-0.01310126619597641,0.0027924502453521016,0.0035810985465389855,0.003581098546539195
2024-02-22,0.0,0.0,0.0,-1188869.6071674977,0.0,-1188869.6071674977,-0.0,5467756.664747498,-0.01310126619597641,0.0,0.0,0.0
2024-02-23,0.0,0.0,0.0,-1188869.6071674977,0.0,-1188869.6071674977,-0.0,5467756.664747498,-0.01310126619597641,0.0,0.0,0.0
2024-02-26,0.0,0.0,0.0,-1188869.6071674977,0.0,-1188869.6071674977,-0.0,5467756.664747498,-0.01310126619597641,0.0,0.0,0.0
2024-02-27,0.0,0.0,0.0,-1188869.6071674977,0.0,-1188869.6071674977,-0.0,5467756.664747498,-0.01310126619597641,0.0,0.0,0.0
2024-02-29,0.0,0.0,0.0,-1188869.6071674977,0.0,-1188869.6071674977,-0.0,5467756.664747498,-0.01310126619597641,0.0,0.0,0.0
2024-03-01,0.0,0.0,0.0,-1188869.6071674977,0.0,-1188869.6071674977,-0.0,5467756.664747498,-0.01310126619597641,0.0,0.0,0.0
2024-03-04,0.0,0.0,0.0,-1188869.6071674977,0.0,-1188869.6071674977,-0.0,5467756.664747498,-0.01310126619597641,0.0,0.0,0.0
2024-03-05,0.0,0.0,0.0,-1188869.6071674977,0.0,-1188869.6071674977,-0.0,5467756.664747498,-0.01310126619597641,0.0,0.0,0.0
2024-03-06,0.0,0.0,0.0,-1188869.6071674977,0.0,-1188869.6071674977,-0.0,5467756.664747498,-0.01310126619597641,0.0,0.0,0.0
2024-03-07,0.0,0.0,0.0,-1188869.6071674977,0.0,-1188869.6071674977,-0.0,5467756.664747498,-0.01310126619597641,0.0,0.0,0.0
2024-03-08,0.0,0.0,0.0,-1188869.6071674977,0.0,-1188869.6071674977,-0.0,5467756.664747498,-0.01310126619597641,0.0,0.0,0.0
2024-03-11,0.0,0.0,0.0,-1188869.6071674977,0.0,-1188869.6071674977,-0.0,5467756.664747498,-0.01310126619597641,0.0,0.0,0.0
2024-03-12,0.0,0.0,0.0,-1188869.6071674977,0.0,-1188869.6071674977,-0.0,5467756.664747498,-0.01310126619597641,0.0,0.0,0.0
2024-03-13,0.0,0.0,0.0,-1188869.6071674977,0.0,-1188869.6071674977,-0.0,5467756.664747498,-0.01310126619597641,0.0,0.0,0.0
2024-03-14,0.0,0.0,0.0,-1188869.6071674977,0.0,-1188869.6071674977,-0.0,5467756.664747498,-0.01310126619597641,0.0,0.0,0.0
2024-03-15,0.0,0.0,0.0,-1188869.6071674977,0.0,-1188869.6071674977,-0.0,5467756.664747498,-0.01310126619597641,0.0,0.0,0.0
2024-03-18,0.0,0.0,0.0,-1188869.6071674977,0.0,-1188869.6071674977,-0.0,5467756.664747498,-0.01310126619597641,0.0,0.0,0.0
2024-03-19,0.0,0.0,0.0,-1188869.6071674977,0.0,-1188869.6071674977,-0.0,5467756.664747498,-0.01310126619597641,0.0,0.0,0.0
2024-03-20,0.0,0.0,0.0,-1188869.6071674977,0.0,-1188869.6071674977,-0.0,5467756.664747498,-0.01310126619597641,0.0,0.0,0.0
2024-03-21,0.0,0.0,0.0,-1188869.6071674977,0.0,-1188869.6071674977,-0.0,5467756.664747498,-0.01310126619597641,0.0,0.0,0.0
2024-03-22,0.0,0.0,0.0,-1188869.6071674977,0.0,-1188869.6071674977,-0.0,5467756.664747498,-0.01310126619597641,0.0,0.0,0.0
2024-03-25,0.0,0.0,0.0,-1188869.6071674977,0.0,-1188869.6071674977,-0.0,5467756.664747498,-0.01310126619597641,0.0,0.0,0.0
2024-03-26,0.0,0.0,0.0,-1188869.6071674977,0.0,-1188869.6071674977,-0.0,5467756.664747498,-0.01310126619597641,0.0,0.0,0.0
2024-03-27,0.0,0.0,0.0,-1188869.6071674977,0.0,-1188869.6071674977,-0.0,5467756.664747498,-0.01310126619597641,0.0,0.0,0.0
2024-03-28,0.0,0.0,0.0,-1188869.6071674977,0.0,-1188869.6071674977,-0.0,5467756.664747498,-0.01310126619597641,0.0,0.0,0.0
2024-03-29,0.0,0.0,0.0,-1188869.6071674977,0.0,-1188869.6071674977,-0.0,5467756.664747498,-0.01310126619597641,0.0,0.0,0.0
2024-04-01,0.0,0.0,0.0,-1188869.6071674977,0.0,-1188869.6071674977,-0.0,5467756.664747498,-0.01310126619597641,0.0,0.0,0.0
2024-04-02,0.0,0.0,0.0,-1188869.6071674977,0.0,-1188869.6071674977,-0.0,5467756.664747498,-0.01310126619597641,0.0,0.0,0.0
2024-04-03,0.0,0.0,0.0,-1188869.6071674977,0.0,-1188869.6071674977,-0.0,5467756.664747498,-0.01310126619597641,0.0,0.0,0.0
2024-04-08,0.0,0.0,0.0,-1188869.6071674977,0.0,-1188869.6071674977,-0.0,5467756.664747498,-0.01310126619597641,0.0,0.0,0.0
2024-04-09,0.0,0.0,0.0,-1188869.6071674977,0.0,-1188869.6071674977,-0.0,5467756.664747498,-0.01310126619597641,0.0,0.0,0.0
2024-04-10,0.0,0.0,0.0,-1188869.6071674977,0.0,-1188869.6071674977,-0.0,5467756.664747498,-0.01310126619597641,0.0,0.0,0.0
2024-04-11,0.0,0.0,0.0,-1188869.6071674977,0.0,-1188869.6071674977,-0.0,5467756.664747498,-0.01310126619597641,0.0,0.0,0.0
2024-04-12,0.0,0.0,0.0,-1188869.6071674977,0.0,-1188869.6071674977,-0.0,5467756.664747498,-0.01310126619597641,0.0,0.0,0.0
2024-04-15,0.0,0.0,0.0,-1188869.6071674977,0.0,-1188869.6071674977,-0.0,5467756.664747498,-0.01310126619597641,0.0,0.0,0.0
2024-04-16,0.0,0.0,0.0,-1188869.6071674977,0.0,-1188869.6071674977,-0.0,5467756.664747498,-0.01310126619597641,0.0,0.0,0.0
2024-04-17,0.0,0.0,0.0,-1188869.6071674977,0.0,-1188869.6071674977,-0.0,5467756.664747498,-0.01310126619597641,0.0,0.0,0.0
2024-04-18,0.0,0.0,0.0,-1188869.6071674977,0.0,-1188869.6071674977,-0.0,5467756.664747498,-0.01310126619597641,0.0,0.0,0.0
2024-04-19,0.0,0.0,0.0,-1188869.6071674977,0.0,-1188869.6071674977,-0.0,5467756.664747498,-0.01310126619597641,0.0,0.0,0.0
2024-04-22,0.0,0.0,0.0,-1188869.6071674977,0.0,-1188869.6071674977,-0.0,5467756.664747498,-0.01310126619597641,0.0,0.0,0.0
2024-04-23,0.0,0.0,0.0,-1188869.6071674977,0.0,-1188869.6071674977,-0.0,5467756.664747498,-0.01310126619597641,0.0,0.0,0.0
2024-04-24,0.0,0.0,0.0,-1188869.6071674977,0.0,-1188869.6071674977,-0.0,5467756.664747498,-0.01310126619597641,0.0,0.0,0.0
2024-04-25,0.0,0.0,0.0,-1188869.6071674977,0.0,-1188869.6071674977,-0.0,5467756.664747498,-0.01310126619597641,0.0,0.0,0.0
2024-04-26,0.0,0.0,0.0,-1188869.6071674977,0.0,-1188869.6071674977,-0.0,5467756.664747498,-0.01310126619597641,0.0,0.0,0.0
2024-04-29,0.0,0.0,0.0,-1188869.6071674977,0.0,-1188869.6071674977,-0.0,5467756.664747498,-0.01310126619597641,0.0,0.0,0.0
2024-04-30,0.0,0.0,0.0,-1188869.6071674977,0.0,-1188869.6071674977,-0.0,5467756.664747498,-0.01310126619597641,0.0,0.0,0.0
2024-05-02,0.0,0.0,0.0,-1188869.6071674977,0.0,-1188869.6071674977,-0.0,5467756.664747498,-0.01310126619597641,0.0,0.0,0.0
2024-05-03,0.0,0.0,0.0,-1188869.6071674977,0.0,-1188869.6071674977,-0.0,5467756.664747498,-0.01310126619597641,0.0,0.0,0.0
2024-05-06,0.0,0.0,0.0,-1188869.6071674977,0.0,-1188869.6071674977,-0.0,5467756.664747498,-0.01310126619597641,0.0,0.0,0.0
2024-05-07,0.0,0.0,0.0,-1188869.6071674977,0.0,-1188869.6071674977,-0.0,5467756.664747498,-0.01310126619597641,0.0,0.0,0.0
2024-05-08,0.0,0.0,0.0,-1188869.6071674977,0.0,-1188869.6071674977,-0.0,5467756.664747498,-0.01310126619597641,0.0,0.0,0.0
2024-05-09,0.0,0.0,0.0,-1188869.6071674977,0.0,-1188869.6071674977,-0.0,5467756.664747498,-0.01310126619597641,0.0,0.0,0.0
2024-05-10,0.0,0.0,0.0,-1188869.6071674977,0.0,-1188869.6071674977,-0.0,5467756.664747498,-0.01310126619597641,0.0,0.0,0.0
2024-05-13,0.0,0.0,0.0,-1188869.6071674977,0.0,-1188869.6071674977,-0.0,5467756.664747498,-0.01310126619597641,0.0,0.0,0.0
2024-05-14,0.0,0.0,0.0,-1188869.6071674977,0.0,-1188869.6071674977,-0.0,5467756.664747498,-0.01310126619597641,0.0,0.0,0.0
2024-05-15,0.0,0.0,0.0,-1188869.6071674977,0.0,-1188869.6071674977,-0.0,5467756.664747498,-0.01310126619597641,0.0,0.0,0.0
2024-05-16,0.0,0.0,0.0,-1188869.6071674977,0.0,-1188869.6071674977,-0.0,5467756.664747498,-0.01310126619597641,0.0,0.0,0.0
2024-05-17,0.0,0.0,0.0,-1188869.6071674977,0.0,-1188869.6071674977,-0.0,5467756.664747498,-0.01310126619597641,0.0,0.0,0.0
2024-05-20,0.0,0.0,0.0,-1188869.6071674977,0.0,-1188869.6071674977,-0.0,5467756.664747498,-0.01310126619597641,0.0,0.0,0.0
2024-05-21,0.0,0.0,0.0,-1188869.6071674977,0.0,-1188869.6071674977,-0.0,5467756.664747498,-0.01310126619597641,0.0,0.0,0.0
2024-05-22,0.0,0.0,0.0,-1188869.6071674977,0.0,-1188869.6071674977,-0.0,5467756.664747498,-0.01310126619597641,0.0,0.0,0.0
2024-05-23,0.0,0.0,0.0,-1188869.6071674977,0.0,-1188869.6071674977,-0.0,5467756.664747498,-0.01310126619597641,0.0,0.0,0.0
2024-05-24,0.0,0.0,0.0,-1188869.6071674977,0.0,-1188869.6071674977,-0.0,5467756.664747498,-0.01310126619597641,0.0,0.0,0.0
2024-05-27,0.0,0.0,0.0,-1188869.6071674977,0.0,-1188869.6071674977,-0.0,5467756.664747498,-0.01310126619597641,0.0,0.0,0.0
2024-05-28,0.0,0.0,0.0,-1188869.6071674977,0.0,-1188869.6071674977,-0.0,5467756.664747498,-0.01310126619597641,0.0,0.0,0.0
2024-05-29,-4334510.5883475,-4334510.5883475,4251454.0,-1271926.195514998,-83056.58834750019,-1188869.6071674977,4334510.5883475,5523380.1955149975,-0.01337755193021481,-0.012847605296488818,-0.016417254893764666,-0.019161699263299043
2024-05-30,4246205.42808,0.0,0.0,-1277174.767434998,0.0,-1277174.767434998,-0.0,5523380.1955149975,-0.013432754066680628,-0.0009502463589708965,-0.00123453574236021,-0.001234535742360147
2024-05-31,0.0,0.0,0.0,-1277174.767434998,0.0,-1277174.767434998,-0.0,5523380.1955149975,-0.013432754066680628,0.0,0.0,0.0
2024-06-03,0.0,0.0,0.0,-1277174.767434998,0.0,-1277174.767434998,-0.0,5523380.1955149975,-0.013432754066680628,0.0,0.0,0.0
2024-06-04,0.0,0.0,0.0,-1277174.767434998,0.0,-1277174.767434998,-0.0,5523380.1955149975,-0.013432754066680628,0.0,0.0,0.0
2024-06-05,0.0,0.0,0.0,-1277174.767434998,0.0,-1277174.767434998,-0.0,5523380.1955149975,-0.013432754066680628,0.0,0.0,0.0
2024-06-06,0.0,0.0,0.0,-1277174.767434998,0.0,-1277174.767434998,-0.0,5523380.1955149975,-0.013432754066680628,0.0,0.0,0.0
2024-06-07,0.0,0.0,0.0,-1277174.767434998,0.0,-1277174.767434998,-0.0,5523380.1955149975,-0.013432754066680628,0.0,0.0,0.0
2024-06-11,0.0,0.0,0.0,-1277174.767434998,0.0,-1277174.767434998,-0.0,5523380.1955149975,-0.013432754066680628,0.0,0.0,0.0
2024-06-12,0.0,0.0,0.0,-1277174.767434998,0.0,-1277174.767434998,-0.0,5523380.1955149975,-0.013432754066680628,0.0,0.0,0.0
2024-06-13,0.0,0.0,0.0,-1277174.767434998,0.0,-1277174.767434998,-0.0,5523380.1955149975,-0.013432754066680628,0.0,0.0,0.0
2024-06-14,0.0,0.0,0.0,-1277174.767434998,0.0,-1277174.767434998,-0.0,5523380.1955149975,-0.013432754066680628,0.0,0.0,0.0
2024-06-17,0.0,0.0,0.0,-1277174.767434998,0.0,-1277174.767434998,-0.0,5523380.1955149975,-0.013432754066680628,0.0,0.0,0.0
2024-06-18,0.0,0.0,0.0,-1277174.767434998,0.0,-1277174.767434998,-0.0,5523380.1955149975,-0.013432754066680628,0.0,0.0,0.0
2024-06-19,-4142047.018025,-4142047.018025,4127394.0,-1291827.785459998,-14653.018025000114,-1277174.767434998,4142047.018025,5523380.1955149975,-0.01301967617276567,-0.002652907731555104,-0.0034508500055367985,-0.003450850005536766
2024-06-20,4127394.104925,0.0,0.0,-1291827.680534998,0.0,-1291827.680534998,-0.0,5523380.1955149975,-0.013019675115279883,1.8996519579594917e-08,2.4795864472793028e-08,2.47958644821357e-08
2024-06-21,0.0,0.0,0.0,-1291827.680534998,0.0,-1291827.680534998,-0.0,5523380.1955149975,-0.013019675115279883,0.0,0.0,0.0
2024-06-24,0.0,0.0,0.0,-1291827.680534998,0.0,-1291827.680534998,-0.0,5523380.1955149975,-0.013019675115279883,0.0,0.0,0.0
2024-06-25,0.0,0.0,0.0,-1291827.680534998,0.0,-1291827.680534998,-0.0,5523380.1955149975,-0.013019675115279883,0.0,0.0,0.0
2024-06-26,0.0,0.0,0.0,-1291827.680534998,0.0,-1291827.680534998,-0.0,5523380.1955149975,-0.013019675115279883,0.0,0.0,0.0
2024-06-27,0.0,0.0,0.0,-1291827.680534998,0.0,-1291827.680534998,-0.0,5523380.1955149975,-0.013019675115279883,0.0,0.0,0.0
2024-06-28,0.0,0.0,0.0,-1291827.680534998,0.0,-1291827.680534998,-0.0,5523380.1955149975,-0.013019675115279883,0.0,0.0,0.0
2024-07-01,0.0,0.0,0.0,-1291827.680534998,0.0,-1291827.680534998,-0.0,5523380.1955149975,-0.013019675115279883,0.0,0.0,0.0
2024-07-02,0.0,0.0,0.0,-1291827.680534998,0.0,-1291827.680534998,-0.0,5523380.1955149975,-0.013019675115279883,0.0,0.0,0.0
2024-07-03,0.0,0.0,0.0,-1291827.680534998,0.0,-1291827.680534998,-0.0,5523380.1955149975,-0.013019675115279883,0.0,0.0,0.0
2024-07-04,0.0,0.0,0.0,-1291827.680534998,0.0,-1291827.680534998,-0.0,5523380.1955149975,-0.013019675115279883,0.0,0.0,0.0
2024-07-05,0.0,0.0,0.0,-1291827.680534998,0.0,-1291827.680534998,-0.0,5523380.1955149975,-0.013019675115279883,0.0,0.0,0.0
2024-07-08,0.0,0.0,0.0,-1291827.680534998,0.0,-1291827.680534998,-0.0,5523380.1955149975,-0.013019675115279883,0.0,0.0,0.0
2024-07-09,0.0,0.0,0.0,-1291827.680534998,0.0,-1291827.680534998,-0.0,5523380.1955149975,-0.013019675115279883,0.0,0.0,0.0
2024-07-10,0.0,0.0,0.0,-1291827.680534998,0.0,-1291827.680534998,-0.0,5523380.1955149975,-0.013019675115279883,0.0,0.0,0.0
2024-07-11,0.0,0.0,0.0,-1291827.680534998,0.0,-1291827.680534998,-0.0,5523380.1955149975,-0.013019675115279883,0.0,0.0,0.0
2024-07-12,0.0,0.0,0.0,-1291827.680534998,0.0,-1291827.680534998,-0.0,5523380.1955149975,-0.013019675115279883,0.0,0.0,0.0
2024-07-15,0.0,0.0,0.0,-1291827.680534998,0.0,-1291827.680534998,-0.0,5523380.1955149975,-0.013019675115279883,0.0,0.0,0.0
2024-07-16,0.0,0.0,0.0,-1291827.680534998,0.0,-1291827.680534998,-0.0,5523380.1955149975,-0.013019675115279883,0.0,0.0,0.0
2024-07-17,0.0,0.0,0.0,-1291827.680534998,0.0,-1291827.680534998,-0.0,5523380.1955149975,-0.013019675115279883,0.0,0.0,0.0
2024-07-18,0.0,0.0,0.0,-1291827.680534998,0.0,-1291827.680534998,-0.0,5523380.1955149975,-0.013019675115279883,0.0,0.0,0.0
2024-07-19,0.0,0.0,0.0,-1291827.680534998,0.0,-1291827.680534998,-0.0,5523380.1955149975,-0.013019675115279883,0.0,0.0,0.0
2024-07-22,0.0,0.0,0.0,-1291827.680534998,0.0,-1291827.680534998,-0.0,5523380.1955149975,-0.013019675115279883,0.0,0.0,0.0
2024-07-23,0.0,0.0,0.0,-1291827.680534998,0.0,-1291827.680534998,-0.0,5523380.1955149975,-0.013019675115279883,0.0,0.0,0.0
2024-07-26,0.0,0.0,0.0,-1291827.680534998,0.0,-1291827.680534998,-0.0,5523380.1955149975,-0.013019675115279883,0.0,0.0,0.0
2024-07-29,0.0,0.0,0.0,-1291827.680534998,0.0,-1291827.680534998,-0.0,5523380.1955149975,-0.013019675115279883,0.0,0.0,0.0
2024-07-30,0.0,0.0,0.0,-1291827.680534998,0.0,-1291827.680534998,-0.0,5523380.1955149975,-0.013019675115279883,0.0,0.0,0.0
2024-07-31,0.0,0.0,0.0,-1291827.680534998,0.0,-1291827.680534998,-0.0,5523380.1955149975,-0.013019675115279883,0.0,0.0,0.0
2024-08-01,0.0,0.0,0.0,-1291827.680534998,0.0,-1291827.680534998,-0.0,5523380.1955149975,-0.013019675115279883,0.0,0.0,0.0
2024-08-02,0.0,0.0,0.0,-1291827.680534998,0.0,-1291827.680534998,-0.0,5523380.1955149975,-0.013019675115279883,0.0,0.0,0.0
2024-08-05,0.0,0.0,0.0,-1291827.680534998,0.0,-1291827.680534998,-0.0,5523380.1955149975,-0.013019675115279883,0.0,0.0,0.0
2024-08-06,0.0,0.0,0.0,-1291827.680534998,0.0,-1291827.680534998,-0.0,5523380.1955149975,-0.013019675115279883,0.0,0.0,0.0
2024-08-07,0.0,0.0,0.0,-1291827.680534998,0.0,-1291827.680534998,-0.0,5523380.1955149975,-0.013019675115279883,0.0,0.0,0.0
2024-08-08,0.0,0.0,0.0,-1291827.680534998,0.0,-1291827.680534998,-0.0,5523380.1955149975,-0.013019675115279883,0.0,0.0,0.0
2024-08-09,0.0,0.0,0.0,-1291827.680534998,0.0,-1291827.680534998,-0.0,5523380.1955149975,-0.013019675115279883,0.0,0.0,0.0
2024-08-12,0.0,0.0,0.0,-1291827.680534998,0.0,-1291827.680534998,-0.0,5523380.1955149975,-0.013019675115279883,0.0,0.0,0.0
2024-08-13,0.0,0.0,0.0,-1291827.680534998,0.0,-1291827.680534998,-0.0,5523380.1955149975,-0.013019675115279883,0.0,0.0,0.0
2024-08-14,0.0,0.0,0.0,-1291827.680534998,0.0,-1291827.680534998,-0.0,5523380.1955149975,-0.013019675115279883,0.0,0.0,0.0
2024-08-15,0.0,0.0,0.0,-1291827.680534998,0.0,-1291827.680534998,-0.0,5523380.1955149975,-0.013019675115279883,0.0,0.0,0.0
2024-08-16,0.0,0.0,0.0,-1291827.680534998,0.0,-1291827.680534998,-0.0,5523380.1955149975,-0.013019675115279883,0.0,0.0,0.0
2024-08-19,0.0,0.0,0.0,-1291827.680534998,0.0,-1291827.680534998,-0.0,5523380.1955149975,-0.013019675115279883,0.0,0.0,0.0
2024-08-20,0.0,0.0,0.0,-1291827.680534998,0.0,-1291827.680534998,-0.0,5523380.1955149975,-0.013019675115279883,0.0,0.0,0.0
2024-08-21,0.0,0.0,0.0,-1291827.680534998,0.0,-1291827.680534998,-0.0,5523380.1955149975,-0.013019675115279883,0.0,0.0,0.0
2024-08-22,0.0,0.0,0.0,-1291827.680534998,0.0,-1291827.680534998,-0.0,5523380.1955149975,-0.013019675115279883,0.0,0.0,0.0
2024-08-23,0.0,0.0,0.0,-1291827.680534998,0.0,-1291827.680534998,-0.0,5523380.1955149975,-0.013019675115279883,0.0,0.0,0.0
2024-08-26,0.0,0.0,0.0,-1291827.680534998,0.0,-1291827.680534998,-0.0,5523380.1955149975,-0.013019675115279883,0.0,0.0,0.0
2024-08-27,0.0,0.0,0.0,-1291827.680534998,0.0,-1291827.680534998,-0.0,5523380.1955149975,-0.013019675115279883,0.0,0.0,0.0
2024-08-28,0.0,0.0,0.0,-1291827.680534998,0.0,-1291827.680534998,-0.0,5523380.1955149975,-0.013019675115279883,0.0,0.0,0.0
2024-08-29,0.0,0.0,0.0,-1291827.680534998,0.0,-1291827.680534998,-0.0,5523380.1955149975,-0.013019675115279883,0.0,0.0,0.0
2024-08-30,0.0,0.0,0.0,-1291827.680534998,0.0,-1291827.680534998,-0.0,5523380.1955149975,-0.013019675115279883,0.0,0.0,0.0
2024-09-02,0.0,0.0,0.0,-1291827.680534998,0.0,-1291827.680534998,-0.0,5523380.1955149975,-0.013019675115279883,0.0,0.0,0.0
2024-09-03,0.0,0.0,0.0,-1291827.680534998,0.0,-1291827.680534998,-0.0,5523380.1955149975,-0.013019675115279883,0.0,0.0,0.0
2024-09-04,0.0,0.0,0.0,-1291827.680534998,0.0,-1291827.680534998,-0.0,5523380.1955149975,-0.013019675115279883,0.0,0.0,0.0
2024-09-05,0.0,0.0,0.0,-1291827.680534998,0.0,-1291827.680534998,-0.0,5523380.1955149975,-0.013019675115279883,0.0,0.0,0.0
2024-09-06,0.0,0.0,0.0,-1291827.680534998,0.0,-1291827.680534998,-0.0,5523380.1955149975,-0.013019675115279883,0.0,0.0,0.0
2024-09-09,0.0,0.0,0.0,-1291827.680534998,0.0,-1291827.680534998,-0.0,5523380.1955149975,-0.013019675115279883,0.0,0.0,0.0
2024-09-10,0.0,0.0,0.0,-1291827.680534998,0.0,-1291827.680534998,-0.0,5523380.1955149975,-0.013019675115279883,0.0,0.0,0.0
2024-09-11,0.0,0.0,0.0,-1291827.680534998,0.0,-1291827.680534998,-0.0,5523380.1955149975,-0.013019675115279883,0.0,0.0,0.0
2024-09-12,0.0,0.0,0.0,-1291827.680534998,0.0,-1291827.680534998,-0.0,5523380.1955149975,-0.013019675115279883,0.0,0.0,0.0
2024-09-13,0.0,0.0,0.0,-1291827.680534998,0.0,-1291827.680534998,-0.0,5523380.1955149975,-0.013019675115279883,0.0,0.0,0.0
2024-09-16,0.0,0.0,0.0,-1291827.680534998,0.0,-1291827.680534998,-0.0,5523380.1955149975,-0.013019675115279883,0.0,0.0,0.0
2024-09-18,0.0,0.0,0.0,-1291827.680534998,0.0,-1291827.680534998,-0.0,5523380.1955149975,-0.013019675115279883,0.0,0.0,0.0
2024-09-19,0.0,0.0,0.0,-1291827.680534998,0.0,-1291827.680534998,-0.0,5523380.1955149975,-0.013019675115279883,0.0,0.0,0.0
2024-09-20,0.0,0.0,0.0,-1291827.680534998,0.0,-1291827.680534998,-0.0,5523380.1955149975,-0.013019675115279883,0.0,0.0,0.0
2024-09-23,0.0,0.0,0.0,-1291827.680534998,0.0,-1291827.680534998,-0.0,5523380.1955149975,-0.013019675115279883,0.0,0.0,0.0
2024-09-24,0.0,0.0,0.0,-1291827.680534998,0.0,-1291827.680534998,-0.0,5523380.1955149975,-0.013019675115279883,0.0,0.0,0.0
2024-09-25,0.0,0.0,0.0,-1291827.680534998,0.0,-1291827.680534998,-0.0,5523380.1955149975,-0.013019675115279883,0.0,0.0,0.0
2024-09-26,0.0,0.0,0.0,-1291827.680534998,0.0,-1291827.680534998,-0.0,5523380.1955149975,-0.013019675115279883,0.0,0.0,0.0
2024-09-27,0.0,0.0,0.0,-1291827.680534998,0.0,-1291827.680534998,-0.0,5523380.1955149975,-0.013019675115279883,0.0,0.0,0.0
2024-09-30,-4325391.71244,-4325391.71244,4271495.0,-1345724.3929749979,-53896.712439999916,-1291827.680534998,4325391.71244,5617219.392974998,-0.012996318647857196,-0.005687737483957983,-0.007424115963341804,-0.012460539073256836
2024-10-01,0.0,-4325391.71244,4208511.0,-1408708.3929749979,-116880.71243999992,-1291827.680534998,4325391.71244,5617219.392974998,-0.01360458594091491,-0.011212665127299265,-0.014745188745392324,-0.01474518874539242
2024-10-04,0.0,-4325391.71244,4466174.0,-1151045.3929749979,140782.28756000008,-1291827.680534998,4325391.71244,5617219.392974998,-0.011116208328646241,0.04587020409461631,0.06122426672996695,0.06122426672996696
2024-10-07,0.0,-4325391.71244,4466174.0,-1151045.3929749979,140782.28756000008,-1291827.680534998,4325391.71244,5617219.392974998,-0.011116208328646241,0.0,0.0,0.0
2024-10-08,0.0,-4325391.71244,4626498.0,-990721.3929749979,301106.2875600001,-1291827.680534998,4325391.71244,5617219.392974998,-0.009567881047238503,0.0285415236229698,0.03589739226460953,0.03589739226460949
2024-10-09,4672305.95286,0.0,0.0,-944913.4401149978,0.0,-944913.4401149978,-0.0,5617219.392974998,-0.009125491242102792,0.008154916099109177,0.009901215316639123,0.009901215316639081
2024-10-11,0.0,0.0,0.0,-944913.4401149978,0.0,-944913.4401149978,-0.0,5617219.392974998,-0.009125491242102792,0.0,0.0,0.0
2024-10-14,-4318672.2508325,-4318672.2508325,4261952.0,-1001633.6909474977,-56720.250832499936,-944913.4401149978,4318672.2508325,5617219.392974998,-0.009285971509107734,-0.010097567295205778,-0.012139669663066677,-0.012139669663066581
2024-10-15,4309189.7835524995,0.0,0.0,-954395.907394998,0.0,-954395.907394998,-0.0,5617219.392974998,-0.008848038244495827,0.008409460312619493,0.010234407202481366,0.01023440720248125
2024-10-16,0.0,0.0,0.0,-954395.907394998,0.0,-954395.907394998,-0.0,5617219.392974998,-0.008848038244495827,0.0,0.0,0.0
2024-10-17,0.0,0.0,0.0,-954395.907394998,0.0,-954395.907394998,-0.0,5617219.392974998,-0.008848038244495827,0.0,0.0,0.0
2024-10-18,0.0,0.0,0.0,-954395.907394998,0.0,-954395.907394998,-0.0,5617219.392974998,-0.008848038244495827,0.0,0.0,0.0
2024-10-21,0.0,0.0,0.0,-954395.907394998,0.0,-954395.907394998,-0.0,5617219.392974998,-0.008848038244495827,0.0,0.0,0.0
2024-10-22,0.0,0.0,0.0,-954395.907394998,0.0,-954395.907394998,-0.0,5617219.392974998,-0.008848038244495827,0.0,0.0,0.0
2024-10-23,0.0,0.0,0.0,-954395.907394998,0.0,-954395.907394998,-0.0,5617219.392974998,-0.008848038244495827,0.0,0.0,0.0
2024-10-24,0.0,0.0,0.0,-954395.907394998,0.0,-954395.907394998,-0.0,5617219.392974998,-0.008848038244495827,0.0,0.0,0.0
2024-10-25,0.0,0.0,0.0,-954395.907394998,0.0,-954395.907394998,-0.0,5617219.392974998,-0.008848038244495827,0.0,0.0,0.0
2024-10-28,0.0,0.0,0.0,-954395.907394998,0.0,-954395.907394998,-0.0,5617219.392974998,-0.008848038244495827,0.0,0.0,0.0
2024-10-29,0.0,0.0,0.0,-954395.907394998,0.0,-954395.907394998,-0.0,5617219.392974998,-0.008848038244495827,0.0,0.0,0.0
2024-10-30,0.0,0.0,0.0,-954395.907394998,0.0,-954395.907394998,-0.0,5617219.392974998,-0.008848038244495827,0.0,0.0,0.0
2024-11-01,0.0,0.0,0.0,-954395.907394998,0.0,-954395.907394998,-0.0,5617219.392974998,-0.008848038244495827,0.0,0.0,0.0
2024-11-04,0.0,0.0,0.0,-954395.907394998,0.0,-954395.907394998,-0.0,5617219.392974998,-0.008848038244495827,0.0,0.0,0.0
2024-11-05,0.0,0.0,0.0,-954395.907394998,0.0,-954395.907394998,-0.0,5617219.392974998,-0.008848038244495827,0.0,0.0,0.0
2024-11-06,0.0,0.0,0.0,-954395.907394998,0.0,-954395.907394998,-0.0,5617219.392974998,-0.008848038244495827,0.0,0.0,0.0
2024-11-07,0.0,0.0,0.0,-954395.907394998,0.0,-954395.907394998,-0.0,5617219.392974998,-0.008848038244495827,0.0,0.0,0.0
2024-11-08,0.0,0.0,0.0,-954395.907394998,0.0,-954395.907394998,-0.0,5617219.392974998,-0.008848038244495827,0.0,0.0,0.0
2024-11-11,0.0,0.0,0.0,-954395.907394998,0.0,-954395.907394998,-0.0,5617219.392974998,-0.008848038244495827,0.0,0.0,0.0
2024-11-12,0.0,0.0,0.0,-954395.907394998,0.0,-954395.907394998,-0.0,5617219.392974998,-0.008848038244495827,0.0,0.0,0.0
2024-11-13,0.0,0.0,0.0,-954395.907394998,0.0,-954395.907394998,-0.0,5617219.392974998,-0.008848038244495827,0.0,0.0,0.0
2024-11-14,0.0,0.0,0.0,-954395.907394998,0.0,-954395.907394998,-0.0,5617219.392974998,-0.008848038244495827,0.0,0.0,0.0
2024-11-15,0.0,0.0,0.0,-954395.907394998,0.0,-954395.907394998,-0.0,5617219.392974998,-0.008848038244495827,0.0,0.0,0.0
2024-11-18,0.0,0.0,0.0,-954395.907394998,0.0,-954395.907394998,-0.0,5617219.392974998,-0.008848038244495827,0.0,0.0,0.0
2024-11-19,0.0,0.0,0.0,-954395.907394998,0.0,-954395.907394998,-0.0,5617219.392974998,-0.008848038244495827,0.0,0.0,0.0
2024-11-20,0.0,0.0,0.0,-954395.907394998,0.0,-954395.907394998,-0.0,5617219.392974998,-0.008848038244495827,0.0,0.0,0.0
2024-11-21,0.0,0.0,0.0,-954395.907394998,0.0,-954395.907394998,-0.0,5617219.392974998,-0.008848038244495827,0.0,0.0,0.0
2024-11-22,0.0,0.0,0.0,-954395.907394998,0.0,-954395.907394998,-0.0,5617219.392974998,-0.008848038244495827,0.0,0.0,0.0
2024-11-25,0.0,0.0,0.0,-954395.907394998,0.0,-954395.907394998,-0.0,5617219.392974998,-0.008848038244495827,0.0,0.0,0.0
2024-11-26,0.0,0.0,0.0,-954395.907394998,0.0,-954395.907394998,-0.0,5617219.392974998,-0.008848038244495827,0.0,0.0,0.0
2024-11-27,0.0,0.0,0.0,-954395.907394998,0.0,-954395.907394998,-0.0,5617219.392974998,-0.008848038244495827,0.0,0.0,0.0
2024-11-28,0.0,0.0,0.0,-954395.907394998,0.0,-954395.907394998,-0.0,5617219.392974998,-0.008848038244495827,0.0,0.0,0.0
2024-11-29,0.0,0.0,0.0,-954395.907394998,0.0,-954395.907394998,-0.0,5617219.392974998,-0.008848038244495827,0.0,0.0,0.0
2024-12-02,0.0,0.0,0.0,-954395.907394998,0.0,-954395.907394998,-0.0,5617219.392974998,-0.008848038244495827,0.0,0.0,0.0
2024-12-03,0.0,0.0,0.0,-954395.907394998,0.0,-954395.907394998,-0.0,5617219.392974998,-0.008848038244495827,0.0,0.0,0.0
2024-12-04,0.0,0.0,0.0,-954395.907394998,0.0,-954395.907394998,-0.0,5617219.392974998,-0.008848038244495827,0.0,0.0,0.0
2024-12-05,0.0,0.0,0.0,-954395.907394998,0.0,-954395.907394998,-0.0,5617219.392974998,-0.008848038244495827,0.0,0.0,0.0
2024-12-06,0.0,0.0,0.0,-954395.907394998,0.0,-954395.907394998,-0.0,5617219.392974998,-0.008848038244495827,0.0,0.0,0.0
2024-12-09,0.0,0.0,0.0,-954395.907394998,0.0,-954395.907394998,-0.0,5617219.392974998,-0.008848038244495827,0.0,0.0,0.0
2024-12-10,-4255317.7992050005,-4255317.7992050005,4261952.0,-947761.7065999985,6634.200794999488,-954395.907394998,4255317.7992050005,5617219.392974998,-0.00845305796517938,0.0011810471215164264,0.0014227861756970217,0.0014227861756972067
2024-12-11,0.0,-4255317.7992050005,4130734.0,-1078979.7065999985,-124583.79920500051,-954395.907394998,4255317.7992050005,5617219.392974998,-0.009623387334208259,-0.023359956380572144,-0.028101336132219434,-0.02810133613221953
2024-12-12,4151729.4424375,0.0,0.0,-1057984.264162498,0.0,-1057984.264162498,-0.0,5617219.392974998,-0.0094361296188006,0.0037376931482786258,0.004626340583229638,0.004626340583229738
2024-12-13,0.0,0.0,0.0,-1057984.264162498,0.0,-1057984.264162498,-0.0,5617219.392974998,-0.0094361296188006,0.0,0.0,0.0
2024-12-16,0.0,0.0,0.0,-1057984.264162498,0.0,-1057984.264162498,-0.0,5617219.392974998,-0.0094361296188006,0.0,0.0,0.0
2024-12-17,0.0,0.0,0.0,-1057984.264162498,0.0,-1057984.264162498,-0.0,5617219.392974998,-0.0094361296188006,0.0,0.0,0.0
2024-12-18,0.0,0.0,0.0,-1057984.264162498,0.0,-1057984.264162498,-0.0,5617219.392974998,-0.0094361296188006,0.0,0.0,0.0
2024-12-19,0.0,0.0,0.0,-1057984.264162498,0.0,-1057984.264162498,-0.0,5617219.392974998,-0.0094361296188006,0.0,0.0,0.0
2024-12-20,0.0,0.0,0.0,-1057984.264162498,0.0,-1057984.264162498,-0.0,5617219.392974998,-0.0094361296188006,0.0,0.0,0.0
2024-12-23,0.0,0.0,0.0,-1057984.264162498,0.0,-1057984.264162498,-0.0,5617219.392974998,-0.0094361296188006,0.0,0.0,0.0
2024-12-24,0.0,0.0,0.0,-1057984.264162498,0.0,-1057984.264162498,-0.0,5617219.392974998,-0.0094361296188006,0.0,0.0,0.0
2024-12-25,0.0,0.0,0.0,-1057984.264162498,0.0,-1057984.264162498,-0.0,5617219.392974998,-0.0094361296188006,0.0,0.0,0.0
2024-12-26,0.0,0.0,0.0,-1057984.264162498,0.0,-1057984.264162498,-0.0,5617219.392974998,-0.0094361296188006,0.0,0.0,0.0
2024-12-27,0.0,0.0,0.0,-1057984.264162498,0.0,-1057984.264162498,-0.0,5617219.392974998,-0.0094361296188006,0.0,0.0,0.0
2024-12-30,0.0,0.0,0.0,-1057984.264162498,0.0,-1057984.264162498,-0.0,5617219.392974998,-0.0094361296188006,0.0,0.0,0.0
2024-12-31,0.0,0.0,0.0,-1057984.264162498,0.0,-1057984.264162498,-0.0,5617219.392974998,-0.0094361296188006,0.0,0.0,0.0
2025-01-02,0.0,0.0,0.0,-1057984.264162498,0.0,-1057984.264162498,-0.0,5617219.392974998,-0.0094361296188006,0.0,0.0,0.0
2025-01-03,0.0,0.0,0.0,-1057984.264162498,0.0,-1057984.264162498,-0.0,5617219.392974998,-0.0094361296188006,0.0,0.0,0.0
2025-01-06,0.0,0.0,0.0,-1057984.264162498,0.0,-1057984.264162498,-0.0,5617219.392974998,-0.0094361296188006,0.0,0.0,0.0
2025-01-07,0.0,0.0,0.0,-1057984.264162498,0.0,-1057984.264162498,-0.0,5617219.392974998,-0.0094361296188006,0.0,0.0,0.0
2025-01-08,0.0,0.0,0.0,-1057984.264162498,0.0,-1057984.264162498,-0.0,5617219.392974998,-0.0094361296188006,0.0,0.0,0.0
2025-01-09,0.0,0.0,0.0,-1057984.264162498,0.0,-1057984.264162498,-0.0,5617219.392974998,-0.0094361296188006,0.0,0.0,0.0
2025-01-10,0.0,0.0,0.0,-1057984.264162498,0.0,-1057984.264162498,-0.0,5617219.392974998,-0.0094361296188006,0.0,0.0,0.0
2025-01-13,0.0,0.0,0.0,-1057984.264162498,0.0,-1057984.264162498,-0.0,5617219.392974998,-0.0094361296188006,0.0,0.0,0.0
2025-01-14,0.0,0.0,0.0,-1057984.264162498,0.0,-1057984.264162498,-0.0,5617219.392974998,-0.0094361296188006,0.0,0.0,0.0
2025-01-15,0.0,0.0,0.0,-1057984.264162498,0.0,-1057984.264162498,-0.0,5617219.392974998,-0.0094361296188006,0.0,0.0,0.0
2025-01-16,0.0,0.0,0.0,-1057984.264162498,0.0,-1057984.264162498,-0.0,5617219.392974998,-0.0094361296188006,0.0,0.0,0.0
2025-01-17,0.0,0.0,0.0,-1057984.264162498,0.0,-1057984.264162498,-0.0,5617219.392974998,-0.0094361296188006,0.0,0.0,0.0
2025-01-20,0.0,0.0,0.0,-1057984.264162498,0.0,-1057984.264162498,-0.0,5617219.392974998,-0.0094361296188006,0.0,0.0,0.0
2025-01-21,0.0,0.0,0.0,-1057984.264162498,0.0,-1057984.264162498,-0.0,5617219.392974998,-0.0094361296188006,0.0,0.0,0.0
2025-01-22,0.0,0.0,0.0,-1057984.264162498,0.0,-1057984.264162498,-0.0,5617219.392974998,-0.0094361296188006,0.0,0.0,0.0
2025-02-03,0.0,0.0,0.0,-1057984.264162498,0.0,-1057984.264162498,-0.0,5617219.392974998,-0.0094361296188006,0.0,0.0,0.0
2025-02-04,0.0,0.0,0.0,-1057984.264162498,0.0,-1057984.264162498,-0.0,5617219.392974998,-0.0094361296188006,0.0,0.0,0.0
2025-02-05,0.0,0.0,0.0,-1057984.264162498,0.0,-1057984.264162498,-0.0,5617219.392974998,-0.0094361296188006,0.0,0.0,0.0
2025-02-06,-4127648.5293749995,-4127648.529375,4136937.0,-1048695.793537498,9288.470625000075,-1057984.264162498,4127648.529375,5617219.392974998,-0.009021177060035284,0.0016535709174215762,0.002037287036656954,0.002037287036656816
2025-02-07,0.0,-4127648.529375,4246683.0,-938949.793537498,119034.47062500007,-1057984.264162498,4127648.529375,5617219.392974998,-0.008077111007962165,0.01953742453735216,0.02402220271194655,0.0240222027119467
2025-02-10,0.0,-4127648.529375,4189424.0,-996208.793537498,61775.470625000075,-1057984.264162498,4127648.529375,5617219.392974998,-0.00856966907910512,-0.010193477589928085,-0.012239354484163245,-0.012239354484163257
2025-02-11,0.0,-4127648.529375,4175109.0,-1010523.793537498,47460.470625000075,-1057984.264162498,4127648.529375,5617219.392974998,-0.008692810747461385,-0.002548413903488006,-0.003097807220295623,-0.0030978072202956035
2025-02-12,0.0,-4127648.529375,4198967.0,-986665.793537498,71318.47062500007,-1057984.264162498,4127648.529375,5617219.392974998,-0.008487577500961645,0.00424729716447203,0.005178983391677328,0.005178983391677362
2025-02-13,4218053.155574999,0.0,0.0,-967579.6379624984,0.0,-967579.6379624984,-0.0,5617219.392974998,-0.00832339300637466,0.0033977942180555,0.004121786988345866,0.004121786988345873
2025-02-14,-4386826.332199999,-4386826.3322,4232369.0,-1122036.9701624983,-154457.33220000006,-967579.6379624982,4386826.3322,5617219.392974998,-0.009301086091603098,-0.027497115813772094,-0.03321920414016788,-0.03321920414016779
2025-02-17,4260997.2831999995,0.0,0.0,-1093408.6869624984,0.0,-1093408.6869624984,-0.0,5617219.392974998,-0.009063772942590342,0.00509652217533163,0.00636865882343618,0.006368658823436158
2025-02-18,0.0,0.0,0.0,-1093408.6869624984,0.0,-1093408.6869624984,-0.0,5617219.392974998,-0.009063772942590342,0.0,0.0,0.0
2025-02-19,0.0,0.0,0.0,-1093408.6869624984,0.0,-1093408.6869624984,-0.0,5617219.392974998,-0.009063772942590342,0.0,0.0,0.0
2025-02-20,0.0,0.0,0.0,-1093408.6869624984,0.0,-1093408.6869624984,-0.0,5617219.392974998,-0.009063772942590342,0.0,0.0,0.0
2025-02-21,0.0,0.0,0.0,-1093408.6869624984,0.0,-1093408.6869624984,-0.0,5617219.392974998,-0.009063772942590342,0.0,0.0,0.0
2025-02-24,0.0,0.0,0.0,-1093408.6869624984,0.0,-1093408.6869624984,-0.0,5617219.392974998,-0.009063772942590342,0.0,0.0,0.0
2025-02-25,0.0,0.0,0.0,-1093408.6869624984,0.0,-1093408.6869624984,-0.0,5617219.392974998,-0.009063772942590342,0.0,0.0,0.0
2025-02-26,0.0,0.0,0.0,-1093408.6869624984,0.0,-1093408.6869624984,-0.0,5617219.392974998,-0.009063772942590342,0.0,0.0,0.0
2025-02-27,0.0,0.0,0.0,-1093408.6869624984,0.0,-1093408.6869624984,-0.0,5617219.392974998,-0.009063772942590342,0.0,0.0,0.0
2025-03-03,0.0,0.0,0.0,-1093408.6869624984,0.0,-1093408.6869624984,-0.0,5617219.392974998,-0.009063772942590342,0.0,0.0,0.0
2025-03-04,0.0,0.0,0.0,-1093408.6869624984,0.0,-1093408.6869624984,-0.0,5617219.392974998,-0.009063772942590342,0.0,0.0,0.0
2025-03-05,0.0,0.0,0.0,-1093408.6869624984,0.0,-1093408.6869624984,-0.0,5617219.392974998,-0.009063772942590342,0.0,0.0,0.0
2025-03-06,0.0,0.0,0.0,-1093408.6869624984,0.0,-1093408.6869624984,-0.0,5617219.392974998,-0.009063772942590342,0.0,0.0,0.0
2025-03-07,0.0,0.0,0.0,-1093408.6869624984,0.0,-1093408.6869624984,-0.0,5617219.392974998,-0.009063772942590342,0.0,0.0,0.0
2025-03-10,0.0,0.0,0.0,-1093408.6869624984,0.0,-1093408.6869624984,-0.0,5617219.392974998,-0.009063772942590342,0.0,0.0,0.0
2025-03-11,0.0,0.0,0.0,-1093408.6869624984,0.0,-1093408.6869624984,-0.0,5617219.392974998,-0.009063772942590342,0.0,0.0,0.0
2025-03-12,0.0,0.0,0.0,-1093408.6869624984,0.0,-1093408.6869624984,-0.0,5617219.392974998,-0.009063772942590342,0.0,0.0,0.0
2025-03-13,0.0,0.0,0.0,-1093408.6869624984,0.0,-1093408.6869624984,-0.0,5617219.392974998,-0.009063772942590342,0.0,0.0,0.0
2025-03-14,0.0,0.0,0.0,-1093408.6869624984,0.0,-1093408.6869624984,-0.0,5617219.392974998,-0.009063772942590342,0.0,0.0,0.0
2025-03-17,0.0,0.0,0.0,-1093408.6869624984,0.0,-1093408.6869624984,-0.0,5617219.392974998,-0.009063772942590342,0.0,0.0,0.0
2025-03-18,0.0,0.0,0.0,-1093408.6869624984,0.0,-1093408.6869624984,-0.0,5617219.392974998,-0.009063772942590342,0.0,0.0,0.0
2025-03-19,0.0,0.0,0.0,-1093408.6869624984,0.0,-1093408.6869624984,-0.0,5617219.392974998,-0.009063772942590342,0.0,0.0,0.0
2025-03-20,0.0,0.0,0.0,-1093408.6869624984,0.0,-1093408.6869624984,-0.0,5617219.392974998,-0.009063772942590342,0.0,0.0,0.0
2025-03-21,0.0,0.0,0.0,-1093408.6869624984,0.0,-1093408.6869624984,-0.0,5617219.392974998,-0.009063772942590342,0.0,0.0,0.0
2025-03-24,0.0,0.0,0.0,-1093408.6869624984,0.0,-1093408.6869624984,-0.0,5617219.392974998,-0.009063772942590342,0.0,0.0,0.0
2025-03-25,0.0,0.0,0.0,-1093408.6869624984,0.0,-1093408.6869624984,-0.0,5617219.392974998,-0.009063772942590342,0.0,0.0,0.0
2025-03-26,0.0,0.0,0.0,-1093408.6869624984,0.0,-1093408.6869624984,-0.0,5617219.392974998,-0.009063772942590342,0.0,0.0,0.0
2025-03-27,0.0,0.0,0.0,-1093408.6869624984,0.0,-1093408.6869624984,-0.0,5617219.392974998,-0.009063772942590342,0.0,0.0,0.0
2025-03-28,0.0,0.0,0.0,-1093408.6869624984,0.0,-1093408.6869624984,-0.0,5617219.392974998,-0.009063772942590342,0.0,0.0,0.0
2025-03-31,0.0,0.0,0.0,-1093408.6869624984,0.0,-1093408.6869624984,-0.0,5617219.392974998,-0.009063772942590342,0.0,0.0,0.0
2025-04-01,0.0,0.0,0.0,-1093408.6869624984,0.0,-1093408.6869624984,-0.0,5617219.392974998,-0.009063772942590342,0.0,0.0,0.0
2025-04-02,0.0,0.0,0.0,-1093408.6869624984,0.0,-1093408.6869624984,-0.0,5617219.392974998,-0.009063772942590342,0.0,0.0,0.0
2025-04-07,0.0,0.0,0.0,-1093408.6869624984,0.0,-1093408.6869624984,-0.0,5617219.392974998,-0.009063772942590342,0.0,0.0,0.0
2025-04-08,0.0,0.0,0.0,-1093408.6869624984,0.0,-1093408.6869624984,-0.0,5617219.392974998,-0.009063772942590342,0.0,0.0,0.0
2025-04-09,0.0,0.0,0.0,-1093408.6869624984,0.0,-1093408.6869624984,-0.0,5617219.392974998,-0.009063772942590342,0.0,0.0,0.0
2025-04-10,0.0,0.0,0.0,-1093408.6869624984,0.0,-1093408.6869624984,-0.0,5617219.392974998,-0.009063772942590342,0.0,0.0,0.0
2025-04-11,0.0,0.0,0.0,-1093408.6869624984,0.0,-1093408.6869624984,-0.0,5617219.392974998,-0.009063772942590342,0.0,0.0,0.0
2025-04-14,0.0,0.0,0.0,-1093408.6869624984,0.0,-1093408.6869624984,-0.0,5617219.392974998,-0.009063772942590342,0.0,0.0,0.0
2025-04-15,0.0,0.0,0.0,-1093408.6869624984,0.0,-1093408.6869624984,-0.0,5617219.392974998,-0.009063772942590342,0.0,0.0,0.0
2025-04-16,0.0,0.0,0.0,-1093408.6869624984,0.0,-1093408.6869624984,-0.0,5617219.392974998,-0.009063772942590342,0.0,0.0,0.0
2025-04-17,0.0,0.0,0.0,-1093408.6869624984,0.0,-1093408.6869624984,-0.0,5617219.392974998,-0.009063772942590342,0.0,0.0,0.0
2025-04-18,0.0,0.0,0.0,-1093408.6869624984,0.0,-1093408.6869624984,-0.0,5617219.392974998,-0.009063772942590342,0.0,0.0,0.0
2025-04-21,0.0,0.0,0.0,-1093408.6869624984,0.0,-1093408.6869624984,-0.0,5617219.392974998,-0.009063772942590342,0.0,0.0,0.0
2025-04-22,0.0,0.0,0.0,-1093408.6869624984,0.0,-1093408.6869624984,-0.0,5617219.392974998,-0.009063772942590342,0.0,0.0,0.0
2025-04-23,0.0,0.0,0.0,-1093408.6869624984,0.0,-1093408.6869624984,-0.0,5617219.392974998,-0.009063772942590342,0.0,0.0,0.0
2025-04-24,0.0,0.0,0.0,-1093408.6869624984,0.0,-1093408.6869624984,-0.0,5617219.392974998,-0.009063772942590342,0.0,0.0,0.0
2025-04-25,0.0,0.0,0.0,-1093408.6869624984,0.0,-1093408.6869624984,-0.0,5617219.392974998,-0.009063772942590342,0.0,0.0,0.0
2025-04-28,0.0,0.0,0.0,-1093408.6869624984,0.0,-1093408.6869624984,-0.0,5617219.392974998,-0.009063772942590342,0.0,0.0,0.0
2025-04-29,0.0,0.0,0.0,-1093408.6869624984,0.0,-1093408.6869624984,-0.0,5617219.392974998,-0.009063772942590342,0.0,0.0,0.0
2025-04-30,0.0,0.0,0.0,-1093408.6869624984,0.0,-1093408.6869624984,-0.0,5617219.392974998,-0.009063772942590342,0.0,0.0,0.0
2025-05-02,0.0,0.0,0.0,-1093408.6869624984,0.0,-1093408.6869624984,-0.0,5617219.392974998,-0.009063772942590342,0.0,0.0,0.0
2025-05-05,0.0,0.0,0.0,-1093408.6869624984,0.0,-1093408.6869624984,-0.0,5617219.392974998,-0.009063772942590342,0.0,0.0,0.0
2025-05-06,0.0,0.0,0.0,-1093408.6869624984,0.0,-1093408.6869624984,-0.0,5617219.392974998,-0.009063772942590342,0.0,0.0,0.0
2025-05-07,0.0,0.0,0.0,-1093408.6869624984,0.0,-1093408.6869624984,-0.0,5617219.392974998,-0.009063772942590342,0.0,0.0,0.0
2025-05-08,0.0,0.0,0.0,-1093408.6869624984,0.0,-1093408.6869624984,-0.0,5617219.392974998,-0.009063772942590342,0.0,0.0,0.0
2025-05-09,0.0,0.0,0.0,-1093408.6869624984,0.0,-1093408.6869624984,-0.0,5617219.392974998,-0.009063772942590342,0.0,0.0,0.0
2025-05-12,0.0,0.0,0.0,-1093408.6869624984,0.0,-1093408.6869624984,-0.0,5617219.392974998,-0.009063772942590342,0.0,0.0,0.0
2025-05-13,0.0,0.0,0.0,-1093408.6869624984,0.0,-1093408.6869624984,-0.0,5617219.392974998,-0.009063772942590342,0.0,0.0,0.0
2025-05-14,0.0,0.0,0.0,-1093408.6869624984,0.0,-1093408.6869624984,-0.0,5617219.392974998,-0.009063772942590342,0.0,0.0,0.0
2025-05-15,0.0,0.0,0.0,-1093408.6869624984,0.0,-1093408.6869624984,-0.0,5617219.392974998,-0.009063772942590342,0.0,0.0,0.0
2025-05-16,0.0,0.0,0.0,-1093408.6869624984,0.0,-1093408.6869624984,-0.0,5617219.392974998,-0.009063772942590342,0.0,0.0,0.0
2025-05-19,0.0,0.0,0.0,-1093408.6869624984,0.0,-1093408.6869624984,-0.0,5617219.392974998,-0.009063772942590342,0.0,0.0,0.0
2025-05-20,0.0,0.0,0.0,-1093408.6869624984,0.0,-1093408.6869624984,-0.0,5617219.392974998,-0.009063772942590342,0.0,0.0,0.0
2025-05-21,0.0,0.0,0.0,-1093408.6869624984,0.0,-1093408.6869624984,-0.0,5617219.392974998,-0.009063772942590342,0.0,0.0,0.0
2025-05-22,0.0,0.0,0.0,-1093408.6869624984,0.0,-1093408.6869624984,-0.0,5617219.392974998,-0.009063772942590342,0.0,0.0,0.0
2025-05-23,0.0,0.0,0.0,-1093408.6869624984,0.0,-1093408.6869624984,-0.0,5617219.392974998,-0.009063772942590342,0.0,0.0,0.0
2025-05-26,0.0,0.0,0.0,-1093408.6869624984,0.0,-1093408.6869624984,-0.0,5617219.392974998,-0.009063772942590342,0.0,0.0,0.0
2025-05-27,0.0,0.0,0.0,-1093408.6869624984,0.0,-1093408.6869624984,-0.0,5617219.392974998,-0.009063772942590342,0.0,0.0,0.0
2025-05-28,0.0,0.0,0.0,-1093408.6869624984,0.0,-1093408.6869624984,-0.0,5617219.392974998,-0.009063772942590342,0.0,0.0,0.0
2025-05-29,0.0,0.0,0.0,-1093408.6869624984,0.0,-1093408.6869624984,-0.0,5617219.392974998,-0.009063772942590342,0.0,0.0,0.0
2025-06-02,0.0,0.0,0.0,-1093408.6869624984,0.0,-1093408.6869624984,-0.0,5617219.392974998,-0.009063772942590342,0.0,0.0,0.0
2025-06-03,0.0,0.0,0.0,-1093408.6869624984,0.0,-1093408.6869624984,-0.0,5617219.392974998,-0.009063772942590342,0.0,0.0,0.0
2025-06-04,0.0,0.0,0.0,-1093408.6869624984,0.0,-1093408.6869624984,-0.0,5617219.392974998,-0.009063772942590342,0.0,0.0,0.0
2025-06-05,0.0,0.0,0.0,-1093408.6869624984,0.0,-1093408.6869624984,-0.0,5617219.392974998,-0.009063772942590342,0.0,0.0,0.0
2025-06-06,0.0,0.0,0.0,-1093408.6869624984,0.0,-1093408.6869624984,-0.0,5617219.392974998,-0.009063772942590342,0.0,0.0,0.0
2025-06-09,0.0,0.0,0.0,-1093408.6869624984,0.0,-1093408.6869624984,-0.0,5617219.392974998,-0.009063772942590342,0.0,0.0,0.0
2025-06-10,0.0,0.0,0.0,-1093408.6869624984,0.0,-1093408.6869624984,-0.0,5617219.392974998,-0.009063772942590342,0.0,0.0,0.0
2025-06-11,0.0,0.0,0.0,-1093408.6869624984,0.0,-1093408.6869624984,-0.0,5617219.392974998,-0.009063772942590342,0.0,0.0,0.0
2025-06-12,0.0,0.0,0.0,-1093408.6869624984,0.0,-1093408.6869624984,-0.0,5617219.392974998,-0.009063772942590342,0.0,0.0,0.0
2025-06-13,0.0,0.0,0.0,-1093408.6869624984,0.0,-1093408.6869624984,-0.0,5617219.392974998,-0.009063772942590342,0.0,0.0,0.0
2025-06-16,0.0,0.0,0.0,-1093408.6869624984,0.0,-1093408.6869624984,-0.0,5617219.392974998,-0.009063772942590342,0.0,0.0,0.0
2025-06-17,0.0,0.0,0.0,-1093408.6869624984,0.0,-1093408.6869624984,-0.0,5617219.392974998,-0.009063772942590342,0.0,0.0,0.0
2025-06-18,0.0,0.0,0.0,-1093408.6869624984,0.0,-1093408.6869624984,-0.0,5617219.392974998,-0.009063772942590342,0.0,0.0,0.0
2025-06-19,0.0,0.0,0.0,-1093408.6869624984,0.0,-1093408.6869624984,-0.0,5617219.392974998,-0.009063772942590342,0.0,0.0,0.0
2025-06-20,0.0,0.0,0.0,-1093408.6869624984,0.0,-1093408.6869624984,-0.0,5617219.392974998,-0.009063772942590342,0.0,0.0,0.0
2025-06-23,0.0,0.0,0.0,-1093408.6869624984,0.0,-1093408.6869624984,-0.0,5617219.392974998,-0.009063772942590342,0.0,0.0,0.0
2025-06-24,0.0,0.0,0.0,-1093408.6869624984,0.0,-1093408.6869624984,-0.0,5617219.392974998,-0.009063772942590342,0.0,0.0,0.0
2025-06-25,0.0,0.0,0.0,-1093408.6869624984,0.0,-1093408.6869624984,-0.0,5617219.392974998,-0.009063772942590342,0.0,0.0,0.0
2025-06-26,0.0,0.0,0.0,-1093408.6869624984,0.0,-1093408.6869624984,-0.0,5617219.392974998,-0.009063772942590342,0.0,0.0,0.0
2025-06-27,0.0,0.0,0.0,-1093408.6869624984,0.0,-1093408.6869624984,-0.0,5617219.392974998,-0.009063772942590342,0.0,0.0,0.0
2025-06-30,-4449221.6189625,-4449221.6189625,4222824.0,-1319806.3059249986,-226397.61896250024,-1093408.6869624984,4449221.6189625,5617219.392974998,-0.010551337162423942,-0.04030421515058455,-0.05004577637645191,-0.050045776376451835
2025-07-01,0.0,-4449221.6189625,4072520.0,-1470110.3059249986,-376701.61896250024,-1093408.6869624984,4449221.6189625,5617219.392974998,-0.01175295907750448,-0.026757722902540193,-0.03497546010946262,-0.034975460109462654
2025-07-02,4072520.4998625005,0.0,0.0,-1470109.8060624984,0.0,-1470109.8060624984,-0.0,5617219.392974998,-0.011752955081298559,8.89875337306556e-08,1.205327591069505e-07,1.2053275902350266e-07
2025-07-03,0.0,0.0,0.0,-1470109.8060624984,0.0,-1470109.8060624984,-0.0,5617219.392974998,-0.011752955081298559,0.0,0.0,0.0
2025-07-04,0.0,0.0,0.0,-1470109.8060624984,0.0,-1470109.8060624984,-0.0,5617219.392974998,-0.011752955081298559,0.0,0.0,0.0
2025-07-07,0.0,0.0,0.0,-1470109.8060624984,0.0,-1470109.8060624984,-0.0,5617219.392974998,-0.011752955081298559,0.0,0.0,0.0
2025-07-08,0.0,0.0,0.0,-1470109.8060624984,0.0,-1470109.8060624984,-0.0,5617219.392974998,-0.011752955081298559,0.0,0.0,0.0
2025-07-09,0.0,0.0,0.0,-1470109.8060624984,0.0,-1470109.8060624984,-0.0,5617219.392974998,-0.011752955081298559,0.0,0.0,0.0
2025-07-10,0.0,0.0,0.0,-1470109.8060624984,0.0,-1470109.8060624984,-0.0,5617219.392974998,-0.011752955081298559,0.0,0.0,0.0
2025-07-11,0.0,0.0,0.0,-1470109.8060624984,0.0,-1470109.8060624984,-0.0,5617219.392974998,-0.011752955081298559,0.0,0.0,0.0
2025-07-14,0.0,0.0,0.0,-1470109.8060624984,0.0,-1470109.8060624984,-0.0,5617219.392974998,-0.011752955081298559,0.0,0.0,0.0
2025-07-15,0.0,0.0,0.0,-1470109.8060624984,0.0,-1470109.8060624984,-0.0,5617219.392974998,-0.011752955081298559,0.0,0.0,0.0
2025-07-16,0.0,0.0,0.0,-1470109.8060624984,0.0,-1470109.8060624984,-0.0,5617219.392974998,-0.011752955081298559,0.0,0.0,0.0
2025-07-17,0.0,0.0,0.0,-1470109.8060624984,0.0,-1470109.8060624984,-0.0,5617219.392974998,-0.011752955081298559,0.0,0.0,0.0
2025-07-18,0.0,0.0,0.0,-1470109.8060624984,0.0,-1470109.8060624984,-0.0,5617219.392974998,-0.011752955081298559,0.0,0.0,0.0
2025-07-21,0.0,0.0,0.0,-1470109.8060624984,0.0,-1470109.8060624984,-0.0,5617219.392974998,-0.011752955081298559,0.0,0.0,0.0
2025-07-22,0.0,0.0,0.0,-1470109.8060624984,0.0,-1470109.8060624984,-0.0,5617219.392974998,-0.011752955081298559,0.0,0.0,0.0
2025-07-23,0.0,0.0,0.0,-1470109.8060624984,0.0,-1470109.8060624984,-0.0,5617219.392974998,-0.011752955081298559,0.0,0.0,0.0
2025-07-24,0.0,0.0,0.0,-1470109.8060624984,0.0,-1470109.8060624984,-0.0,5617219.392974998,-0.011752955081298559,0.0,0.0,0.0
2025-07-25,0.0,0.0,0.0,-1470109.8060624984,0.0,-1470109.8060624984,-0.0,5617219.392974998,-0.011752955081298559,0.0,0.0,0.0
2025-07-28,0.0,0.0,0.0,-1470109.8060624984,0.0,-1470109.8060624984,-0.0,5617219.392974998,-0.011752955081298559,0.0,0.0,0.0
2025-07-29,0.0,0.0,0.0,-1470109.8060624984,0.0,-1470109.8060624984,-0.0,5617219.392974998,-0.011752955081298559,0.0,0.0,0.0
2025-07-30,0.0,0.0,0.0,-1470109.8060624984,0.0,-1470109.8060624984,-0.0,5617219.392974998,-0.011752955081298559,0.0,0.0,0.0
2025-07-31,0.0,0.0,0.0,-1470109.8060624984,0.0,-1470109.8060624984,-0.0,5617219.392974998,-0.011752955081298559,0.0,0.0,0.0
2025-08-01,0.0,0.0,0.0,-1470109.8060624984,0.0,-1470109.8060624984,-0.0,5617219.392974998,-0.011752955081298559,0.0,0.0,0.0
2025-08-04,0.0,0.0,0.0,-1470109.8060624984,0.0,-1470109.8060624984,-0.0,5617219.392974998,-0.011752955081298559,0.0,0.0,0.0
2025-08-05,0.0,0.0,0.0,-1470109.8060624984,0.0,-1470109.8060624984,-0.0,5617219.392974998,-0.011752955081298559,0.0,0.0,0.0
2025-08-06,0.0,0.0,0.0,-1470109.8060624984,0.0,-1470109.8060624984,-0.0,5617219.392974998,-0.011752955081298559,0.0,0.0,0.0
2025-08-07,0.0,0.0,0.0,-1470109.8060624984,0.0,-1470109.8060624984,-0.0,5617219.392974998,-0.011752955081298559,0.0,0.0,0.0
2025-08-08,0.0,0.0,0.0,-1470109.8060624984,0.0,-1470109.8060624984,-0.0,5617219.392974998,-0.011752955081298559,0.0,0.0,0.0
2025-08-11,0.0,0.0,0.0,-1470109.8060624984,0.0,-1470109.8060624984,-0.0,5617219.392974998,-0.011752955081298559,0.0,0.0,0.0
2025-08-12,0.0,0.0,0.0,-1470109.8060624984,0.0,-1470109.8060624984,-0.0,5617219.392974998,-0.011752955081298559,0.0,0.0,0.0
2025-08-13,0.0,0.0,0.0,-1470109.8060624984,0.0,-1470109.8060624984,-0.0,5617219.392974998,-0.011752955081298559,0.0,0.0,0.0
2025-08-14,0.0,0.0,0.0,-1470109.8060624984,0.0,-1470109.8060624984,-0.0,5617219.392974998,-0.011752955081298559,0.0,0.0,0.0
2025-08-15,0.0,0.0,0.0,-1470109.8060624984,0.0,-1470109.8060624984,-0.0,5617219.392974998,-0.011752955081298559,0.0,0.0,0.0
2025-08-18,0.0,0.0,0.0,-1470109.8060624984,0.0,-1470109.8060624984,-0.0,5617219.392974998,-0.011752955081298559,0.0,0.0,0.0
2025-08-19,0.0,0.0,0.0,-1470109.8060624984,0.0,-1470109.8060624984,-0.0,5617219.392974998,-0.011752955081298559,0.0,0.0,0.0
2025-08-20,0.0,0.0,0.0,-1470109.8060624984,0.0,-1470109.8060624984,-0.0,5617219.392974998,-0.011752955081298559,0.0,0.0,0.0
2025-08-21,0.0,0.0,0.0,-1470109.8060624984,0.0,-1470109.8060624984,-0.0,5617219.392974998,-0.011752955081298559,0.0,0.0,0.0
2025-08-22,0.0,0.0,0.0,-1470109.8060624984,0.0,-1470109.8060624984,-0.0,5617219.392974998,-0.011752955081298559,0.0,0.0,0.0
2025-08-25,0.0,0.0,0.0,-1470109.8060624984,0.0,-1470109.8060624984,-0.0,5617219.392974998,-0.011752955081298559,0.0,0.0,0.0
2025-08-26,0.0,0.0,0.0,-1470109.8060624984,0.0,-1470109.8060624984,-0.0,5617219.392974998,-0.011752955081298559,0.0,0.0,0.0
2025-08-27,0.0,0.0,0.0,-1470109.8060624984,0.0,-1470109.8060624984,-0.0,5617219.392974998,-0.011752955081298559,0.0,0.0,0.0
2025-08-28,0.0,0.0,0.0,-1470109.8060624984,0.0,-1470109.8060624984,-0.0,5617219.392974998,-0.011752955081298559,0.0,0.0,0.0
2025-08-29,0.0,0.0,0.0,-1470109.8060624984,0.0,-1470109.8060624984,-0.0,5617219.392974998,-0.011752955081298559,0.0,0.0,0.0
2025-09-01,0.0,0.0,0.0,-1470109.8060624984,0.0,-1470109.8060624984,-0.0,5617219.392974998,-0.011752955081298559,0.0,0.0,0.0
2025-09-02,0.0,0.0,0.0,-1470109.8060624984,0.0,-1470109.8060624984,-0.0,5617219.392974998,-0.011752955081298559,0.0,0.0,0.0
2025-09-03,0.0,0.0,0.0,-1470109.8060624984,0.0,-1470109.8060624984,-0.0,5617219.392974998,-0.011752955081298559,0.0,0.0,0.0
2025-09-04,-4139167.3202950004,-4139167.3202950004,3941303.0,-1667974.1263574988,-197864.32029500045,-1470109.8060624984,4139167.3202950004,5617219.392974998,-0.012907674966957553,-0.03522460250394588,-0.04771137973286821,-0.0477113797328682
2025-09-05,3981384.46923,0.0,0.0,-1627892.6571274986,0.0,-1627892.6571274986,-0.0,5617219.392974998,-0.012597503143040385,0.007135464439955275,0.01014914661512778,0.010149146615127719
2025-09-08,-3905907.6983225,-3905907.6983225,3833467.0,-1700333.3554499988,-72440.6983225001,-1627892.6571274986,3905907.6983225,5617219.392974998,-0.012772040273246214,-0.01289618461637726,-0.018158627537714245,-0.01815862753771425
2025-09-09,0.0,-3905907.6983225,3802451.0,-1731349.3554499988,-103456.6983225001,-1627892.6571274986,3905907.6983225,5617219.392974998,-0.013005016706864528,-0.005521593128228031,-0.007918535209566313,-0.007918535209566214
2025-09-10,0.0,-3905907.6983225,3821060.0,-1712740.3554499988,-84847.6983225001,-1627892.6571274986,3905907.6983225,5617219.392974998,-0.012865235353588696,0.0033128490625224383,0.00478888892842444,0.004788888928424509
2025-09-11,3895496.0148650003,0.0,0.0,-1638304.3405849985,0.0,-1638304.3405849985,-0.0,5617219.392974998,-0.012306109828827034,0.013251398896416855,0.019064262901558493,0.019064262901558396
2025-09-12,0.0,0.0,0.0,-1638304.3405849985,0.0,-1638304.3405849985,-0.0,5617219.392974998,-0.012306109828827034,0.0,0.0,0.0
2025-09-15,0.0,0.0,0.0,-1638304.3405849985,0.0,-1638304.3405849985,-0.0,5617219.392974998,-0.012306109828827034,0.0,0.0,0.0
2025-09-16,0.0,0.0,0.0,-1638304.3405849985,0.0,-1638304.3405849985,-0.0,5617219.392974998,-0.012306109828827034,0.0,0.0,0.0
2025-09-17,0.0,0.0,0.0,-1638304.3405849985,0.0,-1638304.3405849985,-0.0,5617219.392974998,-0.012306109828827034,0.0,0.0,0.0
2025-09-18,0.0,0.0,0.0,-1638304.3405849985,0.0,-1638304.3405849985,-0.0,5617219.392974998,-0.012306109828827034,0.0,0.0,0.0
2025-09-19,0.0,0.0,0.0,-1638304.3405849985,0.0,-1638304.3405849985,-0.0,5617219.392974998,-0.012306109828827034,0.0,0.0,0.0
2025-09-22,0.0,0.0,0.0,-1638304.3405849985,0.0,-1638304.3405849985,-0.0,5617219.392974998,-0.012306109828827034,0.0,0.0,0.0
2025-09-23,0.0,0.0,0.0,-1638304.3405849985,0.0,-1638304.3405849985,-0.0,5617219.392974998,-0.012306109828827034,0.0,0.0,0.0
2025-09-24,-3993259.3973675002,-3993259.3973675002,3845872.0,-1785691.7379524987,-147387.39736750023,-1638304.3405849985,3993259.3973675002,5631563.737952499,-0.013022592053657934,-0.02542877392277937,-0.035898982546213154,-0.03690904664612153
2025-09-25,3845871.9772200007,0.0,0.0,-1785691.760732498,0.0,-1785691.760732498,-0.0,5631563.737952499,-0.01302259221978663,-4.045057511170569e-09,-5.92323368131531e-09,-5.9232338727959525e-09
2025-09-26,0.0,0.0,0.0,-1785691.760732498,0.0,-1785691.760732498,-0.0,5631563.737952499,-0.01302259221978663,0.0,0.0,0.0
2025-09-30,0.0,0.0,0.0,-1785691.760732498,0.0,-1785691.760732498,-0.0,5631563.737952499,-0.01302259221978663,0.0,0.0,0.0
2025-10-01,0.0,0.0,0.0,-1785691.760732498,0.0,-1785691.760732498,-0.0,5631563.737952499,-0.01302259221978663,0.0,0.0,0.0
2025-10-02,0.0,0.0,0.0,-1785691.760732498,0.0,-1785691.760732498,-0.0,5631563.737952499,-0.01302259221978663,0.0,0.0,0.0
2025-10-03,0.0,0.0,0.0,-1785691.760732498,0.0,-1785691.760732498,-0.0,5631563.737952499,-0.01302259221978663,0.0,0.0,0.0
2025-10-07,0.0,0.0,0.0,-1785691.760732498,0.0,-1785691.760732498,-0.0,5631563.737952499,-0.01302259221978663,0.0,0.0,0.0
2025-10-08,0.0,0.0,0.0,-1785691.760732498,0.0,-1785691.760732498,-0.0,5631563.737952499,-0.01302259221978663,0.0,0.0,0.0
2025-10-09,0.0,0.0,0.0,-1785691.760732498,0.0,-1785691.760732498,-0.0,5631563.737952499,-0.01302259221978663,0.0,0.0,0.0
2025-10-13,0.0,0.0,0.0,-1785691.760732498,0.0,-1785691.760732498,-0.0,5631563.737952499,-0.01302259221978663,0.0,0.0,0.0
2025-10-14,0.0,0.0,0.0,-1785691.760732498,0.0,-1785691.760732498,-0.0,5631563.737952499,-0.01302259221978663,0.0,0.0,0.0
2025-10-15,0.0,0.0,0.0,-1785691.760732498,0.0,-1785691.760732498,-0.0,5631563.737952499,-0.01302259221978663,0.0,0.0,0.0
2025-10-16,0.0,0.0,0.0,-1785691.760732498,0.0,-1785691.760732498,-0.0,5631563.737952499,-0.01302259221978663,0.0,0.0,0.0
2025-10-17,0.0,0.0,0.0,-1785691.760732498,0.0,-1785691.760732498,-0.0,5631563.737952499,-0.01302259221978663,0.0,0.0,0.0
2025-10-20,0.0,0.0,0.0,-1785691.760732498,0.0,-1785691.760732498,-0.0,5631563.737952499,-0.01302259221978663,0.0,0.0,0.0
2025-10-21,0.0,0.0,0.0,-1785691.760732498,0.0,-1785691.760732498,-0.0,5631563.737952499,-0.01302259221978663,0.0,0.0,0.0
2025-10-22,0.0,0.0,0.0,-1785691.760732498,0.0,-1785691.760732498,-0.0,5631563.737952499,-0.01302259221978663,0.0,0.0,0.0
2025-10-23,0.0,0.0,0.0,-1785691.760732498,0.0,-1785691.760732498,-0.0,5631563.737952499,-0.01302259221978663,0.0,0.0,0.0
2025-10-27,0.0,0.0,0.0,-1785691.760732498,0.0,-1785691.760732498,-0.0,5631563.737952499,-0.01302259221978663,0.0,0.0,0.0
2025-10-28,0.0,0.0,0.0,-1785691.760732498,0.0,-1785691.760732498,-0.0,5631563.737952499,-0.01302259221978663,0.0,0.0,0.0
2025-10-29,0.0,0.0,0.0,-1785691.760732498,0.0,-1785691.760732498,-0.0,5631563.737952499,-0.01302259221978663,0.0,0.0,0.0
2025-10-30,0.0,0.0,0.0,-1785691.760732498,0.0,-1785691.760732498,-0.0,5631563.737952499,-0.01302259221978663,0.0,0.0,0.0
2025-10-31,0.0,0.0,0.0,-1785691.760732498,0.0,-1785691.760732498,-0.0,5631563.737952499,-0.01302259221978663,0.0,0.0,0.0
2025-11-03,0.0,0.0,0.0,-1785691.760732498,0.0,-1785691.760732498,-0.0,5631563.737952499,-0.01302259221978663,0.0,0.0,0.0
2025-11-04,0.0,0.0,0.0,-1785691.760732498,0.0,-1785691.760732498,-0.0,5631563.737952499,-0.01302259221978663,0.0,0.0,0.0
2025-11-05,0.0,0.0,0.0,-1785691.760732498,0.0,-1785691.760732498,-0.0,5631563.737952499,-0.01302259221978663,0.0,0.0,0.0
2025-11-06,0.0,0.0,0.0,-1785691.760732498,0.0,-1785691.760732498,-0.0,5631563.737952499,-0.01302259221978663,0.0,0.0,0.0
2025-11-07,0.0,0.0,0.0,-1785691.760732498,0.0,-1785691.760732498,-0.0,5631563.737952499,-0.01302259221978663,0.0,0.0,0.0
2025-11-10,0.0,0.0,0.0,-1785691.760732498,0.0,-1785691.760732498,-0.0,5631563.737952499,-0.01302259221978663,0.0,0.0,0.0
2025-11-11,0.0,0.0,0.0,-1785691.760732498,0.0,-1785691.760732498,-0.0,5631563.737952499,-0.01302259221978663,0.0,0.0,0.0
2025-11-12,0.0,0.0,0.0,-1785691.760732498,0.0,-1785691.760732498,-0.0,5631563.737952499,-0.01302259221978663,0.0,0.0,0.0
2025-11-13,0.0,0.0,0.0,-1785691.760732498,0.0,-1785691.760732498,-0.0,5631563.737952499,-0.01302259221978663,0.0,0.0,0.0
2025-11-14,0.0,0.0,0.0,-1785691.760732498,0.0,-1785691.760732498,-0.0,5631563.737952499,-0.01302259221978663,0.0,0.0,0.0
2025-11-17,0.0,0.0,0.0,-1785691.760732498,0.0,-1785691.760732498,-0.0,5631563.737952499,-0.01302259221978663,0.0,0.0,0.0
2025-11-18,0.0,0.0,0.0,-1785691.760732498,0.0,-1785691.760732498,-0.0,5631563.737952499,-0.01302259221978663,0.0,0.0,0.0
2025-11-19,0.0,0.0,0.0,-1785691.760732498,0.0,-1785691.760732498,-0.0,5631563.737952499,-0.01302259221978663,0.0,0.0,0.0
2025-11-20,0.0,0.0,0.0,-1785691.760732498,0.0,-1785691.760732498,-0.0,5631563.737952499,-0.01302259221978663,0.0,0.0,0.0
2025-11-21,0.0,0.0,0.0,-1785691.760732498,0.0,-1785691.760732498,-0.0,5631563.737952499,-0.01302259221978663,0.0,0.0,0.0
2025-11-24,0.0,0.0,0.0,-1785691.760732498,0.0,-1785691.760732498,-0.0,5631563.737952499,-0.01302259221978663,0.0,0.0,0.0
2025-11-25,0.0,0.0,0.0,-1785691.760732498,0.0,-1785691.760732498,-0.0,5631563.737952499,-0.01302259221978663,0.0,0.0,0.0
2025-11-26,0.0,0.0,0.0,-1785691.760732498,0.0,-1785691.760732498,-0.0,5631563.737952499,-0.01302259221978663,0.0,0.0,0.0
2025-11-27,0.0,0.0,0.0,-1785691.760732498,0.0,-1785691.760732498,-0.0,5631563.737952499,-0.01302259221978663,0.0,0.0,0.0
2025-11-28,0.0,0.0,0.0,-1785691.760732498,0.0,-1785691.760732498,-0.0,5631563.737952499,-0.01302259221978663,0.0,0.0,0.0
2025-12-01,0.0,0.0,0.0,-1785691.760732498,0.0,-1785691.760732498,-0.0,5631563.737952499,-0.01302259221978663,0.0,0.0,0.0
2025-12-02,0.0,0.0,0.0,-1785691.760732498,0.0,-1785691.760732498,-0.0,5631563.737952499,-0.01302259221978663,0.0,0.0,0.0
2025-12-03,0.0,0.0,0.0,-1785691.760732498,0.0,-1785691.760732498,-0.0,5631563.737952499,-0.01302259221978663,0.0,0.0,0.0
2025-12-04,0.0,0.0,0.0,-1785691.760732498,0.0,-1785691.760732498,-0.0,5631563.737952499,-0.01302259221978663,0.0,0.0,0.0
2025-12-05,0.0,0.0,0.0,-1785691.760732498,0.0,-1785691.760732498,-0.0,5631563.737952499,-0.01302259221978663,0.0,0.0,0.0
2025-12-08,0.0,0.0,0.0,-1785691.760732498,0.0,-1785691.760732498,-0.0,5631563.737952499,-0.01302259221978663,0.0,0.0,0.0
2025-12-09,0.0,0.0,0.0,-1785691.760732498,0.0,-1785691.760732498,-0.0,5631563.737952499,-0.01302259221978663,0.0,0.0,0.0
2025-12-10,0.0,0.0,0.0,-1785691.760732498,0.0,-1785691.760732498,-0.0,5631563.737952499,-0.01302259221978663,0.0,0.0,0.0
2025-12-11,0.0,0.0,0.0,-1785691.760732498,0.0,-1785691.760732498,-0.0,5631563.737952499,-0.01302259221978663,0.0,0.0,0.0
2025-12-12,0.0,0.0,0.0,-1785691.760732498,0.0,-1785691.760732498,-0.0,5631563.737952499,-0.01302259221978663,0.0,0.0,0.0
2025-12-15,0.0,0.0,0.0,-1785691.760732498,0.0,-1785691.760732498,-0.0,5631563.737952499,-0.01302259221978663,0.0,0.0,0.0
2025-12-16,0.0,0.0,0.0,-1785691.760732498,0.0,-1785691.760732498,-0.0,5631563.737952499,-0.01302259221978663,0.0,0.0,0.0
2025-12-17,0.0,0.0,0.0,-1785691.760732498,0.0,-1785691.760732498,-0.0,5631563.737952499,-0.01302259221978663,0.0,0.0,0.0
2025-12-18,0.0,0.0,0.0,-1785691.760732498,0.0,-1785691.760732498,-0.0,5631563.737952499,-0.01302259221978663,0.0,0.0,0.0
2025-12-19,0.0,0.0,0.0,-1785691.760732498,0.0,-1785691.760732498,-0.0,5631563.737952499,-0.01302259221978663,0.0,0.0,0.0
2025-12-22,0.0,0.0,0.0,-1785691.760732498,0.0,-1785691.760732498,-0.0,5631563.737952499,-0.01302259221978663,0.0,0.0,0.0
2025-12-23,0.0,0.0,0.0,-1785691.760732498,0.0,-1785691.760732498,-0.0,5631563.737952499,-0.01302259221978663,0.0,0.0,0.0
2025-12-24,0.0,0.0,0.0,-1785691.760732498,0.0,-1785691.760732498,-0.0,5631563.737952499,-0.01302259221978663,0.0,0.0,0.0
2025-12-26,0.0,0.0,0.0,-1785691.760732498,0.0,-1785691.760732498,-0.0,5631563.737952499,-0.01302259221978663,0.0,0.0,0.0
2025-12-29,0.0,0.0,0.0,-1785691.760732498,0.0,-1785691.760732498,-0.0,5631563.737952499,-0.01302259221978663,0.0,0.0,0.0
2025-12-30,0.0,0.0,0.0,-1785691.760732498,0.0,-1785691.760732498,-0.0,5631563.737952499,-0.01302259221978663,0.0,0.0,0.0
2025-12-31,0.0,0.0,0.0,-1785691.760732498,0.0,-1785691.760732498,-0.0,5631563.737952499,-0.01302259221978663,0.0,0.0,0.0
2026-01-02,0.0,0.0,0.0,-1785691.760732498,0.0,-1785691.760732498,-0.0,5631563.737952499,-0.01302259221978663,0.0,0.0,0.0
2026-01-05,0.0,0.0,0.0,-1785691.760732498,0.0,-1785691.760732498,-0.0,5631563.737952499,-0.01302259221978663,0.0,0.0,0.0
2026-01-06,0.0,0.0,0.0,-1785691.760732498,0.0,-1785691.760732498,-0.0,5631563.737952499,-0.01302259221978663,0.0,0.0,0.0
2026-01-07,0.0,0.0,0.0,-1785691.760732498,0.0,-1785691.760732498,-0.0,5631563.737952499,-0.01302259221978663,0.0,0.0,0.0
2026-01-08,0.0,0.0,0.0,-1785691.760732498,0.0,-1785691.760732498,-0.0,5631563.737952499,-0.01302259221978663,0.0,0.0,0.0
2026-01-09,-3990423.8624799997,-3990423.86248,3812751.0,-1963364.6232124981,-177672.86248000013,-1785691.760732498,3990423.86248,5776115.623212498,-0.013913418540472549,-0.022824584425586658,-0.03342235590428677,-0.04452480954481327
2026-01-12,3859060.558359999,0.0,0.0,-1917055.0648524985,0.0,-1917055.0648524985,-0.0,5776115.623212498,-0.013585245026358366,0.008017422326848045,0.012145969763039943,0.012145969763039778
2026-01-13,0.0,0.0,0.0,-1917055.0648524985,0.0,-1917055.0648524985,-0.0,5776115.623212498,-0.013585245026358366,0.0,0.0,0.0
2026-01-14,0.0,0.0,0.0,-1917055.0648524985,0.0,-1917055.0648524985,-0.0,5776115.623212498,-0.013585245026358366,0.0,0.0,0.0
2026-01-15,0.0,0.0,0.0,-1917055.0648524985,0.0,-1917055.0648524985,-0.0,5776115.623212498,-0.013585245026358366,0.0,0.0,0.0
2026-01-16,0.0,0.0,0.0,-1917055.0648524985,0.0,-1917055.0648524985,-0.0,5776115.623212498,-0.013585245026358366,0.0,0.0,0.0
2026-01-19,0.0,0.0,0.0,-1917055.0648524985,0.0,-1917055.0648524985,-0.0,5776115.623212498,-0.013585245026358366,0.0,0.0,0.0
2026-01-20,0.0,0.0,0.0,-1917055.0648524985,0.0,-1917055.0648524985,-0.0,5776115.623212498,-0.013585245026358366,0.0,0.0,0.0
2026-01-21,0.0,0.0,0.0,-1917055.0648524985,0.0,-1917055.0648524985,-0.0,5776115.623212498,-0.013585245026358366,0.0,0.0,0.0
2026-01-22,0.0,0.0,0.0,-1917055.0648524985,0.0,-1917055.0648524985,-0.0,5776115.623212498,-0.013585245026358366,0.0,0.0,0.0
2026-01-23,0.0,0.0,0.0,-1917055.0648524985,0.0,-1917055.0648524985,-0.0,5776115.623212498,-0.013585245026358366,0.0,0.0,0.0
2026-01-26,0.0,0.0,0.0,-1917055.0648524985,0.0,-1917055.0648524985,-0.0,5776115.623212498,-0.013585245026358366,0.0,0.0,0.0
2026-01-27,0.0,0.0,0.0,-1917055.0648524985,0.0,-1917055.0648524985,-0.0,5776115.623212498,-0.013585245026358366,0.0,0.0,0.0
2026-01-28,0.0,0.0,0.0,-1917055.0648524985,0.0,-1917055.0648524985,-0.0,5776115.623212498,-0.013585245026358366,0.0,0.0,0.0
2026-01-29,0.0,0.0,0.0,-1917055.0648524985,0.0,-1917055.0648524985,-0.0,5776115.623212498,-0.013585245026358366,0.0,0.0,0.0
2026-01-30,0.0,0.0,0.0,-1917055.0648524985,0.0,-1917055.0648524985,-0.0,5776115.623212498,-0.013585245026358366,0.0,0.0,0.0
2026-02-02,0.0,0.0,0.0,-1917055.0648524985,0.0,-1917055.0648524985,-0.0,5776115.623212498,-0.013585245026358366,0.0,0.0,0.0
2026-02-03,0.0,0.0,0.0,-1917055.0648524985,0.0,-1917055.0648524985,-0.0,5776115.623212498,-0.013585245026358366,0.0,0.0,0.0
2026-02-04,0.0,0.0,0.0,-1917055.0648524985,0.0,-1917055.0648524985,-0.0,5776115.623212498,-0.013585245026358366,0.0,0.0,0.0
2026-02-05,0.0,0.0,0.0,-1917055.0648524985,0.0,-1917055.0648524985,-0.0,5776115.623212498,-0.013585245026358366,0.0,0.0,0.0
2026-02-06,0.0,0.0,0.0,-1917055.0648524985,0.0,-1917055.0648524985,-0.0,5776115.623212498,-0.013585245026358366,0.0,0.0,0.0
2026-02-09,0.0,0.0,0.0,-1917055.0648524985,0.0,-1917055.0648524985,-0.0,5776115.623212498,-0.013585245026358366,0.0,0.0,0.0
2026-02-10,0.0,0.0,0.0,-1917055.0648524985,0.0,-1917055.0648524985,-0.0,5776115.623212498,-0.013585245026358366,0.0,0.0,0.0
2026-02-11,0.0,0.0,0.0,-1917055.0648524985,0.0,-1917055.0648524985,-0.0,5776115.623212498,-0.013585245026358366,0.0,0.0,0.0
2026-02-23,0.0,0.0,0.0,-1917055.0648524985,0.0,-1917055.0648524985,-0.0,5776115.623212498,-0.013585245026358366,0.0,0.0,0.0
2026-02-24,0.0,0.0,0.0,-1917055.0648524985,0.0,-1917055.0648524985,-0.0,5776115.623212498,-0.013585245026358366,0.0,0.0,0.0
2026-02-25,0.0,0.0,0.0,-1917055.0648524985,0.0,-1917055.0648524985,-0.0,5776115.623212498,-0.013585245026358366,0.0,0.0,0.0
2026-02-26,0.0,0.0,0.0,-1917055.0648524985,0.0,-1917055.0648524985,-0.0,5776115.623212498,-0.013585245026358366,0.0,0.0,0.0
2026-03-02,0.0,0.0,0.0,-1917055.0648524985,0.0,-1917055.0648524985,-0.0,5776115.623212498,-0.013585245026358366,0.0,0.0,0.0
2026-03-03,0.0,0.0,0.0,-1917055.0648524985,0.0,-1917055.0648524985,-0.0,5776115.623212498,-0.013585245026358366,0.0,0.0,0.0
2026-03-04,0.0,0.0,0.0,-1917055.0648524985,0.0,-1917055.0648524985,-0.0,5776115.623212498,-0.013585245026358366,0.0,0.0,0.0
2026-03-05,0.0,0.0,0.0,-1917055.0648524985,0.0,-1917055.0648524985,-0.0,5776115.623212498,-0.013585245026358366,0.0,0.0,0.0
2026-03-06,0.0,0.0,0.0,-1917055.0648524985,0.0,-1917055.0648524985,-0.0,5776115.623212498,-0.013585245026358366,0.0,0.0,0.0
2026-03-09,0.0,0.0,0.0,-1917055.0648524985,0.0,-1917055.0648524985,-0.0,5776115.623212498,-0.013585245026358366,0.0,0.0,0.0
2026-03-10,0.0,0.0,0.0,-1917055.0648524985,0.0,-1917055.0648524985,-0.0,5776115.623212498,-0.013585245026358366,0.0,0.0,0.0
2026-03-11,0.0,0.0,0.0,-1917055.0648524985,0.0,-1917055.0648524985,-0.0,5776115.623212498,-0.013585245026358366,0.0,0.0,0.0
2026-03-12,0.0,0.0,0.0,-1917055.0648524985,0.0,-1917055.0648524985,-0.0,5776115.623212498,-0.013585245026358366,0.0,0.0,0.0
2026-03-13,0.0,0.0,0.0,-1917055.0648524985,0.0,-1917055.0648524985,-0.0,5776115.623212498,-0.013585245026358366,0.0,0.0,0.0
2026-03-16,0.0,0.0,0.0,-1917055.0648524985,0.0,-1917055.0648524985,-0.0,5776115.623212498,-0.013585245026358366,0.0,0.0,0.0
2026-03-17,0.0,0.0,0.0,-1917055.0648524985,0.0,-1917055.0648524985,-0.0,5776115.623212498,-0.013585245026358366,0.0,0.0,0.0
2026-03-18,0.0,0.0,0.0,-1917055.0648524985,0.0,-1917055.0648524985,-0.0,5776115.623212498,-0.013585245026358366,0.0,0.0,0.0
2026-03-19,0.0,0.0,0.0,-1917055.0648524985,0.0,-1917055.0648524985,-0.0,5776115.623212498,-0.013585245026358366,0.0,0.0,0.0
2026-03-20,0.0,0.0,0.0,-1917055.0648524985,0.0,-1917055.0648524985,-0.0,5776115.623212498,-0.013585245026358366,0.0,0.0,0.0
2026-03-23,0.0,0.0,0.0,-1917055.0648524985,0.0,-1917055.0648524985,-0.0,5776115.623212498,-0.013585245026358366,0.0,0.0,0.0
2026-03-24,-4017596.9290000005,-4017596.9290000005,3608221.0,-2326430.993852499,-409375.92900000047,-1917055.0648524985,4017596.9290000005,5934651.993852499,-0.016029910925958204,-0.06011451774924603,-0.08997744396653573,-0.10189571931545063
2026-03-25,3695048.7364000008,0.0,0.0,-2239603.257452498,0.0,-2239603.257452498,-0.0,5934651.993852499,-0.015431637912886903,0.014630636554585297,0.02406386316137543,0.0240638631613753
2026-03-26,0.0,0.0,0.0,-2239603.257452498,0.0,-2239603.257452498,-0.0,5934651.993852499,-0.015431637912886903,0.0,0.0,0.0
2026-03-27,0.0,0.0,0.0,-2239603.257452498,0.0,-2239603.257452498,-0.0,5934651.993852499,-0.015431637912886903,0.0,0.0,0.0
2026-03-30,0.0,0.0,0.0,-2239603.257452498,0.0,-2239603.257452498,-0.0,5934651.993852499,-0.015431637912886903,0.0,0.0,0.0
2026-03-31,0.0,0.0,0.0,-2239603.257452498,0.0,-2239603.257452498,-0.0,5934651.993852499,-0.015431637912886903,0.0,0.0,0.0
2026-04-01,0.0,0.0,0.0,-2239603.257452498,0.0,-2239603.257452498,-0.0,5934651.993852499,-0.015431637912886903,0.0,0.0,0.0
2026-04-02,0.0,0.0,0.0,-2239603.257452498,0.0,-2239603.257452498,-0.0,5934651.993852499,-0.015431637912886903,0.0,0.0,0.0
2026-04-07,0.0,0.0,0.0,-2239603.257452498,0.0,-2239603.257452498,-0.0,5934651.993852499,-0.015431637912886903,0.0,0.0,0.0
2026-04-08,0.0,0.0,0.0,-2239603.257452498,0.0,-2239603.257452498,-0.0,5934651.993852499,-0.015431637912886903,0.0,0.0,0.0
2026-04-09,0.0,0.0,0.0,-2239603.257452498,0.0,-2239603.257452498,-0.0,5934651.993852499,-0.015431637912886903,0.0,0.0,0.0
2026-04-10,0.0,0.0,0.0,-2239603.257452498,0.0,-2239603.257452498,-0.0,5934651.993852499,-0.015431637912886903,0.0,0.0,0.0
2026-04-13,0.0,0.0,0.0,-2239603.257452498,0.0,-2239603.257452498,-0.0,5934651.993852499,-0.015431637912886903,0.0,0.0,0.0
2026-04-14,0.0,0.0,0.0,-2239603.257452498,0.0,-2239603.257452498,-0.0,5934651.993852499,-0.015431637912886903,0.0,0.0,0.0
2026-04-15,0.0,0.0,0.0,-2239603.257452498,0.0,-2239603.257452498,-0.0,5934651.993852499,-0.015431637912886903,0.0,0.0,0.0
2026-04-16,-3872030.6922824997,-3872030.6922824997,4005222.0,-2106411.949734998,133191.30771750025,-2239603.257452498,3872030.6922824997,6111633.949734998,-0.014136740971271227,0.032721247920531604,0.05255389930313048,0.03439830887264639
2026-04-17,0.0,-3872030.6922824997,4307676.0,-1803957.949734998,435645.30771750025,-2239603.257452498,3872030.6922824997,6111633.949734998,-0.012106884534944618,0.04948823874065861,0.07551491527810428,0.07551491527810443
2026-04-20,0.0,-3872030.6922824997,4307676.0,-1803957.949734998,435645.30771750025,-2239603.257452498,3872030.6922824997,6111633.949734998,-0.012106884534944618,0.0,0.0,0.0
2026-04-21,0.0,-3872030.6922824997,4225188.0,-1886445.949734998,353157.30771750025,-2239603.257452498,3872030.6922824997,6111633.949734998,-0.012660485405555385,-0.01349688163237861,-0.019149072492917307,-0.019149072492917293
2026-04-22,0.0,-3872030.6922824997,4646790.0,-1464843.949734998,774759.3077175003,-2239603.257452498,3872030.6922824997,6111633.949734998,-0.009830992215621805,0.06898351626871904,0.09978301557232472,0.09978301557232483
2026-04-23,4857590.624074999,0.0,0.0,-1254043.3256599987,0.0,-1254043.3256599987,-0.0,6111633.949734998,-0.008416248143596627,0.0344916966246219,0.04536478387768739,0.04536478387768744
2026-04-24,-4332016.138815,-4332016.138815,4289345.0,-1296714.4644749984,-42671.13881499972,-1254043.3256599987,4332016.138815,6111633.949734998,-0.00845675963358278,-0.00698195264407972,-0.008784424649437295,-0.008784424649437255
2026-04-27,0.0,-4332016.138815,4159102.0,-1426957.4644749984,-172914.13881499972,-1254043.3256599987,4332016.138815,6111633.949734998,-0.009306163087567277,-0.02131066766615619,-0.027049881186739566,-0.02704988118673952
2026-04-28,4011491.85192,0.0,0.0,-1574567.6125549986,0.0,-1574567.6125549986,-0.0,6111633.949734998,-0.01026882956194452,-0.024152321505838986,-0.03150914445094444,-0.03150914445094448
2026-04-29,0.0,0.0,0.0,-1574567.6125549986,0.0,-1574567.6125549986,-0.0,6111633.949734998,-0.01026882956194452,0.0,0.0,0.0
2026-04-30,0.0,0.0,0.0,-1574567.6125549986,0.0,-1574567.6125549986,-0.0,6111633.949734998,-0.01026882956194452,0.0,0.0,0.0
2026-05-04,0.0,0.0,0.0,-1574567.6125549986,0.0,-1574567.6125549986,-0.0,6111633.949734998,-0.01026882956194452,0.0,0.0,0.0
2026-05-05,0.0,0.0,0.0,-1574567.6125549986,0.0,-1574567.6125549986,-0.0,6111633.949734998,-0.01026882956194452,0.0,0.0,0.0
2026-05-06,0.0,0.0,0.0,-1574567.6125549986,0.0,-1574567.6125549986,-0.0,6111633.949734998,-0.01026882956194452,0.0,0.0,0.0
2026-05-07,0.0,0.0,0.0,-1574567.6125549986,0.0,-1574567.6125549986,-0.0,6111633.949734998,-0.01026882956194452,0.0,0.0,0.0
2026-05-08,0.0,0.0,0.0,-1574567.6125549986,0.0,-1574567.6125549986,-0.0,6111633.949734998,-0.01026882956194452,0.0,0.0,0.0
2026-05-11,0.0,0.0,0.0,-1574567.6125549986,0.0,-1574567.6125549986,-0.0,6111633.949734998,-0.01026882956194452,0.0,0.0,0.0
2026-05-12,0.0,0.0,0.0,-1574567.6125549986,0.0,-1574567.6125549986,-0.0,6111633.949734998,-0.01026882956194452,0.0,0.0,0.0
2026-05-13,0.0,0.0,0.0,-1574567.6125549986,0.0,-1574567.6125549986,-0.0,6111633.949734998,-0.01026882956194452,0.0,0.0,0.0
2026-05-14,0.0,0.0,0.0,-1574567.6125549986,0.0,-1574567.6125549986,-0.0,6111633.949734998,-0.01026882956194452,0.0,0.0,0.0
2026-05-15,0.0,0.0,0.0,-1574567.6125549986,0.0,-1574567.6125549986,-0.0,6111633.949734998,-0.01026882956194452,0.0,0.0,0.0
2026-05-18,0.0,0.0,0.0,-1574567.6125549986,0.0,-1574567.6125549986,-0.0,6111633.949734998,-0.01026882956194452,0.0,0.0,0.0
2026-05-19,0.0,0.0,0.0,-1574567.6125549986,0.0,-1574567.6125549986,-0.0,6111633.949734998,-0.01026882956194452,0.0,0.0,0.0
2026-05-20,0.0,0.0,0.0,-1574567.6125549986,0.0,-1574567.6125549986,-0.0,6111633.949734998,-0.01026882956194452,0.0,0.0,0.0
2026-05-21,0.0,0.0,0.0,-1574567.6125549986,0.0,-1574567.6125549986,-0.0,6111633.949734998,-0.01026882956194452,0.0,0.0,0.0
2026-05-22,0.0,0.0,0.0,-1574567.6125549986,0.0,-1574567.6125549986,-0.0,6111633.949734998,-0.01026882956194452,0.0,0.0,0.0
2026-05-25,0.0,0.0,0.0,-1574567.6125549986,0.0,-1574567.6125549986,-0.0,6111633.949734998,-0.01026882956194452,0.0,0.0,0.0
2026-05-26,0.0,0.0,0.0,-1574567.6125549986,0.0,-1574567.6125549986,-0.0,6111633.949734998,-0.01026882956194452,0.0,0.0,0.0
2026-05-27,0.0,0.0,0.0,-1574567.6125549986,0.0,-1574567.6125549986,-0.0,6111633.949734998,-0.01026882956194452,0.0,0.0,0.0
2026-05-28,0.0,0.0,0.0,-1574567.6125549986,0.0,-1574567.6125549986,-0.0,6111633.949734998,-0.01026882956194452,0.0,0.0,0.0
2026-05-29,0.0,0.0,0.0,-1574567.6125549986,0.0,-1574567.6125549986,-0.0,6111633.949734998,-0.01026882956194452,0.0,0.0,0.0
2026-06-01,0.0,0.0,0.0,-1574567.6125549986,0.0,-1574567.6125549986,-0.0,6111633.949734998,-0.01026882956194452,0.0,0.0,0.0
2026-06-02,0.0,0.0,0.0,-1574567.6125549986,0.0,-1574567.6125549986,-0.0,6111633.949734998,-0.01026882956194452,0.0,0.0,0.0
2026-06-03,0.0,0.0,0.0,-1574567.6125549986,0.0,-1574567.6125549986,-0.0,6111633.949734998,-0.01026882956194452,0.0,0.0,0.0
2026-06-04,0.0,0.0,0.0,-1574567.6125549986,0.0,-1574567.6125549986,-0.0,6111633.949734998,-0.01026882956194452,0.0,0.0,0.0
2026-06-05,0.0,0.0,0.0,-1574567.6125549986,0.0,-1574567.6125549986,-0.0,6111633.949734998,-0.01026882956194452,0.0,0.0,0.0
2026-06-08,0.0,0.0,0.0,-1574567.6125549986,0.0,-1574567.6125549986,-0.0,6111633.949734998,-0.01026882956194452,0.0,0.0,0.0
2026-06-09,0.0,0.0,0.0,-1574567.6125549986,0.0,-1574567.6125549986,-0.0,6111633.949734998,-0.01026882956194452,0.0,0.0,0.0
2026-06-10,0.0,0.0,0.0,-1574567.6125549986,0.0,-1574567.6125549986,-0.0,6111633.949734998,-0.01026882956194452,0.0,0.0,0.0
2026-06-11,0.0,0.0,0.0,-1574567.6125549986,0.0,-1574567.6125549986,-0.0,6111633.949734998,-0.01026882956194452,0.0,0.0,0.0
2026-06-12,0.0,0.0,0.0,-1574567.6125549986,0.0,-1574567.6125549986,-0.0,6111633.949734998,-0.01026882956194452,0.0,0.0,0.0
2026-06-15,0.0,0.0,0.0,-1574567.6125549986,0.0,-1574567.6125549986,-0.0,6111633.949734998,-0.01026882956194452,0.0,0.0,0.0
2026-06-16,0.0,0.0,0.0,-1574567.6125549986,0.0,-1574567.6125549986,-0.0,6111633.949734998,-0.01026882956194452,0.0,0.0,0.0
2026-06-17,0.0,0.0,0.0,-1574567.6125549986,0.0,-1574567.6125549986,-0.0,6111633.949734998,-0.01026882956194452,0.0,0.0,0.0
2026-06-18,0.0,0.0,0.0,-1574567.6125549986,0.0,-1574567.6125549986,-0.0,6111633.949734998,-0.01026882956194452,0.0,0.0,0.0
2026-06-22,0.0,0.0,0.0,-1574567.6125549986,0.0,-1574567.6125549986,-0.0,6111633.949734998,-0.01026882956194452,0.0,0.0,0.0
2026-06-23,0.0,0.0,0.0,-1574567.6125549986,0.0,-1574567.6125549986,-0.0,6111633.949734998,-0.01026882956194452,0.0,0.0,0.0
2026-06-24,0.0,0.0,0.0,-1574567.6125549986,0.0,-1574567.6125549986,-0.0,6111633.949734998,-0.01026882956194452,0.0,0.0,0.0
2026-06-25,0.0,0.0,0.0,-1574567.6125549986,0.0,-1574567.6125549986,-0.0,6111633.949734998,-0.01026882956194452,0.0,0.0,0.0
2026-06-26,0.0,0.0,0.0,-1574567.6125549986,0.0,-1574567.6125549986,-0.0,6111633.949734998,-0.01026882956194452,0.0,0.0,0.0
2026-06-29,0.0,0.0,0.0,-1574567.6125549986,0.0,-1574567.6125549986,-0.0,6111633.949734998,-0.01026882956194452,0.0,0.0,0.0
2026-06-30,0.0,0.0,0.0,-1574567.6125549986,0.0,-1574567.6125549986,-0.0,6111633.949734998,-0.01026882956194452,0.0,0.0,0.0
2026-07-01,0.0,0.0,0.0,-1574567.6125549986,0.0,-1574567.6125549986,-0.0,6111633.949734998,-0.01026882956194452,0.0,0.0,0.0
2026-07-02,0.0,0.0,0.0,-1574567.6125549986,0.0,-1574567.6125549986,-0.0,6111633.949734998,-0.01026882956194452,0.0,0.0,0.0
2026-07-03,0.0,0.0,0.0,-1574567.6125549986,0.0,-1574567.6125549986,-0.0,6111633.949734998,-0.01026882956194452,0.0,0.0,0.0
2026-07-06,0.0,0.0,0.0,-1574567.6125549986,0.0,-1574567.6125549986,-0.0,6111633.949734998,-0.01026882956194452,0.0,0.0,0.0
2026-07-07,0.0,0.0,0.0,-1574567.6125549986,0.0,-1574567.6125549986,-0.0,6111633.949734998,-0.01026882956194452,0.0,0.0,0.0
2026-07-08,0.0,0.0,0.0,-1574567.6125549986,0.0,-1574567.6125549986,-0.0,6111633.949734998,-0.01026882956194452,0.0,0.0,0.0
2026-07-09,0.0,0.0,0.0,-1574567.6125549986,0.0,-1574567.6125549986,-0.0,6111633.949734998,-0.01026882956194452,0.0,0.0,0.0
2026-07-13,0.0,0.0,0.0,-1574567.6125549986,0.0,-1574567.6125549986,-0.0,6111633.949734998,-0.01026882956194452,0.0,0.0,0.0
2026-07-14,0.0,0.0,0.0,-1574567.6125549986,0.0,-1574567.6125549986,-0.0,6111633.949734998,-0.01026882956194452,0.0,0.0,0.0
2026-07-15,-4148604.4490675,-4148604.4490675,4161031.0,-1562141.0616224986,12426.550932500046,-1574567.6125549986,4148604.4490675,6111633.949734998,-0.00991940920325146,0.00203326165059986,0.0027388955789928726,0.0027388955789929515
2026-07-16,0.0,-4148604.4490675,4179362.0,-1543810.0616224986,30757.550932500046,-1574567.6125549986,4148604.4490675,6111633.949734998,-0.009803009542188877,0.0029993615702057497,0.004029240280361224,0.004029240280361268
2026-07-17,0.0,-4148604.4490675,3849412.0,-1873760.0616224986,-299192.44906749995,-1574567.6125549986,4148604.4490675,6111633.949734998,-0.011898152642270666,-0.05398719928478485,-0.07223352039877817,-0.07223352039877808
2026-07-20,0.0,-4148604.4490675,4234353.0,-1488819.0616224986,85748.55093250005,-1574567.6125549986,4148604.4490675,6111633.949734998,-0.009453823258762303,0.0629849567506724,0.09083351939277473,0.09083351939277465
2026-07-21,0.0,-4148604.4490675,4298510.0,-1424662.0616224986,149905.55093250005,-1574567.6125549986,4148604.4490675,6111633.949734998,-0.009046433969864145,0.010497520062172888,0.013878340697781155,0.013878340697781082
2026-07-22,4280180.1218575,0.0,0.0,-1442991.9397649986,0.0,-1442991.9397649986,-0.0,6111633.949734998,-0.009162826507265567,-0.0029991780092285814,-0.003910814611239655,-0.003910814611239695
2026-07-23,0.0,0.0,0.0,-1442991.9397649986,0.0,-1442991.9397649986,-0.0,6111633.949734998,-0.009162826507265567,0.0,0.0,0.0
2026-07-24,0.0,0.0,0.0,-1442991.9397649986,0.0,-1442991.9397649986,-0.0,6111633.949734998,-0.009162826507265567,0.0,0.0,0.0
2026-07-27,0.0,0.0,0.0,-1442991.9397649986,0.0,-1442991.9397649986,-0.0,6111633.949734998,-0.009162826507265567,0.0,0.0,0.0
2026-07-28,0.0,0.0,0.0,-1442991.9397649986,0.0,-1442991.9397649986,-0.0,6111633.949734998,-0.009162826507265567,0.0,0.0,0.0
2026-07-29,0.0,0.0,0.0,-1442991.9397649986,0.0,-1442991.9397649986,-0.0,6111633.949734998,-0.009162826507265567,0.0,0.0,0.0
2026-07-30,0.0,0.0,0.0,-1442991.9397649986,0.0,-1442991.9397649986,-0.0,6111633.949734998,-0.009162826507265567,0.0,0.0,0.0
2026-07-31,0.0,0.0,0.0,-1442991.9397649986,0.0,-1442991.9397649986,-0.0,6111633.949734998,-0.009162826507265567,0.0,0.0,0.0
2026-08-03,0.0,0.0,0.0,-1442991.9397649986,0.0,-1442991.9397649986,-0.0,6111633.949734998,-0.009162826507265567,0.0,0.0,0.0
2026-08-04,0.0,0.0,0.0,-1442991.9397649986,0.0,-1442991.9397649986,-0.0,6111633.949734998,-0.009162826507265567,0.0,0.0,0.0
2026-08-05,0.0,0.0,0.0,-1442991.9397649986,0.0,-1442991.9397649986,-0.0,6111633.949734998,-0.009162826507265567,0.0,0.0,0.0
2026-08-06,0.0,0.0,0.0,-1442991.9397649986,0.0,-1442991.9397649986,-0.0,6111633.949734998,-0.009162826507265567,0.0,0.0,0.0
2026-08-07,0.0,0.0,0.0,-1442991.9397649986,0.0,-1442991.9397649986,-0.0,6111633.949734998,-0.009162826507265567,0.0,0.0,0.0
2026-08-10,-4190334.2293874994,-4190334.2293875,4100252.0,-1533074.1691524985,-90082.22938749986,-1442991.9397649986,4190334.2293875,6111633.949734998,-0.009482525706311867,-0.014739467404032924,-0.019295167458787232,-0.01929516745878717
2026-08-11,0.0,-4190334.2293875,4100252.0,-1533074.1691524985,-90082.22938749986,-1442991.9397649986,4190334.2293875,6111633.949734998,-0.009482525706311867,0.0,0.0,0.0
2026-08-12,0.0,-4190334.2293875,4174056.0,-1459270.1691524985,-16278.229387499858,-1442991.9397649986,4190334.2293875,6111633.949734998,-0.00902602572652581,0.012075985015954749,0.01611947938585412,0.01611947938585404
2026-08-13,0.0,-4190334.2293875,4092050.0,-1541276.1691524985,-98284.22938749986,-1442991.9397649986,4190334.2293875,6111633.949734998,-0.009533257547867952,-0.013418015652517268,-0.017626738550039267,-0.017626738550039274
2026-08-14,0.0,-4190334.2293875,4042848.0,-1590478.1691524985,-147486.22938749986,-1442991.9397649986,4190334.2293875,6111633.949734998,-0.009837586744191098,-0.008050547595726543,-0.010765459152681345,-0.010765459152681286
2026-08-17,4042848.0838899994,0.0,0.0,-1590478.0852624986,0.0,-1590478.0852624986,-0.0,6111633.949734998,-0.00983758622530617,1.3726280168047111e-08,1.8554989988928128e-08,1.8554989910512296e-08
2026-08-18,0.0,0.0,0.0,-1590478.0852624986,0.0,-1590478.0852624986,-0.0,6111633.949734998,-0.00983758622530617,0.0,0.0,0.0
2026-08-19,0.0,0.0,0.0,-1590478.0852624986,0.0,-1590478.0852624986,-0.0,6111633.949734998,-0.00983758622530617,0.0,0.0,0.0
2026-08-20,0.0,0.0,0.0,-1590478.0852624986,0.0,-1590478.0852624986,-0.0,6111633.949734998,-0.00983758622530617,0.0,0.0,0.0
2026-08-21,0.0,0.0,0.0,-1590478.0852624986,0.0,-1590478.0852624986,-0.0,6111633.949734998,-0.00983758622530617,0.0,0.0,0.0
2026-08-24,0.0,0.0,0.0,-1590478.0852624986,0.0,-1590478.0852624986,-0.0,6111633.949734998,-0.00983758622530617,0.0,0.0,0.0
2026-08-25,0.0,0.0,0.0,-1590478.0852624986,0.0,-1590478.0852624986,-0.0,6111633.949734998,-0.00983758622530617,0.0,0.0,0.0
2026-08-26,0.0,0.0,0.0,-1590478.0852624986,0.0,-1590478.0852624986,-0.0,6111633.949734998,-0.00983758622530617,0.0,0.0,0.0
2026-08-27,-4168983.547959999,-4168983.5479599996,4144630.0,-1614831.6332224982,-24353.547959999647,-1590478.0852624986,4168983.5479599996,6111633.949734998,-0.009737134424946245,-0.003984785109889588,-0.005386575621374123,-0.005386575621373998
2026-08-28,0.0,-4168983.5479599996,4098322.0,-1661139.6332224982,-70661.54795999965,-1590478.0852624986,4168983.5479599996,6111633.949734998,-0.010016363052670485,-0.0075770244718285085,-0.010297984376576808,-0.010297984376576782
2026-08-31,0.0,-4168983.5479599996,4028858.0,-1730603.6332224982,-140125.54795999965,-1590478.0852624986,4168983.5479599996,6111633.949734998,-0.010435218053884887,-0.011365863952472466,-0.015608153849847595,-0.015608153849847727
2026-09-01,0.0,-4168983.5479599996,4052013.0,-1707448.6332224982,-116970.54795999965,-1590478.0852624986,4168983.5479599996,6111633.949734998,-0.010295597710208746,0.003788675858279078,0.005285286411446766,0.005285286411446802
2026-09-02,4013422.4709599996,0.0,0.0,-1746039.1622624984,0.0,-1746039.1622624984,-0.0,6111633.949734998,-0.01052829142332509,-0.006314273622632982,-0.008762240066355509,-0.008762240066355446
2026-09-03,0.0,0.0,0.0,-1746039.1622624984,0.0,-1746039.1622624984,-0.0,6111633.949734998,-0.01052829142332509,0.0,0.0,0.0
2026-09-04,0.0,0.0,0.0,-1746039.1622624984,0.0,-1746039.1622624984,-0.0,6111633.949734998,-0.01052829142332509,0.0,0.0,0.0
2026-09-07,0.0,0.0,0.0,-1746039.1622624984,0.0,-1746039.1622624984,-0.0,6111633.949734998,-0.01052829142332509,0.0,0.0,0.0
2026-09-08,0.0,0.0,0.0,-1746039.1622624984,0.0,-1746039.1622624984,-0.0,6111633.949734998,-0.01052829142332509,0.0,0.0,0.0
2026-09-09,0.0,0.0,0.0,-1746039.1622624984,0.0,-1746039.1622624984,-0.0,6111633.949734998,-0.01052829142332509,0.0,0.0,0.0
2026-09-10,0.0,0.0,0.0,-1746039.1622624984,0.0,-1746039.1622624984,-0.0,6111633.949734998,-0.01052829142332509,0.0,0.0,0.0
2026-09-11,0.0,0.0,0.0,-1746039.1622624984,0.0,-1746039.1622624984,-0.0,6111633.949734998,-0.01052829142332509,0.0,0.0,0.0
2026-09-14,0.0,0.0,0.0,-1746039.1622624984,0.0,-1746039.1622624984,-0.0,6111633.949734998,-0.01052829142332509,0.0,0.0,0.0
2026-09-15,0.0,0.0,0.0,-1746039.1622624984,0.0,-1746039.1622624984,-0.0,6111633.949734998,-0.01052829142332509,0.0,0.0,0.0
2026-09-16,0.0,0.0,0.0,-1746039.1622624984,0.0,-1746039.1622624984,-0.0,6111633.949734998,-0.01052829142332509,0.0,0.0,0.0
2026-09-17,0.0,0.0,0.0,-1746039.1622624984,0.0,-1746039.1622624984,-0.0,6111633.949734998,-0.01052829142332509,0.0,0.0,0.0
2026-09-18,0.0,0.0,0.0,-1746039.1622624984,0.0,-1746039.1622624984,-0.0,6111633.949734998,-0.01052829142332509,0.0,0.0,0.0
2026-09-21,-4040749.875,-4040749.875,3935010.0,-1851779.0372624984,-105739.875,-1746039.1622624984,4040749.875,6111633.949734998,-0.010900297773252665,-0.01730140840725336,-0.024221184087774517,-0.024221184087774454
2026-09-22,4009678.3125,0.0,0.0,-1777110.7247624984,0.0,-1777110.7247624984,-0.0,6111633.949734998,-0.010460770797248288,0.012217405871180753,0.017528369870386307,0.017528369870386293
2026-09-23,0.0,0.0,0.0,-1777110.7247624984,0.0,-1777110.7247624984,-0.0,6111633.949734998,-0.010460770797248288,0.0,0.0,0.0
2026-09-24,0.0,0.0,0.0,-1777110.7247624984,0.0,-1777110.7247624984,-0.0,6111633.949734998,-0.010460770797248288,0.0,0.0,0.0
2026-09-29,-4093324.6875,-4093324.6875,4532355.0,-1338080.4122624984,439030.3125,-1777110.7247624984,4093324.6875,6111633.949734998,-0.00769114859877035,0.07183517797544739,0.10128687509865308,0.10128687509865296
2026-09-30,0.0,-4093324.6875,4980364.0,-890071.4122624984,887039.3125,-1777110.7247624984,4093324.6875,6111633.949734998,-0.005116038940928244,0.07330429205751529,0.09385230446943127,0.09385230446943132
2026-10-01,5167034.25,0.0,0.0,-703401.1622624984,0.0,-703401.1622624984,-0.0,6111633.949734998,-0.004043077541476894,0.03054342775357055,0.03574988303986837,0.03574988303986834
