,cashflow,entry_cost,market_value,profit_loss,unrealized,realized,position,invest,PNL/COST,return,return_pct,value_pct
2022-11-13,0.0,0.0,0.0,0.0,0.0,0.0,0.0,0.0,,,,
2022-11-14,-4963423.013284999,-4963423.013284999,4903493.0,-59930.013284998946,-59930.013284998946,0.0,4963423.013284999,4963423.013284999,-0.012074331187285764,-0.012074331187285764,-0.012074331187285736,-0.012074331187285764
2022-11-15,0.0,-4963423.013284999,4980836.0,17412.986715001054,17412.986715001054,0.0,4963423.013284999,4963423.013284999,0.003508261671107581,0.015582592858393345,0.015773041788781805,0.015773041788781996
2022-11-16,0.0,-4963423.013284999,4996302.0,32878.986715001054,32878.986715001054,0.0,4963423.013284999,4963423.013284999,0.00662425641074674,0.003115994739639159,0.0031051012320022497,0.0031051012320020173
2022-11-17,0.0,-4963423.013284999,4903493.0,-59930.013284998946,-59930.013284998946,0.0,4963423.013284999,4963423.013284999,-0.012074331187285764,-0.018698587598032505,-0.018575538468251218,-0.018575538468251118
2022-11-18,0.0,-4963423.013284999,4764277.0,-199146.01328499895,-199146.01328499895,0.0,4963423.013284999,4963423.013284999,-0.0401227162689879,-0.028048385081702133,-0.028391189709050302,-0.028391189709050264
2022-11-21,4779746.01748,0.0,0.0,-183676.99580499943,0.0,-183676.99580499943,-0.0,4963423.013284999,-0.037006113586001685,0.0031166026829862123,0.0032468761744959274,0.0032468761744960492
2022-11-22,0.0,0.0,0.0,-183676.99580499943,0.0,-183676.99580499943,-0.0,4963423.013284999,-0.037006113586001685,0.0,0.0,0.0
2022-11-23,0.0,0.0,0.0,-183676.99580499943,0.0,-183676.99580499943,-0.0,4963423.013284999,-0.037006113586001685,0.0,0.0,0.0
2022-11-24,0.0,0.0,0.0,-183676.99580499943,0.0,-183676.99580499943,-0.0,4963423.013284999,-0.037006113586001685,0.0,0.0,0.0
2022-11-25,0.0,0.0,0.0,-183676.99580499943,0.0,-183676.99580499943,-0.0,4963423.013284999,-0.037006113586001685,0.0,0.0,0.0
2022-11-28,0.0,0.0,0.0,-183676.99580499943,0.0,-183676.99580499943,-0.0,4963423.013284999,-0.037006113586001685,0.0,0.0,0.0
2022-11-29,0.0,0.0,0.0,-183676.99580499943,0.0,-183676.99580499943,-0.0,4963423.013284999,-0.037006113586001685,0.0,0.0,0.0
2022-11-30,0.0,0.0,0.0,-183676.99580499943,0.0,-183676.99580499943,-0.0,4963423.013284999,-0.037006113586001685,0.0,0.0,0.0
2022-12-01,0.0,0.0,0.0,-183676.99580499943,0.0,-183676.99580499943,-0.0,4963423.013284999,-0.037006113586001685,0.0,0.0,0.0
2022-12-02,0.0,0.0,0.0,-183676.99580499943,0.0,-183676.99580499943,-0.0,4963423.013284999,-0.037006113586001685,0.0,0.0,0.0
2022-12-05,0.0,0.0,0.0,-183676.99580499943,0.0,-183676.99580499943,-0.0,4963423.013284999,-0.037006113586001685,0.0,0.0,0.0
2022-12-06,-4817898.93656,-4817898.93656,4746080.0,-255495.93236499972,-71818.9365600003,-183676.99580499943,4817898.93656,5001575.932364999,-0.026120797748513787,-0.014076972189362776,-0.01461792477393875,-0.014906692212867235
2022-12-07,-9.313225746154785e-10,-4817898.93656,4367557.0,-634018.9323649998,-450341.9365600003,-183676.9958049995,4817898.93656,5001575.932365,-0.06481935014674033,-0.07568074645245162,-0.07975487138859849,-0.07975487138859859
2022-12-08,4338438.68192,0.0,0.0,-663137.2504449997,0.0,-663137.2504449997,-0.0,5001575.932365,-0.06779628089590775,-0.005821828654360012,-0.006666957770671278,-0.006666957770671312
2022-12-09,0.0,0.0,0.0,-663137.2504449997,0.0,-663137.2504449997,-0.0,5001575.932365,-0.06779628089590775,0.0,0.0,0.0
2022-12-12,0.0,0.0,0.0,-663137.2504449997,0.0,-663137.2504449997,-0.0,5001575.932365,-0.06779628089590775,0.0,0.0,0.0
2022-12-13,0.0,0.0,0.0,-663137.2504449997,0.0,-663137.2504449997,-0.0,5001575.932365,-0.06779628089590775,0.0,0.0,0.0
2022-12-14,0.0,0.0,0.0,-663137.2504449997,0.0,-663137.2504449997,-0.0,5001575.932365,-0.06779628089590775,0.0,0.0,0.0
2022-12-15,0.0,0.0,0.0,-663137.2504449997,0.0,-663137.2504449997,-0.0,5001575.932365,-0.06779628089590775,0.0,0.0,0.0
2022-12-16,0.0,0.0,0.0,-663137.2504449997,0.0,-663137.2504449997,-0.0,5001575.932365,-0.06779628089590775,0.0,0.0,0.0
2022-12-19,0.0,0.0,0.0,-663137.2504449997,0.0,-663137.2504449997,-0.0,5001575.932365,-0.06779628089590775,0.0,0.0,0.0
2022-12-20,0.0,0.0,0.0,-663137.2504449997,0.0,-663137.2504449997,-0.0,5001575.932365,-0.06779628089590775,0.0,0.0,0.0
2022-12-21,0.0,0.0,0.0,-663137.2504449997,0.0,-663137.2504449997,-0.0,5001575.932365,-0.06779628089590775,0.0,0.0,0.0
2022-12-22,0.0,0.0,0.0,-663137.2504449997,0.0,-663137.2504449997,-0.0,5001575.932365,-0.06779628089590775,0.0,0.0,0.0
2022-12-23,0.0,0.0,0.0,-663137.2504449997,0.0,-663137.2504449997,-0.0,5001575.932365,-0.06779628089590775,0.0,0.0,0.0
2022-12-26,0.0,0.0,0.0,-663137.2504449997,0.0,-663137.2504449997,-0.0,5001575.932365,-0.06779628089590775,0.0,0.0,0.0
2022-12-27,0.0,0.0,0.0,-663137.2504449997,0.0,-663137.2504449997,-0.0,5001575.932365,-0.06779628089590775,0.0,0.0,0.0
2022-12-28,0.0,0.0,0.0,-663137.2504449997,0.0,-663137.2504449997,-0.0,5001575.932365,-0.06779628089590775,0.0,0.0,0.0
2022-12-29,0.0,0.0,0.0,-663137.2504449997,0.0,-663137.2504449997,-0.0,5001575.932365,-0.06779628089590775,0.0,0.0,0.0
2022-12-30,0.0,0.0,0.0,-663137.2504449997,0.0,-663137.2504449997,-0.0,5001575.932365,-0.06779628089590775,0.0,0.0,0.0
2023-01-03,0.0,0.0,0.0,-663137.2504449997,0.0,-663137.2504449997,-0.0,5001575.932365,-0.06779628089590775,0.0,0.0,0.0
2023-01-04,0.0,0.0,0.0,-663137.2504449997,0.0,-663137.2504449997,-0.0,5001575.932365,-0.06779628089590775,0.0,0.0,0.0
2023-01-05,0.0,0.0,0.0,-663137.2504449997,0.0,-663137.2504449997,-0.0,5001575.932365,-0.06779628089590775,0.0,0.0,0.0
2023-01-06,0.0,0.0,0.0,-663137.2504449997,0.0,-663137.2504449997,-0.0,5001575.932365,-0.06779628089590775,0.0,0.0,0.0
2023-01-09,0.0,0.0,0.0,-663137.2504449997,0.0,-663137.2504449997,-0.0,5001575.932365,-0.06779628089590775,0.0,0.0,0.0
2023-01-10,0.0,0.0,0.0,-663137.2504449997,0.0,-663137.2504449997,-0.0,5001575.932365,-0.06779628089590775,0.0,0.0,0.0
2023-01-11,0.0,0.0,0.0,-663137.2504449997,0.0,-663137.2504449997,-0.0,5001575.932365,-0.06779628089590775,0.0,0.0,0.0
2023-01-12,-4586796.08361,-4586796.08361,4435800.0,-814133.3340549998,-150996.0836100001,-663137.2504449997,4586796.08361,5249933.334055,-0.05666248928073644,-0.0224893243131446,-0.025926853291377117,-0.032919728903919324
2023-01-13,0.0,-4586796.08361,4471289.0,-778644.3340549998,-115507.08361000009,-663137.2504449997,4586796.08361,5249933.334055,-0.054192506787735836,0.0067598953628214276,0.008000586140042287,0.008000586140042383
2023-01-16,4471288.60815,0.0,0.0,-778644.7259049998,0.0,-778644.7259049998,-0.0,5249933.334055,-0.05419253405992271,-7.463904302951185e-08,-8.763692083135766e-08,-8.76369208106496e-08
2023-01-17,0.0,0.0,0.0,-778644.7259049998,0.0,-778644.7259049998,-0.0,5249933.334055,-0.05419253405992271,0.0,0.0,0.0
2023-01-30,0.0,0.0,0.0,-778644.7259049998,0.0,-778644.7259049998,-0.0,5249933.334055,-0.05419253405992271,0.0,0.0,0.0
2023-01-31,-4588627.990362501,-4588627.9903625,4595487.0,-771785.7162674996,6859.009637500159,-778644.7259049998,4588627.9903625,5367272.7162675,-0.040712984986865264,0.004520399966970318,0.005307597104468265,0.001494784421815441
2023-02-01,0.0,-4588627.9903625,4763822.0,-603450.7162674996,175194.00963750016,-778644.7259049998,4588627.9903625,5367272.7162675,-0.03183303271085219,0.03136322838409136,0.03663050292602277,0.03663050292602286
2023-02-02,0.0,-4588627.9903625,4831155.0,-536117.7162674996,242527.00963750016,-778644.7259049998,4588627.9903625,5367272.7162675,-0.028281104552116406,0.012545105039273016,0.01413423927258406,0.014134239272584071
2023-02-03,0.0,-4588627.9903625,4612322.0,-754950.7162674996,23694.00963750016,-778644.7259049998,4588627.9903625,5367272.7162675,-0.03982491063175979,-0.04077173111340997,-0.04529620763564812,-0.045296207635648206
2023-02-06,0.0,-4588627.9903625,4342989.0,-1024283.7162674996,-245638.99036249984,-778644.7259049998,4588627.9903625,5367272.7162675,-0.054032676018372375,-0.050180606471455586,-0.058394231799080765,-0.05839423179908081
2023-02-07,4326155.27757,0.0,0.0,-1041117.4386974997,0.0,-1041117.4386974997,-0.0,5367272.7162675,-0.05492068297952752,-0.0031363642803130254,-0.0038760684012784097,-0.003876068401278493
2023-02-08,0.0,0.0,0.0,-1041117.4386974997,0.0,-1041117.4386974997,-0.0,5367272.7162675,-0.05492068297952752,0.0,0.0,0.0
2023-02-09,0.0,0.0,0.0,-1041117.4386974997,0.0,-1041117.4386974997,-0.0,5367272.7162675,-0.05492068297952752,0.0,0.0,0.0
2023-02-10,0.0,0.0,0.0,-1041117.4386974997,0.0,-1041117.4386974997,-0.0,5367272.7162675,-0.05492068297952752,0.0,0.0,0.0
2023-02-13,0.0,0.0,0.0,-1041117.4386974997,0.0,-1041117.4386974997,-0.0,5367272.7162675,-0.05492068297952752,0.0,0.0,0.0
2023-02-14,0.0,0.0,0.0,-1041117.4386974997,0.0,-1041117.4386974997,-0.0,5367272.7162675,-0.05492068297952752,0.0,0.0,0.0
2023-02-15,0.0,0.0,0.0,-1041117.4386974997,0.0,-1041117.4386974997,-0.0,5367272.7162675,-0.05492068297952752,0.0,0.0,0.0
2023-02-16,0.0,0.0,0.0,-1041117.4386974997,0.0,-1041117.4386974997,-0.0,5367272.7162675,-0.05492068297952752,0.0,0.0,0.0
2023-02-17,0.0,0.0,0.0,-1041117.4386974997,0.0,-1041117.4386974997,-0.0,5367272.7162675,-0.05492068297952752,0.0,0.0,0.0
2023-02-20,0.0,0.0,0.0,-1041117.4386974997,0.0,-1041117.4386974997,-0.0,5367272.7162675,-0.05492068297952752,0.0,0.0,0.0
2023-02-21,-4388643.918575,-4388643.918575,4378931.0,-1050830.3572724997,-9712.918575000018,-1041117.4386974997,4388643.918575,5429761.3572725,-0.045012328338294945,0.0004435413848083991,0.0005502825073246953,-0.0022131935867227568
2023-02-22,4299313.4804375,0.0,0.0,-1130447.8768349998,0.0,-1130447.8768349998,-0.0,5429761.3572725,-0.048422745545245255,-0.01466317105370793,-0.01818195344080542,-0.018181953440805546
2023-02-23,0.0,0.0,0.0,-1130447.8768349998,0.0,-1130447.8768349998,-0.0,5429761.3572725,-0.048422745545245255,0.0,0.0,0.0
2023-02-24,0.0,0.0,0.0,-1130447.8768349998,0.0,-1130447.8768349998,-0.0,5429761.3572725,-0.048422745545245255,0.0,0.0,0.0
2023-03-01,0.0,0.0,0.0,-1130447.8768349998,0.0,-1130447.8768349998,-0.0,5429761.3572725,-0.048422745545245255,0.0,0.0,0.0
2023-03-02,0.0,0.0,0.0,-1130447.8768349998,0.0,-1130447.8768349998,-0.0,5429761.3572725,-0.048422745545245255,0.0,0.0,0.0
2023-03-03,0.0,0.0,0.0,-1130447.8768349998,0.0,-1130447.8768349998,-0.0,5429761.3572725,-0.048422745545245255,0.0,0.0,0.0
2023-03-06,0.0,0.0,0.0,-1130447.8768349998,0.0,-1130447.8768349998,-0.0,5429761.3572725,-0.048422745545245255,0.0,0.0,0.0
2023-03-07,0.0,0.0,0.0,-1130447.8768349998,0.0,-1130447.8768349998,-0.0,5429761.3572725,-0.048422745545245255,0.0,0.0,0.0
2023-03-08,0.0,0.0,0.0,-1130447.8768349998,0.0,-1130447.8768349998,-0.0,5429761.3572725,-0.048422745545245255,0.0,0.0,0.0
2023-03-09,0.0,0.0,0.0,-1130447.8768349998,0.0,-1130447.8768349998,-0.0,5429761.3572725,-0.048422745545245255,0.0,0.0,0.0
2023-03-10,0.0,0.0,0.0,-1130447.8768349998,0.0,-1130447.8768349998,-0.0,5429761.3572725,-0.048422745545245255,0.0,0.0,0.0
2023-03-13,0.0,0.0,0.0,-1130447.8768349998,0.0,-1130447.8768349998,-0.0,5429761.3572725,-0.048422745545245255,0.0,0.0,0.0
2023-03-14,0.0,0.0,0.0,-1130447.8768349998,0.0,-1130447.8768349998,-0.0,5429761.3572725,-0.048422745545245255,0.0,0.0,0.0
2023-03-15,0.0,0.0,0.0,-1130447.8768349998,0.0,-1130447.8768349998,-0.0,5429761.3572725,-0.048422745545245255,0.0,0.0,0.0
2023-03-16,0.0,0.0,0.0,-1130447.8768349998,0.0,-1130447.8768349998,-0.0,5429761.3572725,-0.048422745545245255,0.0,0.0,0.0
2023-03-17,0.0,0.0,0.0,-1130447.8768349998,0.0,-1130447.8768349998,-0.0,5429761.3572725,-0.048422745545245255,0.0,0.0,0.0
2023-03-20,0.0,0.0,0.0,-1130447.8768349998,0.0,-1130447.8768349998,-0.0,5429761.3572725,-0.048422745545245255,0.0,0.0,0.0
2023-03-21,0.0,0.0,0.0,-1130447.8768349998,0.0,-1130447.8768349998,-0.0,5429761.3572725,-0.048422745545245255,0.0,0.0,0.0
2023-03-22,0.0,0.0,0.0,-1130447.8768349998,0.0,-1130447.8768349998,-0.0,5429761.3572725,-0.048422745545245255,0.0,0.0,0.0
2023-03-23,0.0,0.0,0.0,-1130447.8768349998,0.0,-1130447.8768349998,-0.0,5429761.3572725,-0.048422745545245255,0.0,0.0,0.0
2023-03-24,-4363931.353279999,-4363931.353279999,4309323.0,-1185056.2301149992,-54608.35327999946,-1130447.8768349998,4363931.353279999,5494379.230114999,-0.042767421744829066,-0.007490427737000094,-0.009459937094809523,-0.012513568353671503
2023-03-27,0.0,-4363931.353279999,4236530.0,-1257849.2301149992,-127401.35327999946,-1130447.8768349998,4363931.353279999,5494379.230114999,-0.045394443865770316,-0.013248630455105381,-0.01689198048046059,-0.01689198048046062
2023-03-28,0.0,-4363931.353279999,4032713.0,-1461666.2301149992,-331218.35327999946,-1130447.8768349998,4363931.353279999,5494379.230114999,-0.05274998310201394,-0.03709554646007465,-0.048109419737379366,-0.048109419737379415
2023-03-29,4061828.1239199997,0.0,0.0,-1432551.1061949995,0.0,-1432551.1061949995,-0.0,5494379.230114999,-0.05169924917716148,0.005299074326798936,0.007219736172645819,0.007219736172645981
2023-03-30,0.0,0.0,0.0,-1432551.1061949995,0.0,-1432551.1061949995,-0.0,5494379.230114999,-0.05169924917716148,0.0,0.0,0.0
2023-03-31,0.0,0.0,0.0,-1432551.1061949995,0.0,-1432551.1061949995,-0.0,5494379.230114999,-0.05169924917716148,0.0,0.0,0.0
2023-04-06,0.0,0.0,0.0,-1432551.1061949995,0.0,-1432551.1061949995,-0.0,5494379.230114999,-0.05169924917716148,0.0,0.0,0.0
2023-04-07,0.0,0.0,0.0,-1432551.1061949995,0.0,-1432551.1061949995,-0.0,5494379.230114999,-0.05169924917716148,0.0,0.0,0.0
2023-04-10,0.0,0.0,0.0,-1432551.1061949995,0.0,-1432551.1061949995,-0.0,5494379.230114999,-0.05169924917716148,0.0,0.0,0.0
2023-04-11,0.0,0.0,0.0,-1432551.1061949995,0.0,-1432551.1061949995,-0.0,5494379.230114999,-0.05169924917716148,0.0,0.0,0.0
2023-04-12,0.0,0.0,0.0,-1432551.1061949995,0.0,-1432551.1061949995,-0.0,5494379.230114999,-0.05169924917716148,0.0,0.0,0.0
2023-04-13,0.0,0.0,0.0,-1432551.1061949995,0.0,-1432551.1061949995,-0.0,5494379.230114999,-0.05169924917716148,0.0,0.0,0.0
2023-04-14,0.0,0.0,0.0,-1432551.1061949995,0.0,-1432551.1061949995,-0.0,5494379.230114999,-0.05169924917716148,0.0,0.0,0.0
2023-04-17,0.0,0.0,0.0,-1432551.1061949995,0.0,-1432551.1061949995,-0.0,5494379.230114999,-0.05169924917716148,0.0,0.0,0.0
2023-04-18,0.0,0.0,0.0,-1432551.1061949995,0.0,-1432551.1061949995,-0.0,5494379.230114999,-0.05169924917716148,0.0,0.0,0.0
2023-04-19,0.0,0.0,0.0,-1432551.1061949995,0.0,-1432551.1061949995,-0.0,5494379.230114999,-0.05169924917716148,0.0,0.0,0.0
2023-04-20,0.0,0.0,0.0,-1432551.1061949995,0.0,-1432551.1061949995,-0.0,5494379.230114999,-0.05169924917716148,0.0,0.0,0.0
2023-04-21,0.0,0.0,0.0,-1432551.1061949995,0.0,-1432551.1061949995,-0.0,5494379.230114999,-0.05169924917716148,0.0,0.0,0.0
2023-04-24,0.0,0.0,0.0,-1432551.1061949995,0.0,-1432551.1061949995,-0.0,5494379.230114999,-0.05169924917716148,0.0,0.0,0.0
2023-04-25,0.0,0.0,0.0,-1432551.1061949995,0.0,-1432551.1061949995,-0.0,5494379.230114999,-0.05169924917716148,0.0,0.0,0.0
2023-04-26,0.0,0.0,0.0,-1432551.1061949995,0.0,-1432551.1061949995,-0.0,5494379.230114999,-0.05169924917716148,0.0,0.0,0.0
2023-04-27,0.0,0.0,0.0,-1432551.1061949995,0.0,-1432551.1061949995,-0.0,5494379.230114999,-0.05169924917716148,0.0,0.0,0.0
2023-04-28,0.0,0.0,0.0,-1432551.1061949995,0.0,-1432551.1061949995,-0.0,5494379.230114999,-0.05169924917716148,0.0,0.0,0.0
2023-05-02,-4217492.574960001,-4217492.57496,4178296.0,-1471747.6811549994,-39196.57495999988,-1432551.1061949995,4217492.57496,5650043.681155,-0.046097543184813974,0.0002459915424624648,0.00033274938782623664,-0.00929381006921432
2023-05-03,4163736.77384,0.0,0.0,-1486306.907315,0.0,-1486306.907315,-0.0,5650043.681155,-0.04655356194756915,-0.0025768342656466436,-0.0034844889304157523,-0.0034844889304157826
2023-05-04,-4142441.5794749996,-4142441.5794749996,4188761.0,-1439987.4867899995,46319.42052500043,-1486306.907315,4142441.5794749996,5650043.681155,-0.039922850328359294,0.00819806414585661,0.011124483376570904,0.011124483376570996
2023-05-05,0.0,-4142441.5794749996,4301590.0,-1327158.4867899995,159148.42052500043,-1486306.907315,4142441.5794749996,5650043.681155,-0.03679472920159887,0.019969580124898273,0.02679987980944709,0.026799879809447036
2023-05-08,0.0,-4142441.5794749996,4541351.0,-1087397.4867899995,398909.42052500043,-1486306.907315,4142441.5794749996,5650043.681155,-0.03014748913500954,0.04243524714679503,0.05546318933302574,0.05546318933302579
2023-05-09,0.0,-4142441.5794749996,4527246.0,-1101502.4867899995,384804.42052500043,-1486306.907315,4142441.5794749996,5650043.681155,-0.03053854239696308,-0.0024964408765626722,-0.00309140779257,-0.00309140779257004
2023-05-10,0.0,-4142441.5794749996,4456728.0,-1172020.4867899995,314286.42052500043,-1486306.907315,4142441.5794749996,5650043.681155,-0.03249361463563303,-0.01248096545433866,-0.015503432196538491,-0.015503432196538493
2023-05-11,4484936.348479999,0.0,0.0,-1143812.1383100003,0.0,-1143812.1383100003,-0.0,5650043.681155,-0.03171155389919731,0.004992589450960289,0.006299285924980413,0.006299285924980403
2023-05-12,-4411982.6289125,-4411982.6289125,4513142.0,-1042652.7672225004,101159.3710874999,-1143812.1383100003,4411982.6289125,5650043.681155,-0.025756444632133686,0.017904175046452114,0.02244877346529628,0.02244877346529627
2023-05-15,4470832.037455001,0.0,0.0,-1084962.7297674997,0.0,-1084962.7297674997,-0.0,5650043.681155,-0.02680161925012362,-0.007488431051625111,-0.00918306332919494,-0.009183063329194902
2023-05-16,0.0,0.0,0.0,-1084962.7297674997,0.0,-1084962.7297674997,-0.0,5650043.681155,-0.02680161925012362,0.0,0.0,0.0
2023-05-17,0.0,0.0,0.0,-1084962.7297674997,0.0,-1084962.7297674997,-0.0,5650043.681155,-0.02680161925012362,0.0,0.0,0.0
2023-05-18,0.0,0.0,0.0,-1084962.7297674997,0.0,-1084962.7297674997,-0.0,5650043.681155,-0.02680161925012362,0.0,0.0,0.0
2023-05-19,-4343798.304509999,-4343798.304509999,4331160.0,-1097601.034277499,-12638.30450999923,-1084962.7297674997,4343798.304509999,5650043.681155,-0.02448633894875742,-0.0022368507613760025,-0.0027684732526283007,-0.0027684732526282963
2023-05-22,0.0,-4343798.304509999,4101865.0,-1326896.034277499,-241933.30450999923,-1084962.7297674997,4343798.304509999,5650043.681155,-0.02960167222005956,-0.04058287208730513,-0.05036746594869734,-0.05036746594869731
2023-05-23,4165559.0743199987,0.0,0.0,-1263201.9599574998,0.0,-1263201.9599574998,-0.0,5650043.681155,-0.028180723583788016,0.011273200335148337,0.014733263705671407,0.014733263705671445
2023-05-24,0.0,0.0,0.0,-1263201.9599574998,0.0,-1263201.9599574998,-0.0,5650043.681155,-0.028180723583788016,0.0,0.0,0.0
2023-05-25,0.0,0.0,0.0,-1263201.9599574998,0.0,-1263201.9599574998,-0.0,5650043.681155,-0.028180723583788016,0.0,0.0,0.0
2023-05-26,-4347458.8133125,-4347458.8133125,4219697.0,-1390963.7732699995,-127761.81331249978,-1263201.9599574998,4347458.8133125,5650043.681155,-0.028287435235934848,-0.02261253549926226,-0.02912387121129678,-0.029123871211296847
2023-05-29,0.0,-4347458.8133125,4151456.0,-1459204.7732699995,-196002.81331249978,-1263201.9599574998,4347458.8133125,5650043.681155,-0.029675223261066058,-0.012077959720490139,-0.01602247468371354,-0.016022474683713445
2023-05-30,0.0,-4347458.8133125,4094586.0,-1516074.7732699995,-252872.81331249978,-1263201.9599574998,4347458.8133125,5650043.681155,-0.030831764123439295,-0.010065408908197071,-0.01357007540733668,-0.013570075407336691
2023-05-31,0.0,-4347458.8133125,4105960.0,-1504700.7732699995,-241498.81331249978,-1263201.9599574998,4347458.8133125,5650043.681155,-0.030600455950964646,0.002013081781639392,0.0027513511236880728,0.002751351123687843
2023-06-01,0.0,-4347458.8133125,4117332.0,-1493328.7732699995,-230126.81331249978,-1263201.9599574998,4347458.8133125,5650043.681155,-0.030369188451634447,0.0020127278020752315,0.002743319491945728,0.0027433194919457508
2023-06-02,4140081.2149374997,0.0,0.0,-1470579.5583324998,0.0,-1470579.5583324998,-0.0,5650043.681155,-0.029906547399020943,0.004026378594802149,0.005472883140084095,0.005472883140084022
2023-06-05,0.0,0.0,0.0,-1470579.5583324998,0.0,-1470579.5583324998,-0.0,5650043.681155,-0.029906547399020943,0.0,0.0,0.0
2023-06-06,0.0,0.0,0.0,-1470579.5583324998,0.0,-1470579.5583324998,-0.0,5650043.681155,-0.029906547399020943,0.0,0.0,0.0
2023-06-07,0.0,0.0,0.0,-1470579.5583324998,0.0,-1470579.5583324998,-0.0,5650043.681155,-0.029906547399020943,0.0,0.0,0.0
2023-06-08,0.0,0.0,0.0,-1470579.5583324998,0.0,-1470579.5583324998,-0.0,5650043.681155,-0.029906547399020943,0.0,0.0,0.0
2023-06-09,0.0,0.0,0.0,-1470579.5583324998,0.0,-1470579.5583324998,-0.0,5650043.681155,-0.029906547399020943,0.0,0.0,0.0
2023-06-12,0.0,0.0,0.0,-1470579.5583324998,0.0,-1470579.5583324998,-0.0,5650043.681155,-0.029906547399020943,0.0,0.0,0.0
2023-06-13,0.0,0.0,0.0,-1470579.5583324998,0.0,-1470579.5583324998,-0.0,5650043.681155,-0.029906547399020943,0.0,0.0,0.0
2023-06-14,0.0,0.0,0.0,-1470579.5583324998,0.0,-1470579.5583324998,-0.0,5650043.681155,-0.029906547399020943,0.0,0.0,0.0
2023-06-15,0.0,0.0,0.0,-1470579.5583324998,0.0,-1470579.5583324998,-0.0,5650043.681155,-0.029906547399020943,0.0,0.0,0.0
2023-06-16,-4255933.5754375,-4255933.5754375,4310688.0,-1415825.13377,54754.42456249986,-1470579.5583324998,4255933.5754375,5726513.13377,-0.02649947165402261,0.013037201700718398,0.017624450629173616,0.01286543212951138
2023-06-19,0.0,-4255933.5754375,4219697.0,-1506816.13377,-36236.57543750014,-1470579.5583324998,4255933.5754375,5726513.13377,-0.02820251630816764,-0.01588942483400832,-0.0211082314470451,-0.02110823144704511
2023-06-20,4231071.7920625005,0.0,0.0,-1495441.3417075,0.0,-1495441.3417075,-0.0,5726513.13377,-0.02798961856208229,0.0019863382475142077,0.0026956419056864966,0.0026956419056865994
2023-06-21,0.0,0.0,0.0,-1495441.3417075,0.0,-1495441.3417075,-0.0,5726513.13377,-0.02798961856208229,0.0,0.0,0.0
2023-06-26,0.0,0.0,0.0,-1495441.3417075,0.0,-1495441.3417075,-0.0,5726513.13377,-0.02798961856208229,0.0,0.0,0.0
2023-06-27,0.0,0.0,0.0,-1495441.3417075,0.0,-1495441.3417075,-0.0,5726513.13377,-0.02798961856208229,0.0,0.0,0.0
2023-06-28,0.0,0.0,0.0,-1495441.3417075,0.0,-1495441.3417075,-0.0,5726513.13377,-0.02798961856208229,0.0,0.0,0.0
2023-06-29,0.0,0.0,0.0,-1495441.3417075,0.0,-1495441.3417075,-0.0,5726513.13377,-0.02798961856208229,0.0,0.0,0.0
2023-06-30,0.0,0.0,0.0,-1495441.3417075,0.0,-1495441.3417075,-0.0,5726513.13377,-0.02798961856208229,0.0,0.0,0.0
2023-07-03,0.0,0.0,0.0,-1495441.3417075,0.0,-1495441.3417075,-0.0,5726513.13377,-0.02798961856208229,0.0,0.0,0.0
2023-07-04,0.0,0.0,0.0,-1495441.3417075,0.0,-1495441.3417075,-0.0,5726513.13377,-0.02798961856208229,0.0,0.0,0.0
2023-07-05,0.0,0.0,0.0,-1495441.3417075,0.0,-1495441.3417075,-0.0,5726513.13377,-0.02798961856208229,0.0,0.0,0.0
2023-07-06,0.0,0.0,0.0,-1495441.3417075,0.0,-1495441.3417075,-0.0,5726513.13377,-0.02798961856208229,0.0,0.0,0.0
2023-07-07,0.0,0.0,0.0,-1495441.3417075,0.0,-1495441.3417075,-0.0,5726513.13377,-0.02798961856208229,0.0,0.0,0.0
2023-07-10,0.0,0.0,0.0,-1495441.3417075,0.0,-1495441.3417075,-0.0,5726513.13377,-0.02798961856208229,0.0,0.0,0.0
2023-07-11,0.0,0.0,0.0,-1495441.3417075,0.0,-1495441.3417075,-0.0,5726513.13377,-0.02798961856208229,0.0,0.0,0.0
2023-07-12,0.0,0.0,0.0,-1495441.3417075,0.0,-1495441.3417075,-0.0,5726513.13377,-0.02798961856208229,0.0,0.0,0.0
2023-07-13,0.0,0.0,0.0,-1495441.3417075,0.0,-1495441.3417075,-0.0,5726513.13377,-0.02798961856208229,0.0,0.0,0.0
2023-07-14,-4085546.719667501,-4085546.7196675004,4105590.0,-1475398.0613750003,20043.28033249965,-1495441.3417075,4085546.7196675004,5726513.13377,-0.0256528617393449,0.0035000845827632965,0.004737163848200554,0.004737163848200564
2023-07-17,0.0,-4085546.7196675004,3995814.0,-1585174.0613750003,-89732.71966750035,-1495441.3417075,4085546.7196675004,5726513.13377,-0.027561545655923916,-0.019169780534097902,-0.02582287191255772,-0.02582287191255781
2023-07-18,0.0,-4085546.7196675004,4391005.0,-1189983.0613750003,305458.28033249965,-1495441.3417075,4085546.7196675004,5726513.13377,-0.020690328762643248,0.06901075589428177,0.09542589802275114,0.09542589802275113
2023-07-19,0.0,-4085546.7196675004,4456869.0,-1124119.0613750003,371322.28033249965,-1495441.3417075,4085546.7196675004,5726513.13377,-0.019545146232021252,0.01150158891832298,0.014518585559651687,0.014518585559651761
2023-07-20,0.0,-4085546.7196675004,4314163.0,-1266825.0613750003,228616.28033249965,-1495441.3417075,4085546.7196675004,5726513.13377,-0.0220263866397545,-0.02492022574058969,-0.031006905917932093,-0.031006905917932072
2023-07-21,4160476.9626175,0.0,0.0,-1420511.0987575003,0.0,-1420511.0987575003,-0.0,5726513.13377,-0.02469853781810623,-0.026837629425172038,-0.034461162953032476,-0.03446116295303262
2023-07-24,0.0,0.0,0.0,-1420511.0987575003,0.0,-1420511.0987575003,-0.0,5726513.13377,-0.02469853781810623,0.0,0.0,0.0
2023-07-25,-4277580.47838,-4277580.47838,4105590.0,-1592501.5771375005,-171990.47838000022,-1420511.0987575003,4277580.47838,5726513.13377,-0.02577215530714625,-0.030034066867977605,-0.03994203369657756,-0.039942033696577416
2023-07-26,4200091.588769999,0.0,0.0,-1497999.9883675007,0.0,-1497999.9883675007,-0.0,5726513.13377,-0.024242794421406786,0.016502466084066303,0.022859536669263658,0.022859536669263523
2023-07-27,0.0,0.0,0.0,-1497999.9883675007,0.0,-1497999.9883675007,-0.0,5726513.13377,-0.024242794421406786,0.0,0.0,0.0
2023-07-28,0.0,0.0,0.0,-1497999.9883675007,0.0,-1497999.9883675007,-0.0,5726513.13377,-0.024242794421406786,0.0,0.0,0.0
2023-07-31,0.0,0.0,0.0,-1497999.9883675007,0.0,-1497999.9883675007,-0.0,5726513.13377,-0.024242794421406786,0.0,0.0,0.0
2023-08-01,0.0,0.0,0.0,-1497999.9883675007,0.0,-1497999.9883675007,-0.0,5726513.13377,-0.024242794421406786,0.0,0.0,0.0
2023-08-02,0.0,0.0,0.0,-1497999.9883675007,0.0,-1497999.9883675007,-0.0,5726513.13377,-0.024242794421406786,0.0,0.0,0.0
2023-08-04,0.0,0.0,0.0,-1497999.9883675007,0.0,-1497999.9883675007,-0.0,5726513.13377,-0.024242794421406786,0.0,0.0,0.0
2023-08-07,0.0,0.0,0.0,-1497999.9883675007,0.0,-1497999.9883675007,-0.0,5726513.13377,-0.024242794421406786,0.0,0.0,0.0
2023-08-08,0.0,0.0,0.0,-1497999.9883675007,0.0,-1497999.9883675007,-0.0,5726513.13377,-0.024242794421406786,0.0,0.0,0.0
2023-08-09,0.0,0.0,0.0,-1497999.9883675007,0.0,-1497999.9883675007,-0.0,5726513.13377,-0.024242794421406786,0.0,0.0,0.0
2023-08-10,0.0,0.0,0.0,-1497999.9883675007,0.0,-1497999.9883675007,-0.0,5726513.13377,-0.024242794421406786,0.0,0.0,0.0
2023-08-11,0.0,0.0,0.0,-1497999.9883675007,0.0,-1497999.9883675007,-0.0,5726513.13377,-0.024242794421406786,0.0,0.0,0.0
2023-08-14,0.0,0.0,0.0,-1497999.9883675007,0.0,-1497999.9883675007,-0.0,5726513.13377,-0.024242794421406786,0.0,0.0,0.0
2023-08-15,0.0,0.0,0.0,-1497999.9883675007,0.0,-1497999.9883675007,-0.0,5726513.13377,-0.024242794421406786,0.0,0.0,0.0
2023-08-16,0.0,0.0,0.0,-1497999.9883675007,0.0,-1497999.9883675007,-0.0,5726513.13377,-0.024242794421406786,0.0,0.0,0.0
2023-08-17,0.0,0.0,0.0,-1497999.9883675007,0.0,-1497999.9883675007,-0.0,5726513.13377,-0.024242794421406786,0.0,0.0,0.0
2023-08-18,0.0,0.0,0.0,-1497999.9883675007,0.0,-1497999.9883675007,-0.0,5726513.13377,-0.024242794421406786,0.0,0.0,0.0
2023-08-21,0.0,0.0,0.0,-1497999.9883675007,0.0,-1497999.9883675007,-0.0,5726513.13377,-0.024242794421406786,0.0,0.0,0.0
2023-08-22,0.0,0.0,0.0,-1497999.9883675007,0.0,-1497999.9883675007,-0.0,5726513.13377,-0.024242794421406786,0.0,0.0,0.0
2023-08-23,0.0,0.0,0.0,-1497999.9883675007,0.0,-1497999.9883675007,-0.0,5726513.13377,-0.024242794421406786,0.0,0.0,0.0
2023-08-24,0.0,0.0,0.0,-1497999.9883675007,0.0,-1497999.9883675007,-0.0,5726513.13377,-0.024242794421406786,0.0,0.0,0.0
2023-08-25,0.0,0.0,0.0,-1497999.9883675007,0.0,-1497999.9883675007,-0.0,5726513.13377,-0.024242794421406786,0.0,0.0,0.0
2023-08-28,0.0,0.0,0.0,-1497999.9883675007,0.0,-1497999.9883675007,-0.0,5726513.13377,-0.024242794421406786,0.0,0.0,0.0
2023-08-29,0.0,0.0,0.0,-1497999.9883675007,0.0,-1497999.9883675007,-0.0,5726513.13377,-0.024242794421406786,0.0,0.0,0.0
2023-08-30,0.0,0.0,0.0,-1497999.9883675007,0.0,-1497999.9883675007,-0.0,5726513.13377,-0.024242794421406786,0.0,0.0,0.0
2023-08-31,0.0,0.0,0.0,-1497999.9883675007,0.0,-1497999.9883675007,-0.0,5726513.13377,-0.024242794421406786,0.0,0.0,0.0
2023-09-01,0.0,0.0,0.0,-1497999.9883675007,0.0,-1497999.9883675007,-0.0,5726513.13377,-0.024242794421406786,0.0,0.0,0.0
2023-09-04,0.0,0.0,0.0,-1497999.9883675007,0.0,-1497999.9883675007,-0.0,5726513.13377,-0.024242794421406786,0.0,0.0,0.0
2023-09-05,-4251657.1902600005,-4251657.1902600005,4272639.0,-1477018.1786275012,20981.809739999473,-1497999.9883675007,4251657.1902600005,5749657.178627501,-0.02236442032334276,0.0047022049009302624,0.006368015705977337,0.004934972129941732
2023-09-06,4295548.514460001,0.0,0.0,-1454108.6641675003,0.0,-1454108.6641675003,-0.0,5749657.178627501,-0.022017533590192827,0.003984500944710145,0.005361912031416782,0.005361912031416861
2023-09-07,0.0,0.0,0.0,-1454108.6641675003,0.0,-1454108.6641675003,-0.0,5749657.178627501,-0.022017533590192827,0.0,0.0,0.0
2023-09-08,0.0,0.0,0.0,-1454108.6641675003,0.0,-1454108.6641675003,-0.0,5749657.178627501,-0.022017533590192827,0.0,0.0,0.0
2023-09-11,0.0,0.0,0.0,-1454108.6641675003,0.0,-1454108.6641675003,-0.0,5749657.178627501,-0.022017533590192827,0.0,0.0,0.0
2023-09-12,0.0,0.0,0.0,-1454108.6641675003,0.0,-1454108.6641675003,-0.0,5749657.178627501,-0.022017533590192827,0.0,0.0,0.0
2023-09-13,0.0,0.0,0.0,-1454108.6641675003,0.0,-1454108.6641675003,-0.0,5749657.178627501,-0.022017533590192827,0.0,0.0,0.0
2023-09-14,0.0,0.0,0.0,-1454108.6641675003,0.0,-1454108.6641675003,-0.0,5749657.178627501,-0.022017533590192827,0.0,0.0,0.0
2023-09-15,0.0,0.0,0.0,-1454108.6641675003,0.0,-1454108.6641675003,-0.0,5749657.178627501,-0.022017533590192827,0.0,0.0,0.0
2023-09-18,-4151798.1936775,-4151798.1936775,4050703.0,-1555203.8578450002,-101095.19367749989,-1454108.6641675003,4151798.1936775,5749657.178627501,-0.022155475550763724,-0.017582821120759817,-0.023534874146383333,-0.023534874146383306
2023-09-19,4050702.871967499,0.0,0.0,-1555203.9858775006,0.0,-1555203.9858775006,-0.0,5749657.178627501,-0.02215547737471813,-2.226784939773907e-08,-3.0524240135498815e-08,-3.0524240132937784e-08
2023-09-20,0.0,0.0,0.0,-1555203.9858775006,0.0,-1555203.9858775006,-0.0,5749657.178627501,-0.02215547737471813,0.0,0.0,0.0
2023-09-21,0.0,0.0,0.0,-1555203.9858775006,0.0,-1555203.9858775006,-0.0,5749657.178627501,-0.02215547737471813,0.0,0.0,0.0
2023-09-22,0.0,0.0,0.0,-1555203.9858775006,0.0,-1555203.9858775006,-0.0,5749657.178627501,-0.02215547737471813,0.0,0.0,0.0
2023-09-25,0.0,0.0,0.0,-1555203.9858775006,0.0,-1555203.9858775006,-0.0,5749657.178627501,-0.02215547737471813,0.0,0.0,0.0
2023-09-26,0.0,0.0,0.0,-1555203.9858775006,0.0,-1555203.9858775006,-0.0,5749657.178627501,-0.02215547737471813,0.0,0.0,0.0
2023-09-27,0.0,0.0,0.0,-1555203.9858775006,0.0,-1555203.9858775006,-0.0,5749657.178627501,-0.02215547737471813,0.0,0.0,0.0
2023-09-28,0.0,0.0,0.0,-1555203.9858775006,0.0,-1555203.9858775006,-0.0,5749657.178627501,-0.02215547737471813,0.0,0.0,0.0
2023-10-02,0.0,0.0,0.0,-1555203.9858775006,0.0,-1555203.9858775006,-0.0,5749657.178627501,-0.02215547737471813,0.0,0.0,0.0
2023-10-03,0.0,0.0,0.0,-1555203.9858775006,0.0,-1555203.9858775006,-0.0,5749657.178627501,-0.02215547737471813,0.0,0.0,0.0
2023-10-04,0.0,0.0,0.0,-1555203.9858775006,0.0,-1555203.9858775006,-0.0,5749657.178627501,-0.02215547737471813,0.0,0.0,0.0
2023-10-05,0.0,0.0,0.0,-1555203.9858775006,0.0,-1555203.9858775006,-0.0,5749657.178627501,-0.02215547737471813,0.0,0.0,0.0
2023-10-06,0.0,0.0,0.0,-1555203.9858775006,0.0,-1555203.9858775006,-0.0,5749657.178627501,-0.02215547737471813,0.0,0.0,0.0
2023-10-11,0.0,0.0,0.0,-1555203.9858775006,0.0,-1555203.9858775006,-0.0,5749657.178627501,-0.02215547737471813,0.0,0.0,0.0
2023-10-12,0.0,0.0,0.0,-1555203.9858775006,0.0,-1555203.9858775006,-0.0,5749657.178627501,-0.02215547737471813,0.0,0.0,0.0
2023-10-13,0.0,0.0,0.0,-1555203.9858775006,0.0,-1555203.9858775006,-0.0,5749657.178627501,-0.02215547737471813,0.0,0.0,0.0
2023-10-16,0.0,0.0,0.0,-1555203.9858775006,0.0,-1555203.9858775006,-0.0,5749657.178627501,-0.02215547737471813,0.0,0.0,0.0
2023-10-17,0.0,0.0,0.0,-1555203.9858775006,0.0,-1555203.9858775006,-0.0,5749657.178627501,-0.02215547737471813,0.0,0.0,0.0
2023-10-18,0.0,0.0,0.0,-1555203.9858775006,0.0,-1555203.9858775006,-0.0,5749657.178627501,-0.02215547737471813,0.0,0.0,0.0
2023-10-19,0.0,0.0,0.0,-1555203.9858775006,0.0,-1555203.9858775006,-0.0,5749657.178627501,-0.02215547737471813,0.0,0.0,0.0
2023-10-20,0.0,0.0,0.0,-1555203.9858775006,0.0,-1555203.9858775006,-0.0,5749657.178627501,-0.02215547737471813,0.0,0.0,0.0
2023-10-23,0.0,0.0,0.0,-1555203.9858775006,0.0,-1555203.9858775006,-0.0,5749657.178627501,-0.02215547737471813,0.0,0.0,0.0
2023-10-24,0.0,0.0,0.0,-1555203.9858775006,0.0,-1555203.9858775006,-0.0,5749657.178627501,-0.02215547737471813,0.0,0.0,0.0
2023-10-25,0.0,0.0,0.0,-1555203.9858775006,0.0,-1555203.9858775006,-0.0,5749657.178627501,-0.02215547737471813,0.0,0.0,0.0
2023-10-26,0.0,0.0,0.0,-1555203.9858775006,0.0,-1555203.9858775006,-0.0,5749657.178627501,-0.02215547737471813,0.0,0.0,0.0
2023-10-27,0.0,0.0,0.0,-1555203.9858775006,0.0,-1555203.9858775006,-0.0,5749657.178627501,-0.02215547737471813,0.0,0.0,0.0
2023-10-30,0.0,0.0,0.0,-1555203.9858775006,0.0,-1555203.9858775006,-0.0,5749657.178627501,-0.02215547737471813,0.0,0.0,0.0
2023-10-31,0.0,0.0,0.0,-1555203.9858775006,0.0,-1555203.9858775006,-0.0,5749657.178627501,-0.02215547737471813,0.0,0.0,0.0
2023-11-01,0.0,0.0,0.0,-1555203.9858775006,0.0,-1555203.9858775006,-0.0,5749657.178627501,-0.02215547737471813,0.0,0.0,0.0
2023-11-02,0.0,0.0,0.0,-1555203.9858775006,0.0,-1555203.9858775006,-0.0,5749657.178627501,-0.02215547737471813,0.0,0.0,0.0
2023-11-03,0.0,0.0,0.0,-1555203.9858775006,0.0,-1555203.9858775006,-0.0,5749657.178627501,-0.02215547737471813,0.0,0.0,0.0
2023-11-06,0.0,0.0,0.0,-1555203.9858775006,0.0,-1555203.9858775006,-0.0,5749657.178627501,-0.02215547737471813,0.0,0.0,0.0
2023-11-07,0.0,0.0,0.0,-1555203.9858775006,0.0,-1555203.9858775006,-0.0,5749657.178627501,-0.02215547737471813,0.0,0.0,0.0
2023-11-08,0.0,0.0,0.0,-1555203.9858775006,0.0,-1555203.9858775006,-0.0,5749657.178627501,-0.02215547737471813,0.0,0.0,0.0
2023-11-09,0.0,0.0,0.0,-1555203.9858775006,0.0,-1555203.9858775006,-0.0,5749657.178627501,-0.02215547737471813,0.0,0.0,0.0
2023-11-10,0.0,0.0,0.0,-1555203.9858775006,0.0,-1555203.9858775006,-0.0,5749657.178627501,-0.02215547737471813,0.0,0.0,0.0
2023-11-13,0.0,0.0,0.0,-1555203.9858775006,0.0,-1555203.9858775006,-0.0,5749657.178627501,-0.02215547737471813,0.0,0.0,0.0
2023-11-14,0.0,0.0,0.0,-1555203.9858775006,0.0,-1555203.9858775006,-0.0,5749657.178627501,-0.02215547737471813,0.0,0.0,0.0
2023-11-15,0.0,0.0,0.0,-1555203.9858775006,0.0,-1555203.9858775006,-0.0,5749657.178627501,-0.02215547737471813,0.0,0.0,0.0
2023-11-16,0.0,0.0,0.0,-1555203.9858775006,0.0,-1555203.9858775006,-0.0,5749657.178627501,-0.02215547737471813,0.0,0.0,0.0
2023-11-17,0.0,0.0,0.0,-1555203.9858775006,0.0,-1555203.9858775006,-0.0,5749657.178627501,-0.02215547737471813,0.0,0.0,0.0
2023-11-20,0.0,0.0,0.0,-1555203.9858775006,0.0,-1555203.9858775006,-0.0,5749657.178627501,-0.02215547737471813,0.0,0.0,0.0
2023-11-21,0.0,0.0,0.0,-1555203.9858775006,0.0,-1555203.9858775006,-0.0,5749657.178627501,-0.02215547737471813,0.0,0.0,0.0
2023-11-22,-4181563.2485249992,-4181563.2485249997,4244001.0,-1492766.2344025003,62437.75147500029,-1555203.9858775006,4181563.2485249997,5749657.178627501,-0.020070381600317797,0.010859386835634699,0.014885790496582896,0.014885790496583026
2023-11-23,0.0,-4181563.2485249997,4169545.0,-1567222.2344025003,-12018.248524999712,-1555203.9858775006,4181563.2485249997,5749657.178627501,-0.021071449482209834,-0.012949641637203357,-0.017490699427244794,-0.017490699427244846
2023-11-24,0.0,-4181563.2485249997,4144727.0,-1592040.2344025003,-36836.24852499971,-1555203.9858775006,4181563.2485249997,5749657.178627501,-0.021405129812778177,-0.004316431263459153,-0.005933863964642905,-0.0059338639646429065
2023-11-27,0.0,-4181563.2485249997,4082680.0,-1654087.2344025003,-98883.24852499971,-1555203.9858775006,4181563.2485249997,5749657.178627501,-0.02223935752938604,-0.010791426005473781,-0.014923693267650417,-0.01492369326765043
2023-11-28,4119908.1773849986,0.0,0.0,-1616859.0570175012,0.0,-1616859.0570175012,-0.0,5749657.178627501,-0.021738821203482122,0.00647485167000611,0.009089864876436149,0.009089864876436324
2023-11-29,0.0,0.0,0.0,-1616859.0570175012,0.0,-1616859.0570175012,-0.0,5749657.178627501,-0.021738821203482122,0.0,0.0,0.0
2023-11-30,0.0,0.0,0.0,-1616859.0570175012,0.0,-1616859.0570175012,-0.0,5749657.178627501,-0.021738821203482122,0.0,0.0,0.0
2023-12-01,-4188765.4971249998,-4188765.4971249998,4200092.0,-1605532.554142501,11326.502875000238,-1616859.0570175012,4188765.4971249998,5805624.554142501,-0.020435634238974522,0.004661870303772908,0.006485716279670761,0.00270401933046247
2023-12-04,0.0,-4188765.4971249998,4223956.0,-1581668.554142501,35190.50287500024,-1616859.0570175012,4188765.4971249998,5805624.554142501,-0.020131887065352527,0.004110496601605507,0.00568178030386024,0.005681780303860011
2023-12-05,0.0,-4188765.4971249998,4092702.0,-1712922.554142501,-96063.49712499976,-1616859.0570175012,4188765.4971249998,5805624.554142501,-0.021802521976791573,-0.022608075802343475,-0.0310737138360343,-0.031073713836034276
2023-12-06,4116568.222375,0.0,0.0,-1689056.331767501,0.0,-1689056.331767501,-0.0,5805624.554142501,-0.021498746516204904,0.004110879398491363,0.005831409756928307,0.005831409756928282
2023-12-07,0.0,0.0,0.0,-1689056.331767501,0.0,-1689056.331767501,-0.0,5805624.554142501,-0.021498746516204904,0.0,0.0,0.0
2023-12-08,0.0,0.0,0.0,-1689056.331767501,0.0,-1689056.331767501,-0.0,5805624.554142501,-0.021498746516204904,0.0,0.0,0.0
2023-12-11,0.0,0.0,0.0,-1689056.331767501,0.0,-1689056.331767501,-0.0,5805624.554142501,-0.021498746516204904,0.0,0.0,0.0
2023-12-12,0.0,0.0,0.0,-1689056.331767501,0.0,-1689056.331767501,-0.0,5805624.554142501,-0.021498746516204904,0.0,0.0,0.0
2023-12-13,0.0,0.0,0.0,-1689056.331767501,0.0,-1689056.331767501,-0.0,5805624.554142501,-0.021498746516204904,0.0,0.0,0.0
2023-12-14,0.0,0.0,0.0,-1689056.331767501,0.0,-1689056.331767501,-0.0,5805624.554142501,-0.021498746516204904,0.0,0.0,0.0
2023-12-15,0.0,0.0,0.0,-1689056.331767501,0.0,-1689056.331767501,-0.0,5805624.554142501,-0.021498746516204904,0.0,0.0,0.0
2023-12-18,0.0,0.0,0.0,-1689056.331767501,0.0,-1689056.331767501,-0.0,5805624.554142501,-0.021498746516204904,0.0,0.0,0.0
2023-12-19,0.0,0.0,0.0,-1689056.331767501,0.0,-1689056.331767501,-0.0,5805624.554142501,-0.021498746516204904,0.0,0.0,0.0
2023-12-20,0.0,0.0,0.0,-1689056.331767501,0.0,-1689056.331767501,-0.0,5805624.554142501,-0.021498746516204904,0.0,0.0,0.0
2023-12-21,0.0,0.0,0.0,-1689056.331767501,0.0,-1689056.331767501,-0.0,5805624.554142501,-0.021498746516204904,0.0,0.0,0.0
2023-12-22,0.0,0.0,0.0,-1689056.331767501,0.0,-1689056.331767501,-0.0,5805624.554142501,-0.021498746516204904,0.0,0.0,0.0
2023-12-25,0.0,0.0,0.0,-1689056.331767501,0.0,-1689056.331767501,-0.0,5805624.554142501,-0.021498746516204904,0.0,0.0,0.0
2023-12-26,0.0,0.0,0.0,-1689056.331767501,0.0,-1689056.331767501,-0.0,5805624.554142501,-0.021498746516204904,0.0,0.0,0.0
2023-12-27,0.0,0.0,0.0,-1689056.331767501,0.0,-1689056.331767501,-0.0,5805624.554142501,-0.021498746516204904,0.0,0.0,0.0
2023-12-28,0.0,0.0,0.0,-1689056.331767501,0.0,-1689056.331767501,-0.0,5805624.554142501,-0.021498746516204904,0.0,0.0,0.0
2023-12-29,0.0,0.0,0.0,-1689056.331767501,0.0,-1689056.331767501,-0.0,5805624.554142501,-0.021498746516204904,0.0,0.0,0.0
2024-01-02,0.0,0.0,0.0,-1689056.331767501,0.0,-1689056.331767501,-0.0,5805624.554142501,-0.021498746516204904,0.0,0.0,0.0
2024-01-03,0.0,0.0,0.0,-1689056.331767501,0.0,-1689056.331767501,-0.0,5805624.554142501,-0.021498746516204904,0.0,0.0,0.0
2024-01-04,0.0,0.0,0.0,-1689056.331767501,0.0,-1689056.331767501,-0.0,5805624.554142501,-0.021498746516204904,0.0,0.0,0.0
2024-01-05,0.0,0.0,0.0,-1689056.331767501,0.0,-1689056.331767501,-0.0,5805624.554142501,-0.021498746516204904,0.0,0.0,0.0
2024-01-08,0.0,0.0,0.0,-1689056.331767501,0.0,-1689056.331767501,-0.0,5805624.554142501,-0.021498746516204904,0.0,0.0,0.0
2024-01-09,0.0,0.0,0.0,-1689056.331767501,0.0,-1689056.331767501,-0.0,5805624.554142501,-0.021498746516204904,0.0,0.0,0.0
2024-01-10,0.0,0.0,0.0,-1689056.331767501,0.0,-1689056.331767501,-0.0,5805624.554142501,-0.021498746516204904,0.0,0.0,0.0
2024-01-11,0.0,0.0,0.0,-1689056.331767501,0.0,-1689056.331767501,-0.0,5805624.554142501,-0.021498746516204904,0.0,0.0,0.0
2024-01-12,0.0,0.0,0.0,-1689056.331767501,0.0,-1689056.331767501,-0.0,5805624.554142501,-0.021498746516204904,0.0,0.0,0.0
2024-01-15,0.0,0.0,0.0,-1689056.331767501,0.0,-1689056.331767501,-0.0,5805624.554142501,-0.021498746516204904,0.0,0.0,0.0
2024-01-16,0.0,0.0,0.0,-1689056.331767501,0.0,-1689056.331767501,-0.0,5805624.554142501,-0.021498746516204904,0.0,0.0,0.0
2024-01-17,0.0,0.0,0.0,-1689056.331767501,0.0,-1689056.331767501,-0.0,5805624.554142501,-0.021498746516204904,0.0,0.0,0.0
2024-01-18,0.0,0.0,0.0,-1689056.331767501,0.0,-1689056.331767501,-0.0,5805624.554142501,-0.021498746516204904,0.0,0.0,0.0
2024-01-19,0.0,0.0,0.0,-1689056.331767501,0.0,-1689056.331767501,-0.0,5805624.554142501,-0.021498746516204904,0.0,0.0,0.0
2024-01-22,-4140757.1826250004,-4140757.1826250004,4176228.0,-1653585.5143925014,35470.817374999635,-1689056.331767501,4140757.1826250004,5829813.514392502,-0.019993514005908587,0.007291523085848295,0.010283285294340194,0.008566263562577024
2024-01-23,0.0,-4140757.1826250004,4164296.0,-1665517.5143925014,23538.817374999635,-1689056.331767501,4140757.1826250004,5829813.514392502,-0.020137783901261502,-0.0020467207005065435,-0.0028571237011004724,-0.0028571237011006103
2024-01-24,0.0,-4140757.1826250004,4044974.0,-1784839.5143925014,-95783.18262500037,-1689056.331767501,4140757.1826250004,5829813.514392502,-0.021580507036804617,-0.02046755006921247,-0.028653582742437234,-0.028653582742437136
2024-01-25,0.0,-4140757.1826250004,4188160.0,-1641653.5143925014,47402.817374999635,-1689056.331767501,4140757.1826250004,5829813.514392502,-0.01984924411055567,0.024560991470225557,0.035398496998992,0.035398496998991835
2024-01-26,0.0,-4140757.1826250004,4092702.0,-1737111.5143925014,-48055.182625000365,-1689056.331767501,4140757.1826250004,5829813.514392502,-0.021003427455392958,-0.016374108668199328,-0.022792347952322656,-0.02279234795232274
2024-01-29,4104633.7670625006,0.0,0.0,-1725179.747330001,0.0,-1725179.747330001,-0.0,5829813.514392502,-0.02085916037648898,0.0020466807442542367,0.00291537645851081,0.0029153764585108694
2024-01-30,0.0,0.0,0.0,-1725179.747330001,0.0,-1725179.747330001,-0.0,5829813.514392502,-0.02085916037648898,0.0,0.0,0.0
2024-01-31,0.0,0.0,0.0,-1725179.747330001,0.0,-1725179.747330001,-0.0,5829813.514392502,-0.02085916037648898,0.0,0.0,0.0
2024-02-01,0.0,0.0,0.0,-1725179.747330001,0.0,-1725179.747330001,-0.0,5829813.514392502,-0.02085916037648898,0.0,0.0,0.0
2024-02-02,0.0,0.0,0.0,-1725179.747330001,0.0,-1725179.747330001,-0.0,5829813.514392502,-0.02085916037648898,0.0,0.0,0.0
2024-02-05,0.0,0.0,0.0,-1725179.747330001,0.0,-1725179.747330001,-0.0,5829813.514392502,-0.02085916037648898,0.0,0.0,0.0
2024-02-15,0.0,0.0,0.0,-1725179.747330001,0.0,-1725179.747330001,-0.0,5829813.514392502,-0.02085916037648898,0.0,0.0,0.0
2024-02-16,0.0,0.0,0.0,-1725179.747330001,0.0,-1725179.747330001,-0.0,5829813.514392502,-0.02085916037648898,0.0,0.0,0.0
2024-02-19,0.0,0.0,0.0,-1725179.747330001,0.0,-1725179.747330001,-0.0,5829813.514392502,-0.02085916037648898,0.0,0.0,0.0
2024-02-20,-4087465.349825,-4087465.349825,4000587.0,-1812058.097155001,-86878.34982499992,-1725179.747330001,4087465.349825,5829813.514392502,-0.02087779372337104,-0.014902423484133231,-0.021165919971265712,-0.021165919971265743
2024-02-21,0.0,-4087465.349825,3979587.0,-1833058.097155001,-107878.34982499992,-1725179.747330001,4087465.349825,5829813.514392502,-0.0211197471512877,-0.0036021735426279844,-0.005226799000731419,-0.005226799000731365
2024-02-22,0.0,-4087465.349825,3969087.0,-1843558.097155001,-118378.34982499992,-1725179.747330001,4087465.349825,5829813.514392502,-0.02124072386524603,-0.00180108677131402,-0.002627130985977888,-0.002627130985977983
2024-02-23,4011087.0511249993,0.0,0.0,-1801558.0460300015,0.0,-1801558.0460300015,-0.0,5829813.514392502,-0.020756816420371336,0.0072043558548332,0.010536216757055072,0.010536216757055128
2024-02-26,0.0,0.0,0.0,-1801558.0460300015,0.0,-1801558.0460300015,-0.0,5829813.514392502,-0.020756816420371336,0.0,0.0,0.0
2024-02-27,0.0,0.0,0.0,-1801558.0460300015,0.0,-1801558.0460300015,-0.0,5829813.514392502,-0.020756816420371336,0.0,0.0,0.0
2024-02-29,0.0,0.0,0.0,-1801558.0460300015,0.0,-1801558.0460300015,-0.0,5829813.514392502,-0.020756816420371336,0.0,0.0,0.0
2024-03-01,0.0,0.0,0.0,-1801558.0460300015,0.0,-1801558.0460300015,-0.0,5829813.514392502,-0.020756816420371336,0.0,0.0,0.0
2024-03-04,0.0,0.0,0.0,-1801558.0460300015,0.0,-1801558.0460300015,-0.0,5829813.514392502,-0.020756816420371336,0.0,0.0,0.0
2024-03-05,0.0,0.0,0.0,-1801558.0460300015,0.0,-1801558.0460300015,-0.0,5829813.514392502,-0.020756816420371336,0.0,0.0,0.0
2024-03-06,0.0,0.0,0.0,-1801558.0460300015,0.0,-1801558.0460300015,-0.0,5829813.514392502,-0.020756816420371336,0.0,0.0,0.0
2024-03-07,0.0,0.0,0.0,-1801558.0460300015,0.0,-1801558.0460300015,-0.0,5829813.514392502,-0.020756816420371336,0.0,0.0,0.0
2024-03-08,0.0,0.0,0.0,-1801558.0460300015,0.0,-1801558.0460300015,-0.0,5829813.514392502,-0.020756816420371336,0.0,0.0,0.0
2024-03-11,0.0,0.0,0.0,-1801558.0460300015,0.0,-1801558.0460300015,-0.0,5829813.514392502,-0.020756816420371336,0.0,0.0,0.0
2024-03-12,0.0,0.0,0.0,-1801558.0460300015,0.0,-1801558.0460300015,-0.0,5829813.514392502,-0.020756816420371336,0.0,0.0,0.0
2024-03-13,0.0,0.0,0.0,-1801558.0460300015,0.0,-1801558.0460300015,-0.0,5829813.514392502,-0.020756816420371336,0.0,0.0,0.0
2024-03-14,0.0,0.0,0.0,-1801558.0460300015,0.0,-1801558.0460300015,-0.0,5829813.514392502,-0.020756816420371336,0.0,0.0,0.0
2024-03-15,0.0,0.0,0.0,-1801558.0460300015,0.0,-1801558.0460300015,-0.0,5829813.514392502,-0.020756816420371336,0.0,0.0,0.0
2024-03-18,0.0,0.0,0.0,-1801558.0460300015,0.0,-1801558.0460300015,-0.0,5829813.514392502,-0.020756816420371336,0.0,0.0,0.0
2024-03-19,-3992408.887115,-3992408.887115,4042587.0,-1751379.9331450013,50178.112885000184,-1801558.0460300015,3992408.887115,5829813.514392502,-0.01929130573625251,0.008607155745397665,0.012456536900177673,0.012456536900177725
2024-03-20,0.0,-3992408.887115,4126591.0,-1667375.9331450013,134182.11288500018,-1801558.0460300015,3992408.887115,5829813.514392502,-0.01836600859403957,0.014409380298805952,0.020597123460891487,0.020597123460891348
2024-03-21,0.0,-3992408.887115,4200092.0,-1593874.9331450013,207683.11288500018,-1801558.0460300015,3992408.887115,5829813.514392502,-0.017556401131897374,0.012607778931271518,0.017658162690807444,0.017658162690807593
2024-03-22,0.0,-3992408.887115,4200092.0,-1593874.9331450013,207683.11288500018,-1801558.0460300015,3992408.887115,5829813.514392502,-0.017556401131897374,0.0,0.0,0.0
2024-03-25,0.0,-3992408.887115,4158091.0,-1635875.9331450013,165682.11288500018,-1801558.0460300015,3992408.887115,5829813.514392502,-0.018019038688086193,-0.007204518617329514,-0.009915394001683175,-0.009915394001683222
2024-03-26,4200091.58877,0.0,0.0,-1593875.3443750017,0.0,-1593875.3443750017,-0.0,5829813.514392502,-0.017556405661561966,0.007204448078194925,0.0100145955814408,0.010014595581440761
2024-03-27,0.0,0.0,0.0,-1593875.3443750017,0.0,-1593875.3443750017,-0.0,5829813.514392502,-0.017556405661561966,0.0,0.0,0.0
2024-03-28,0.0,0.0,0.0,-1593875.3443750017,0.0,-1593875.3443750017,-0.0,5829813.514392502,-0.017556405661561966,0.0,0.0,0.0
2024-03-29,0.0,0.0,0.0,-1593875.3443750017,0.0,-1593875.3443750017,-0.0,5829813.514392502,-0.017556405661561966,0.0,0.0,0.0
2024-04-01,0.0,0.0,0.0,-1593875.3443750017,0.0,-1593875.3443750017,-0.0,5829813.514392502,-0.017556405661561966,0.0,0.0,0.0
2024-04-02,0.0,0.0,0.0,-1593875.3443750017,0.0,-1593875.3443750017,-0.0,5829813.514392502,-0.017556405661561966,0.0,0.0,0.0
2024-04-03,0.0,0.0,0.0,-1593875.3443750017,0.0,-1593875.3443750017,-0.0,5829813.514392502,-0.017556405661561966,0.0,0.0,0.0
2024-04-08,0.0,0.0,0.0,-1593875.3443750017,0.0,-1593875.3443750017,-0.0,5829813.514392502,-0.017556405661561966,0.0,0.0,0.0
2024-04-09,0.0,0.0,0.0,-1593875.3443750017,0.0,-1593875.3443750017,-0.0,5829813.514392502,-0.017556405661561966,0.0,0.0,0.0
2024-04-10,0.0,0.0,0.0,-1593875.3443750017,0.0,-1593875.3443750017,-0.0,5829813.514392502,-0.017556405661561966,0.0,0.0,0.0
2024-04-11,0.0,0.0,0.0,-1593875.3443750017,0.0,-1593875.3443750017,-0.0,5829813.514392502,-0.017556405661561966,0.0,0.0,0.0
2024-04-12,0.0,0.0,0.0,-1593875.3443750017,0.0,-1593875.3443750017,-0.0,5829813.514392502,-0.017556405661561966,0.0,0.0,0.0
2024-04-15,0.0,0.0,0.0,-1593875.3443750017,0.0,-1593875.3443750017,-0.0,5829813.514392502,-0.017556405661561966,0.0,0.0,0.0
2024-04-16,0.0,0.0,0.0,-1593875.3443750017,0.0,-1593875.3443750017,-0.0,5829813.514392502,-0.017556405661561966,0.0,0.0,0.0
2024-04-17,0.0,0.0,0.0,-1593875.3443750017,0.0,-1593875.3443750017,-0.0,5829813.514392502,-0.017556405661561966,0.0,0.0,0.0
2024-04-18,0.0,0.0,0.0,-1593875.3443750017,0.0,-1593875.3443750017,-0.0,5829813.514392502,-0.017556405661561966,0.0,0.0,0.0
2024-04-19,0.0,0.0,0.0,-1593875.3443750017,0.0,-1593875.3443750017,-0.0,5829813.514392502,-0.017556405661561966,0.0,0.0,0.0
2024-04-22,0.0,0.0,0.0,-1593875.3443750017,0.0,-1593875.3443750017,-0.0,5829813.514392502,-0.017556405661561966,0.0,0.0,0.0
2024-04-23,0.0,0.0,0.0,-1593875.3443750017,0.0,-1593875.3443750017,-0.0,5829813.514392502,-0.017556405661561966,0.0,0.0,0.0
2024-04-24,0.0,0.0,0.0,-1593875.3443750017,0.0,-1593875.3443750017,-0.0,5829813.514392502,-0.017556405661561966,0.0,0.0,0.0
2024-04-25,0.0,0.0,0.0,-1593875.3443750017,0.0,-1593875.3443750017,-0.0,5829813.514392502,-0.017556405661561966,0.0,0.0,0.0
2024-04-26,0.0,0.0,0.0,-1593875.3443750017,0.0,-1593875.3443750017,-0.0,5829813.514392502,-0.017556405661561966,0.0,0.0,0.0
2024-04-29,0.0,0.0,0.0,-1593875.3443750017,0.0,-1593875.3443750017,-0.0,5829813.514392502,-0.017556405661561966,0.0,0.0,0.0
2024-04-30,0.0,0.0,0.0,-1593875.3443750017,0.0,-1593875.3443750017,-0.0,5829813.514392502,-0.017556405661561966,0.0,0.0,0.0
2024-05-02,0.0,0.0,0.0,-1593875.3443750017,0.0,-1593875.3443750017,-0.0,5829813.514392502,-0.017556405661561966,0.0,0.0,0.0
2024-05-03,0.0,0.0,0.0,-1593875.3443750017,0.0,-1593875.3443750017,-0.0,5829813.514392502,-0.017556405661561966,0.0,0.0,0.0
2024-05-06,0.0,0.0,0.0,-1593875.3443750017,0.0,-1593875.3443750017,-0.0,5829813.514392502,-0.017556405661561966,0.0,0.0,0.0
2024-05-07,0.0,0.0,0.0,-1593875.3443750017,0.0,-1593875.3443750017,-0.0,5829813.514392502,-0.017556405661561966,0.0,0.0,0.0
2024-05-08,0.0,0.0,0.0,-1593875.3443750017,0.0,-1593875.3443750017,-0.0,5829813.514392502,-0.017556405661561966,0.0,0.0,0.0
2024-05-09,0.0,0.0,0.0,-1593875.3443750017,0.0,-1593875.3443750017,-0.0,5829813.514392502,-0.017556405661561966,0.0,0.0,0.0
2024-05-10,0.0,0.0,0.0,-1593875.3443750017,0.0,-1593875.3443750017,-0.0,5829813.514392502,-0.017556405661561966,0.0,0.0,0.0
2024-05-13,-4173879.7150699995,-4173879.7150699995,4094610.0,-1673145.0594450012,-79269.71506999945,-1593875.3443750017,4173879.7150699995,5829813.514392502,-0.01761949958527576,-0.013597298588419737,-0.018713614762151276,-0.018713614762151255
2024-05-14,4061677.9912099997,0.0,0.0,-1706077.0682350015,0.0,-1706077.0682350015,-0.0,5829813.514392502,-0.017966298873204913,-0.005648895750901606,-0.007922693172894957,-0.007922693172894945
2024-05-15,0.0,0.0,0.0,-1706077.0682350015,0.0,-1706077.0682350015,-0.0,5829813.514392502,-0.017966298873204913,0.0,0.0,0.0
2024-05-16,0.0,0.0,0.0,-1706077.0682350015,0.0,-1706077.0682350015,-0.0,5829813.514392502,-0.017966298873204913,0.0,0.0,0.0
2024-05-17,0.0,0.0,0.0,-1706077.0682350015,0.0,-1706077.0682350015,-0.0,5829813.514392502,-0.017966298873204913,0.0,0.0,0.0
2024-05-20,0.0,0.0,0.0,-1706077.0682350015,0.0,-1706077.0682350015,-0.0,5829813.514392502,-0.017966298873204913,0.0,0.0,0.0
2024-05-21,0.0,0.0,0.0,-1706077.0682350015,0.0,-1706077.0682350015,-0.0,5829813.514392502,-0.017966298873204913,0.0,0.0,0.0
2024-05-22,0.0,0.0,0.0,-1706077.0682350015,0.0,-1706077.0682350015,-0.0,5829813.514392502,-0.017966298873204913,0.0,0.0,0.0
2024-05-23,0.0,0.0,0.0,-1706077.0682350015,0.0,-1706077.0682350015,-0.0,5829813.514392502,-0.017966298873204913,0.0,0.0,0.0
2024-05-24,0.0,0.0,0.0,-1706077.0682350015,0.0,-1706077.0682350015,-0.0,5829813.514392502,-0.017966298873204913,0.0,0.0,0.0
2024-05-27,0.0,0.0,0.0,-1706077.0682350015,0.0,-1706077.0682350015,-0.0,5829813.514392502,-0.017966298873204913,0.0,0.0,0.0
2024-05-28,0.0,0.0,0.0,-1706077.0682350015,0.0,-1706077.0682350015,-0.0,5829813.514392502,-0.017966298873204913,0.0,0.0,0.0
2024-05-29,-4098027.1790150004,-4098027.1790150004,4011085.0,-1793019.2472500019,-86942.17901500035,-1706077.0682350015,4098027.1790150004,5829813.514392502,-0.018100723293953225,-0.014913372237441158,-0.021083350051629424,-0.0210833500516293
2024-05-30,4000584.7304499997,0.0,0.0,-1803519.516800002,0.0,-1803519.516800002,-0.0,5829813.514392502,-0.018206724651121015,-0.0018011330077843946,-0.002601140621771636,-0.0026011406217718506
2024-05-31,0.0,0.0,0.0,-1803519.516800002,0.0,-1803519.516800002,-0.0,5829813.514392502,-0.018206724651121015,0.0,0.0,0.0
2024-06-03,0.0,0.0,0.0,-1803519.516800002,0.0,-1803519.516800002,-0.0,5829813.514392502,-0.018206724651121015,0.0,0.0,0.0
2024-06-04,0.0,0.0,0.0,-1803519.516800002,0.0,-1803519.516800002,-0.0,5829813.514392502,-0.018206724651121015,0.0,0.0,0.0
2024-06-05,0.0,0.0,0.0,-1803519.516800002,0.0,-1803519.516800002,-0.0,5829813.514392502,-0.018206724651121015,0.0,0.0,0.0
2024-06-06,0.0,0.0,0.0,-1803519.516800002,0.0,-1803519.516800002,-0.0,5829813.514392502,-0.018206724651121015,0.0,0.0,0.0
2024-06-07,0.0,0.0,0.0,-1803519.516800002,0.0,-1803519.516800002,-0.0,5829813.514392502,-0.018206724651121015,0.0,0.0,0.0
2024-06-11,0.0,0.0,0.0,-1803519.516800002,0.0,-1803519.516800002,-0.0,5829813.514392502,-0.018206724651121015,0.0,0.0,0.0
2024-06-12,0.0,0.0,0.0,-1803519.516800002,0.0,-1803519.516800002,-0.0,5829813.514392502,-0.018206724651121015,0.0,0.0,0.0
2024-06-13,0.0,0.0,0.0,-1803519.516800002,0.0,-1803519.516800002,-0.0,5829813.514392502,-0.018206724651121015,0.0,0.0,0.0
2024-06-14,0.0,0.0,0.0,-1803519.516800002,0.0,-1803519.516800002,-0.0,5829813.514392502,-0.018206724651121015,0.0,0.0,0.0
2024-06-17,0.0,0.0,0.0,-1803519.516800002,0.0,-1803519.516800002,-0.0,5829813.514392502,-0.018206724651121015,0.0,0.0,0.0
2024-06-18,0.0,0.0,0.0,-1803519.516800002,0.0,-1803519.516800002,-0.0,5829813.514392502,-0.018206724651121015,0.0,0.0,0.0
2024-06-19,0.0,0.0,0.0,-1803519.516800002,0.0,-1803519.516800002,-0.0,5829813.514392502,-0.018206724651121015,0.0,0.0,0.0
2024-06-20,0.0,0.0,0.0,-1803519.516800002,0.0,-1803519.516800002,-0.0,5829813.514392502,-0.018206724651121015,0.0,0.0,0.0
2024-06-21,0.0,0.0,0.0,-1803519.516800002,0.0,-1803519.516800002,-0.0,5829813.514392502,-0.018206724651121015,0.0,0.0,0.0
2024-06-24,0.0,0.0,0.0,-1803519.516800002,0.0,-1803519.516800002,-0.0,5829813.514392502,-0.018206724651121015,0.0,0.0,0.0
2024-06-25,0.0,0.0,0.0,-1803519.516800002,0.0,-1803519.516800002,-0.0,5829813.514392502,-0.018206724651121015,0.0,0.0,0.0
2024-06-26,0.0,0.0,0.0,-1803519.516800002,0.0,-1803519.516800002,-0.0,5829813.514392502,-0.018206724651121015,0.0,0.0,0.0
2024-06-27,0.0,0.0,0.0,-1803519.516800002,0.0,-1803519.516800002,-0.0,5829813.514392502,-0.018206724651121015,0.0,0.0,0.0
2024-06-28,0.0,0.0,0.0,-1803519.516800002,0.0,-1803519.516800002,-0.0,5829813.514392502,-0.018206724651121015,0.0,0.0,0.0
2024-07-01,0.0,0.0,0.0,-1803519.516800002,0.0,-1803519.516800002,-0.0,5829813.514392502,-0.018206724651121015,0.0,0.0,0.0
2024-07-02,0.0,0.0,0.0,-1803519.516800002,0.0,-1803519.516800002,-0.0,5829813.514392502,-0.018206724651121015,0.0,0.0,0.0
2024-07-03,0.0,0.0,0.0,-1803519.516800002,0.0,-1803519.516800002,-0.0,5829813.514392502,-0.018206724651121015,0.0,0.0,0.0
2024-07-04,0.0,0.0,0.0,-1803519.516800002,0.0,-1803519.516800002,-0.0,5829813.514392502,-0.018206724651121015,0.0,0.0,0.0
2024-07-05,0.0,0.0,0.0,-1803519.516800002,0.0,-1803519.516800002,-0.0,5829813.514392502,-0.018206724651121015,0.0,0.0,0.0
2024-07-08,0.0,0.0,0.0,-1803519.516800002,0.0,-1803519.516800002,-0.0,5829813.514392502,-0.018206724651121015,0.0,0.0,0.0
2024-07-09,0.0,0.0,0.0,-1803519.516800002,0.0,-1803519.516800002,-0.0,5829813.514392502,-0.018206724651121015,0.0,0.0,0.0
2024-07-10,0.0,0.0,0.0,-1803519.516800002,0.0,-1803519.516800002,-0.0,5829813.514392502,-0.018206724651121015,0.0,0.0,0.0
2024-07-11,0.0,0.0,0.0,-1803519.516800002,0.0,-1803519.516800002,-0.0,5829813.514392502,-0.018206724651121015,0.0,0.0,0.0
2024-07-12,-4040582.6370249996,-4040582.637025,4059713.0,-1784389.153825002,19130.362974999938,-1803519.516800002,4040582.637025,5844102.153825002,-0.017307621623463516,0.0040298263886549,0.0058349281883745,0.004734555556345518
2024-07-15,0.0,-4040582.637025,4081079.0,-1763023.153825002,40496.36297499994,-1803519.516800002,4040582.637025,5844102.153825002,-0.01710038283655751,0.0036559935876575578,0.005262933611316578,0.005262933611316859
2024-07-16,0.0,-4040582.637025,4230648.0,-1613454.153825002,190065.36297499994,-1803519.516800002,4040582.637025,5844102.153825002,-0.015649643431954692,0.02559315290238484,0.03664937630464893,0.036649376304648845
2024-07-17,0.0,-4040582.637025,4604570.0,-1239532.153825002,563987.3629749999,-1803519.516800002,4040582.637025,5844102.153825002,-0.012022799770180554,0.06398279669962062,0.0883840962424669,0.08838409624246688
2024-07-18,0.0,-4040582.637025,4380217.0,-1463885.153825002,339634.36297499994,-1803519.516800002,4040582.637025,5844102.153825002,-0.01419890402735187,-0.03838964379723572,-0.04872398508438358,-0.04872398508438356
2024-07-19,4390900.904775,0.0,0.0,-1453201.2490500018,0.0,-1453201.2490500018,-0.0,5844102.153825002,-0.014095275858064672,0.0018281516123066777,0.0024391268229404517,0.002439126822940548
2024-07-22,0.0,0.0,0.0,-1453201.2490500018,0.0,-1453201.2490500018,-0.0,5844102.153825002,-0.014095275858064672,0.0,0.0,0.0
2024-07-23,0.0,0.0,0.0,-1453201.2490500018,0.0,-1453201.2490500018,-0.0,5844102.153825002,-0.014095275858064672,0.0,0.0,0.0
2024-07-26,0.0,0.0,0.0,-1453201.2490500018,0.0,-1453201.2490500018,-0.0,5844102.153825002,-0.014095275858064672,0.0,0.0,0.0
2024-07-29,0.0,0.0,0.0,-1453201.2490500018,0.0,-1453201.2490500018,-0.0,5844102.153825002,-0.014095275858064672,0.0,0.0,0.0
2024-07-30,0.0,0.0,0.0,-1453201.2490500018,0.0,-1453201.2490500018,-0.0,5844102.153825002,-0.014095275858064672,0.0,0.0,0.0
2024-07-31,0.0,0.0,0.0,-1453201.2490500018,0.0,-1453201.2490500018,-0.0,5844102.153825002,-0.014095275858064672,0.0,0.0,0.0
2024-08-01,0.0,0.0,0.0,-1453201.2490500018,0.0,-1453201.2490500018,-0.0,5844102.153825002,-0.014095275858064672,0.0,0.0,0.0
2024-08-02,0.0,0.0,0.0,-1453201.2490500018,0.0,-1453201.2490500018,-0.0,5844102.153825002,-0.014095275858064672,0.0,0.0,0.0
2024-08-05,0.0,0.0,0.0,-1453201.2490500018,0.0,-1453201.2490500018,-0.0,5844102.153825002,-0.014095275858064672,0.0,0.0,0.0
2024-08-06,0.0,0.0,0.0,-1453201.2490500018,0.0,-1453201.2490500018,-0.0,5844102.153825002,-0.014095275858064672,0.0,0.0,0.0
2024-08-07,0.0,0.0,0.0,-1453201.2490500018,0.0,-1453201.2490500018,-0.0,5844102.153825002,-0.014095275858064672,0.0,0.0,0.0
2024-08-08,0.0,0.0,0.0,-1453201.2490500018,0.0,-1453201.2490500018,-0.0,5844102.153825002,-0.014095275858064672,0.0,0.0,0.0
2024-08-09,0.0,0.0,0.0,-1453201.2490500018,0.0,-1453201.2490500018,-0.0,5844102.153825002,-0.014095275858064672,0.0,0.0,0.0
2024-08-12,0.0,0.0,0.0,-1453201.2490500018,0.0,-1453201.2490500018,-0.0,5844102.153825002,-0.014095275858064672,0.0,0.0,0.0
2024-08-13,0.0,0.0,0.0,-1453201.2490500018,0.0,-1453201.2490500018,-0.0,5844102.153825002,-0.014095275858064672,0.0,0.0,0.0
2024-08-14,0.0,0.0,0.0,-1453201.2490500018,0.0,-1453201.2490500018,-0.0,5844102.153825002,-0.014095275858064672,0.0,0.0,0.0
2024-08-15,0.0,0.0,0.0,-1453201.2490500018,0.0,-1453201.2490500018,-0.0,5844102.153825002,-0.014095275858064672,0.0,0.0,0.0
2024-08-16,0.0,0.0,0.0,-1453201.2490500018,0.0,-1453201.2490500018,-0.0,5844102.153825002,-0.014095275858064672,0.0,0.0,0.0
2024-08-19,0.0,0.0,0.0,-1453201.2490500018,0.0,-1453201.2490500018,-0.0,5844102.153825002,-0.014095275858064672,0.0,0.0,0.0
2024-08-20,0.0,0.0,0.0,-1453201.2490500018,0.0,-1453201.2490500018,-0.0,5844102.153825002,-0.014095275858064672,0.0,0.0,0.0
2024-08-21,0.0,0.0,0.0,-1453201.2490500018,0.0,-1453201.2490500018,-0.0,5844102.153825002,-0.014095275858064672,0.0,0.0,0.0
2024-08-22,0.0,0.0,0.0,-1453201.2490500018,0.0,-1453201.2490500018,-0.0,5844102.153825002,-0.014095275858064672,0.0,0.0,0.0
2024-08-23,0.0,0.0,0.0,-1453201.2490500018,0.0,-1453201.2490500018,-0.0,5844102.153825002,-0.014095275858064672,0.0,0.0,0.0
2024-08-26,0.0,0.0,0.0,-1453201.2490500018,0.0,-1453201.2490500018,-0.0,5844102.153825002,-0.014095275858064672,0.0,0.0,0.0
2024-08-27,0.0,0.0,0.0,-1453201.2490500018,0.0,-1453201.2490500018,-0.0,5844102.153825002,-0.014095275858064672,0.0,0.0,0.0
2024-08-28,0.0,0.0,0.0,-1453201.2490500018,0.0,-1453201.2490500018,-0.0,5844102.153825002,-0.014095275858064672,0.0,0.0,0.0
2024-08-29,0.0,0.0,0.0,-1453201.2490500018,0.0,-1453201.2490500018,-0.0,5844102.153825002,-0.014095275858064672,0.0,0.0,0.0
2024-08-30,0.0,0.0,0.0,-1453201.2490500018,0.0,-1453201.2490500018,-0.0,5844102.153825002,-0.014095275858064672,0.0,0.0,0.0
2024-09-02,0.0,0.0,0.0,-1453201.2490500018,0.0,-1453201.2490500018,-0.0,5844102.153825002,-0.014095275858064672,0.0,0.0,0.0
2024-09-03,0.0,0.0,0.0,-1453201.2490500018,0.0,-1453201.2490500018,-0.0,5844102.153825002,-0.014095275858064672,0.0,0.0,0.0
2024-09-04,0.0,0.0,0.0,-1453201.2490500018,0.0,-1453201.2490500018,-0.0,5844102.153825002,-0.014095275858064672,0.0,0.0,0.0
2024-09-05,0.0,0.0,0.0,-1453201.2490500018,0.0,-1453201.2490500018,-0.0,5844102.153825002,-0.014095275858064672,0.0,0.0,0.0
2024-09-06,0.0,0.0,0.0,-1453201.2490500018,0.0,-1453201.2490500018,-0.0,5844102.153825002,-0.014095275858064672,0.0,0.0,0.0
2024-09-09,0.0,0.0,0.0,-1453201.2490500018,0.0,-1453201.2490500018,-0.0,5844102.153825002,-0.014095275858064672,0.0,0.0,0.0
2024-09-10,0.0,0.0,0.0,-1453201.2490500018,0.0,-1453201.2490500018,-0.0,5844102.153825002,-0.014095275858064672,0.0,0.0,0.0
2024-09-11,0.0,0.0,0.0,-1453201.2490500018,0.0,-1453201.2490500018,-0.0,5844102.153825002,-0.014095275858064672,0.0,0.0,0.0
2024-09-12,0.0,0.0,0.0,-1453201.2490500018,0.0,-1453201.2490500018,-0.0,5844102.153825002,-0.014095275858064672,0.0,0.0,0.0
2024-09-13,0.0,0.0,0.0,-1453201.2490500018,0.0,-1453201.2490500018,-0.0,5844102.153825002,-0.014095275858064672,0.0,0.0,0.0
2024-09-16,0.0,0.0,0.0,-1453201.2490500018,0.0,-1453201.2490500018,-0.0,5844102.153825002,-0.014095275858064672,0.0,0.0,0.0
2024-09-18,0.0,0.0,0.0,-1453201.2490500018,0.0,-1453201.2490500018,-0.0,5844102.153825002,-0.014095275858064672,0.0,0.0,0.0
2024-09-19,0.0,0.0,0.0,-1453201.2490500018,0.0,-1453201.2490500018,-0.0,5844102.153825002,-0.014095275858064672,0.0,0.0,0.0
2024-09-20,0.0,0.0,0.0,-1453201.2490500018,0.0,-1453201.2490500018,-0.0,5844102.153825002,-0.014095275858064672,0.0,0.0,0.0
2024-09-23,0.0,0.0,0.0,-1453201.2490500018,0.0,-1453201.2490500018,-0.0,5844102.153825002,-0.014095275858064672,0.0,0.0,0.0
2024-09-24,0.0,0.0,0.0,-1453201.2490500018,0.0,-1453201.2490500018,-0.0,5844102.153825002,-0.014095275858064672,0.0,0.0,0.0
2024-09-25,0.0,0.0,0.0,-1453201.2490500018,0.0,-1453201.2490500018,-0.0,5844102.153825002,-0.014095275858064672,0.0,0.0,0.0
2024-09-26,0.0,0.0,0.0,-1453201.2490500018,0.0,-1453201.2490500018,-0.0,5844102.153825002,-0.014095275858064672,0.0,0.0,0.0
2024-09-27,0.0,0.0,0.0,-1453201.2490500018,0.0,-1453201.2490500018,-0.0,5844102.153825002,-0.014095275858064672,0.0,0.0,0.0
2024-09-30,0.0,0.0,0.0,-1453201.2490500018,0.0,-1453201.2490500018,-0.0,5844102.153825002,-0.014095275858064672,0.0,0.0,0.0
2024-10-01,0.0,0.0,0.0,-1453201.2490500018,0.0,-1453201.2490500018,-0.0,5844102.153825002,-0.014095275858064672,0.0,0.0,0.0
2024-10-04,0.0,0.0,0.0,-1453201.2490500018,0.0,-1453201.2490500018,-0.0,5844102.153825002,-0.014095275858064672,0.0,0.0,0.0
2024-10-07,0.0,0.0,0.0,-1453201.2490500018,0.0,-1453201.2490500018,-0.0,5844102.153825002,-0.014095275858064672,0.0,0.0,0.0
2024-10-08,0.0,0.0,0.0,-1453201.2490500018,0.0,-1453201.2490500018,-0.0,5844102.153825002,-0.014095275858064672,0.0,0.0,0.0
2024-10-09,0.0,0.0,0.0,-1453201.2490500018,0.0,-1453201.2490500018,-0.0,5844102.153825002,-0.014095275858064672,0.0,0.0,0.0
2024-10-11,0.0,0.0,0.0,-1453201.2490500018,0.0,-1453201.2490500018,-0.0,5844102.153825002,-0.014095275858064672,0.0,0.0,0.0
2024-10-14,0.0,0.0,0.0,-1453201.2490500018,0.0,-1453201.2490500018,-0.0,5844102.153825002,-0.014095275858064672,0.0,0.0,0.0
2024-10-15,0.0,0.0,0.0,-1453201.2490500018,0.0,-1453201.2490500018,-0.0,5844102.153825002,-0.014095275858064672,0.0,0.0,0.0
2024-10-16,0.0,0.0,0.0,-1453201.2490500018,0.0,-1453201.2490500018,-0.0,5844102.153825002,-0.014095275858064672,0.0,0.0,0.0
2024-10-17,0.0,0.0,0.0,-1453201.2490500018,0.0,-1453201.2490500018,-0.0,5844102.153825002,-0.014095275858064672,0.0,0.0,0.0
2024-10-18,0.0,0.0,0.0,-1453201.2490500018,0.0,-1453201.2490500018,-0.0,5844102.153825002,-0.014095275858064672,0.0,0.0,0.0
2024-10-21,0.0,0.0,0.0,-1453201.2490500018,0.0,-1453201.2490500018,-0.0,5844102.153825002,-0.014095275858064672,0.0,0.0,0.0
2024-10-22,-4128018.0552000003,-4128018.0552,4287465.0,-1293754.3042500017,159446.94480000017,-1453201.2490500018,4128018.0552,5844102.153825002,-0.012065623296029143,0.02728339454087761,0.036313036494767026,0.03631303649476703
2024-10-23,0.0,-4128018.0552,4392358.0,-1188861.3042500017,264339.9448000002,-1453201.2490500018,4128018.0552,5844102.153825002,-0.011087385449605852,0.01794852267107394,0.023051644284688644,0.023051644284688467
2024-10-24,0.0,-4128018.0552,4235019.0,-1346200.3042500017,107000.94480000017,-1453201.2490500018,4128018.0552,5844102.153825002,-0.012554737556213483,-0.026922698450269344,-0.033798251279386515,-0.03379825127938638
2024-10-25,0.0,-4128018.0552,4353021.0,-1228198.3042500017,225002.94480000017,-1453201.2490500018,4128018.0552,5844102.153825002,-0.011454244459880638,0.02019163883416497,0.02623489883647645,0.026234898836476353
2024-10-28,0.0,-4128018.0552,4353021.0,-1228198.3042500017,225002.94480000017,-1453201.2490500018,4128018.0552,5844102.153825002,-0.011454244459880638,0.0,0.0,0.0
2024-10-29,4326799.514152501,0.0,0.0,-1254419.7900975016,0.0,-1254419.7900975016,-0.0,5844102.153825002,-0.0116987874689039,-0.004486828798900749,-0.005680682852593266,-0.00568068285259326
2024-10-30,0.0,0.0,0.0,-1254419.7900975016,0.0,-1254419.7900975016,-0.0,5844102.153825002,-0.0116987874689039,0.0,0.0,0.0
2024-11-01,0.0,0.0,0.0,-1254419.7900975016,0.0,-1254419.7900975016,-0.0,5844102.153825002,-0.0116987874689039,0.0,0.0,0.0
2024-11-04,0.0,0.0,0.0,-1254419.7900975016,0.0,-1254419.7900975016,-0.0,5844102.153825002,-0.0116987874689039,0.0,0.0,0.0
2024-11-05,0.0,0.0,0.0,-1254419.7900975016,0.0,-1254419.7900975016,-0.0,5844102.153825002,-0.0116987874689039,0.0,0.0,0.0
2024-11-06,0.0,0.0,0.0,-1254419.7900975016,0.0,-1254419.7900975016,-0.0,5844102.153825002,-0.0116987874689039,0.0,0.0,0.0
2024-11-07,0.0,0.0,0.0,-1254419.7900975016,0.0,-1254419.7900975016,-0.0,5844102.153825002,-0.0116987874689039,0.0,0.0,0.0
2024-11-08,-4371763.398062501,-4371763.3980625,4224822.0,-1401361.1881600018,-146941.39806250017,-1254419.7900975016,4371763.3980625,5844102.153825002,-0.012557197646832345,-0.025143536884673745,-0.032015592020874006,-0.03201559202087397
2024-11-11,4236960.6181875,0.0,0.0,-1389222.569972502,0.0,-1389222.569972502,-0.0,5844102.153825002,-0.012448426953717886,0.0020770715274980034,0.0027322363111672576,0.002732236311167145
2024-11-12,0.0,0.0,0.0,-1389222.569972502,0.0,-1389222.569972502,-0.0,5844102.153825002,-0.012448426953717886,0.0,0.0,0.0
2024-11-13,0.0,0.0,0.0,-1389222.569972502,0.0,-1389222.569972502,-0.0,5844102.153825002,-0.012448426953717886,0.0,0.0,0.0
2024-11-14,0.0,0.0,0.0,-1389222.569972502,0.0,-1389222.569972502,-0.0,5844102.153825002,-0.012448426953717886,0.0,0.0,0.0
2024-11-15,0.0,0.0,0.0,-1389222.569972502,0.0,-1389222.569972502,-0.0,5844102.153825002,-0.012448426953717886,0.0,0.0,0.0
2024-11-18,0.0,0.0,0.0,-1389222.569972502,0.0,-1389222.569972502,-0.0,5844102.153825002,-0.012448426953717886,0.0,0.0,0.0
2024-11-19,0.0,0.0,0.0,-1389222.569972502,0.0,-1389222.569972502,-0.0,5844102.153825002,-0.012448426953717886,0.0,0.0,0.0
2024-11-20,0.0,0.0,0.0,-1389222.569972502,0.0,-1389222.569972502,-0.0,5844102.153825002,-0.012448426953717886,0.0,0.0,0.0
2024-11-21,0.0,0.0,0.0,-1389222.569972502,0.0,-1389222.569972502,-0.0,5844102.153825002,-0.012448426953717886,0.0,0.0,0.0
2024-11-22,0.0,0.0,0.0,-1389222.569972502,0.0,-1389222.569972502,-0.0,5844102.153825002,-0.012448426953717886,0.0,0.0,0.0
2024-11-25,0.0,0.0,0.0,-1389222.569972502,0.0,-1389222.569972502,-0.0,5844102.153825002,-0.012448426953717886,0.0,0.0,0.0
2024-11-26,0.0,0.0,0.0,-1389222.569972502,0.0,-1389222.569972502,-0.0,5844102.153825002,-0.012448426953717886,0.0,0.0,0.0
2024-11-27,0.0,0.0,0.0,-1389222.569972502,0.0,-1389222.569972502,-0.0,5844102.153825002,-0.012448426953717886,0.0,0.0,0.0
2024-11-28,0.0,0.0,0.0,-1389222.569972502,0.0,-1389222.569972502,-0.0,5844102.153825002,-0.012448426953717886,0.0,0.0,0.0
2024-11-29,0.0,0.0,0.0,-1389222.569972502,0.0,-1389222.569972502,-0.0,5844102.153825002,-0.012448426953717886,0.0,0.0,0.0
2024-12-02,0.0,0.0,0.0,-1389222.569972502,0.0,-1389222.569972502,-0.0,5844102.153825002,-0.012448426953717886,0.0,0.0,0.0
2024-12-03,0.0,0.0,0.0,-1389222.569972502,0.0,-1389222.569972502,-0.0,5844102.153825002,-0.012448426953717886,0.0,0.0,0.0
2024-12-04,0.0,0.0,0.0,-1389222.569972502,0.0,-1389222.569972502,-0.0,5844102.153825002,-0.012448426953717886,0.0,0.0,0.0
2024-12-05,0.0,0.0,0.0,-1389222.569972502,0.0,-1389222.569972502,-0.0,5844102.153825002,-0.012448426953717886,0.0,0.0,0.0
2024-12-06,0.0,0.0,0.0,-1389222.569972502,0.0,-1389222.569972502,-0.0,5844102.153825002,-0.012448426953717886,0.0,0.0,0.0
2024-12-09,0.0,0.0,0.0,-1389222.569972502,0.0,-1389222.569972502,-0.0,5844102.153825002,-0.012448426953717886,0.0,0.0,0.0
2024-12-10,0.0,0.0,0.0,-1389222.569972502,0.0,-1389222.569972502,-0.0,5844102.153825002,-0.012448426953717886,0.0,0.0,0.0
2024-12-11,0.0,0.0,0.0,-1389222.569972502,0.0,-1389222.569972502,-0.0,5844102.153825002,-0.012448426953717886,0.0,0.0,0.0
2024-12-12,0.0,0.0,0.0,-1389222.569972502,0.0,-1389222.569972502,-0.0,5844102.153825002,-0.012448426953717886,0.0,0.0,0.0
2024-12-13,0.0,0.0,0.0,-1389222.569972502,0.0,-1389222.569972502,-0.0,5844102.153825002,-0.012448426953717886,0.0,0.0,0.0
2024-12-16,0.0,0.0,0.0,-1389222.569972502,0.0,-1389222.569972502,-0.0,5844102.153825002,-0.012448426953717886,0.0,0.0,0.0
2024-12-17,0.0,0.0,0.0,-1389222.569972502,0.0,-1389222.569972502,-0.0,5844102.153825002,-0.012448426953717886,0.0,0.0,0.0
2024-12-18,0.0,0.0,0.0,-1389222.569972502,0.0,-1389222.569972502,-0.0,5844102.153825002,-0.012448426953717886,0.0,0.0,0.0
2024-12-19,0.0,0.0,0.0,-1389222.569972502,0.0,-1389222.569972502,-0.0,5844102.153825002,-0.012448426953717886,0.0,0.0,0.0
2024-12-20,0.0,0.0,0.0,-1389222.569972502,0.0,-1389222.569972502,-0.0,5844102.153825002,-0.012448426953717886,0.0,0.0,0.0
2024-12-23,0.0,0.0,0.0,-1389222.569972502,0.0,-1389222.569972502,-0.0,5844102.153825002,-0.012448426953717886,0.0,0.0,0.0
2024-12-24,0.0,0.0,0.0,-1389222.569972502,0.0,-1389222.569972502,-0.0,5844102.153825002,-0.012448426953717886,0.0,0.0,0.0
2024-12-25,0.0,0.0,0.0,-1389222.569972502,0.0,-1389222.569972502,-0.0,5844102.153825002,-0.012448426953717886,0.0,0.0,0.0
2024-12-26,0.0,0.0,0.0,-1389222.569972502,0.0,-1389222.569972502,-0.0,5844102.153825002,-0.012448426953717886,0.0,0.0,0.0
2024-12-27,0.0,0.0,0.0,-1389222.569972502,0.0,-1389222.569972502,-0.0,5844102.153825002,-0.012448426953717886,0.0,0.0,0.0
2024-12-30,0.0,0.0,0.0,-1389222.569972502,0.0,-1389222.569972502,-0.0,5844102.153825002,-0.012448426953717886,0.0,0.0,0.0
2024-12-31,0.0,0.0,0.0,-1389222.569972502,0.0,-1389222.569972502,-0.0,5844102.153825002,-0.012448426953717886,0.0,0.0,0.0
2025-01-02,0.0,0.0,0.0,-1389222.569972502,0.0,-1389222.569972502,-0.0,5844102.153825002,-0.012448426953717886,0.0,0.0,0.0
2025-01-03,0.0,0.0,0.0,-1389222.569972502,0.0,-1389222.569972502,-0.0,5844102.153825002,-0.012448426953717886,0.0,0.0,0.0
2025-01-06,0.0,0.0,0.0,-1389222.569972502,0.0,-1389222.569972502,-0.0,5844102.153825002,-0.012448426953717886,0.0,0.0,0.0
2025-01-07,0.0,0.0,0.0,-1389222.569972502,0.0,-1389222.569972502,-0.0,5844102.153825002,-0.012448426953717886,0.0,0.0,0.0
2025-01-08,-4185168.1782400003,-4185168.1782400003,4160720.0,-1413670.7482125023,-24448.17824000027,-1389222.569972502,4185168.1782400003,5844102.153825002,-0.012209613967013207,-0.0041833933761747655,-0.00548795489975018,-0.005487954899750158
2025-01-09,0.0,-4185168.1782400003,3956764.0,-1617626.7482125023,-228404.17824000027,-1389222.569972502,4185168.1782400003,5844102.153825002,-0.013971144386599858,-0.03489945839952671,-0.04603524608046694,-0.046035246080466836
2025-01-10,3956764.2977100005,0.0,0.0,-1617626.4505025018,0.0,-1617626.4505025018,-0.0,5844102.153825002,-0.013971141815333397,5.094195698607251e-08,7.043930749794924e-08,7.043930745272888e-08
2025-01-13,0.0,0.0,0.0,-1617626.4505025018,0.0,-1617626.4505025018,-0.0,5844102.153825002,-0.013971141815333397,0.0,0.0,0.0
2025-01-14,0.0,0.0,0.0,-1617626.4505025018,0.0,-1617626.4505025018,-0.0,5844102.153825002,-0.013971141815333397,0.0,0.0,0.0
2025-01-15,0.0,0.0,0.0,-1617626.4505025018,0.0,-1617626.4505025018,-0.0,5844102.153825002,-0.013971141815333397,0.0,0.0,0.0
2025-01-16,0.0,0.0,0.0,-1617626.4505025018,0.0,-1617626.4505025018,-0.0,5844102.153825002,-0.013971141815333397,0.0,0.0,0.0
2025-01-17,0.0,0.0,0.0,-1617626.4505025018,0.0,-1617626.4505025018,-0.0,5844102.153825002,-0.013971141815333397,0.0,0.0,0.0
2025-01-20,0.0,0.0,0.0,-1617626.4505025018,0.0,-1617626.4505025018,-0.0,5844102.153825002,-0.013971141815333397,0.0,0.0,0.0
2025-01-21,0.0,0.0,0.0,-1617626.4505025018,0.0,-1617626.4505025018,-0.0,5844102.153825002,-0.013971141815333397,0.0,0.0,0.0
2025-01-22,0.0,0.0,0.0,-1617626.4505025018,0.0,-1617626.4505025018,-0.0,5844102.153825002,-0.013971141815333397,0.0,0.0,0.0
2025-02-03,0.0,0.0,0.0,-1617626.4505025018,0.0,-1617626.4505025018,-0.0,5844102.153825002,-0.013971141815333397,0.0,0.0,0.0
2025-02-04,0.0,0.0,0.0,-1617626.4505025018,0.0,-1617626.4505025018,-0.0,5844102.153825002,-0.013971141815333397,0.0,0.0,0.0
2025-02-05,0.0,0.0,0.0,-1617626.4505025018,0.0,-1617626.4505025018,-0.0,5844102.153825002,-0.013971141815333397,0.0,0.0,0.0
2025-02-06,0.0,0.0,0.0,-1617626.4505025018,0.0,-1617626.4505025018,-0.0,5844102.153825002,-0.013971141815333397,0.0,0.0,0.0
2025-02-07,0.0,0.0,0.0,-1617626.4505025018,0.0,-1617626.4505025018,-0.0,5844102.153825002,-0.013971141815333397,0.0,0.0,0.0
2025-02-10,0.0,0.0,0.0,-1617626.4505025018,0.0,-1617626.4505025018,-0.0,5844102.153825002,-0.013971141815333397,0.0,0.0,0.0
2025-02-11,0.0,0.0,0.0,-1617626.4505025018,0.0,-1617626.4505025018,-0.0,5844102.153825002,-0.013971141815333397,0.0,0.0,0.0
2025-02-12,0.0,0.0,0.0,-1617626.4505025018,0.0,-1617626.4505025018,-0.0,5844102.153825002,-0.013971141815333397,0.0,0.0,0.0
2025-02-13,0.0,0.0,0.0,-1617626.4505025018,0.0,-1617626.4505025018,-0.0,5844102.153825002,-0.013971141815333397,0.0,0.0,0.0
2025-02-14,0.0,0.0,0.0,-1617626.4505025018,0.0,-1617626.4505025018,-0.0,5844102.153825002,-0.013971141815333397,0.0,0.0,0.0
2025-02-17,0.0,0.0,0.0,-1617626.4505025018,0.0,-1617626.4505025018,-0.0,5844102.153825002,-0.013971141815333397,0.0,0.0,0.0
2025-02-18,0.0,0.0,0.0,-1617626.4505025018,0.0,-1617626.4505025018,-0.0,5844102.153825002,-0.013971141815333397,0.0,0.0,0.0
2025-02-19,0.0,0.0,0.0,-1617626.4505025018,0.0,-1617626.4505025018,-0.0,5844102.153825002,-0.013971141815333397,0.0,0.0,0.0
2025-02-20,0.0,0.0,0.0,-1617626.4505025018,0.0,-1617626.4505025018,-0.0,5844102.153825002,-0.013971141815333397,0.0,0.0,0.0
2025-02-21,0.0,0.0,0.0,-1617626.4505025018,0.0,-1617626.4505025018,-0.0,5844102.153825002,-0.013971141815333397,0.0,0.0,0.0
2025-02-24,0.0,0.0,0.0,-1617626.4505025018,0.0,-1617626.4505025018,-0.0,5844102.153825002,-0.013971141815333397,0.0,0.0,0.0
2025-02-25,0.0,0.0,0.0,-1617626.4505025018,0.0,-1617626.4505025018,-0.0,5844102.153825002,-0.013971141815333397,0.0,0.0,0.0
2025-02-26,0.0,0.0,0.0,-1617626.4505025018,0.0,-1617626.4505025018,-0.0,5844102.153825002,-0.013971141815333397,0.0,0.0,0.0
2025-02-27,0.0,0.0,0.0,-1617626.4505025018,0.0,-1617626.4505025018,-0.0,5844102.153825002,-0.013971141815333397,0.0,0.0,0.0
2025-03-03,0.0,0.0,0.0,-1617626.4505025018,0.0,-1617626.4505025018,-0.0,5844102.153825002,-0.013971141815333397,0.0,0.0,0.0
2025-03-04,0.0,0.0,0.0,-1617626.4505025018,0.0,-1617626.4505025018,-0.0,5844102.153825002,-0.013971141815333397,0.0,0.0,0.0
2025-03-05,0.0,0.0,0.0,-1617626.4505025018,0.0,-1617626.4505025018,-0.0,5844102.153825002,-0.013971141815333397,0.0,0.0,0.0
2025-03-06,0.0,0.0,0.0,-1617626.4505025018,0.0,-1617626.4505025018,-0.0,5844102.153825002,-0.013971141815333397,0.0,0.0,0.0
2025-03-07,0.0,0.0,0.0,-1617626.4505025018,0.0,-1617626.4505025018,-0.0,5844102.153825002,-0.013971141815333397,0.0,0.0,0.0
2025-03-10,0.0,0.0,0.0,-1617626.4505025018,0.0,-1617626.4505025018,-0.0,5844102.153825002,-0.013971141815333397,0.0,0.0,0.0
2025-03-11,0.0,0.0,0.0,-1617626.4505025018,0.0,-1617626.4505025018,-0.0,5844102.153825002,-0.013971141815333397,0.0,0.0,0.0
2025-03-12,0.0,0.0,0.0,-1617626.4505025018,0.0,-1617626.4505025018,-0.0,5844102.153825002,-0.013971141815333397,0.0,0.0,0.0
2025-03-13,0.0,0.0,0.0,-1617626.4505025018,0.0,-1617626.4505025018,-0.0,5844102.153825002,-0.013971141815333397,0.0,0.0,0.0
2025-03-14,0.0,0.0,0.0,-1617626.4505025018,0.0,-1617626.4505025018,-0.0,5844102.153825002,-0.013971141815333397,0.0,0.0,0.0
2025-03-17,0.0,0.0,0.0,-1617626.4505025018,0.0,-1617626.4505025018,-0.0,5844102.153825002,-0.013971141815333397,0.0,0.0,0.0
2025-03-18,0.0,0.0,0.0,-1617626.4505025018,0.0,-1617626.4505025018,-0.0,5844102.153825002,-0.013971141815333397,0.0,0.0,0.0
2025-03-19,0.0,0.0,0.0,-1617626.4505025018,0.0,-1617626.4505025018,-0.0,5844102.153825002,-0.013971141815333397,0.0,0.0,0.0
2025-03-20,0.0,0.0,0.0,-1617626.4505025018,0.0,-1617626.4505025018,-0.0,5844102.153825002,-0.013971141815333397,0.0,0.0,0.0
2025-03-21,0.0,0.0,0.0,-1617626.4505025018,0.0,-1617626.4505025018,-0.0,5844102.153825002,-0.013971141815333397,0.0,0.0,0.0
2025-03-24,0.0,0.0,0.0,-1617626.4505025018,0.0,-1617626.4505025018,-0.0,5844102.153825002,-0.013971141815333397,0.0,0.0,0.0
2025-03-25,0.0,0.0,0.0,-1617626.4505025018,0.0,-1617626.4505025018,-0.0,5844102.153825002,-0.013971141815333397,0.0,0.0,0.0
2025-03-26,0.0,0.0,0.0,-1617626.4505025018,0.0,-1617626.4505025018,-0.0,5844102.153825002,-0.013971141815333397,0.0,0.0,0.0
2025-03-27,0.0,0.0,0.0,-1617626.4505025018,0.0,-1617626.4505025018,-0.0,5844102.153825002,-0.013971141815333397,0.0,0.0,0.0
2025-03-28,0.0,0.0,0.0,-1617626.4505025018,0.0,-1617626.4505025018,-0.0,5844102.153825002,-0.013971141815333397,0.0,0.0,0.0
2025-03-31,0.0,0.0,0.0,-1617626.4505025018,0.0,-1617626.4505025018,-0.0,5844102.153825002,-0.013971141815333397,0.0,0.0,0.0
2025-04-01,0.0,0.0,0.0,-1617626.4505025018,0.0,-1617626.4505025018,-0.0,5844102.153825002,-0.013971141815333397,0.0,0.0,0.0
2025-04-02,0.0,0.0,0.0,-1617626.4505025018,0.0,-1617626.4505025018,-0.0,5844102.153825002,-0.013971141815333397,0.0,0.0,0.0
2025-04-07,0.0,0.0,0.0,-1617626.4505025018,0.0,-1617626.4505025018,-0.0,5844102.153825002,-0.013971141815333397,0.0,0.0,0.0
2025-04-08,0.0,0.0,0.0,-1617626.4505025018,0.0,-1617626.4505025018,-0.0,5844102.153825002,-0.013971141815333397,0.0,0.0,0.0
2025-04-09,0.0,0.0,0.0,-1617626.4505025018,0.0,-1617626.4505025018,-0.0,5844102.153825002,-0.013971141815333397,0.0,0.0,0.0
2025-04-10,0.0,0.0,0.0,-1617626.4505025018,0.0,-1617626.4505025018,-0.0,5844102.153825002,-0.013971141815333397,0.0,0.0,0.0
2025-04-11,0.0,0.0,0.0,-1617626.4505025018,0.0,-1617626.4505025018,-0.0,5844102.153825002,-0.013971141815333397,0.0,0.0,0.0
2025-04-14,0.0,0.0,0.0,-1617626.4505025018,0.0,-1617626.4505025018,-0.0,5844102.153825002,-0.013971141815333397,0.0,0.0,0.0
2025-04-15,0.0,0.0,0.0,-1617626.4505025018,0.0,-1617626.4505025018,-0.0,5844102.153825002,-0.013971141815333397,0.0,0.0,0.0
2025-04-16,0.0,0.0,0.0,-1617626.4505025018,0.0,-1617626.4505025018,-0.0,5844102.153825002,-0.013971141815333397,0.0,0.0,0.0
2025-04-17,0.0,0.0,0.0,-1617626.4505025018,0.0,-1617626.4505025018,-0.0,5844102.153825002,-0.013971141815333397,0.0,0.0,0.0
2025-04-18,0.0,0.0,0.0,-1617626.4505025018,0.0,-1617626.4505025018,-0.0,5844102.153825002,-0.013971141815333397,0.0,0.0,0.0
2025-04-21,0.0,0.0,0.0,-1617626.4505025018,0.0,-1617626.4505025018,-0.0,5844102.153825002,-0.013971141815333397,0.0,0.0,0.0
2025-04-22,0.0,0.0,0.0,-1617626.4505025018,0.0,-1617626.4505025018,-0.0,5844102.153825002,-0.013971141815333397,0.0,0.0,0.0
2025-04-23,0.0,0.0,0.0,-1617626.4505025018,0.0,-1617626.4505025018,-0.0,5844102.153825002,-0.013971141815333397,0.0,0.0,0.0
2025-04-24,0.0,0.0,0.0,-1617626.4505025018,0.0,-1617626.4505025018,-0.0,5844102.153825002,-0.013971141815333397,0.0,0.0,0.0
2025-04-25,0.0,0.0,0.0,-1617626.4505025018,0.0,-1617626.4505025018,-0.0,5844102.153825002,-0.013971141815333397,0.0,0.0,0.0
2025-04-28,-4110434.033625,-4110434.033625,4165093.0,-1562967.484127502,54658.96637499984,-1617626.4505025018,4110434.033625,5844102.153825002,-0.013036261267903144,0.00935284239328793,0.012932516406525485,0.01293251640652555
2025-04-29,0.0,-4110434.033625,4195683.0,-1532377.484127502,85248.96637499984,-1617626.4505025018,4110434.033625,5844102.153825002,-0.012781118895310686,0.00523433697680642,0.007145301972516949,0.007145301972516892
2025-04-30,0.0,-4110434.033625,4103904.0,-1624156.484127502,-6530.0336250001565,-1617626.4505025018,4110434.033625,5844102.153825002,-0.01354662107949386,-0.015704550944567297,-0.02128591388151857,-0.02128591388151855
2025-05-02,0.0,-4110434.033625,4134494.0,-1593566.484127502,24059.966374999844,-1617626.4505025018,4110434.033625,5844102.153825002,-0.013291478706901401,0.00523433697680642,0.007248908491798822,0.007248908491798852
2025-05-05,0.0,-4110434.033625,4042714.0,-1685346.484127502,-67720.03362500016,-1617626.4505025018,4110434.033625,5844102.153825002,-0.014056989231796331,-0.01570472205725043,-0.021592572591334513,-0.02159257259133453
2025-05-06,3977157.357337501,0.0,0.0,-1750903.1267900013,0.0,-1750903.1267900013,-0.0,5844102.153825002,-0.014603778291884794,-0.011217573022674121,-0.015763523483760755,-0.01576352348376066
2025-05-07,0.0,0.0,0.0,-1750903.1267900013,0.0,-1750903.1267900013,-0.0,5844102.153825002,-0.014603778291884794,0.0,0.0,0.0
2025-05-08,0.0,0.0,0.0,-1750903.1267900013,0.0,-1750903.1267900013,-0.0,5844102.153825002,-0.014603778291884794,0.0,0.0,0.0
2025-05-09,0.0,0.0,0.0,-1750903.1267900013,0.0,-1750903.1267900013,-0.0,5844102.153825002,-0.014603778291884794,0.0,0.0,0.0
2025-05-12,0.0,0.0,0.0,-1750903.1267900013,0.0,-1750903.1267900013,-0.0,5844102.153825002,-0.014603778291884794,0.0,0.0,0.0
2025-05-13,-4064026.9977,-4064026.9977,3877119.0,-1937811.1244900015,-186907.99770000018,-1750903.1267900013,4064026.9977,5844102.153825002,-0.015632820229199276,-0.031982328984045516,-0.04566306120603936,-0.045663061206039406
2025-05-14,0.0,-4064026.9977,3982013.0,-1832917.1244900015,-82013.99770000018,-1750903.1267900013,4064026.9977,5844102.153825002,-0.014786613380452241,0.01794869378375702,0.026852581953643373,0.026852581953643366
2025-05-15,0.0,-4064026.9977,3923740.0,-1891190.1244900015,-140286.99770000018,-1750903.1267900013,4064026.9977,5844102.153825002,-0.015256716643718356,-0.009971249383767145,-0.014527627016413303,-0.014527627016413367
2025-05-16,0.0,-4064026.9977,3962588.0,-1852342.1244900015,-101438.99770000018,-1750903.1267900013,4064026.9977,5844102.153825002,-0.014943319846378903,0.006647385514056026,0.009827691512410253,0.00982769151241026
2025-05-19,0.0,-4064026.9977,3846042.0,-1968888.1244900015,-217984.99770000018,-1750903.1267900013,4064026.9977,5844102.153825002,-0.01588352637291113,-0.0199424987675344,-0.029196644874320055,-0.0291966448743202
2025-05-20,3904314.6191,0.0,0.0,-1910615.5053900012,0.0,-1910615.5053900012,-0.0,5844102.153825002,-0.015413426182463181,0.00997118420694626,0.015037264692706609,0.015037264692706538
2025-05-21,0.0,0.0,0.0,-1910615.5053900012,0.0,-1910615.5053900012,-0.0,5844102.153825002,-0.015413426182463181,0.0,0.0,0.0
2025-05-22,0.0,0.0,0.0,-1910615.5053900012,0.0,-1910615.5053900012,-0.0,5844102.153825002,-0.015413426182463181,0.0,0.0,0.0
2025-05-23,0.0,0.0,0.0,-1910615.5053900012,0.0,-1910615.5053900012,-0.0,5844102.153825002,-0.015413426182463181,0.0,0.0,0.0
2025-05-26,0.0,0.0,0.0,-1910615.5053900012,0.0,-1910615.5053900012,-0.0,5844102.153825002,-0.015413426182463181,0.0,0.0,0.0
2025-05-27,0.0,0.0,0.0,-1910615.5053900012,0.0,-1910615.5053900012,-0.0,5844102.153825002,-0.015413426182463181,0.0,0.0,0.0
2025-05-28,-4048395.55459,-4048395.5545900003,3934910.0,-2024101.0599800015,-113485.5545900003,-1910615.5053900012,4048395.5545900003,5959011.059980001,-0.015812515302411945,-0.012740087650154941,-0.0189283402565541,-0.028032229820362384
2025-05-29,0.0,-4048395.5545900003,3809136.0,-2149875.0599800013,-239259.5545900003,-1910615.505390001,4048395.5545900003,5959011.059980001,-0.01679507656823392,-0.021106522329633337,-0.03196362813888998,-0.03196362813889003
2025-06-02,3737264.8000275,0.0,0.0,-2221746.2599525014,0.0,-2221746.2599525014,-0.0,5959011.059980001,-0.017356542826929076,-0.012060927433945934,-0.018868110766457336,-0.0188681107664573
2025-06-03,0.0,0.0,0.0,-2221746.2599525014,0.0,-2221746.2599525014,-0.0,5959011.059980001,-0.017356542826929076,0.0,0.0,0.0
2025-06-04,0.0,0.0,0.0,-2221746.2599525014,0.0,-2221746.2599525014,-0.0,5959011.059980001,-0.017356542826929076,0.0,0.0,0.0
2025-06-05,0.0,0.0,0.0,-2221746.2599525014,0.0,-2221746.2599525014,-0.0,5959011.059980001,-0.017356542826929076,0.0,0.0,0.0
2025-06-06,0.0,0.0,0.0,-2221746.2599525014,0.0,-2221746.2599525014,-0.0,5959011.059980001,-0.017356542826929076,0.0,0.0,0.0
2025-06-09,0.0,0.0,0.0,-2221746.2599525014,0.0,-2221746.2599525014,-0.0,5959011.059980001,-0.017356542826929076,0.0,0.0,0.0
2025-06-10,0.0,0.0,0.0,-2221746.2599525014,0.0,-2221746.2599525014,-0.0,5959011.059980001,-0.017356542826929076,0.0,0.0,0.0
2025-06-11,0.0,0.0,0.0,-2221746.2599525014,0.0,-2221746.2599525014,-0.0,5959011.059980001,-0.017356542826929076,0.0,0.0,0.0
2025-06-12,0.0,0.0,0.0,-2221746.2599525014,0.0,-2221746.2599525014,-0.0,5959011.059980001,-0.017356542826929076,0.0,0.0,0.0
2025-06-13,0.0,0.0,0.0,-2221746.2599525014,0.0,-2221746.2599525014,-0.0,5959011.059980001,-0.017356542826929076,0.0,0.0,0.0
2025-06-16,0.0,0.0,0.0,-2221746.2599525014,0.0,-2221746.2599525014,-0.0,5959011.059980001,-0.017356542826929076,0.0,0.0,0.0
2025-06-17,0.0,0.0,0.0,-2221746.2599525014,0.0,-2221746.2599525014,-0.0,5959011.059980001,-0.017356542826929076,0.0,0.0,0.0
2025-06-18,0.0,0.0,0.0,-2221746.2599525014,0.0,-2221746.2599525014,-0.0,5959011.059980001,-0.017356542826929076,0.0,0.0,0.0
2025-06-19,0.0,0.0,0.0,-2221746.2599525014,0.0,-2221746.2599525014,-0.0,5959011.059980001,-0.017356542826929076,0.0,0.0,0.0
2025-06-20,0.0,0.0,0.0,-2221746.2599525014,0.0,-2221746.2599525014,-0.0,5959011.059980001,-0.017356542826929076,0.0,0.0,0.0
2025-06-23,0.0,0.0,0.0,-2221746.2599525014,0.0,-2221746.2599525014,-0.0,5959011.059980001,-0.017356542826929076,0.0,0.0,0.0
2025-06-24,-3863758.0204999996,-3863758.0204999996,3790195.0,-2295309.280452501,-73563.02049999963,-2221746.2599525014,3863758.0204999996,6085504.280452501,-0.017405845456014618,-0.004338429397896304,-0.006917558735687224,-0.019039241098871926
2025-06-25,0.0,-3863758.0204999996,3875179.0,-2210325.280452501,11420.979500000365,-2221746.2599525014,3863758.0204999996,6085504.280452501,-0.01676139270934933,0.013964988944791423,0.022422065355476528,0.022422065355476434
2025-06-26,0.0,-3863758.0204999996,3875179.0,-2210325.280452501,11420.979500000365,-2221746.2599525014,3863758.0204999996,6085504.280452501,-0.01676139270934933,0.0,0.0,0.0
2025-06-27,0.0,-3863758.0204999996,3841187.0,-2244317.280452501,-22571.020499999635,-2221746.2599525014,3863758.0204999996,6085504.280452501,-0.017019161674856325,-0.005585732658045628,-0.008771723835208856,-0.008771723835208644
2025-06-30,0.0,-3863758.0204999996,3875179.0,-2210325.280452501,11420.979500000365,-2221746.2599525014,3863758.0204999996,6085504.280452501,-0.01676139270934933,0.005585732658045628,0.008849347870853563,0.008849347870853463
2025-07-01,3875178.6189374994,0.0,0.0,-2210325.6615150017,0.0,-2210325.6615150017,-0.0,6085504.280452501,-0.0167613955990318,-6.261806467788844e-08,-9.833416747540014e-08,-9.833416743961381e-08
2025-07-02,0.0,0.0,0.0,-2210325.6615150017,0.0,-2210325.6615150017,-0.0,6085504.280452501,-0.0167613955990318,0.0,0.0,0.0
2025-07-03,0.0,0.0,0.0,-2210325.6615150017,0.0,-2210325.6615150017,-0.0,6085504.280452501,-0.0167613955990318,0.0,0.0,0.0
2025-07-04,0.0,0.0,0.0,-2210325.6615150017,0.0,-2210325.6615150017,-0.0,6085504.280452501,-0.0167613955990318,0.0,0.0,0.0
2025-07-07,0.0,0.0,0.0,-2210325.6615150017,0.0,-2210325.6615150017,-0.0,6085504.280452501,-0.0167613955990318,0.0,0.0,0.0
2025-07-08,0.0,0.0,0.0,-2210325.6615150017,0.0,-2210325.6615150017,-0.0,6085504.280452501,-0.0167613955990318,0.0,0.0,0.0
2025-07-09,0.0,0.0,0.0,-2210325.6615150017,0.0,-2210325.6615150017,-0.0,6085504.280452501,-0.0167613955990318,0.0,0.0,0.0
2025-07-10,-3802188.1082225,-3802188.1082225,3825700.0,-2186813.7697375016,23511.891777500045,-2210325.6615150017,3802188.1082225,6085504.280452501,-0.016118361416739505,0.0038635897197580316,0.006067305301128645,0.00606730530112869
2025-07-11,0.0,-3802188.1082225,3779977.0,-2232536.7697375016,-22211.108222499955,-2210325.6615150017,3802188.1082225,6085504.280452501,-0.016455372208081853,-0.007513428286768042,-0.011727783950620685,-0.011727783950620548
2025-07-14,0.0,-3802188.1082225,3658041.0,-2354472.7697375016,-144147.10822249996,-2210325.6615150017,3802188.1082225,6085504.280452501,-0.01735412661730961,-0.020037123364069542,-0.03164729514611764,-0.0316472951461177
2025-07-15,0.0,-3802188.1082225,4023846.0,-1988667.7697375016,221657.89177750004,-2210325.6615150017,3802188.1082225,6085504.280452501,-0.014657885501744404,0.06011087711745061,0.09804393207333129,0.09804393207333129
2025-07-16,0.0,-3802188.1082225,4130539.0,-1881974.7697375016,328350.89177750004,-2210325.6615150017,3802188.1082225,6085504.280452501,-0.013871482764376138,0.017532318618641518,0.02604277708445335,0.02604277708445325
2025-07-17,4176264.890525,0.0,0.0,-1836248.8792125012,0.0,-1836248.8792125012,-0.0,6085504.280452501,-0.013534450667823768,0.007513903272055589,0.010877975379604887,0.010877975379604901
2025-07-18,-3991110.239175,-3991110.2391750007,3923544.0,-1903815.118387502,-67566.2391750007,-1836248.8792125012,3991110.2391750007,6085504.280452501,-0.013631460778855934,-0.011102816802221804,-0.015900724431693103,-0.015900724431693092
2025-07-21,0.0,-3991110.2391750007,3938296.0,-1889063.118387502,-52814.239175000694,-1836248.8792125012,3991110.2391750007,6085504.280452501,-0.013525835338934014,0.00242412121003438,0.0035277610143349403,0.0035277610143349767
2025-07-22,0.0,-3991110.2391750007,3790793.0,-2036566.118387502,-200317.2391750007,-1836248.8792125012,3991110.2391750007,6085504.280452501,-0.014581968016862635,-0.024238418576715215,-0.03514954560387917,-0.03514954560387931
2025-07-23,3835044.50175,0.0,0.0,-1992314.6166375016,0.0,-1992314.6166375016,-0.0,6085504.280452501,-0.014265123904908363,0.007271624455534809,0.010929162160241868,0.010929162160241927
2025-07-24,0.0,0.0,0.0,-1992314.6166375016,0.0,-1992314.6166375016,-0.0,6085504.280452501,-0.014265123904908363,0.0,0.0,0.0
2025-07-25,0.0,0.0,0.0,-1992314.6166375016,0.0,-1992314.6166375016,-0.0,6085504.280452501,-0.014265123904908363,0.0,0.0,0.0
2025-07-28,0.0,0.0,0.0,-1992314.6166375016,0.0,-1992314.6166375016,-0.0,6085504.280452501,-0.014265123904908363,0.0,0.0,0.0
2025-07-29,0.0,0.0,0.0,-1992314.6166375016,0.0,-1992314.6166375016,-0.0,6085504.280452501,-0.014265123904908363,0.0,0.0,0.0
2025-07-30,-3932750.1944499994,-3932750.19445,3909776.0,-2015288.8110875015,-22974.194449999835,-1992314.6166375016,3932750.19445,6085504.280452501,-0.01403442836096182,-0.0037752326497897948,-0.005612785220557526,-0.00561278522055757
2025-07-31,0.0,-3932750.19445,3785875.0,-2139189.8110875012,-146875.19444999984,-1992314.6166375014,3932750.19445,6085504.280452501,-0.014897272286251706,-0.020360021830563346,-0.030440894574883304,-0.030440894574883463
2025-08-01,3675742.5459999996,0.0,0.0,-2249322.2650875016,0.0,-2249322.2650875016,-0.0,6085504.280452501,-0.015664232350425265,-0.01809750661974907,-0.027907673059243465,-0.02790767305924349
2025-08-04,-3780426.241690001,-3780426.2416900005,3717041.0,-2312707.506777502,-63385.24169000052,-2249322.2650875016,3780426.2416900005,6085504.280452501,-0.015692512073817298,-0.01041577472775801,-0.016523001629256462,-0.016523001629256538
2025-08-05,3758342.217910001,0.0,0.0,-2271406.2888675015,0.0,-2271406.2888675015,-0.0,6085504.280452501,-0.01541226917288119,0.006786819301510594,0.010947109104360697,0.010947109104360789
2025-08-06,0.0,0.0,0.0,-2271406.2888675015,0.0,-2271406.2888675015,-0.0,6085504.280452501,-0.01541226917288119,0.0,0.0,0.0
2025-08-07,0.0,0.0,0.0,-2271406.2888675015,0.0,-2271406.2888675015,-0.0,6085504.280452501,-0.01541226917288119,0.0,0.0,0.0
2025-08-08,0.0,0.0,0.0,-2271406.2888675015,0.0,-2271406.2888675015,-0.0,6085504.280452501,-0.01541226917288119,0.0,0.0,0.0
2025-08-11,0.0,0.0,0.0,-2271406.2888675015,0.0,-2271406.2888675015,-0.0,6085504.280452501,-0.01541226917288119,0.0,0.0,0.0
2025-08-12,-3805649.133165,-3805649.1331649995,3677215.0,-2399840.422032501,-128434.13316499954,-2271406.2888675015,3805649.1331649995,6085504.280452501,-0.015873834540975015,-0.021104928572238113,-0.03367352738402707,-0.033673527384026916
2025-08-13,3730317.9763499997,0.0,0.0,-2346737.445682502,0.0,-2346737.445682502,-0.0,6085504.280452501,-0.015522582910877346,0.008726142305178097,0.014407981408473658,0.014407981408473807
2025-08-14,0.0,0.0,0.0,-2346737.445682502,0.0,-2346737.445682502,-0.0,6085504.280452501,-0.015522582910877346,0.0,0.0,0.0
2025-08-15,0.0,0.0,0.0,-2346737.445682502,0.0,-2346737.445682502,-0.0,6085504.280452501,-0.015522582910877346,0.0,0.0,0.0
2025-08-18,0.0,0.0,0.0,-2346737.445682502,0.0,-2346737.445682502,-0.0,6085504.280452501,-0.015522582910877346,0.0,0.0,0.0
2025-08-19,0.0,0.0,0.0,-2346737.445682502,0.0,-2346737.445682502,-0.0,6085504.280452501,-0.015522582910877346,0.0,0.0,0.0
2025-08-20,0.0,0.0,0.0,-2346737.445682502,0.0,-2346737.445682502,-0.0,6085504.280452501,-0.015522582910877346,0.0,0.0,0.0
2025-08-21,0.0,0.0,0.0,-2346737.445682502,0.0,-2346737.445682502,-0.0,6085504.280452501,-0.015522582910877346,0.0,0.0,0.0
2025-08-22,0.0,0.0,0.0,-2346737.445682502,0.0,-2346737.445682502,-0.0,6085504.280452501,-0.015522582910877346,0.0,0.0,0.0
2025-08-25,0.0,0.0,0.0,-2346737.445682502,0.0,-2346737.445682502,-0.0,6085504.280452501,-0.015522582910877346,0.0,0.0,0.0
2025-08-26,0.0,0.0,0.0,-2346737.445682502,0.0,-2346737.445682502,-0.0,6085504.280452501,-0.015522582910877346,0.0,0.0,0.0
2025-08-27,0.0,0.0,0.0,-2346737.445682502,0.0,-2346737.445682502,-0.0,6085504.280452501,-0.015522582910877346,0.0,0.0,0.0
2025-08-28,-3746300.882250001,-3746300.8822500007,3687543.0,-2405495.3279325026,-58757.88225000072,-2346737.445682502,3746300.8822500007,6093038.327932503,-0.015526491916588305,-0.009166616684549767,-0.014920289907441098,-0.015684240026847807
2025-08-29,0.0,-3746300.8822500007,3552331.0,-2540707.3279325026,-193969.88225000072,-2346737.445682502,3746300.8822500007,6093038.327932503,-0.01639923026725063,-0.022191227549011705,-0.03666723343971856,-0.036667233439718526
2025-09-01,0.0,-3746300.8822500007,3306496.0,-2786542.3279325026,-439804.8822500007,-2346737.445682502,3746300.8822500007,6093038.327932503,-0.017985994995492742,-0.04034686584409147,-0.0692038551587677,-0.06920385515876758
2025-09-02,3318786.596562501,0.0,0.0,-2774251.731370002,0.0,-2774251.731370002,-0.0,6093038.327932503,-0.01790666420404958,0.002017153988045084,0.0037171061336536138,0.0037171061336534433
2025-09-03,0.0,0.0,0.0,-2774251.731370002,0.0,-2774251.731370002,-0.0,6093038.327932503,-0.01790666420404958,0.0,0.0,0.0
2025-09-04,0.0,0.0,0.0,-2774251.731370002,0.0,-2774251.731370002,-0.0,6093038.327932503,-0.01790666420404958,0.0,0.0,0.0
2025-09-05,0.0,0.0,0.0,-2774251.731370002,0.0,-2774251.731370002,-0.0,6093038.327932503,-0.01790666420404958,0.0,0.0,0.0
2025-09-08,0.0,0.0,0.0,-2774251.731370002,0.0,-2774251.731370002,-0.0,6093038.327932503,-0.01790666420404958,0.0,0.0,0.0
2025-09-09,0.0,0.0,0.0,-2774251.731370002,0.0,-2774251.731370002,-0.0,6093038.327932503,-0.01790666420404958,0.0,0.0,0.0
2025-09-10,0.0,0.0,0.0,-2774251.731370002,0.0,-2774251.731370002,-0.0,6093038.327932503,-0.01790666420404958,0.0,0.0,0.0
2025-09-11,0.0,0.0,0.0,-2774251.731370002,0.0,-2774251.731370002,-0.0,6093038.327932503,-0.01790666420404958,0.0,0.0,0.0
2025-09-12,0.0,0.0,0.0,-2774251.731370002,0.0,-2774251.731370002,-0.0,6093038.327932503,-0.01790666420404958,0.0,0.0,0.0
2025-09-15,0.0,0.0,0.0,-2774251.731370002,0.0,-2774251.731370002,-0.0,6093038.327932503,-0.01790666420404958,0.0,0.0,0.0
2025-09-16,-3560841.979375,-3560841.979375,3736709.0,-2598384.710745002,175867.0206249999,-2774251.731370002,3560841.979375,6335093.710745002,-0.01639470198181756,0.04515773242195731,0.08290614248427275,0.049389167405813415
2025-09-17,0.0,-3560841.979375,3626083.0,-2709010.710745002,65241.02062499989,-2774251.731370002,3560841.979375,6335093.710745002,-0.0170927049734225,-0.017462409405620383,-0.02960519537379014,-0.029605195373790145
2025-09-18,3687542.5986875,0.0,0.0,-2647551.112057502,0.0,-2647551.112057502,-0.0,6335093.710745002,-0.01670492105511474,0.009701450601000305,0.01694930829975516,0.016949308299754922
2025-09-19,0.0,0.0,0.0,-2647551.112057502,0.0,-2647551.112057502,-0.0,6335093.710745002,-0.01670492105511474,0.0,0.0,0.0
2025-09-22,-3617221.305592499,-3617221.3055924997,3584781.0,-2679991.4176500016,-32440.305592499673,-2647551.112057502,3617221.3055924997,6335093.710745002,-0.01653228708641042,-0.005120730185486866,-0.008797269380439565,-0.008797269380439452
2025-09-23,0.0,-3617221.3055924997,3596091.0,-2668681.4176500016,-21130.305592499673,-2647551.112057502,3617221.3055924997,6335093.710745002,-0.016462518143974307,0.0017852932437001368,0.0030943046440496946,0.0030943046440495446
2025-09-24,3607397.8156124996,0.0,0.0,-2657374.6020375015,0.0,-2657374.6020375015,-0.0,6335093.710745002,-0.016392768845335557,0.0017847905853898283,0.003083890928959221,0.0030838909289591715
2025-09-25,-3560346.474285,-3560346.4742850005,3550858.0,-2666863.076322502,-9488.47428500047,-2657374.6020375015,3560346.4742850005,6335093.710745002,-0.01609774627701693,-0.0014977638403212423,-0.0025799888475809274,-0.0025799888475808866
2025-09-26,0.0,-3560346.4742850005,3369920.0,-2847801.076322502,-190426.47428500047,-2657374.6020375015,3560346.4742850005,6335093.710745002,-0.017189926089970574,-0.028561219180248232,-0.04932568805845705,-0.04932568805845698
2025-09-30,3449079.4879624997,0.0,0.0,-2768641.588360002,0.0,-2768641.588360002,-0.0,6335093.710745002,-0.016712102776148215,0.012495393371725061,0.022699410763848737,0.022699410763848644
2025-10-01,0.0,0.0,0.0,-2768641.588360002,0.0,-2768641.588360002,-0.0,6335093.710745002,-0.016712102776148215,0.0,0.0,0.0
2025-10-02,0.0,0.0,0.0,-2768641.588360002,0.0,-2768641.588360002,-0.0,6335093.710745002,-0.016712102776148215,0.0,0.0,0.0
2025-10-03,0.0,0.0,0.0,-2768641.588360002,0.0,-2768641.588360002,-0.0,6335093.710745002,-0.016712102776148215,0.0,0.0,0.0
2025-10-07,0.0,0.0,0.0,-2768641.588360002,0.0,-2768641.588360002,-0.0,6335093.710745002,-0.016712102776148215,0.0,0.0,0.0
2025-10-08,0.0,0.0,0.0,-2768641.588360002,0.0,-2768641.588360002,-0.0,6335093.710745002,-0.016712102776148215,0.0,0.0,0.0
2025-10-09,0.0,0.0,0.0,-2768641.588360002,0.0,-2768641.588360002,-0.0,6335093.710745002,-0.016712102776148215,0.0,0.0,0.0
2025-10-13,0.0,0.0,0.0,-2768641.588360002,0.0,-2768641.588360002,-0.0,6335093.710745002,-0.016712102776148215,0.0,0.0,0.0
2025-10-14,0.0,0.0,0.0,-2768641.588360002,0.0,-2768641.588360002,-0.0,6335093.710745002,-0.016712102776148215,0.0,0.0,0.0
2025-10-15,0.0,0.0,0.0,-2768641.588360002,0.0,-2768641.588360002,-0.0,6335093.710745002,-0.016712102776148215,0.0,0.0,0.0
2025-10-16,0.0,0.0,0.0,-2768641.588360002,0.0,-2768641.588360002,-0.0,6335093.710745002,-0.016712102776148215,0.0,0.0,0.0
2025-10-17,0.0,0.0,0.0,-2768641.588360002,0.0,-2768641.588360002,-0.0,6335093.710745002,-0.016712102776148215,0.0,0.0,0.0
2025-10-20,0.0,0.0,0.0,-2768641.588360002,0.0,-2768641.588360002,-0.0,6335093.710745002,-0.016712102776148215,0.0,0.0,0.0
2025-10-21,0.0,0.0,0.0,-2768641.588360002,0.0,-2768641.588360002,-0.0,6335093.710745002,-0.016712102776148215,0.0,0.0,0.0
2025-10-22,0.0,0.0,0.0,-2768641.588360002,0.0,-2768641.588360002,-0.0,6335093.710745002,-0.016712102776148215,0.0,0.0,0.0
2025-10-23,0.0,0.0,0.0,-2768641.588360002,0.0,-2768641.588360002,-0.0,6335093.710745002,-0.016712102776148215,0.0,0.0,0.0
2025-10-27,0.0,0.0,0.0,-2768641.588360002,0.0,-2768641.588360002,-0.0,6335093.710745002,-0.016712102776148215,0.0,0.0,0.0
2025-10-28,0.0,0.0,0.0,-2768641.588360002,0.0,-2768641.588360002,-0.0,6335093.710745002,-0.016712102776148215,0.0,0.0,0.0
2025-10-29,0.0,0.0,0.0,-2768641.588360002,0.0,-2768641.588360002,-0.0,6335093.710745002,-0.016712102776148215,0.0,0.0,0.0
2025-10-30,0.0,0.0,0.0,-2768641.588360002,0.0,-2768641.588360002,-0.0,6335093.710745002,-0.016712102776148215,0.0,0.0,0.0
2025-10-31,0.0,0.0,0.0,-2768641.588360002,0.0,-2768641.588360002,-0.0,6335093.710745002,-0.016712102776148215,0.0,0.0,0.0
2025-11-03,0.0,0.0,0.0,-2768641.588360002,0.0,-2768641.588360002,-0.0,6335093.710745002,-0.016712102776148215,0.0,0.0,0.0
2025-11-04,-3501494.5296000005,-3501494.5296,3313871.0,-2956265.117960002,-187623.5296,-2768641.588360002,3501494.5296,6335093.710745002,-0.017475284481303362,-0.029616535787271858,-0.05260789242686659,-0.05260789242686655
2025-11-05,3215536.0111000002,0.0,0.0,-3054600.106860002,0.0,-3054600.106860002,-0.0,6335093.710745002,-0.018056569256830912,-0.015522262714632529,-0.029103278310708136,-0.029103278310708146
2025-11-06,0.0,0.0,0.0,-3054600.106860002,0.0,-3054600.106860002,-0.0,6335093.710745002,-0.018056569256830912,0.0,0.0,0.0
2025-11-07,0.0,0.0,0.0,-3054600.106860002,0.0,-3054600.106860002,-0.0,6335093.710745002,-0.018056569256830912,0.0,0.0,0.0
2025-11-10,0.0,0.0,0.0,-3054600.106860002,0.0,-3054600.106860002,-0.0,6335093.710745002,-0.018056569256830912,0.0,0.0,0.0
2025-11-11,0.0,0.0,0.0,-3054600.106860002,0.0,-3054600.106860002,-0.0,6335093.710745002,-0.018056569256830912,0.0,0.0,0.0
2025-11-12,0.0,0.0,0.0,-3054600.106860002,0.0,-3054600.106860002,-0.0,6335093.710745002,-0.018056569256830912,0.0,0.0,0.0
2025-11-13,0.0,0.0,0.0,-3054600.106860002,0.0,-3054600.106860002,-0.0,6335093.710745002,-0.018056569256830912,0.0,0.0,0.0
2025-11-14,-3447820.1524499995,-3447820.15245,3407807.0,-3094613.259310002,-40013.152449999936,-3054600.106860002,3447820.15245,6502420.2593100015,-0.01792771313440477,0.00625411745483101,0.012077578845890669,-0.011605347924417357
2025-11-17,0.0,-3447820.15245,3328327.0,-3174093.259310002,-119493.15244999994,-3054600.106860002,3447820.15245,6502420.2593100015,-0.018388156660146076,-0.012223141050626884,-0.023322917054868553,-0.023322917054868428
2025-11-18,3328326.6939999997,0.0,0.0,-3174093.565310002,0.0,-3174093.565310002,-0.0,6502420.2593100015,-0.018388158432865235,-4.705940059857028e-08,-9.193808170326889e-08,-9.193808176476939e-08
2025-11-19,0.0,0.0,0.0,-3174093.565310002,0.0,-3174093.565310002,-0.0,6502420.2593100015,-0.018388158432865235,0.0,0.0,0.0
2025-11-20,0.0,0.0,0.0,-3174093.565310002,0.0,-3174093.565310002,-0.0,6502420.2593100015,-0.018388158432865235,0.0,0.0,0.0
2025-11-21,0.0,0.0,0.0,-3174093.565310002,0.0,-3174093.565310002,-0.0,6502420.2593100015,-0.018388158432865235,0.0,0.0,0.0
2025-11-24,0.0,0.0,0.0,-3174093.565310002,0.0,-3174093.565310002,-0.0,6502420.2593100015,-0.018388158432865235,0.0,0.0,0.0
2025-11-25,0.0,0.0,0.0,-3174093.565310002,0.0,-3174093.565310002,-0.0,6502420.2593100015,-0.018388158432865235,0.0,0.0,0.0
2025-11-26,0.0,0.0,0.0,-3174093.565310002,0.0,-3174093.565310002,-0.0,6502420.2593100015,-0.018388158432865235,0.0,0.0,0.0
2025-11-27,-3398850.1695225,-3398850.1695225,3530012.0,-3042931.734832502,131161.83047749987,-3174093.565310002,3398850.1695225,6572943.734832502,-0.017287909029632686,0.025192241057936604,0.04921708524822721,0.03859005956003251
2025-11-28,0.0,-3398850.1695225,3520573.0,-3052370.734832502,121722.83047749987,-3174093.565310002,3398850.1695225,6572943.734832502,-0.017341535133518875,-0.0014360384602076226,-0.0026739285872116048,-0.0026739285872116017
2025-12-01,0.0,-3398850.1695225,3718784.0,-2854159.734832502,319933.83047749987,-3174093.565310002,3398850.1695225,6572943.734832502,-0.01621543240257439,0.030155590553682277,0.05630077831080338,0.056300778310803386
2025-12-02,0.0,-3398850.1695225,3699906.0,-2873037.734832502,301055.83047749987,-3174093.565310002,3398850.1695225,6572943.734832502,-0.016322684610346763,-0.0028720769204151897,-0.005076390562076316,-0.005076390562076206
2025-12-03,0.0,-3398850.1695225,3709345.0,-2863598.734832502,310494.83047749987,-3174093.565310002,3398850.1695225,6572943.734832502,-0.016269058506460574,0.0014360384602076226,0.0025511458939768694,0.0025511458939767658
2025-12-04,3718783.8417450003,0.0,0.0,-2854159.8930875016,0.0,-2854159.8930875016,-0.0,6572943.734832502,-0.016215433301673767,0.0014360143834763472,0.002544611446225753,0.002544611446225771
2025-12-05,-3440325.1873225,-3440325.1873225,3631353.0,-2663132.080410002,191027.81267749984,-2854159.8930875016,3440325.1873225,6572943.734832502,-0.014840081848256938,0.029062748805405325,0.0513683561096312,0.05136835610963127
2025-12-08,0.0,-3440325.1873225,3724248.0,-2570237.080410002,283922.81267749984,-2854159.8930875016,3440325.1873225,6572943.734832502,-0.014322432193012805,0.0141329370442827,0.023759456518813282,0.023759456518813074
2025-12-09,0.0,-3440325.1873225,3817143.0,-2477342.080410002,376817.81267749984,-2854159.8930875016,3440325.1873225,6572943.734832502,-0.013804782537768671,0.0141329370442827,0.02320804595994108,0.023208045959941234
2025-12-10,0.0,-3440325.1873225,3842477.0,-2452008.080410002,402151.81267749984,-2854159.8930875016,3440325.1873225,6572943.734832502,-0.01366361093148249,0.003854285236878807,0.006185660163664508,0.006185660163664578
2025-12-11,0.0,-3440325.1873225,3800253.0,-2494232.080410002,359927.81267749984,-2854159.8930875016,3440325.1873225,6572943.734832502,-0.01389890065690397,-0.006423910154021162,-0.010246216767467842,-0.01024621676746787
2025-12-12,3850922.8278675,0.0,0.0,-2443562.252542502,0.0,-2443562.252542502,-0.0,6572943.734832502,-0.013616547258692107,0.0077088485633889925,0.012422998279998376,0.012422998279998368
2025-12-15,0.0,0.0,0.0,-2443562.252542502,0.0,-2443562.252542502,-0.0,6572943.734832502,-0.013616547258692107,0.0,0.0,0.0
2025-12-16,0.0,0.0,0.0,-2443562.252542502,0.0,-2443562.252542502,-0.0,6572943.734832502,-0.013616547258692107,0.0,0.0,0.0
2025-12-17,0.0,0.0,0.0,-2443562.252542502,0.0,-2443562.252542502,-0.0,6572943.734832502,-0.013616547258692107,0.0,0.0,0.0
2025-12-18,0.0,0.0,0.0,-2443562.252542502,0.0,-2443562.252542502,-0.0,6572943.734832502,-0.013616547258692107,0.0,0.0,0.0
2025-12-19,0.0,0.0,0.0,-2443562.252542502,0.0,-2443562.252542502,-0.0,6572943.734832502,-0.013616547258692107,0.0,0.0,0.0
2025-12-22,0.0,0.0,0.0,-2443562.252542502,0.0,-2443562.252542502,-0.0,6572943.734832502,-0.013616547258692107,0.0,0.0,0.0
2025-12-23,0.0,0.0,0.0,-2443562.252542502,0.0,-2443562.252542502,-0.0,6572943.734832502,-0.013616547258692107,0.0,0.0,0.0
2025-12-24,0.0,0.0,0.0,-2443562.252542502,0.0,-2443562.252542502,-0.0,6572943.734832502,-0.013616547258692107,0.0,0.0,0.0
2025-12-26,0.0,0.0,0.0,-2443562.252542502,0.0,-2443562.252542502,-0.0,6572943.734832502,-0.013616547258692107,0.0,0.0,0.0
2025-12-29,0.0,0.0,0.0,-2443562.252542502,0.0,-2443562.252542502,-0.0,6572943.734832502,-0.013616547258692107,0.0,0.0,0.0
2025-12-30,0.0,0.0,0.0,-2443562.252542502,0.0,-2443562.252542502,-0.0,6572943.734832502,-0.013616547258692107,0.0,0.0,0.0
2025-12-31,0.0,0.0,0.0,-2443562.252542502,0.0,-2443562.252542502,-0.0,6572943.734832502,-0.013616547258692107,0.0,0.0,0.0
2026-01-02,0.0,0.0,0.0,-2443562.252542502,0.0,-2443562.252542502,-0.0,6572943.734832502,-0.013616547258692107,0.0,0.0,0.0
2026-01-05,0.0,0.0,0.0,-2443562.252542502,0.0,-2443562.252542502,-0.0,6572943.734832502,-0.013616547258692107,0.0,0.0,0.0
2026-01-06,0.0,0.0,0.0,-2443562.252542502,0.0,-2443562.252542502,-0.0,6572943.734832502,-0.013616547258692107,0.0,0.0,0.0
2026-01-07,0.0,0.0,0.0,-2443562.252542502,0.0,-2443562.252542502,-0.0,6572943.734832502,-0.013616547258692107,0.0,0.0,0.0
2026-01-08,0.0,0.0,0.0,-2443562.252542502,0.0,-2443562.252542502,-0.0,6572943.734832502,-0.013616547258692107,0.0,0.0,0.0
2026-01-09,0.0,0.0,0.0,-2443562.252542502,0.0,-2443562.252542502,-0.0,6572943.734832502,-0.013616547258692107,0.0,0.0,0.0
2026-01-12,0.0,0.0,0.0,-2443562.252542502,0.0,-2443562.252542502,-0.0,6572943.734832502,-0.013616547258692107,0.0,0.0,0.0
2026-01-13,-3695163.6153375,-3695163.6153374994,3785350.0,-2353375.867880001,90186.38466250058,-2443562.252542502,3695163.6153374994,6572943.734832502,-0.012849409061950888,0.013720851463335793,0.021840167843365732,0.021840167843365878
2026-01-14,0.0,-3695163.6153374994,3725738.0,-2412987.867880001,30574.384662500583,-2443562.252542502,3695163.6153374994,6572943.734832502,-0.013174889994875994,-0.009069300210816256,-0.014127513024942306,-0.014127513024942428
2026-01-15,0.0,-3695163.6153374994,3718286.0,-2420439.867880001,23122.384662500583,-2443562.252542502,3695163.6153374994,6572943.734832502,-0.01321557784148671,-0.0011337385957693735,-0.001791365158270275,-0.0017913651582701006
2026-01-16,0.0,-3695163.6153374994,4083409.0,-2055316.8678800012,388245.3846625006,-2443562.252542502,3695163.6153374994,6572943.734832502,-0.011222009857315505,0.05554938772183243,0.0879283949392109,0.08792839493921091
2026-01-19,0.0,-3695163.6153374994,4485788.0,-1652937.8678800012,790624.3846625006,-2443562.252542502,3695163.6153374994,6572943.734832502,-0.009025024480051335,0.06121747214534068,0.08906866632645039,0.08906866632645043
2026-01-20,4426177.11375,0.0,0.0,-1712548.7541300016,0.0,-1712548.7541300016,-0.0,6572943.734832502,-0.009350499331912412,-0.009069130766189315,-0.012116019342660711,-0.012116019342660662
2026-01-21,-4059932.4713024995,-4059932.4713024995,4146002.0,-1626479.2254325012,86069.52869750047,-1712548.7541300016,4059932.4713024995,6572943.734832502,-0.008687972602093016,0.013094517794422278,0.01770834037958391,0.01770834037958379
2026-01-22,0.0,-4059932.4713024995,4223496.0,-1548985.2254325012,163563.52869750047,-1712548.7541300016,4059932.4713024995,6572943.734832502,-0.008274032025232856,0.011789846851925745,0.015666543215408613,0.0156665432154086
2026-01-23,0.0,-4059932.4713024995,4378487.0,-1393994.2254325012,318554.5286975005,-1712548.7541300016,4059932.4713024995,6572943.734832502,-0.007446134846765709,0.023580150120355414,0.030850374203928332,0.03085037420392833
2026-01-26,0.0,-4059932.4713024995,4300992.0,-1471489.2254325012,241059.52869750047,-1712548.7541300016,4059932.4713024995,6572943.734832502,-0.007860080765208144,-0.011789998990760386,-0.014963459261254308,-0.014963459261254327
2026-01-27,0.0,-4059932.4713024995,4572226.0,-1200255.2254325012,512293.5286975005,-1712548.7541300016,4059932.4713024995,6572943.734832502,-0.006411262038286206,0.041265224675913315,0.053167973859263196,0.05316797385926328
2026-01-28,4604514.563057499,0.0,0.0,-1167966.6623750017,0.0,-1167966.6623750017,-0.0,6572943.734832502,-0.006238790022155835,0.004912344355907122,0.006009758987703728,0.006009758987703779
2026-01-29,-4377232.280130001,-4377232.28013,4107253.0,-1437945.9425050016,-269979.28012999985,-1167966.6623750017,4377232.28013,6572943.734832502,-0.007505419741090043,-0.04107433305708644,-0.04995012495163964,-0.049950124951639696
2026-01-30,0.0,-4377232.28013,4512614.0,-1032584.9425050016,135381.71987000015,-1167966.6623750017,4377232.28013,6572943.734832502,-0.005389620835348202,0.06167115015024996,0.07894083238081873,0.07894083238081884
2026-02-02,0.0,-4377232.28013,4351662.0,-1193536.9425050016,-25570.280129999854,-1167966.6623750017,4377232.28013,6572943.734832502,-0.006229716615349141,-0.024487049713670134,-0.029050826134742858,-0.029050826134742833
2026-02-03,0.0,-4377232.28013,4590109.0,-955089.9425050016,212876.71987000015,-1167966.6623750017,4377232.28013,6572943.734832502,-0.004985132401087226,0.03627704870443052,0.04432589116333241,0.04432589116333242
2026-02-04,0.0,-4377232.28013,4625876.0,-919322.9425050016,248643.71987000015,-1167966.6623750017,4377232.28013,6572943.734832502,-0.004798445029925056,0.005441549698722847,0.006366666225605222,0.006366666225605273
2026-02-05,4536458.94765,0.0,0.0,-1008739.9948550015,0.0,-1008739.9948550015,-0.0,6572943.734832502,-0.005265161121302348,-0.013603806141857772,-0.01581589137908701,-0.015815891379087062
2026-02-06,-4365240.3158975,-4365240.3158975,4391402.0,-982578.3107525016,26161.684102499858,-1008739.9948550015,4365240.3158975,6572943.734832502,-0.005014359152860212,0.003980208131686758,0.004701783997328235,0.004701783997328186
2026-02-09,4585140.97223,0.0,0.0,-788839.3385225018,0.0,-788839.3385225018,-0.0,6572943.734832502,-0.004025657511437626,0.029475221460257467,0.03465586907708862,0.03465586907708868
2026-02-10,0.0,0.0,0.0,-788839.3385225018,0.0,-788839.3385225018,-0.0,6572943.734832502,-0.004025657511437626,0.0,0.0,0.0
2026-02-11,0.0,0.0,0.0,-788839.3385225018,0.0,-788839.3385225018,-0.0,6572943.734832502,-0.004025657511437626,0.0,0.0,0.0
2026-02-23,0.0,0.0,0.0,-788839.3385225018,0.0,-788839.3385225018,-0.0,6572943.734832502,-0.004025657511437626,0.0,0.0,0.0
2026-02-24,-4512646.17034,-4512646.17034,4874258.0,-427227.5088625015,361611.8296600003,-788839.3385225018,4512646.17034,6572943.734832502,-0.002131176541066088,0.05501520235806723,0.06251820591113333,0.06251820591113336
2026-02-25,0.0,-4512646.17034,5010869.0,-290616.5088625015,498222.8296600003,-788839.3385225018,4512646.17034,6572943.734832502,-0.0014497078799614955,0.020783838339593096,0.022228654070085785,0.022228654070085736
2026-02-26,0.0,-4512646.17034,5262232.0,-39253.508862501476,749585.8296600003,-788839.3385225018,4512646.17034,6572943.734832502,-0.00019581172913005643,0.03824207389269634,0.04001112819480501,0.0400111281948051
2026-03-02,0.0,-4512646.17034,5256767.0,-44718.508862501476,744120.8296600003,-788839.3385225018,4512646.17034,6572943.734832502,-0.00022307326907147111,-0.0008314387313311244,-0.0008364339004438559,-0.0008364339004438582
2026-03-03,0.0,-4512646.17034,5060049.0,-241436.50886250148,547402.8296600003,-788839.3385225018,4512646.17034,6572943.734832502,-0.0012043789624283257,-0.029928447273558312,-0.030133457898700367,-0.030133457898700262
2026-03-04,4808685.192465,0.0,0.0,-492800.3163975014,0.0,-492800.3163975014,-0.0,6572943.734832502,-0.002458279141557597,-0.03824219675013016,-0.03970046918749115,-0.039700469187491205
2026-03-05,0.0,0.0,0.0,-492800.3163975014,0.0,-492800.3163975014,-0.0,6572943.734832502,-0.002458279141557597,0.0,0.0,0.0
2026-03-06,0.0,0.0,0.0,-492800.3163975014,0.0,-492800.3163975014,-0.0,6572943.734832502,-0.002458279141557597,0.0,0.0,0.0
2026-03-09,0.0,0.0,0.0,-492800.3163975014,0.0,-492800.3163975014,-0.0,6572943.734832502,-0.002458279141557597,0.0,0.0,0.0
2026-03-10,0.0,0.0,0.0,-492800.3163975014,0.0,-492800.3163975014,-0.0,6572943.734832502,-0.002458279141557597,0.0,0.0,0.0
2026-03-11,0.0,0.0,0.0,-492800.3163975014,0.0,-492800.3163975014,-0.0,6572943.734832502,-0.002458279141557597,0.0,0.0,0.0
2026-03-12,-4662051.9706500005,-4662051.9706500005,4768945.0,-385907.2870475019,106893.0293499995,-492800.3163975014,4662051.9706500005,6572943.734832502,-0.0018813034209550763,0.016262580916908367,0.01758067565082433,0.017580675650824246
2026-03-13,0.0,-4662051.9706500005,5047133.0,-107719.28704750189,385081.0293499995,-492800.3163975014,4662051.9706500005,6572943.734832502,-0.0005251330307229009,0.04232319813202981,0.04496304528795747,0.044963045287957394
2026-03-16,0.0,-4662051.9706500005,5454481.0,299628.7129524981,792429.0293499995,-492800.3163975014,4662051.9706500005,6572943.734832502,0.0014606941657064785,0.061973450014688194,0.06300601058630817,0.06300601058630816
2026-03-17,0.0,-4662051.9706500005,5394869.0,240016.7129524981,732817.0293499995,-492800.3163975014,4662051.9706500005,6572943.734832502,0.0011700848320813026,-0.00906930021081629,-0.008673899104433946,-0.008673899104433986
2026-03-18,0.0,-4662051.9706500005,5762475.0,607622.7129524981,1100423.0293499995,-492800.3163975014,4662051.9706500005,6572943.734832502,0.0029621692227512417,0.055927148448254235,0.05395686688883017,0.05395686688883016
2026-03-19,5603509.263625,0.0,0.0,448656.97657749837,0.0,448656.97657749837,-0.0,6572943.734832502,0.0021872090349170127,-0.024184861880466202,-0.022138328157110143,-0.022138328157110244
2026-03-20,-5189718.02481,-5189718.02481,4953741.0,212679.95176749805,-235977.02481000032,448656.97657749837,5189718.02481,6572943.734832502,0.0010112335820364514,-0.0359012695574236,-0.03360729761043535,-0.033607297610435335
2026-03-23,0.0,-5189718.02481,4461944.0,-279117.04823250195,-727774.0248100003,448656.97657749837,5189718.02481,6572943.734832502,-0.0013271233613977528,-0.07482142246156508,-0.07247631503220298,-0.07247631503220296
2026-03-24,4560303.4666875005,0.0,0.0,-180757.5815450017,0.0,-180757.5815450017,-0.0,6572943.734832502,-0.0008594516556305328,0.014964294638071585,0.015627927425601706,0.015627927425601738
2026-03-25,0.0,0.0,0.0,-180757.5815450017,0.0,-180757.5815450017,-0.0,6572943.734832502,-0.0008594516556305328,0.0,0.0,0.0
2026-03-26,0.0,0.0,0.0,-180757.5815450017,0.0,-180757.5815450017,-0.0,6572943.734832502,-0.0008594516556305328,0.0,0.0,0.0
2026-03-27,0.0,0.0,0.0,-180757.5815450017,0.0,-180757.5815450017,-0.0,6572943.734832502,-0.0008594516556305328,0.0,0.0,0.0
2026-03-30,0.0,0.0,0.0,-180757.5815450017,0.0,-180757.5815450017,-0.0,6572943.734832502,-0.0008594516556305328,0.0,0.0,0.0
2026-03-31,0.0,0.0,0.0,-180757.5815450017,0.0,-180757.5815450017,-0.0,6572943.734832502,-0.0008594516556305328,0.0,0.0,0.0
2026-04-01,0.0,0.0,0.0,-180757.5815450017,0.0,-180757.5815450017,-0.0,6572943.734832502,-0.0008594516556305328,0.0,0.0,0.0
2026-04-02,0.0,0.0,0.0,-180757.5815450017,0.0,-180757.5815450017,-0.0,6572943.734832502,-0.0008594516556305328,0.0,0.0,0.0
2026-04-07,0.0,0.0,0.0,-180757.5815450017,0.0,-180757.5815450017,-0.0,6572943.734832502,-0.0008594516556305328,0.0,0.0,0.0
2026-04-08,0.0,0.0,0.0,-180757.5815450017,0.0,-180757.5815450017,-0.0,6572943.734832502,-0.0008594516556305328,0.0,0.0,0.0
2026-04-09,-4365239.7150425,-4365239.7150425,4346694.0,-199303.29658750154,-18545.715042499825,-180757.5815450017,4365239.7150425,6572943.734832502,-0.000928362709916817,-0.002821523474211274,-0.0029013102243529154,-0.002901310224352864
2026-04-10,0.0,-4365239.7150425,4437105.0,-108892.29658750154,71865.28495750017,-180757.5815450017,4365239.7150425,6572943.734832502,-0.0005072246635150652,0.013755024179026226,0.014185142835715814,0.014185142835715866
2026-04-13,0.0,-4365239.7150425,4353649.0,-192348.29658750154,-11590.715042499825,-180757.5815450017,4365239.7150425,6572943.734832502,-0.0008959660423351712,-0.012696898584075085,-0.012910788349583147,-0.012910788349583188
2026-04-14,0.0,-4365239.7150425,4151963.0,-394034.29658750154,-213276.71504249983,-180757.5815450017,4365239.7150425,6572943.734832502,-0.0018354274798437016,-0.030684273004071224,-0.031609275647081936,-0.03160927564708197
2026-04-15,0.0,-4365239.7150425,4298011.0,-247986.29658750154,-67228.71504249983,-180757.5815450017,4365239.7150425,6572943.734832502,-0.001155130066908516,0.0222195725221314,0.02363653351124073,0.023636533511240797
2026-04-16,4311920.4466625,0.0,0.0,-234076.8499250018,0.0,-234076.8499250018,-0.0,6572943.734832502,-0.0010903393092133848,0.002116167005779823,0.002199136800256518,0.0021991368002563555
2026-04-17,0.0,0.0,0.0,-234076.8499250018,0.0,-234076.8499250018,-0.0,6572943.734832502,-0.0010903393092133848,0.0,0.0,0.0
2026-04-20,0.0,0.0,0.0,-234076.8499250018,0.0,-234076.8499250018,-0.0,6572943.734832502,-0.0010903393092133848,0.0,0.0,0.0
2026-04-21,-4257308.231535,-4257308.231535,4232438.0,-258947.0814600016,-24870.231534999795,-234076.8499250018,4257308.231535,6572943.734832502,-0.001182731434261815,-0.0037837280430689027,-0.003923450671320272,-0.003923450671320212
2026-04-22,0.0,-4257308.231535,4268205.0,-223180.0814600016,10896.768465000205,-234076.8499250018,4257308.231535,6572943.734832502,-0.0010193669546518114,0.005441549698722847,0.005664716337930864,0.005664716337930864
2026-04-23,0.0,-4257308.231535,4339740.0,-151645.0814600016,82431.7684650002,-234076.8499250018,4257308.231535,6572943.734832502,-0.0006926334279679521,0.01088325153628033,0.011265773642142651,0.011265773642142755
2026-04-24,0.0,-4257308.231535,4709332.0,217946.9185399984,452023.7684650002,-234076.8499250018,4257308.231535,6572943.734832502,0.0009954646721807995,0.05622929617385783,0.05755720453928559,0.057557204539285575
2026-04-27,0.0,-4257308.231535,5001431.0,510045.9185399984,744122.7684650002,-234076.8499250018,4257308.231535,6572943.734832502,0.0023296162960128905,0.04443960146076674,0.04301335640781323,0.043013356407813376
2026-04-28,5150459.718285,0.0,0.0,659074.6368249978,0.0,659074.6368249978,-0.0,6572943.734832502,0.003010299579754181,0.02267305552841417,0.021040369332467,0.021040369332466946
2026-04-29,-4826947.612575,-4826947.612575,4786828.0,618955.0242499977,-40119.61257500015,659074.6368249978,4826947.612575,6572943.734832502,0.0027660713763470197,-0.006103751103541513,-0.0055474987082763105,-0.0055474987082762585
2026-04-30,0.0,-4826947.612575,5263722.0,1095849.0242499977,436774.38742499985,659074.6368249978,4826947.612575,6572943.734832502,0.004897280900900193,0.072554097408861,0.06630988783007274,0.06630988783007276
2026-05-04,0.0,-4826947.612575,5430635.0,1262762.0242499977,603687.3874249998,659074.6368249978,4826947.612575,6572943.734832502,0.005643204681387563,0.025393949306984825,0.021765225015673684,0.021765225015673732
2026-05-05,0.0,-4826947.612575,5382946.0,1215073.0242499977,555998.3874249998,659074.6368249978,4826947.612575,6572943.734832502,0.005430085516507283,-0.007255348885352231,-0.00608611418884919,-0.0060861141888492775
2026-05-06,0.0,-4826947.612575,5114693.0,946820.0242499977,287745.38742499985,659074.6368249978,4826947.612575,6572943.734832502,0.004231279600328924,-0.04081169880983865,-0.03444432752242854,-0.03444432752242853
2026-05-07,5216033.26566,0.0,0.0,1048160.2899099981,0.0,1048160.2899099981,-0.0,6572943.734832502,0.004684162923237876,0.015417789920056685,0.013476522522080536,0.013476522522080547
2026-05-08,-5222697.75405,-5222697.75405,4876246.0,701708.5358599984,-346451.75404999964,1048160.2899099981,5222697.75405,6572943.734832502,0.0030643695449475874,-0.05270876612164217,-0.04545952304616452,-0.04545952304616462
2026-05-11,4947779.96244,0.0,0.0,773242.4982999981,0.0,773242.4982999981,-0.0,6572943.734832502,0.003376759212064726,0.010883093683111009,0.009833317082135862,0.009833317082135955
2026-05-12,0.0,0.0,0.0,773242.4982999981,0.0,773242.4982999981,-0.0,6572943.734832502,0.003376759212064726,0.0,0.0,0.0
2026-05-13,0.0,0.0,0.0,773242.4982999981,0.0,773242.4982999981,-0.0,6572943.734832502,0.003376759212064726,0.0,0.0,0.0
2026-05-14,0.0,0.0,0.0,773242.4982999981,0.0,773242.4982999981,-0.0,6572943.734832502,0.003376759212064726,0.0,0.0,0.0
2026-05-15,0.0,0.0,0.0,773242.4982999981,0.0,773242.4982999981,-0.0,6572943.734832502,0.003376759212064726,0.0,0.0,0.0
2026-05-18,0.0,0.0,0.0,773242.4982999981,0.0,773242.4982999981,-0.0,6572943.734832502,0.003376759212064726,0.0,0.0,0.0
2026-05-19,0.0,0.0,0.0,773242.4982999981,0.0,773242.4982999981,-0.0,6572943.734832502,0.003376759212064726,0.0,0.0,0.0
2026-05-20,0.0,0.0,0.0,773242.4982999981,0.0,773242.4982999981,-0.0,6572943.734832502,0.003376759212064726,0.0,0.0,0.0
2026-05-21,0.0,0.0,0.0,773242.4982999981,0.0,773242.4982999981,-0.0,6572943.734832502,0.003376759212064726,0.0,0.0,0.0
2026-05-22,0.0,0.0,0.0,773242.4982999981,0.0,773242.4982999981,-0.0,6572943.734832502,0.003376759212064726,0.0,0.0,0.0
2026-05-25,-5096777.0724125,-5096777.0724125,4917974.0,594439.425887498,-178803.07241250016,773242.4982999981,5096777.0724125,6572943.734832502,0.0025394028308642702,-0.027202891067658996,-0.024339577944004542,-0.024339577944004345
2026-05-26,0.0,-5096777.0724125,5389901.0,1066366.425887498,293123.92758749984,773242.4982999982,5096777.0724125,6572943.734832502,0.004555441316151569,0.07179842381718277,0.06584369628602271,0.06584369628602256
2026-05-27,0.0,-5096777.0724125,5365063.0,1041528.425887498,268285.92758749984,773242.4982999981,5096777.0724125,6572943.734832502,0.004449335151643995,-0.0037788243748952677,-0.003251340694047644,-0.003251340694047583
2026-05-28,0.0,-5096777.0724125,5091842.0,768307.425887498,-4935.072412500158,773242.4982999981,5096777.0724125,6572943.734832502,0.003282154526274645,-0.041567524540351536,-0.03588180431067001,-0.03588180431067005
2026-05-29,0.0,-5096777.0724125,5240871.0,917336.425887498,144093.92758749984,773242.4982999981,5096777.0724125,6572943.734832502,0.003918795785248768,0.02267309838820608,0.02030021814229599,0.020300218142296038
2026-06-01,5315385.876325,0.0,0.0,991851.3022124986,0.0,991851.3022124986,-0.0,6572943.734832502,0.004237118022369392,0.011336606447750058,0.009948209509674344,0.009948209509674462
2026-06-02,-5246682.383512501,-5246682.383512501,4843459.0,588627.918699998,-403223.3835125007,991851.3022124986,5246682.383512501,6572943.734832502,0.0024594516821134895,-0.06134593566892535,-0.05330261845005768,-0.05330261845005782
2026-06-03,4848426.8539875,0.0,0.0,593595.7726874988,0.0,593595.7726874988,-0.0,6572943.734832502,0.002480208762193954,0.0007558035163414412,0.0006936820893288509,0.0006936820893288772
2026-06-04,0.0,0.0,0.0,593595.7726874988,0.0,593595.7726874988,-0.0,6572943.734832502,0.002480208762193954,0.0,0.0,0.0
2026-06-05,0.0,0.0,0.0,593595.7726874988,0.0,593595.7726874988,-0.0,6572943.734832502,0.002480208762193954,0.0,0.0,0.0
2026-06-08,0.0,0.0,0.0,593595.7726874988,0.0,593595.7726874988,-0.0,6572943.734832502,0.002480208762193954,0.0,0.0,0.0
2026-06-09,0.0,0.0,0.0,593595.7726874988,0.0,593595.7726874988,-0.0,6572943.734832502,0.002480208762193954,0.0,0.0,0.0
2026-06-10,0.0,0.0,0.0,593595.7726874988,0.0,593595.7726874988,-0.0,6572943.734832502,0.002480208762193954,0.0,0.0,0.0
2026-06-11,0.0,0.0,0.0,593595.7726874988,0.0,593595.7726874988,-0.0,6572943.734832502,0.002480208762193954,0.0,0.0,0.0
2026-06-12,0.0,0.0,0.0,593595.7726874988,0.0,593595.7726874988,-0.0,6572943.734832502,0.002480208762193954,0.0,0.0,0.0
2026-06-15,0.0,0.0,0.0,593595.7726874988,0.0,593595.7726874988,-0.0,6572943.734832502,0.002480208762193954,0.0,0.0,0.0
2026-06-16,0.0,0.0,0.0,593595.7726874988,0.0,593595.7726874988,-0.0,6572943.734832502,0.002480208762193954,0.0,0.0,0.0
2026-06-17,0.0,0.0,0.0,593595.7726874988,0.0,593595.7726874988,-0.0,6572943.734832502,0.002480208762193954,0.0,0.0,0.0
2026-06-18,0.0,0.0,0.0,593595.7726874988,0.0,593595.7726874988,-0.0,6572943.734832502,0.002480208762193954,0.0,0.0,0.0
2026-06-22,0.0,0.0,0.0,593595.7726874988,0.0,593595.7726874988,-0.0,6572943.734832502,0.002480208762193954,0.0,0.0,0.0
2026-06-23,-4996840.36525,-4996840.36525,4838492.0,435247.40743749903,-158348.3652499998,593595.7726874988,4996840.36525,6572943.734832502,0.0017813928460336695,-0.024090935756965665,-0.02209551277626265,-0.022095512776262732
2026-06-24,4659655.8782375,0.0,0.0,256411.28567499877,0.0,256411.28567499877,-0.0,6572943.734832502,0.0010494473307329918,-0.02720791915725375,-0.02551815698687898,-0.025518156986878933
2026-06-25,0.0,0.0,0.0,256411.28567499877,0.0,256411.28567499877,-0.0,6572943.734832502,0.0010494473307329918,0.0,0.0,0.0
2026-06-26,0.0,0.0,0.0,256411.28567499877,0.0,256411.28567499877,-0.0,6572943.734832502,0.0010494473307329918,0.0,0.0,0.0
2026-06-29,0.0,0.0,0.0,256411.28567499877,0.0,256411.28567499877,-0.0,6572943.734832502,0.0010494473307329918,0.0,0.0,0.0
2026-06-30,0.0,0.0,0.0,256411.28567499877,0.0,256411.28567499877,-0.0,6572943.734832502,0.0010494473307329918,0.0,0.0,0.0
2026-07-01,-4337257.396980001,-4337257.396980001,4133085.0,52238.88869499811,-204172.39698000066,256411.28567499877,4337257.396980001,6572943.734832502,0.00021007560626384162,-0.031062550543071644,-0.029896292749007958,-0.02989629274900813
2026-07-02,0.0,-4337257.396980001,3890664.0,-190182.1113050019,-446593.39698000066,256411.28567499877,4337257.396980001,6572943.734832502,-0.0007648061306625987,-0.03688164843330697,-0.0365908404002494,-0.03659084040024935
2026-07-03,3755543.8557,0.0,0.0,-325302.2556050017,0.0,-325302.2556050017,-0.0,6572943.734832502,-0.0013081838123359484,-0.020557021290772252,-0.021169542632131777,-0.02116954263213174
2026-07-06,0.0,0.0,0.0,-325302.2556050017,0.0,-325302.2556050017,-0.0,6572943.734832502,-0.0013081838123359484,0.0,0.0,0.0
2026-07-07,0.0,0.0,0.0,-325302.2556050017,0.0,-325302.2556050017,-0.0,6572943.734832502,-0.0013081838123359484,0.0,0.0,0.0
2026-07-08,0.0,0.0,0.0,-325302.2556050017,0.0,-325302.2556050017,-0.0,6572943.734832502,-0.0013081838123359484,0.0,0.0,0.0
2026-07-09,0.0,0.0,0.0,-325302.2556050017,0.0,-325302.2556050017,-0.0,6572943.734832502,-0.0013081838123359484,0.0,0.0,0.0
2026-07-13,0.0,0.0,0.0,-325302.2556050017,0.0,-325302.2556050017,-0.0,6572943.734832502,-0.0013081838123359484,0.0,0.0,0.0
2026-07-14,0.0,0.0,0.0,-325302.2556050017,0.0,-325302.2556050017,-0.0,6572943.734832502,-0.0013081838123359484,0.0,0.0,0.0
2026-07-15,0.0,0.0,0.0,-325302.2556050017,0.0,-325302.2556050017,-0.0,6572943.734832502,-0.0013081838123359484,0.0,0.0,0.0
2026-07-16,0.0,0.0,0.0,-325302.2556050017,0.0,-325302.2556050017,-0.0,6572943.734832502,-0.0013081838123359484,0.0,0.0,0.0
2026-07-17,0.0,0.0,0.0,-325302.2556050017,0.0,-325302.2556050017,-0.0,6572943.734832502,-0.0013081838123359484,0.0,0.0,0.0
2026-07-20,0.0,0.0,0.0,-325302.2556050017,0.0,-325302.2556050017,-0.0,6572943.734832502,-0.0013081838123359484,0.0,0.0,0.0
2026-07-21,0.0,0.0,0.0,-325302.2556050017,0.0,-325302.2556050017,-0.0,6572943.734832502,-0.0013081838123359484,0.0,0.0,0.0
2026-07-22,0.0,0.0,0.0,-325302.2556050017,0.0,-325302.2556050017,-0.0,6572943.734832502,-0.0013081838123359484,0.0,0.0,0.0
2026-07-23,0.0,0.0,0.0,-325302.2556050017,0.0,-325302.2556050017,-0.0,6572943.734832502,-0.0013081838123359484,0.0,0.0,0.0
2026-07-24,0.0,0.0,0.0,-325302.2556050017,0.0,-325302.2556050017,-0.0,6572943.734832502,-0.0013081838123359484,0.0,0.0,0.0
2026-07-27,0.0,0.0,0.0,-325302.2556050017,0.0,-325302.2556050017,-0.0,6572943.734832502,-0.0013081838123359484,0.0,0.0,0.0
2026-07-28,0.0,0.0,0.0,-325302.2556050017,0.0,-325302.2556050017,-0.0,6572943.734832502,-0.0013081838123359484,0.0,0.0,0.0
2026-07-29,0.0,0.0,0.0,-325302.2556050017,0.0,-325302.2556050017,-0.0,6572943.734832502,-0.0013081838123359484,0.0,0.0,0.0
2026-07-30,0.0,0.0,0.0,-325302.2556050017,0.0,-325302.2556050017,-0.0,6572943.734832502,-0.0013081838123359484,0.0,0.0,0.0
2026-07-31,0.0,0.0,0.0,-325302.2556050017,0.0,-325302.2556050017,-0.0,6572943.734832502,-0.0013081838123359484,0.0,0.0,0.0
2026-08-03,0.0,0.0,0.0,-325302.2556050017,0.0,-325302.2556050017,-0.0,6572943.734832502,-0.0013081838123359484,0.0,0.0,0.0
2026-08-04,0.0,0.0,0.0,-325302.2556050017,0.0,-325302.2556050017,-0.0,6572943.734832502,-0.0013081838123359484,0.0,0.0,0.0
2026-08-05,-4025728.5,-4025728.5,3858849.0,-492181.7556050017,-166879.5,-325302.2556050017,4025728.5,6572943.734832502,-0.0019477473390354506,-0.025388852656024224,-0.02671079967614176,-0.026710799676141803
2026-08-06,0.0,-4025728.5,3874778.0,-476252.7556050017,-150950.5,-325302.2556050017,4025728.5,6572943.734832502,-0.0018847103267728605,0.00242341949704912,0.0026195730164106923,0.002619573016410621
2026-08-07,0.0,-4025728.5,3803096.0,-547934.7556050017,-222632.5,-325302.2556050017,4025728.5,6572943.734832502,-0.0021683828180156877,-0.010905615944973038,-0.011757525556770676,-0.011757525556770582
2026-08-10,0.0,-4025728.5,3950442.0,-400588.7556050017,-75286.5,-325302.2556050017,4025728.5,6572943.734832502,-0.0015852795718079142,0.022417048729499706,0.024455731187788432,0.024455731187788547
2026-08-11,0.0,-4025728.5,3950442.0,-400588.7556050017,-75286.5,-325302.2556050017,4025728.5,6572943.734832502,-0.0015852795718079142,0.0,0.0,0.0
2026-08-12,3978317.7,0.0,0.0,-372713.0556050017,0.0,-372713.0556050017,-0.0,6572943.734832502,-0.001474964998217087,0.0042409765128942414,0.004516217893140162,0.004516217893140163
2026-08-13,0.0,0.0,0.0,-372713.0556050017,0.0,-372713.0556050017,-0.0,6572943.734832502,-0.001474964998217087,0.0,0.0,0.0
2026-08-14,0.0,0.0,0.0,-372713.0556050017,0.0,-372713.0556050017,-0.0,6572943.734832502,-0.001474964998217087,0.0,0.0,0.0
2026-08-17,-4185956.5,-4185956.5,4460176.0,-98493.55560500169,274219.5,-372713.0556050017,4185956.5,6572943.734832502,-0.00038342427248163973,0.04171943516674389,0.04422730607729042,0.04422730607729027
2026-08-18,0.0,-4185956.5,4559734.0,1064.4443949983106,373777.5,-372713.0556050017,4185956.5,6572943.734832502,4.143761642499386e-06,0.01514663809951768,0.015377058629537421,0.01537705862953737
2026-08-19,0.0,-4185956.5,4499999.0,-58670.55560500169,314042.5,-372713.0556050017,4185956.5,6572943.734832502,-0.00022839783740936435,-0.009088013287477536,-0.009086541782645008,-0.0090865417826449
2026-08-20,0.0,-4185956.5,4539822.0,-18847.55560500169,353865.5,-372713.0556050017,4185956.5,6572943.734832502,-7.337140233708898e-05,0.006058624812040142,0.006113191587817868,0.006113191587817697
2026-08-21,0.0,-4185956.5,4320796.0,-237873.5556050017,134839.5,-372713.0556050017,4185956.5,6572943.734832502,-0.0009260148487911529,-0.03332236039680346,-0.033418185209759255,-0.03341818520975924
2026-08-24,4380530.0,0.0,0.0,-178139.5556050017,0.0,-178139.5556050017,-0.0,6572943.734832502,-0.0006934771426261904,0.009087861148642892,0.009429098385660417,0.0094290983856605
2026-08-25,0.0,0.0,0.0,-178139.5556050017,0.0,-178139.5556050017,-0.0,6572943.734832502,-0.0006934771426261904,0.0,0.0,0.0
2026-08-26,0.0,0.0,0.0,-178139.5556050017,0.0,-178139.5556050017,-0.0,6572943.734832502,-0.0006934771426261904,0.0,0.0,0.0
2026-08-27,0.0,0.0,0.0,-178139.5556050017,0.0,-178139.5556050017,-0.0,6572943.734832502,-0.0006934771426261904,0.0,0.0,0.0
2026-08-28,0.0,0.0,0.0,-178139.5556050017,0.0,-178139.5556050017,-0.0,6572943.734832502,-0.0006934771426261904,0.0,0.0,0.0
2026-08-31,0.0,0.0,0.0,-178139.5556050017,0.0,-178139.5556050017,-0.0,6572943.734832502,-0.0006934771426261904,0.0,0.0,0.0
2026-09-01,0.0,0.0,0.0,-178139.5556050017,0.0,-178139.5556050017,-0.0,6572943.734832502,-0.0006934771426261904,0.0,0.0,0.0
2026-09-02,0.0,0.0,0.0,-178139.5556050017,0.0,-178139.5556050017,-0.0,6572943.734832502,-0.0006934771426261904,0.0,0.0,0.0
2026-09-03,0.0,0.0,0.0,-178139.5556050017,0.0,-178139.5556050017,-0.0,6572943.734832502,-0.0006934771426261904,0.0,0.0,0.0
2026-09-04,0.0,0.0,0.0,-178139.5556050017,0.0,-178139.5556050017,-0.0,6572943.734832502,-0.0006934771426261904,0.0,0.0,0.0
2026-09-07,0.0,0.0,0.0,-178139.5556050017,0.0,-178139.5556050017,-0.0,6572943.734832502,-0.0006934771426261904,0.0,0.0,0.0
2026-09-08,0.0,0.0,0.0,-178139.5556050017,0.0,-178139.5556050017,-0.0,6572943.734832502,-0.0006934771426261904,0.0,0.0,0.0
2026-09-09,0.0,0.0,0.0,-178139.5556050017,0.0,-178139.5556050017,-0.0,6572943.734832502,-0.0006934771426261904,0.0,0.0,0.0
2026-09-10,0.0,0.0,0.0,-178139.5556050017,0.0,-178139.5556050017,-0.0,6572943.734832502,-0.0006934771426261904,0.0,0.0,0.0
2026-09-11,0.0,0.0,0.0,-178139.5556050017,0.0,-178139.5556050017,-0.0,6572943.734832502,-0.0006934771426261904,0.0,0.0,0.0
2026-09-14,0.0,0.0,0.0,-178139.5556050017,0.0,-178139.5556050017,-0.0,6572943.734832502,-0.0006934771426261904,0.0,0.0,0.0
2026-09-15,0.0,0.0,0.0,-178139.5556050017,0.0,-178139.5556050017,-0.0,6572943.734832502,-0.0006934771426261904,0.0,0.0,0.0
2026-09-16,0.0,0.0,0.0,-178139.5556050017,0.0,-178139.5556050017,-0.0,6572943.734832502,-0.0006934771426261904,0.0,0.0,0.0
2026-09-17,0.0,0.0,0.0,-178139.5556050017,0.0,-178139.5556050017,-0.0,6572943.734832502,-0.0006934771426261904,0.0,0.0,0.0
2026-09-18,0.0,0.0,0.0,-178139.5556050017,0.0,-178139.5556050017,-0.0,6572943.734832502,-0.0006934771426261904,0.0,0.0,0.0
2026-09-21,0.0,0.0,0.0,-178139.5556050017,0.0,-178139.5556050017,-0.0,6572943.734832502,-0.0006934771426261904,0.0,0.0,0.0
2026-09-22,-4486384.0,-4486384.0,4460176.0,-204347.5556050017,-26208.0,-178139.5556050017,4486384.0,6572943.734832502,-0.0007818469764239274,-0.0039872545783579336,-0.0040983272146366545,-0.004098327214636611
2026-09-23,0.0,-4486384.0,4619468.0,-45055.55560500169,133084.0,-178139.5556050017,4486384.0,6572943.734832502,-0.00017238547246908436,0.024234499248160568,0.025012105575097365,0.025012105575097376
2026-09-24,0.0,-4486384.0,4719026.0,54502.44439499831,232642.0,-178139.5556050017,4486384.0,6572943.734832502,0.0002085298805350606,0.015146638099517678,0.015251180361331107,0.015251180361331117
2026-09-29,0.0,-4486384.0,4639380.0,-25143.55560500169,152996.0,-178139.5556050017,4486384.0,6572943.734832502,-9.62008714423609e-05,-0.012117249624080284,-0.012017600421959762,-0.012017600421959759
2026-09-30,0.0,-4486384.0,4679202.0,14678.44439499831,192818.0,-178139.5556050017,4486384.0,6572943.734832502,5.616067848161368e-05,0.006058472673205499,0.006081737210969385,0.006081737210969401
2026-10-01,4758848.5,0.0,0.0,94324.94439499831,0.0,94324.94439499831,-0.0,6572943.734832502,0.0003608933434914033,0.012117325693497608,0.012090326043765254,0.012090326043765275
